# FPR TPR
0.000000 0.000000
0.000000 0.000017
0.000000 0.000050
0.000000 0.000084
0.000000 0.000100
0.000000 0.000134
0.000000 0.000284
0.000000 0.000318
0.000000 0.000401
0.000000 0.000434
0.000000 0.000468
0.000000 0.000501
0.000000 0.000535
0.000000 0.000568
0.000000 0.000585
0.000000 0.000618
0.000000 0.000719
0.000000 0.000752
0.000000 0.000919
0.000000 0.000953
0.000000 0.001086
0.000000 0.001120
0.000000 0.001320
0.000000 0.001354
0.000000 0.001537
0.000000 0.001571
0.000000 0.001738
0.000000 0.001771
0.000000 0.001972
0.000000 0.002005
0.000000 0.002089
0.000000 0.002223
0.000000 0.002256
0.000000 0.002289
0.000000 0.002340
0.000000 0.002373
0.000000 0.002406
0.000000 0.002440
0.000000 0.002574
0.000000 0.002607
0.000000 0.002774
0.000000 0.002841
0.000000 0.002874
0.000000 0.002908
0.000000 0.002941
0.000000 0.002975
0.000000 0.003326
0.000000 0.003359
0.000000 0.003409
0.000000 0.003443
0.000000 0.003727
0.000000 0.003760
0.000000 0.003977
0.000000 0.004011
0.000000 0.004128
0.000000 0.004161
0.000000 0.004195
0.000000 0.004261
0.000000 0.004311
0.000000 0.004345
0.000000 0.004863
0.000000 0.004896
0.000000 0.005013
0.000000 0.005047
0.000000 0.005064
0.000000 0.005097
0.000000 0.005147
0.000000 0.005180
0.000000 0.005231
0.000000 0.005264
0.000000 0.005314
0.000000 0.005381
0.000000 0.005481
0.000000 0.005515
0.000000 0.005632
0.000000 0.005665
0.000000 0.005699
0.000000 0.005732
0.000000 0.005782
0.000000 0.005816
0.000000 0.005832
0.000000 0.005866
0.000000 0.006233
0.000000 0.006267
0.000000 0.006350
0.000000 0.006384
0.000000 0.006634
0.000000 0.006668
0.000000 0.006735
0.000000 0.006768
0.000000 0.006985
0.000000 0.007019
0.000000 0.007069
0.000000 0.007102
0.000000 0.007203
0.000000 0.007236
0.000000 0.007470
0.000000 0.007503
0.000000 0.007587
0.000000 0.007620
0.000000 0.007654
0.000000 0.007687
0.000000 0.007754
0.000000 0.007787
0.000000 0.007971
0.000000 0.008005
0.000000 0.008055
0.000000 0.008088
0.000000 0.008172
0.000000 0.008205
0.000000 0.008322
0.000000 0.008356
0.000000 0.008372
0.000000 0.008439
0.000000 0.008489
0.000000 0.008523
0.000000 0.008539
0.000000 0.008573
0.000000 0.008690
0.000000 0.008723
0.000000 0.008890
0.000000 0.008957
0.000000 0.009124
0.000000 0.009158
0.000000 0.009208
0.000000 0.009258
0.000000 0.009459
0.000000 0.009509
0.000000 0.009626
0.000000 0.009693
0.000000 0.009759
0.000000 0.009793
0.000000 0.009843
0.000000 0.009910
0.000000 0.010227
0.000000 0.010261
0.000000 0.010461
0.000000 0.010495
0.000000 0.010528
0.000000 0.010561
0.000000 0.010745
0.000000 0.010779
0.000000 0.011080
0.000000 0.011113
0.000000 0.011146
0.000000 0.011180
0.000000 0.011280
0.000000 0.011314
0.000000 0.011748
0.000000 0.011781
0.000000 0.011898
0.000000 0.011932
0.000000 0.011949
0.000000 0.011982
0.000000 0.012049
0.000000 0.012082
0.000000 0.012132
0.000000 0.012199
0.000000 0.012233
0.000000 0.012266
0.000000 0.012550
0.000000 0.012584
0.000000 0.012600
0.000000 0.012634
0.000000 0.012751
0.000000 0.012784
0.000000 0.012801
0.000000 0.012834
0.000000 0.013336
0.000000 0.013369
0.000000 0.013503
0.000000 0.013536
0.000000 0.013703
0.000000 0.013737
0.000000 0.013770
0.000000 0.013803
0.000000 0.014188
0.000000 0.014221
0.000000 0.014489
0.000000 0.014522
0.000000 0.014756
0.000000 0.014856
0.000000 0.014940
0.000000 0.014973
0.000000 0.015291
0.000000 0.015324
0.000000 0.015625
0.000000 0.015692
0.000000 0.015775
0.000000 0.015809
0.000000 0.015859
0.000000 0.015892
0.000000 0.015943
0.000000 0.016009
0.000000 0.016076
0.000000 0.016110
0.000000 0.016628
0.000000 0.016661
0.000000 0.016745
0.000000 0.016778
0.000000 0.016828
0.000000 0.016862
0.000000 0.016878
0.000000 0.016912
0.000000 0.017012
0.000000 0.017045
0.000000 0.017062
0.000000 0.017096
0.000000 0.017447
0.000000 0.017513
0.000000 0.017564
0.000000 0.017630
0.000000 0.017981
0.000000 0.018015
0.000000 0.018048
0.000000 0.018115
0.000000 0.018232
0.000000 0.018265
0.000000 0.018282
0.000000 0.018316
0.000000 0.018349
0.000000 0.018382
0.000000 0.018516
0.000000 0.018549
0.000000 0.018600
0.000000 0.018633
0.000000 0.018666
0.000000 0.018700
0.000000 0.018800
0.000000 0.018834
0.000000 0.019402
0.000000 0.019435
0.000000 0.019452
0.000000 0.019485
0.000000 0.019552
0.000000 0.019619
0.000000 0.019719
0.000000 0.019753
0.000000 0.019820
0.000000 0.019853
0.000000 0.020120
0.000000 0.020154
0.000000 0.020538
0.000000 0.020572
0.000000 0.020605
0.000000 0.020638
0.000000 0.020655
0.000000 0.020705
0.000000 0.021073
0.000000 0.021106
0.000000 0.021207
0.000000 0.021240
0.000000 0.021273
0.000000 0.021340
0.000000 0.021424
0.000000 0.021457
0.000000 0.021557
0.000000 0.021608
0.000000 0.021708
0.000000 0.021741
0.000000 0.021775
0.000000 0.021842
0.000000 0.022059
0.000000 0.022126
0.000000 0.022326
0.000000 0.022360
0.000000 0.022376
0.000000 0.022410
0.000000 0.022594
0.000000 0.022627
0.000000 0.022928
0.000000 0.022961
0.000000 0.023112
0.000000 0.023212
0.000000 0.023379
0.000000 0.023412
0.000000 0.023780
0.000000 0.023814
0.000000 0.023914
0.000000 0.023947
0.000000 0.024081
0.000000 0.024114
0.000000 0.024131
0.000000 0.024164
0.000000 0.024382
0.000000 0.024415
0.000000 0.024599
0.000000 0.024632
0.000000 0.025000
0.000000 0.025033
0.000000 0.025167
0.000000 0.025201
0.000000 0.025217
0.000000 0.025251
0.000000 0.025267
0.000000 0.025301
0.000000 0.025451
0.000000 0.025485
0.000000 0.025769
0.000000 0.025802
0.000000 0.025902
0.000000 0.025936
0.000000 0.025953
0.000000 0.025986
0.000000 0.026404
0.000000 0.026437
0.000000 0.026487
0.000000 0.026521
0.000000 0.026604
0.000000 0.026671
0.000000 0.026705
0.000000 0.026771
0.000000 0.026788
0.000000 0.026822
0.000000 0.027005
0.000000 0.027072
0.000000 0.027256
0.000000 0.027289
0.000000 0.027340
0.000000 0.027373
0.000000 0.027423
0.000000 0.027457
0.000000 0.027490
0.000000 0.027523
0.000000 0.027590
0.000000 0.027624
0.000000 0.027674
0.000000 0.027707
0.000000 0.027874
0.000000 0.027908
0.000000 0.027991
0.000000 0.028025
0.000000 0.028209
0.000000 0.028242
0.000000 0.028409
0.000000 0.028443
0.000000 0.028526
0.000000 0.028660
0.000000 0.028877
0.000000 0.028910
0.000000 0.029027
0.000000 0.029061
0.000000 0.029345
0.000000 0.029378
0.000000 0.029462
0.000000 0.029512
0.000000 0.029545
0.000000 0.029579
0.000000 0.029763
0.000000 0.029830
0.000000 0.029863
0.000000 0.029896
0.000000 0.030164
0.000000 0.030214
0.000000 0.030448
0.000000 0.030515
0.000000 0.030548
0.000000 0.030582
0.000000 0.030782
0.000000 0.030816
0.000000 0.030949
0.000000 0.030983
0.000000 0.031100
0.000000 0.031166
0.000000 0.031183
0.000000 0.031217
0.000000 0.031334
0.000000 0.031367
0.000000 0.031417
0.000000 0.031451
0.000000 0.031568
0.000000 0.031601
0.000000 0.032052
0.000000 0.032119
0.000000 0.032152
0.000000 0.032186
0.000000 0.032269
0.000000 0.032303
0.000000 0.032420
0.000000 0.032453
0.000000 0.032470
0.000000 0.032503
0.000000 0.032654
0.000000 0.032687
0.000000 0.032704
0.000000 0.032737
0.000000 0.032804
0.000000 0.032838
0.000000 0.032971
0.000000 0.033005
0.000000 0.033255
0.000000 0.033289
0.000000 0.033556
0.000000 0.033590
0.000000 0.033656
0.000000 0.033690
0.000000 0.033740
0.000000 0.033773
0.000000 0.033974
0.000000 0.034041
0.000000 0.034225
0.000000 0.034258
0.000000 0.034525
0.000000 0.034559
0.000000 0.034676
0.000000 0.034709
0.000000 0.034910
0.000000 0.034943
0.000000 0.034977
0.000000 0.035010
0.000000 0.035211
0.000000 0.035244
0.000000 0.035294
0.000000 0.035344
0.000000 0.035745
0.000000 0.035779
0.000000 0.035929
0.000000 0.035963
0.000000 0.035979
0.000000 0.036013
0.000000 0.036314
0.000000 0.036347
0.000000 0.036514
0.000000 0.036547
0.000000 0.036598
0.000000 0.036664
0.000000 0.036731
0.000000 0.036765
0.000000 0.036882
0.000000 0.036915
0.000000 0.037149
0.000000 0.037182
0.000000 0.037316
0.000000 0.037350
0.000000 0.037366
0.000000 0.037400
0.000000 0.037584
0.000000 0.037617
0.000000 0.037701
0.000000 0.037734
0.000000 0.037868
0.000000 0.037918
0.000000 0.037985
0.000000 0.038018
0.000000 0.038168
0.000000 0.038235
0.000000 0.038469
0.000000 0.038503
0.000000 0.038519
0.000000 0.038553
0.000000 0.038586
0.000000 0.038620
0.000000 0.038703
0.000000 0.038770
0.000000 0.038870
0.000000 0.038904
0.000000 0.038987
0.000000 0.039021
0.000000 0.039138
0.000000 0.039171
0.000000 0.039405
0.000000 0.039455
0.000000 0.039572
0.000000 0.039606
0.000000 0.039723
0.000000 0.039756
0.000000 0.039973
0.000000 0.040007
0.000000 0.040124
0.000000 0.040157
0.000000 0.040207
0.000000 0.040241
0.000000 0.040291
0.000000 0.040374
0.000000 0.040508
0.000000 0.040541
0.000000 0.040642
0.000000 0.040675
0.000000 0.040692
0.000000 0.040725
0.000000 0.040775
0.000000 0.040809
0.000000 0.041043
0.000000 0.041076
0.000000 0.041143
0.000000 0.041193
0.000000 0.041277
0.000000 0.041310
0.000000 0.041745
0.000000 0.041878
0.000000 0.041962
0.000000 0.041995
0.000000 0.042045
0.000000 0.042079
0.000000 0.042112
0.000000 0.042179
0.000000 0.042196
0.000000 0.042229
0.000000 0.042330
0.000000 0.042363
0.000000 0.042480
0.000000 0.042513
0.000000 0.042597
0.000000 0.042630
0.000000 0.042697
0.000000 0.042731
0.000000 0.042914
0.000000 0.042948
0.000000 0.043115
0.000000 0.043148
0.000000 0.043165
0.000000 0.043199
0.000000 0.043215
0.000000 0.043249
0.000000 0.043299
0.000000 0.043332
0.000000 0.043533
0.000000 0.043566
0.000000 0.043850
0.000000 0.043917
0.000000 0.044017
0.000000 0.044051
0.000000 0.044251
0.000000 0.044318
0.000000 0.044485
0.000000 0.044552
0.000000 0.044652
0.000000 0.044719
0.000000 0.044736
0.000000 0.044769
0.000000 0.044886
0.000000 0.044987
0.000000 0.045087
0.000000 0.045120
0.000000 0.045221
0.000000 0.045254
0.000000 0.045354
0.000000 0.045388
0.000000 0.045455
0.000000 0.045488
0.000000 0.045605
0.000000 0.045655
0.000000 0.045889
0.000000 0.045922
0.000000 0.045939
0.000000 0.045973
0.000000 0.045989
0.000000 0.046023
0.000000 0.046190
0.000000 0.046223
0.000000 0.046257
0.000000 0.046290
0.000000 0.046424
0.000000 0.046457
0.000000 0.046507
0.000000 0.046541
0.000000 0.046641
0.000000 0.046691
0.000000 0.046708
0.000000 0.046741
0.000000 0.046791
0.000000 0.046825
0.000000 0.046842
0.000000 0.046875
0.000000 0.046892
0.000000 0.046959
0.000000 0.047243
0.000000 0.047276
0.000000 0.047326
0.000000 0.047360
0.000000 0.047527
0.000000 0.047560
0.000000 0.048028
0.000000 0.048061
0.000000 0.048479
0.000000 0.048513
0.000000 0.048613
0.000000 0.048680
0.000000 0.048713
0.000000 0.048780
0.000000 0.049064
0.000000 0.049098
0.000000 0.049114
0.000000 0.049215
0.000000 0.049231
0.000000 0.049265
0.000000 0.049348
0.000000 0.049382
0.000000 0.049465
0.000000 0.049499
0.000000 0.050017
0.000000 0.050084
0.000000 0.050284
0.000000 0.050318
0.000000 0.050401
0.000000 0.050468
0.000000 0.050685
0.000000 0.050719
0.000000 0.050752
0.000000 0.050785
0.000000 0.050836
0.000000 0.050869
0.000000 0.050902
0.000000 0.050936
0.000000 0.051153
0.000000 0.051186
0.000000 0.051220
0.000000 0.051253
0.000000 0.051270
0.000000 0.051303
0.000000 0.051521
0.000000 0.051554
0.000000 0.051654
0.000000 0.051688
0.000000 0.051788
0.000000 0.051822
0.000000 0.051905
0.000000 0.051939
0.000000 0.052005
0.000000 0.052039
0.000000 0.052089
0.000000 0.052122
0.000000 0.052239
0.000000 0.052273
0.000000 0.052406
0.000000 0.052440
0.000000 0.052557
0.000000 0.052590
0.000000 0.052607
0.000000 0.052640
0.000000 0.052707
0.000000 0.052741
0.000000 0.052807
0.000000 0.052841
0.000000 0.052975
0.000000 0.053008
0.000000 0.053025
0.000000 0.053058
0.000000 0.053092
0.000000 0.053125
0.000000 0.053175
0.000000 0.053242
0.000000 0.053459
0.000000 0.053493
0.000000 0.053526
0.000000 0.053559
0.000000 0.053760
0.000000 0.053793
0.000000 0.053844
0.000000 0.053877
0.000000 0.053994
0.000000 0.054027
0.000000 0.054278
0.000000 0.054311
0.000000 0.054378
0.000000 0.054412
0.000000 0.054428
0.000000 0.054462
0.000000 0.054763
0.000000 0.054796
0.000000 0.054846
0.000000 0.054880
0.000000 0.054963
0.000000 0.054997
0.000000 0.055013
0.000000 0.055047
0.000000 0.055197
0.000000 0.055231
0.000000 0.055281
0.000000 0.055314
0.000000 0.055398
0.000000 0.055431
0.000000 0.055498
0.000000 0.055531
0.000000 0.055598
0.000000 0.055632
0.000000 0.055682
0.000000 0.055715
0.000000 0.056116
0.000000 0.056150
0.000000 0.056166
0.000000 0.056200
0.000000 0.056283
0.000000 0.056317
0.000000 0.056367
0.000000 0.056400
0.000000 0.056451
0.000000 0.056484
0.000000 0.056568
0.000000 0.056601
0.000000 0.056768
0.000000 0.056801
0.000000 0.056835
0.000000 0.056902
0.000000 0.056935
0.000000 0.056969
0.000000 0.057002
0.000000 0.057035
0.000000 0.057052
0.000000 0.057086
0.000000 0.057169
0.000000 0.057203
0.000000 0.057403
0.000000 0.057436
0.000000 0.057470
0.000000 0.057503
0.000000 0.057520
0.000000 0.057553
0.000000 0.057654
0.000000 0.057721
0.000000 0.057737
0.000000 0.057771
0.000000 0.057804
0.000000 0.057838
0.000000 0.057904
0.000000 0.057938
0.000000 0.058021
0.000000 0.058055
0.000000 0.058138
0.000000 0.058172
0.000000 0.058389
0.000000 0.058422
0.000000 0.058456
0.000000 0.058506
0.000000 0.058523
0.000000 0.058556
0.000000 0.058590
0.000000 0.058640
0.000000 0.058673
0.000000 0.058707
0.000000 0.058723
0.000000 0.058757
0.000000 0.058840
0.000000 0.058874
0.000000 0.058974
0.000000 0.059007
0.000000 0.059057
0.000000 0.059091
0.000000 0.059141
0.000000 0.059174
0.000000 0.059291
0.000000 0.059358
0.000000 0.059475
0.000000 0.059509
0.000000 0.059576
0.000000 0.059676
0.000000 0.059860
0.000000 0.059893
0.000000 0.060027
0.000000 0.060060
0.000000 0.060094
0.000000 0.060160
0.000000 0.060227
0.000000 0.060261
0.000000 0.060277
0.000000 0.060311
0.000000 0.060328
0.000000 0.060361
0.000000 0.060461
0.000000 0.060495
0.000000 0.060595
0.000000 0.060662
0.000000 0.060712
0.000000 0.060745
0.000000 0.061046
0.000000 0.061080
0.000000 0.061146
0.000000 0.061197
0.000000 0.061213
0.000000 0.061247
0.000000 0.061280
0.000000 0.061314
0.000000 0.061581
0.000000 0.061631
0.000000 0.061664
0.000000 0.061698
0.000000 0.061898
0.000000 0.061932
0.000000 0.061982
0.000000 0.062015
0.000000 0.062182
0.000000 0.062233
0.000000 0.062266
0.000000 0.062316
0.000000 0.062366
0.000000 0.062400
0.000000 0.062483
0.000000 0.062517
0.000000 0.062884
0.000000 0.062918
0.000000 0.062968
0.000000 0.063018
0.000000 0.063102
0.000000 0.063168
0.000000 0.063269
0.000000 0.063302
0.000000 0.063469
0.000000 0.063503
0.000000 0.063553
0.000000 0.063586
0.000000 0.063603
0.000000 0.063636
0.000000 0.063653
0.000000 0.063720
0.000000 0.064004
0.000000 0.064037
0.000000 0.064071
0.000000 0.064104
0.000000 0.064255
0.000000 0.064288
0.000000 0.064372
0.000000 0.064439
0.000000 0.064505
0.000000 0.064539
0.000000 0.064572
0.000000 0.064606
0.000000 0.064723
0.000000 0.064756
0.000000 0.064789
0.000000 0.064823
0.000000 0.064840
0.000000 0.064873
0.000000 0.065224
0.000000 0.065257
0.000000 0.065274
0.000000 0.065307
0.000000 0.065408
0.000000 0.065441
0.000000 0.065475
0.000000 0.065508
0.000000 0.065541
0.000000 0.065575
0.000000 0.065642
0.000000 0.065709
0.000000 0.065826
0.000000 0.065859
0.000000 0.066277
0.000000 0.066310
0.000000 0.066461
0.000000 0.066494
0.000000 0.066695
0.000000 0.066728
0.000000 0.066912
0.000000 0.066945
0.000000 0.067079
0.000000 0.067112
0.000000 0.067146
0.000000 0.067179
0.000000 0.067313
0.000000 0.067346
0.000000 0.067396
0.000000 0.067430
0.000000 0.067480
0.000000 0.067513
0.000000 0.067597
0.000000 0.067630
0.000000 0.067948
0.000000 0.067998
0.000000 0.068031
0.000000 0.068048
0.000000 0.068082
0.000000 0.068349
0.000000 0.068382
0.000000 0.068449
0.000000 0.068483
0.000000 0.068583
0.000000 0.068616
0.000000 0.068633
0.000000 0.068666
0.000000 0.068783
0.000000 0.068817
0.000000 0.068917
0.000000 0.068984
0.000000 0.069001
0.000000 0.069034
0.000000 0.069068
0.000000 0.069134
0.000000 0.069452
0.000000 0.069485
0.000000 0.069669
0.000000 0.069703
0.000000 0.069753
0.000000 0.069786
0.000000 0.070020
0.000000 0.070053
0.000000 0.070120
0.000000 0.070204
0.000000 0.070254
0.000000 0.070338
0.000000 0.070404
0.000000 0.070471
0.000000 0.070505
0.000000 0.070889
0.000000 0.070956
0.000000 0.071006
0.000000 0.071039
0.000000 0.071056
0.000000 0.071090
0.000000 0.071173
0.000000 0.071207
0.000000 0.071340
0.000000 0.071374
0.000000 0.071424
0.000000 0.071457
0.000000 0.071557
0.000000 0.071624
0.000000 0.071691
0.000000 0.071741
0.000000 0.071775
0.000000 0.071808
0.000000 0.071842
0.000000 0.071908
0.000000 0.071925
0.000000 0.071959
0.000000 0.071975
0.000000 0.072009
0.000000 0.072092
0.000000 0.072126
0.000000 0.072176
0.000000 0.072209
0.000000 0.072243
0.000000 0.072309
0.000000 0.072426
0.000000 0.072460
0.000000 0.072594
0.000000 0.072660
0.000000 0.072844
0.000000 0.072878
0.000000 0.072911
0.000000 0.072945
0.000000 0.073128
0.000000 0.073162
0.000000 0.073212
0.000000 0.073245
0.000000 0.073329
0.000000 0.073362
0.000000 0.073463
0.000000 0.073496
0.000000 0.074047
0.000000 0.074081
0.000000 0.074098
0.000000 0.074131
0.000000 0.074315
0.000000 0.074348
0.000000 0.074382
0.000000 0.074415
0.000000 0.074465
0.000000 0.074499
0.000000 0.074699
0.000000 0.074733
0.000000 0.074950
0.000000 0.075000
0.000000 0.075234
0.000000 0.075267
0.000000 0.075485
0.000000 0.075518
0.000000 0.075618
0.000000 0.075652
0.000000 0.075702
0.000000 0.075735
0.000000 0.075852
0.000000 0.075919
0.000000 0.075986
0.000000 0.076019
0.000000 0.076086
0.000000 0.076136
0.000000 0.076170
0.000000 0.076186
0.000000 0.076220
0.000000 0.076253
0.000000 0.076287
0.000000 0.076420
0.000000 0.076487
0.000000 0.076537
0.000000 0.076571
0.000000 0.076705
0.000000 0.076738
0.000000 0.076822
0.000000 0.076855
0.000000 0.077072
0.000000 0.077106
0.000000 0.077256
0.000000 0.077289
0.000000 0.077323
0.000000 0.077356
0.000000 0.077557
0.000000 0.077590
0.000000 0.077741
0.000000 0.077774
0.000000 0.077807
0.000000 0.077841
0.000000 0.078058
0.000000 0.078092
0.000000 0.078108
0.000000 0.078175
0.000000 0.078192
0.000000 0.078225
0.000000 0.078242
0.000000 0.078275
0.000000 0.078359
0.000000 0.078392
0.000000 0.078443
0.000000 0.078476
0.000000 0.078593
0.000000 0.078626
0.000000 0.078660
0.000000 0.078693
0.000000 0.078743
0.000000 0.078810
0.000000 0.078860
0.000000 0.078894
0.000000 0.078944
0.000000 0.078994
0.000000 0.079027
0.000000 0.079211
0.000000 0.079245
0.000000 0.079278
0.000000 0.079328
0.000000 0.079545
0.000000 0.079579
0.000000 0.079596
0.000000 0.079629
0.000000 0.079880
0.000000 0.079947
0.000000 0.080064
0.000000 0.080130
0.000000 0.080247
0.000000 0.080314
0.000000 0.080431
0.000000 0.080465
0.000000 0.080531
0.000000 0.080598
0.000000 0.080632
0.000000 0.080665
0.000000 0.080715
0.000000 0.080765
0.000000 0.080782
0.000000 0.080816
0.000000 0.081049
0.000000 0.081083
0.000000 0.081200
0.000000 0.081233
0.000000 0.081283
0.000000 0.081317
0.000000 0.081350
0.000000 0.081384
0.000000 0.081501
0.000000 0.081534
0.000000 0.081584
0.000000 0.081618
0.000000 0.081701
0.000000 0.081751
0.000000 0.081801
0.000000 0.081835
0.000000 0.081852
0.000000 0.081902
0.000000 0.081918
0.000000 0.081952
0.000000 0.082102
0.000000 0.082169
0.000000 0.082203
0.000000 0.082236
0.000000 0.082253
0.000000 0.082320
0.000000 0.082420
0.000000 0.082520
0.000000 0.082654
0.000000 0.082687
0.000000 0.082754
0.000000 0.082787
0.000000 0.082804
0.000000 0.082854
0.000000 0.083038
0.000000 0.083072
0.000000 0.083172
0.000000 0.083222
0.000000 0.083239
0.000000 0.083272
0.000000 0.083356
0.000000 0.083422
0.000000 0.083523
0.000000 0.083556
0.000000 0.083590
0.000000 0.083623
0.000000 0.083824
0.000000 0.083890
0.000000 0.083907
0.000000 0.083941
0.000000 0.083991
0.000000 0.084024
0.000000 0.084074
0.000000 0.084108
0.000000 0.084158
0.000000 0.084258
0.000000 0.084291
0.000000 0.084325
0.000000 0.084425
0.000000 0.084459
0.000000 0.084726
0.000000 0.084759
0.000000 0.084843
0.000000 0.084910
0.000000 0.084943
0.000000 0.085010
0.000000 0.085445
0.000000 0.085478
0.000000 0.085879
0.000000 0.085912
0.000000 0.086146
0.000000 0.086180
0.000000 0.086280
0.000000 0.086314
0.000000 0.086364
0.000000 0.086414
0.000000 0.086447
0.000000 0.086497
0.000000 0.086514
0.000000 0.086564
0.000000 0.086681
0.000000 0.086715
0.000000 0.086731
0.000000 0.086765
0.000000 0.086815
0.000000 0.086848
0.000000 0.086898
0.000000 0.086965
0.000000 0.087015
0.000000 0.087049
0.000000 0.087099
0.000000 0.087199
0.000000 0.087333
0.000000 0.087400
0.000000 0.087617
0.000000 0.087650
0.000000 0.087667
0.000000 0.087701
0.000000 0.087734
0.000000 0.087767
0.000000 0.087901
0.000000 0.087934
0.000000 0.087985
0.000000 0.088018
0.000000 0.088202
0.000000 0.088235
0.000000 0.088252
0.000000 0.088302
0.000000 0.088319
0.000000 0.088352
0.000000 0.088402
0.000000 0.088436
0.000000 0.088536
0.000000 0.088603
0.000000 0.088620
0.000000 0.088653
0.000000 0.088737
0.000000 0.088770
0.000000 0.088937
0.000000 0.088971
0.000000 0.089723
0.000000 0.089789
0.000000 0.089873
0.000000 0.089923
0.000000 0.089957
0.000000 0.089990
0.000000 0.090007
0.000000 0.090040
0.000000 0.090107
0.000000 0.090140
0.000000 0.090224
0.000000 0.090257
0.000000 0.090508
0.000000 0.090575
0.000000 0.090608
0.000000 0.090658
0.000000 0.090775
0.000000 0.090809
0.000000 0.090926
0.000000 0.090959
0.000000 0.091009
0.000000 0.091043
0.000000 0.091110
0.000000 0.091143
0.000000 0.091160
0.000000 0.091193
0.000000 0.091360
0.000000 0.091427
0.000000 0.091661
0.000000 0.091695
0.000000 0.091711
0.000000 0.091745
0.000000 0.091761
0.000000 0.091895
0.000000 0.092029
0.000000 0.092062
0.000000 0.092146
0.000000 0.092213
0.000000 0.092263
0.000000 0.092296
0.000000 0.092313
0.000000 0.092346
0.000000 0.092380
0.000000 0.092413
0.000000 0.092480
0.000000 0.092513
0.000000 0.092664
0.000000 0.092697
0.000000 0.092814
0.000000 0.092848
0.000000 0.092881
0.000000 0.092914
0.000000 0.093082
0.000000 0.093115
0.000000 0.093165
0.000000 0.093199
0.000000 0.093232
0.000000 0.093249
0.000000 0.093282
0.000000 0.093382
0.000000 0.093416
0.000000 0.093516
0.000000 0.093549
0.000000 0.093633
0.000000 0.093700
0.000000 0.093817
0.000000 0.093884
0.000000 0.093951
0.000000 0.093984
0.000000 0.094134
0.000000 0.094168
0.000000 0.094335
0.000000 0.094368
0.000000 0.094452
0.000000 0.094519
0.000000 0.094652
0.000000 0.094703
0.000000 0.094836
0.000000 0.094886
0.000000 0.094953
0.000000 0.094987
0.000000 0.095003
0.000000 0.095037
0.000000 0.095170
0.000000 0.095237
0.000000 0.095354
0.000000 0.095388
0.000000 0.095404
0.000000 0.095438
0.000000 0.095705
0.000000 0.095739
0.000000 0.095772
0.000000 0.095805
0.000000 0.095822
0.000000 0.095856
0.000000 0.095889
0.000000 0.095922
0.000000 0.096207
0.000000 0.096240
0.000000 0.096441
0.000000 0.096507
0.000000 0.096641
0.000000 0.096674
0.000000 0.096875
0.000000 0.096908
0.000000 0.096975
0.000000 0.097042
0.000000 0.097159
0.000000 0.097193
0.000000 0.097226
0.000000 0.097259
0.000000 0.097393
0.000000 0.097426
0.000000 0.097493
0.000000 0.097527
0.000000 0.097594
0.000000 0.097627
0.000000 0.097727
0.000000 0.097761
0.000000 0.097961
0.000000 0.098028
0.000000 0.098061
0.000000 0.098095
0.000000 0.098212
0.000000 0.098245
0.000000 0.098463
0.000000 0.098496
0.000000 0.098646
0.000000 0.098680
0.000000 0.098697
0.000000 0.098730
0.000000 0.098763
0.000000 0.098797
0.000000 0.099198
0.000000 0.099231
0.000000 0.099532
0.000000 0.099566
0.000000 0.099632
0.000000 0.099666
0.000000 0.099783
0.000000 0.099816
0.000000 0.099833
0.000000 0.099866
0.000000 0.100017
0.000000 0.100050
0.000000 0.100067
0.000000 0.100100
0.000000 0.100334
0.000000 0.100368
0.000000 0.100434
0.000000 0.100468
0.000000 0.100518
0.000000 0.100551
0.000000 0.100602
0.000000 0.100635
0.000000 0.100769
0.000000 0.100836
0.000000 0.100852
0.000000 0.100886
0.000000 0.100902
0.000000 0.100936
0.000000 0.101053
0.000000 0.101103
0.000000 0.101153
0.000000 0.101186
0.000000 0.101370
0.000000 0.101404
0.000000 0.101471
0.000000 0.101521
0.000000 0.101537
0.000000 0.101571
0.000000 0.101671
0.000000 0.101705
0.000000 0.101771
0.000000 0.101838
0.000000 0.101888
0.000000 0.101922
0.000000 0.101955
0.000000 0.102156
0.000000 0.102223
0.000000 0.102273
0.000000 0.102289
0.000000 0.102323
0.000000 0.102657
0.000000 0.102691
0.000000 0.102774
0.000000 0.102807
0.000000 0.102891
0.000000 0.102924
0.000000 0.102958
0.000000 0.102991
0.000000 0.103008
0.000000 0.103041
0.000000 0.103125
0.000000 0.103158
0.000000 0.103192
0.000000 0.103225
0.000000 0.103309
0.000000 0.103342
0.000000 0.103392
0.000000 0.103426
0.000000 0.103543
0.000000 0.103610
0.000000 0.103727
0.000000 0.103760
0.000000 0.103844
0.000000 0.103877
0.000000 0.103961
0.000000 0.103994
0.000000 0.104011
0.000000 0.104044
0.000000 0.104111
0.000000 0.104144
0.000000 0.104345
0.000000 0.104378
0.000000 0.104395
0.000000 0.104462
0.000000 0.104562
0.000000 0.104596
0.000000 0.104746
0.000000 0.104779
0.000000 0.104930
0.000000 0.104963
0.000000 0.104997
0.000000 0.105030
0.000000 0.105080
0.000000 0.105114
0.000000 0.105130
0.000000 0.105164
0.000000 0.105264
0.000000 0.105297
0.000000 0.105331
0.000000 0.105364
0.000000 0.105465
0.000000 0.105498
0.000000 0.105632
0.000000 0.105699
0.000000 0.105715
0.000000 0.105765
0.000000 0.105799
0.000000 0.105832
0.000000 0.105866
0.000000 0.106233
0.000000 0.106267
0.000000 0.106367
0.000000 0.106400
0.000000 0.106417
0.000000 0.106451
0.000000 0.106517
0.000000 0.106551
0.000000 0.106584
0.000000 0.106618
0.000000 0.106684
0.000000 0.106751
0.000000 0.107086
0.000000 0.107119
0.000000 0.107203
0.000000 0.107253
0.000000 0.107303
0.000000 0.107336
0.000000 0.107370
0.000000 0.107403
0.000000 0.107420
0.000000 0.107453
0.000000 0.107537
0.000000 0.107604
0.000000 0.107737
0.000000 0.107787
0.000000 0.107854
0.000000 0.107888
0.000000 0.107904
0.000000 0.107938
0.000000 0.108072
0.000000 0.108105
0.000000 0.108172
0.000000 0.108205
0.000000 0.108222
0.000000 0.108289
0.000000 0.108690
0.000000 0.108723
0.000000 0.108740
0.000000 0.108773
0.000000 0.108857
0.000000 0.108890
0.000000 0.108974
0.000000 0.109007
0.000000 0.109342
0.000000 0.109375
0.000000 0.109492
0.000000 0.109525
0.000000 0.109576
0.000000 0.109592
0.000000 0.109626
0.000000 0.109642
0.000000 0.109676
0.000000 0.109809
0.000000 0.109843
0.000000 0.109876
0.000000 0.109910
0.000000 0.109926
0.000000 0.109960
0.000000 0.110010
0.000000 0.110043
0.000000 0.110060
0.000000 0.110094
0.000000 0.110211
0.000000 0.110244
0.000000 0.110328
0.000000 0.110394
0.000000 0.110411
0.000000 0.110461
0.000000 0.110511
0.000000 0.110578
0.000000 0.110612
0.000000 0.110645
0.000000 0.110662
0.000000 0.110712
0.000000 0.110762
0.000000 0.110829
0.000000 0.110896
0.000000 0.110963
0.000000 0.110979
0.000000 0.111013
0.000000 0.111029
0.000000 0.111096
0.000000 0.111130
0.000000 0.111163
0.000000 0.111197
0.000000 0.111230
0.000000 0.111247
0.000000 0.111280
0.000000 0.111297
0.000000 0.111330
0.000000 0.111380
0.000000 0.111447
0.000000 0.111614
0.000000 0.111648
0.000000 0.111681
0.000000 0.111715
0.000000 0.111781
0.000000 0.111815
0.000000 0.111848
0.000000 0.111882
0.000000 0.111898
0.000000 0.111949
0.000000 0.112199
0.000000 0.112233
0.000000 0.112400
0.000000 0.112433
0.000000 0.112567
0.000000 0.112600
0.000000 0.112634
0.000000 0.112667
0.000000 0.112701
0.000000 0.112734
0.000000 0.112801
0.000000 0.112868
0.000000 0.112901
0.000000 0.112934
0.000000 0.112985
0.000000 0.113018
0.000000 0.113068
0.000000 0.113085
0.000000 0.113118
0.000000 0.113135
0.000000 0.113168
0.000000 0.113185
0.000000 0.113235
0.000000 0.113252
0.000000 0.113319
0.000000 0.113436
0.000000 0.113503
0.000000 0.113653
0.000000 0.113686
0.000000 0.113753
0.000000 0.113787
0.000000 0.113937
0.000000 0.113971
0.000000 0.114088
0.000000 0.114121
0.000000 0.114171
0.000000 0.114205
0.000000 0.114271
0.000000 0.114322
0.000000 0.114372
0.000000 0.114405
0.000000 0.114422
0.000000 0.114455
0.000000 0.114572
0.000000 0.114606
0.000000 0.114789
0.000000 0.114856
0.000000 0.115174
0.000000 0.115207
0.000000 0.115341
0.000000 0.115374
0.000000 0.115558
0.000000 0.115592
0.000000 0.115658
0.000000 0.115692
0.000000 0.115742
0.000000 0.115775
0.000000 0.115976
0.000000 0.116009
0.000000 0.116026
0.000000 0.116093
0.000000 0.116143
0.000000 0.116210
0.000000 0.116260
0.000000 0.116310
0.000000 0.116344
0.000000 0.116377
0.000000 0.116410
0.000000 0.116444
0.000000 0.116511
0.000000 0.116578
0.000000 0.116628
0.000000 0.116644
0.000000 0.116678
0.000000 0.116695
0.000000 0.116728
0.000000 0.116895
0.000000 0.116928
0.000000 0.116962
0.000000 0.117062
0.000000 0.117196
0.000000 0.117229
0.000000 0.117279
0.000000 0.117380
0.000000 0.117413
0.000000 0.117530
0.000000 0.117597
0.000000 0.117764
0.000000 0.117864
0.000000 0.118065
0.000000 0.118098
0.000000 0.118199
0.000000 0.118232
0.000000 0.118483
0.000000 0.118516
0.000000 0.118549
0.000000 0.118583
0.000000 0.118683
0.000000 0.118717
0.000000 0.118767
0.000000 0.118817
0.000000 0.118934
0.000000 0.118984
0.000000 0.119184
0.000000 0.119218
0.000000 0.119251
0.000000 0.119285
0.000000 0.119402
0.000000 0.119435
0.000000 0.119485
0.000000 0.119519
0.000000 0.119652
0.000000 0.119703
0.000000 0.119920
0.000000 0.119953
0.000000 0.120020
0.000000 0.120053
0.000000 0.120120
0.000000 0.120154
0.000000 0.120204
0.000000 0.120237
0.000000 0.120287
0.000000 0.120321
0.000000 0.120438
0.000000 0.120471
0.000000 0.120521
0.000000 0.120588
0.000000 0.120839
0.000000 0.120872
0.000000 0.120889
0.000000 0.120939
0.000000 0.121056
0.000000 0.121090
0.000000 0.121106
0.000000 0.121140
0.000000 0.121156
0.000000 0.121190
0.000000 0.121207
0.000000 0.121240
0.000000 0.121290
0.000000 0.121324
0.000000 0.121390
0.000000 0.121424
0.000000 0.121441
0.000000 0.121507
0.000000 0.121658
0.000000 0.121691
0.000000 0.121791
0.000000 0.121842
0.000000 0.121925
0.000000 0.121959
0.000000 0.122042
0.000000 0.122076
0.000000 0.122159
0.000000 0.122226
0.000000 0.122510
0.000000 0.122577
0.000000 0.122610
0.000000 0.122644
0.000000 0.122694
0.000000 0.122727
0.000000 0.122794
0.000000 0.122861
0.000000 0.122894
0.000000 0.123011
0.000000 0.123045
0.000000 0.123145
0.000000 0.123195
0.000000 0.123229
0.000000 0.123295
0.000000 0.123396
0.000000 0.123463
0.000000 0.123529
0.000000 0.123613
0.000000 0.123680
0.000000 0.123763
0.000000 0.123814
0.000000 0.123947
0.000000 0.123981
0.000000 0.124031
0.000000 0.124064
0.000000 0.124098
0.000000 0.124164
0.000000 0.124215
0.000000 0.124248
0.000000 0.124281
0.000000 0.124348
0.000000 0.124382
0.000000 0.124415
0.000000 0.124515
0.000000 0.124549
0.000000 0.124599
0.000000 0.124632
0.000000 0.124666
0.000000 0.124716
0.000000 0.124766
0.000000 0.124799
0.000000 0.124816
0.000000 0.124883
0.000000 0.124950
0.000000 0.125017
0.000000 0.125084
0.000000 0.125117
0.000000 0.125134
0.000000 0.125167
0.000000 0.125234
0.000000 0.125267
0.000000 0.125301
0.000000 0.125351
0.000000 0.125384
0.000000 0.125501
0.000000 0.125535
0.000000 0.125735
0.000000 0.125802
0.000000 0.125819
0.000000 0.125852
0.000000 0.125886
0.000000 0.125919
0.000000 0.126303
0.000000 0.126370
0.000000 0.126387
0.000000 0.126420
0.000000 0.126504
0.000000 0.126537
0.000000 0.126588
0.000000 0.126621
0.000000 0.126638
0.000000 0.126671
0.000000 0.126822
0.000000 0.126855
0.000000 0.126888
0.000000 0.126922
0.000000 0.126989
0.000000 0.127022
0.000000 0.127172
0.000000 0.127239
0.000000 0.127356
0.000000 0.127406
0.000000 0.127440
0.000000 0.127473
0.000000 0.128041
0.000000 0.128075
0.000000 0.128209
0.000000 0.128242
0.000000 0.128259
0.000000 0.128309
0.000000 0.128409
0.000000 0.128443
0.000000 0.128493
0.000000 0.128526
0.000000 0.128610
0.000000 0.128643
0.000000 0.128693
0.000000 0.128727
0.000000 0.128777
0.000000 0.128844
0.000000 0.128877
0.000000 0.128894
0.000000 0.128927
0.000000 0.128944
0.000000 0.128994
0.000000 0.129178
0.000000 0.129211
0.000000 0.129362
0.000000 0.129395
0.000000 0.129428
0.000000 0.129462
0.000000 0.129746
0.000000 0.129779
0.000000 0.130047
0.000000 0.130080
0.000000 0.130281
0.000000 0.130314
0.000000 0.130381
0.000000 0.130414
0.000000 0.130465
0.000000 0.130498
0.000000 0.130531
0.000000 0.130565
0.000000 0.130582
0.000000 0.130615
0.000000 0.130648
0.000000 0.130682
0.000000 0.130715
0.000000 0.130749
0.000000 0.130916
0.000000 0.130949
0.000000 0.130983
0.000000 0.131016
0.000000 0.131033
0.000000 0.131083
0.000000 0.131116
0.000000 0.131150
0.000000 0.131183
0.000000 0.131250
0.000000 0.131350
0.000000 0.131384
0.000000 0.131417
0.000000 0.131451
0.000000 0.131484
0.000000 0.131551
0.000000 0.131601
0.000000 0.131668
0.000000 0.131701
0.000000 0.131735
0.000000 0.131768
0.000000 0.131835
0.000000 0.131902
0.000000 0.131935
0.000000 0.132035
0.000000 0.132136
0.000000 0.132203
0.000000 0.132253
0.000000 0.132286
0.000000 0.132353
0.000000 0.132403
0.000000 0.132453
0.000000 0.132487
0.000000 0.132553
0.000000 0.132587
0.000000 0.132604
0.000000 0.132670
0.000000 0.132704
0.000000 0.132737
0.000000 0.132871
0.000000 0.132904
0.000000 0.133021
0.000000 0.133055
0.000000 0.133088
0.000000 0.133122
0.000000 0.133189
0.000000 0.133222
0.000000 0.133255
0.000000 0.133289
0.000000 0.133389
0.000000 0.133422
0.000000 0.133539
0.000000 0.133573
0.000000 0.133656
0.000000 0.133690
0.000000 0.133773
0.000000 0.133874
0.000000 0.133907
0.000000 0.133941
0.000000 0.134308
0.000000 0.134342
0.000000 0.134375
0.000000 0.134408
0.000000 0.134425
0.000000 0.134492
0.000000 0.134542
0.000000 0.134576
0.000000 0.134609
0.000000 0.134726
0.000000 0.134759
0.000000 0.134809
0.000000 0.134826
0.000000 0.134860
0.000000 0.134943
0.000000 0.135010
0.000000 0.135060
0.000000 0.135094
0.000000 0.135428
0.000000 0.135461
0.000000 0.135528
0.000000 0.135561
0.000000 0.135762
0.000000 0.135829
0.000000 0.136096
0.000000 0.136163
0.000000 0.136364
0.000000 0.136397
0.000000 0.136430
0.000000 0.136481
0.000000 0.136581
0.000000 0.136614
0.000000 0.136664
0.000000 0.136715
0.000000 0.136731
0.000000 0.136765
0.000000 0.136781
0.000000 0.136815
0.000000 0.136848
0.000000 0.136882
0.000000 0.136898
0.000000 0.136932
0.000000 0.136999
0.000000 0.137032
0.000000 0.137249
0.000000 0.137299
0.000000 0.137350
0.000000 0.137383
0.000000 0.137416
0.000000 0.137450
0.000000 0.137500
0.000000 0.137533
0.000000 0.137567
0.000000 0.137600
0.000000 0.137634
0.000000 0.137684
0.000000 0.137717
0.000000 0.137767
0.000000 0.137801
0.000000 0.137818
0.000000 0.137851
0.000000 0.137918
0.000000 0.137968
0.000000 0.138085
0.000000 0.138135
0.000000 0.138302
0.000000 0.138336
0.000000 0.138352
0.000000 0.138386
0.000000 0.138453
0.000000 0.138486
0.000000 0.138519
0.000000 0.138553
0.000000 0.138620
0.000000 0.138653
0.000000 0.138670
0.000000 0.138703
0.000000 0.138837
0.000000 0.138904
0.000000 0.138971
0.000000 0.139004
0.000000 0.139338
0.000000 0.139372
0.000000 0.139388
0.000000 0.139422
0.000000 0.139505
0.000000 0.139539
0.000000 0.139723
0.000000 0.139789
0.000000 0.139806
0.000000 0.139873
0.000000 0.139923
0.000000 0.139957
0.000000 0.139973
0.000000 0.140007
0.000000 0.140074
0.000000 0.140107
0.000000 0.140124
0.000000 0.140157
0.000000 0.140207
0.000000 0.140291
0.000000 0.140324
0.000000 0.140374
0.000000 0.140408
0.000000 0.140458
0.000000 0.140491
0.000000 0.140508
0.000000 0.140541
0.000000 0.140575
0.000000 0.140625
0.000000 0.140658
0.000000 0.140692
0.000000 0.140792
0.000000 0.140842
0.000000 0.140943
0.000000 0.140976
0.000000 0.141143
0.000000 0.141176
0.000000 0.141210
0.000000 0.141243
0.000000 0.141628
0.000000 0.141661
0.000000 0.141678
0.000000 0.141711
0.000000 0.141795
0.000000 0.141828
0.000000 0.141878
0.000000 0.141912
0.000000 0.141995
0.000000 0.142029
0.000000 0.142129
0.000000 0.142162
0.000000 0.142229
0.000000 0.142279
0.000000 0.142396
0.000000 0.142497
0.000000 0.143015
0.000000 0.143048
0.000000 0.143082
0.000000 0.143115
0.000000 0.143132
0.000000 0.143165
0.000000 0.143199
0.000000 0.143232
0.000000 0.143299
0.000000 0.143366
0.000000 0.143549
0.000000 0.143583
0.000000 0.143633
0.000000 0.143666
0.000000 0.143683
0.000000 0.143717
0.000000 0.144017
0.000000 0.144051
0.000000 0.144101
0.000000 0.144118
0.000000 0.144151
0.000000 0.144301
0.000000 0.144335
0.000000 0.144469
0.000000 0.144502
0.000000 0.144636
0.000000 0.144669
0.000000 0.144686
0.000000 0.144719
0.000000 0.144803
0.000000 0.144836
0.000000 0.144903
0.000000 0.144953
0.000000 0.144970
0.000000 0.145020
0.000000 0.145104
0.000000 0.145137
0.000000 0.145170
0.000000 0.145221
0.000000 0.145271
0.000000 0.145304
0.000000 0.145371
0.000000 0.145438
0.000000 0.145588
0.000000 0.145622
0.000000 0.145705
0.000000 0.145739
0.000000 0.145772
0.000000 0.145805
0.000000 0.145839
0.000000 0.145872
0.000000 0.145922
0.000000 0.146039
0.000000 0.146106
0.000000 0.146123
0.000000 0.146156
0.000000 0.146207
0.000000 0.146257
0.000000 0.146290
0.000000 0.146357
0.000000 0.146390
0.000000 0.146457
0.000000 0.146491
0.000000 0.146524
0.000000 0.146658
0.000000 0.146691
0.000000 0.146708
0.000000 0.146741
0.000000 0.146791
0.000000 0.146825
0.000000 0.146842
0.000000 0.146892
0.000000 0.146942
0.000000 0.147009
0.000000 0.147076
0.000000 0.147109
0.000000 0.147142
0.000000 0.147209
0.000000 0.147226
0.000000 0.147259
0.000000 0.147309
0.000000 0.147376
0.000000 0.147527
0.000000 0.147560
0.000000 0.147594
0.000000 0.147644
0.000000 0.147677
0.000000 0.147694
0.000000 0.147761
0.000000 0.147811
0.000000 0.147844
0.000000 0.147894
0.000000 0.147928
0.000000 0.148061
0.000000 0.148112
0.000000 0.148145
0.000000 0.148178
0.000000 0.148229
0.000000 0.148262
0.000000 0.148295
0.000000 0.148329
0.000000 0.148496
0.000000 0.148563
0.000000 0.148613
0.000000 0.148646
0.000000 0.148730
0.000000 0.148763
0.000000 0.148830
0.000000 0.148864
0.000000 0.148914
0.000000 0.148947
0.000000 0.148964
0.000000 0.149014
0.000000 0.149047
0.000000 0.149081
0.000000 0.149131
0.000000 0.149164
0.000000 0.149265
0.000000 0.149298
0.000000 0.149398
0.000000 0.149432
0.000000 0.149599
0.000000 0.149632
0.000000 0.149933
0.000000 0.149967
0.000000 0.150084
0.000000 0.150150
0.000000 0.150167
0.000000 0.150201
0.000000 0.150267
0.000000 0.150301
0.000000 0.150401
0.000000 0.150434
0.000000 0.150535
0.000000 0.150602
0.000000 0.150635
0.000000 0.150685
0.000000 0.150735
0.000000 0.150802
0.000000 0.150902
0.000000 0.150953
0.000000 0.150986
0.000000 0.151053
0.000000 0.151070
0.000000 0.151103
0.000000 0.151237
0.000000 0.151270
0.000000 0.151404
0.000000 0.151471
0.000000 0.151571
0.000000 0.151604
0.000000 0.151654
0.000000 0.151688
0.000000 0.151822
0.000000 0.151888
0.000000 0.151989
0.000000 0.152039
0.000000 0.152072
0.000000 0.152122
0.000000 0.152156
0.000000 0.152223
0.000000 0.152256
0.000000 0.152373
0.000000 0.152406
0.000000 0.152691
0.000000 0.152724
0.000000 0.152807
0.000000 0.152841
0.000000 0.153008
0.000000 0.153041
0.000000 0.153142
0.000000 0.153175
0.000000 0.153192
0.000000 0.153225
0.000000 0.153326
0.000000 0.153359
0.000000 0.153426
0.000000 0.153476
0.000000 0.153526
0.000000 0.153559
0.000000 0.153593
0.000000 0.153626
0.000000 0.153643
0.000000 0.153676
0.000000 0.153727
0.000000 0.153760
0.000000 0.153910
0.000000 0.153944
0.000000 0.154078
0.000000 0.154111
0.000000 0.154144
0.000000 0.154178
0.000000 0.154195
0.000000 0.154228
0.000000 0.154295
0.000000 0.154362
0.000000 0.154378
0.000000 0.154428
0.000000 0.154445
0.000000 0.154479
0.000000 0.154545
0.000000 0.154612
0.000000 0.154629
0.000000 0.154662
0.000000 0.154696
0.000000 0.154729
0.000000 0.154796
0.000000 0.154863
0.000000 0.154896
0.000000 0.154930
0.000000 0.154963
0.000000 0.154997
0.000000 0.155080
0.000000 0.155114
0.000000 0.155264
0.000000 0.155314
0.000000 0.155431
0.000000 0.155465
0.000000 0.155498
0.000000 0.155565
0.000000 0.155699
0.000000 0.155732
0.000000 0.155749
0.000000 0.155782
0.000000 0.155949
0.000000 0.156016
0.000000 0.156033
0.000000 0.156100
0.000000 0.156166
0.000000 0.156200
0.000000 0.156217
0.000000 0.156250
0.000000 0.156534
0.000000 0.156601
0.000000 0.156785
0.000000 0.156818
0.000000 0.156852
0.000000 0.156885
0.000000 0.156935
0.000000 0.156969
0.000000 0.156985
0.000000 0.157052
0.000000 0.157119
0.000000 0.157152
0.000000 0.157169
0.000000 0.157203
0.000000 0.157219
0.000000 0.157253
0.000000 0.157286
0.000000 0.157320
0.000000 0.157370
0.000000 0.157403
0.000000 0.157420
0.000000 0.157453
0.000000 0.157570
0.000000 0.157604
0.000000 0.157670
0.000000 0.157704
0.000000 0.157721
0.000000 0.157754
0.000000 0.157938
0.000000 0.157971
0.000000 0.158088
0.000000 0.158122
0.000000 0.158205
0.000000 0.158255
0.000000 0.158272
0.000000 0.158322
0.000000 0.158339
0.000000 0.158372
0.000000 0.158406
0.000000 0.158473
0.000000 0.158556
0.000000 0.158590
0.000000 0.158673
0.000000 0.158707
0.000000 0.158807
0.000000 0.158840
0.000000 0.158907
0.000000 0.158957
0.000000 0.158991
0.000000 0.159041
0.000000 0.159191
0.000000 0.159225
0.000000 0.159442
0.000000 0.159475
0.000000 0.159542
0.000000 0.159576
0.000000 0.159626
0.000000 0.159659
0.000000 0.159676
0.000000 0.159709
0.000000 0.159793
0.000000 0.159826
0.000000 0.159910
0.000000 0.159943
0.000000 0.160043
0.000000 0.160077
0.000000 0.160094
0.000000 0.160127
0.000000 0.160160
0.000000 0.160194
0.000000 0.160261
0.000000 0.160294
0.000000 0.160478
0.000000 0.160511
0.000000 0.160561
0.000000 0.160595
0.000000 0.160628
0.000000 0.160896
0.000000 0.160946
0.000000 0.161013
0.000000 0.161046
0.000000 0.161130
0.000000 0.161180
0.000000 0.161197
0.000000 0.161230
0.000000 0.161380
0.000000 0.161430
0.000000 0.161481
0.000000 0.161514
0.000000 0.161531
0.000000 0.161564
0.000000 0.161631
0.000000 0.161664
0.000000 0.161715
0.000000 0.161748
0.000000 0.161865
0.000000 0.161898
0.000000 0.161949
0.000000 0.161982
0.000000 0.162015
0.000000 0.162066
0.000000 0.162082
0.000000 0.162149
0.000000 0.162166
0.000000 0.162199
0.000000 0.162350
0.000000 0.162416
0.000000 0.162433
0.000000 0.162467
0.000000 0.162517
0.000000 0.162550
0.000000 0.162567
0.000000 0.162600
0.000000 0.162634
0.000000 0.162667
0.000000 0.162801
0.000000 0.162834
0.000000 0.162918
0.000000 0.162951
0.000000 0.163001
0.000000 0.163035
0.000000 0.163068
0.000000 0.163118
0.000000 0.163152
0.000000 0.163219
0.000000 0.163252
0.000000 0.163319
0.000000 0.163369
0.000000 0.163436
0.000000 0.163453
0.000000 0.163486
0.000000 0.163636
0.000000 0.163670
0.000000 0.163737
0.000000 0.163770
0.000000 0.163870
0.000000 0.163887
0.000000 0.163920
0.000000 0.164004
0.000000 0.164071
0.000000 0.164088
0.000000 0.164121
0.000000 0.164238
0.000000 0.164271
0.000000 0.164372
0.000000 0.164405
0.000000 0.164439
0.000000 0.164472
0.000000 0.164555
0.000000 0.164589
0.000000 0.164656
0.000000 0.164689
0.000000 0.164873
0.000000 0.164923
0.000000 0.164957
0.000000 0.164990
0.000000 0.165040
0.000000 0.165074
0.000000 0.165090
0.000000 0.165191
0.000000 0.165224
0.000000 0.165274
0.000000 0.165307
0.000000 0.165391
0.000000 0.165424
0.000000 0.165458
0.000000 0.165491
0.000000 0.165508
0.000000 0.165541
0.000000 0.165692
0.000000 0.165725
0.000000 0.165826
0.000000 0.165892
0.000000 0.165926
0.000000 0.165959
0.000000 0.166110
0.000000 0.166143
0.000000 0.166176
0.000000 0.166227
0.000000 0.166277
0.000000 0.166310
0.000000 0.166377
0.000000 0.166410
0.000000 0.166544
0.000000 0.166611
0.000000 0.166728
0.000000 0.166795
0.000000 0.166945
0.000000 0.166979
0.000000 0.167029
0.000000 0.167096
0.000000 0.167246
0.000000 0.167279
0.000000 0.167363
0.000000 0.167396
0.000000 0.167480
0.000000 0.167530
0.000000 0.167697
0.000000 0.167731
0.000000 0.167781
0.000000 0.167814
0.000000 0.168065
0.000000 0.168098
0.000000 0.168165
0.000000 0.168199
0.000000 0.168416
0.000000 0.168449
0.000000 0.168466
0.000000 0.168499
0.000000 0.168533
0.000000 0.168566
0.000000 0.168700
0.000000 0.168733
0.000000 0.168817
0.000000 0.168850
0.000000 0.168900
0.000000 0.168951
0.000000 0.169134
0.000000 0.169184
0.000000 0.169268
0.000000 0.169301
0.000000 0.169318
0.000000 0.169352
0.000000 0.169368
0.000000 0.169402
0.000000 0.169452
0.000000 0.169485
0.000000 0.169569
0.000000 0.169636
0.000000 0.169669
0.000000 0.169703
0.000000 0.169753
0.000000 0.169820
0.000000 0.169836
0.000000 0.169936
0.000000 0.169970
0.000000 0.170003
0.000000 0.170087
0.000000 0.170120
0.000000 0.170221
0.000000 0.170254
0.000000 0.170287
0.000000 0.170321
0.000000 0.170354
0.000000 0.170388
0.000000 0.170421
0.000000 0.170488
0.000000 0.170505
0.000000 0.170538
0.000000 0.170572
0.000000 0.170672
0.000000 0.170772
0.000000 0.170822
0.000000 0.170872
0.000000 0.170906
0.000000 0.170956
0.000000 0.170989
0.000000 0.171106
0.000000 0.171140
0.000000 0.171290
0.000000 0.171324
0.000000 0.171340
0.000000 0.171374
0.000000 0.171407
0.000000 0.171507
0.000000 0.171574
0.000000 0.171608
0.000000 0.171741
0.000000 0.171791
0.000000 0.171825
0.000000 0.171858
0.000000 0.171892
0.000000 0.171925
0.000000 0.171975
0.000000 0.172076
0.000000 0.172126
0.000000 0.172142
0.000000 0.172176
0.000000 0.172276
0.000000 0.172343
0.000000 0.172376
0.000000 0.172410
0.000000 0.172477
0.000000 0.172510
0.000000 0.172711
0.000000 0.172744
0.000000 0.172811
0.000000 0.172878
0.000000 0.172928
0.000000 0.172961
0.000000 0.173028
0.000000 0.173061
0.000000 0.173095
0.000000 0.173128
0.000000 0.173162
0.000000 0.173195
0.000000 0.173262
0.000000 0.173295
0.000000 0.173329
0.000000 0.173362
0.000000 0.173412
0.000000 0.173429
0.000000 0.173463
0.000000 0.173596
0.000000 0.173630
0.000000 0.173646
0.000000 0.173680
0.000000 0.173830
0.000000 0.173864
0.000000 0.173964
0.000000 0.173997
0.000000 0.174047
0.000000 0.174081
0.000000 0.174181
0.000000 0.174215
0.000000 0.174248
0.000000 0.174281
0.000000 0.174382
0.000000 0.174449
0.000000 0.174499
0.000000 0.174532
0.000000 0.174649
0.000000 0.174682
0.000000 0.174816
0.000000 0.174850
0.000000 0.174967
0.000000 0.175000
0.000000 0.175084
0.000000 0.175117
0.000000 0.175167
0.000000 0.175201
0.000000 0.175251
0.000000 0.175518
0.000000 0.175551
0.000000 0.175602
0.000000 0.175652
0.000000 0.175685
0.000000 0.175719
0.000000 0.175785
0.000000 0.175819
0.000000 0.175902
0.000000 0.175969
0.000000 0.176036
0.000000 0.176070
0.000000 0.176086
0.000000 0.176153
0.000000 0.176320
0.000000 0.176354
0.000000 0.176370
0.000000 0.176404
0.000000 0.176521
0.000000 0.176554
0.000000 0.176604
0.000000 0.176638
0.000000 0.176738
0.000000 0.176771
0.000000 0.177039
0.000000 0.177072
0.000000 0.177122
0.000000 0.177156
0.000000 0.177206
0.000000 0.177239
0.000000 0.177273
0.000000 0.177289
0.000000 0.177340
0.000000 0.177373
0.000000 0.177406
0.000000 0.177440
0.000000 0.177590
0.000000 0.177724
0.000000 0.177757
0.000000 0.177791
0.000000 0.177824
0.000000 0.177891
0.000000 0.177924
0.000000 0.177958
0.000000 0.177991
0.000000 0.178075
0.000000 0.178108
0.000000 0.178125
0.000000 0.178158
0.000000 0.178175
0.000000 0.178209
0.000000 0.178225
0.000000 0.178275
0.000000 0.178359
0.000000 0.178392
0.000000 0.178459
0.000000 0.178493
0.000000 0.178593
0.000000 0.178643
0.000000 0.178710
0.000000 0.178844
0.000000 0.178877
0.000000 0.178894
0.000000 0.178961
0.000000 0.178977
0.000000 0.179011
0.000000 0.179027
0.000000 0.179061
0.000000 0.179111
0.000000 0.179178
0.000000 0.179195
0.000000 0.179228
0.000000 0.179512
0.000000 0.179545
0.000000 0.179596
0.000000 0.179629
0.000000 0.179662
0.000000 0.179696
0.000000 0.179846
0.000000 0.179896
0.000000 0.179913
0.000000 0.180013
0.000000 0.180030
0.000000 0.180080
0.000000 0.180114
0.000000 0.180147
0.000000 0.180247
0.000000 0.180465
0.000000 0.180515
0.000000 0.180531
0.000000 0.180565
0.000000 0.180598
0.000000 0.180632
0.000000 0.180799
0.000000 0.180849
0.000000 0.180899
0.000000 0.180949
0.000000 0.181183
0.000000 0.181217
0.000000 0.181267
0.000000 0.181300
0.000000 0.181451
0.000000 0.181484
0.000000 0.181517
0.000000 0.181618
0.000000 0.181718
0.000000 0.181751
0.000000 0.181785
0.000000 0.181818
0.000000 0.181969
0.000000 0.182019
0.000000 0.182035
0.000000 0.182069
0.000000 0.182119
0.000000 0.182152
0.000000 0.182303
0.000000 0.182386
0.000000 0.182403
0.000000 0.182470
0.000000 0.182537
0.000000 0.182570
0.000000 0.182620
0.000000 0.182654
0.000000 0.182670
0.000000 0.182737
0.000000 0.182838
0.000000 0.182871
0.000000 0.182888
0.000000 0.182921
0.000000 0.183005
0.000000 0.183038
0.000000 0.183088
0.000000 0.183122
0.000000 0.183255
0.000000 0.183289
0.000000 0.183356
0.000000 0.183389
0.000000 0.183406
0.000000 0.183506
0.000000 0.183539
0.000000 0.183573
0.000000 0.183656
0.000000 0.183690
0.000000 0.183707
0.000000 0.183740
0.000000 0.183807
0.000000 0.183840
0.000000 0.183974
0.000000 0.184007
0.000000 0.184124
0.000000 0.184158
0.000000 0.184291
0.000000 0.184325
0.000000 0.184358
0.000000 0.184392
0.000000 0.184559
0.000000 0.184592
0.000000 0.184626
0.000000 0.184659
0.000000 0.184693
0.000000 0.184726
0.000000 0.184826
0.000000 0.184860
0.000000 0.184960
0.000000 0.184993
0.000000 0.185177
0.000000 0.185211
0.000000 0.185244
0.000000 0.185277
0.000000 0.185344
0.000000 0.185378
0.000000 0.185445
0.000000 0.185478
0.000000 0.185495
0.000000 0.185528
0.000000 0.185545
0.000000 0.185578
0.000000 0.185645
0.000000 0.185678
0.000000 0.185695
0.000000 0.185745
0.000000 0.185762
0.000000 0.185795
0.000000 0.185996
0.000000 0.186029
0.000000 0.186113
0.000000 0.186163
0.000000 0.186197
0.000000 0.186230
0.000000 0.186314
0.000000 0.186347
0.000000 0.186364
0.000000 0.186397
0.000000 0.186497
0.000000 0.186531
0.000000 0.186547
0.000000 0.186581
0.000000 0.186614
0.000000 0.186648
0.000000 0.186798
0.000000 0.186832
0.000000 0.186965
0.000000 0.186999
0.000000 0.187099
0.000000 0.187132
0.000000 0.187149
0.000000 0.187182
0.000000 0.187199
0.000000 0.187233
0.000000 0.187283
0.000000 0.187350
0.000000 0.187366
0.000000 0.187400
0.000000 0.187450
0.000000 0.187500
0.000000 0.187517
0.000000 0.187584
0.000000 0.187767
0.000000 0.187834
0.000000 0.187951
0.000000 0.187985
0.000000 0.188001
0.000000 0.188035
0.000000 0.188168
0.000000 0.188235
0.000000 0.188386
0.000000 0.188419
0.000000 0.188436
0.000000 0.188469
0.000000 0.188486
0.000000 0.188519
0.000000 0.188603
0.000000 0.188636
0.000000 0.188670
0.000000 0.188737
0.000000 0.188803
0.000000 0.188870
0.000000 0.188971
0.000000 0.189037
0.000000 0.189372
0.000000 0.189439
0.000000 0.189455
0.000000 0.189505
0.000000 0.189789
0.000000 0.189840
0.000000 0.189957
0.000000 0.189990
0.000000 0.190007
0.000000 0.190040
0.000000 0.190057
0.000000 0.190090
0.000000 0.190191
0.000000 0.190224
0.000000 0.190307
0.000000 0.190358
0.000000 0.190408
0.000000 0.190441
0.000000 0.190541
0.000000 0.190575
0.000000 0.190592
0.000000 0.190642
0.000000 0.190959
0.000000 0.190993
0.000000 0.191009
0.000000 0.191043
0.000000 0.191093
0.000000 0.191126
0.000000 0.191176
0.000000 0.191193
0.000000 0.191227
0.000000 0.191243
0.000000 0.191327
0.000000 0.191377
0.000000 0.191410
0.000000 0.191477
0.000000 0.191511
0.000000 0.191527
0.000000 0.191578
0.000000 0.191611
0.000000 0.191644
0.000000 0.191678
0.000000 0.191711
0.000000 0.191862
0.000000 0.191895
0.000000 0.192012
0.000000 0.192045
0.000000 0.192129
0.000000 0.192229
0.000000 0.192246
0.000000 0.192296
0.000000 0.192313
0.000000 0.192380
0.000000 0.192396
0.000000 0.192430
0.000000 0.192463
0.000000 0.192497
0.000000 0.192530
0.000000 0.192564
0.000000 0.192580
0.000000 0.192614
0.000000 0.192630
0.000000 0.192664
0.000000 0.192680
0.000000 0.192714
0.000000 0.192781
0.000000 0.192814
0.000000 0.192864
0.000000 0.192898
0.000000 0.192931
0.000000 0.192965
0.000000 0.193031
0.000000 0.193065
0.000000 0.193182
0.000000 0.193249
0.000000 0.193282
0.000000 0.193316
0.000000 0.193566
0.000000 0.193600
0.000000 0.193783
0.000000 0.193817
0.000000 0.193834
0.000000 0.193867
0.000000 0.193984
0.000000 0.194084
0.000000 0.194168
0.000000 0.194235
0.000000 0.194285
0.000000 0.194335
0.000000 0.194435
0.000000 0.194469
0.000000 0.194619
0.000000 0.194652
0.000000 0.194786
0.000000 0.194836
0.000000 0.195053
0.000000 0.195087
0.000000 0.195154
0.000000 0.195187
0.000000 0.195488
0.000000 0.195555
0.000000 0.195638
0.000000 0.195689
0.000000 0.195822
0.000000 0.195856
0.000000 0.195872
0.000000 0.195906
0.000000 0.195939
0.000000 0.195989
0.000000 0.196073
0.000000 0.196123
0.000000 0.196190
0.000000 0.196223
0.000000 0.196257
0.000000 0.196324
0.000000 0.196357
0.000000 0.196374
0.000000 0.196507
0.000000 0.196608
0.000000 0.196641
0.000000 0.196658
0.000000 0.196725
0.000000 0.196791
0.000000 0.196825
0.000000 0.196875
0.000000 0.196908
0.000000 0.196925
0.000000 0.196992
0.000000 0.197092
0.000000 0.197126
0.000000 0.197209
0.000000 0.197243
0.000000 0.197309
0.000000 0.197376
0.000000 0.197443
0.000000 0.197510
0.000000 0.197560
0.000000 0.197594
0.000000 0.197761
0.000000 0.197794
0.000000 0.197978
0.000000 0.198011
0.000000 0.198078
0.000000 0.198112
0.000000 0.198128
0.000000 0.198229
0.000000 0.198245
0.000000 0.198295
0.000000 0.198379
0.000000 0.198412
0.000000 0.198513
0.000000 0.198546
0.000000 0.198613
0.000000 0.198646
0.000000 0.198697
0.000000 0.198763
0.000000 0.198814
0.000000 0.198914
0.000000 0.198947
0.000000 0.198981
0.000000 0.199031
0.000000 0.199064
0.000000 0.199181
0.000000 0.199231
0.000000 0.199265
0.000000 0.199298
0.000000 0.199332
0.000000 0.199382
0.000000 0.199415
0.000000 0.199566
0.000000 0.199632
0.000000 0.199716
0.000000 0.199749
0.000000 0.199766
0.000000 0.199816
0.000000 0.199866
0.000000 0.199933
0.000000 0.199983
0.000000 0.200084
0.000000 0.200117
0.000000 0.200150
0.000000 0.200184
0.000000 0.200368
0.000000 0.200434
0.000000 0.200501
0.000000 0.200535
0.000000 0.200602
0.000000 0.200702
0.000000 0.200719
0.000000 0.200752
0.000000 0.200969
0.000000 0.201003
0.000000 0.201053
0.000000 0.201086
0.000000 0.201103
0.000000 0.201170
0.000000 0.201186
0.000000 0.201237
0.000000 0.201270
0.000000 0.201337
0.000000 0.201454
0.000000 0.201554
0.000000 0.201638
0.000000 0.201671
0.000000 0.201721
0.000000 0.201771
0.000000 0.201872
0.000000 0.201972
0.000000 0.202005
0.000000 0.202055
0.000000 0.202106
0.000000 0.202139
0.000000 0.202373
0.000000 0.202406
0.000000 0.202473
0.000000 0.202507
0.000000 0.202523
0.000000 0.202574
0.000000 0.202590
0.000000 0.202624
0.000000 0.202640
0.000000 0.202674
0.000000 0.202858
0.000000 0.202891
0.000000 0.202908
0.000000 0.202941
0.000000 0.202975
0.000000 0.203008
0.000000 0.203025
0.000000 0.203058
0.000000 0.203175
0.000000 0.203225
0.000000 0.203242
0.000000 0.203292
0.000000 0.203392
0.000000 0.203426
0.000000 0.203443
0.000000 0.203476
0.000000 0.203660
0.000000 0.203693
0.000000 0.203743
0.000000 0.203777
0.000000 0.203810
0.000000 0.203860
0.000000 0.204044
0.000000 0.204078
0.000000 0.204178
0.000000 0.204211
0.000000 0.204245
0.000000 0.204278
0.000000 0.204345
0.000000 0.204378
0.000000 0.204596
0.000000 0.204662
0.000000 0.204713
0.000000 0.204746
0.000000 0.204763
0.000000 0.204796
0.000000 0.204880
0.000000 0.204913
0.000000 0.205047
0.000000 0.205080
0.000000 0.205264
0.000000 0.205297
0.000000 0.205414
0.000000 0.205448
0.000000 0.205548
0.000000 0.205582
0.000000 0.205615
0.000000 0.205648
0.000000 0.205715
0.000000 0.205866
0.000000 0.205899
0.000000 0.205966
0.000000 0.205999
0.000000 0.206183
0.000000 0.206217
0.000000 0.206267
0.000000 0.206317
0.000000 0.206350
0.000000 0.206417
0.000000 0.206451
0.000000 0.206501
0.000000 0.206517
0.000000 0.206551
0.000000 0.206618
0.000000 0.206651
0.000000 0.206684
0.000000 0.206751
0.000000 0.206818
0.000000 0.206852
0.000000 0.206885
0.000000 0.206918
0.000000 0.207119
0.000000 0.207169
0.000000 0.207203
0.000000 0.207269
0.000000 0.207336
0.000000 0.207353
0.000000 0.207386
0.000000 0.207453
0.000000 0.207487
0.000000 0.207520
0.000000 0.207570
0.000000 0.207587
0.000000 0.207637
0.000000 0.207654
0.000000 0.207687
0.000000 0.207704
0.000000 0.207771
0.000000 0.207821
0.000000 0.207888
0.000000 0.207971
0.000000 0.208005
0.000000 0.208072
0.000000 0.208138
0.000000 0.208172
0.000000 0.208205
0.000000 0.208322
0.000000 0.208422
0.000000 0.208439
0.000000 0.208506
0.000000 0.208523
0.000000 0.208590
0.000000 0.208623
0.000000 0.208656
0.000000 0.208740
0.000000 0.208773
0.000000 0.208974
0.000000 0.209007
0.000000 0.209124
0.000000 0.209158
0.000000 0.209174
0.000000 0.209208
0.000000 0.209258
0.000000 0.209291
0.000000 0.209325
0.000000 0.209358
0.000000 0.209459
0.000000 0.209492
0.000000 0.209542
0.000000 0.209609
0.000000 0.209726
0.000000 0.209776
0.000000 0.209893
0.000000 0.209943
0.000000 0.209993
0.000000 0.210043
0.000000 0.210094
0.000000 0.210127
0.000000 0.210177
0.000000 0.210244
0.000000 0.210294
0.000000 0.210311
0.000000 0.210344
0.000000 0.210361
0.000000 0.210394
0.000000 0.210411
0.000000 0.210445
0.000000 0.210461
0.000000 0.210495
0.000000 0.210545
0.000000 0.210578
0.000000 0.210662
0.000000 0.210712
0.000000 0.210745
0.000000 0.210795
0.000000 0.210812
0.000000 0.210846
0.000000 0.210896
0.000000 0.210912
0.000000 0.210979
0.000000 0.211013
0.000000 0.211046
0.000000 0.211130
0.000000 0.211163
0.000000 0.211197
0.000000 0.211230
0.000000 0.211397
0.000000 0.211430
0.000000 0.211481
0.000000 0.211547
0.000000 0.211681
0.000000 0.211748
0.000000 0.211781
0.000000 0.211815
0.000000 0.211898
0.000000 0.211932
0.000000 0.211999
0.000000 0.212082
0.000000 0.212132
0.000000 0.212199
0.000000 0.212299
0.000000 0.212350
0.000000 0.212400
0.000000 0.212467
0.000000 0.212584
0.000000 0.212617
0.000000 0.212701
0.000000 0.212751
0.000000 0.212834
0.000000 0.212884
0.000000 0.213051
0.000000 0.213118
0.000000 0.213152
0.000000 0.213185
0.000000 0.213235
0.000000 0.213269
0.000000 0.213369
0.000000 0.213402
0.000000 0.213419
0.000000 0.213453
0.000000 0.213469
0.000000 0.213503
0.000000 0.213553
0.000000 0.213820
0.000000 0.213854
0.000000 0.213870
0.000000 0.213904
0.000000 0.214037
0.000000 0.214071
0.000000 0.214088
0.000000 0.214121
0.000000 0.214372
0.000000 0.214405
0.000000 0.214539
0.000000 0.214572
0.000000 0.214589
0.000000 0.214622
0.000000 0.214672
0.000000 0.214706
0.000000 0.214723
0.000000 0.214773
0.000000 0.214789
0.000000 0.214823
0.000000 0.215040
0.000000 0.215074
0.000000 0.215090
0.000000 0.215124
0.000000 0.215191
0.000000 0.215224
0.000000 0.215257
0.000000 0.215324
0.000000 0.215374
0.000000 0.215441
0.000000 0.215475
0.000000 0.215525
0.000000 0.215558
0.000000 0.215575
0.000000 0.215608
0.000000 0.215658
0.000000 0.215692
0.000000 0.215725
0.000000 0.215775
0.000000 0.215892
0.000000 0.215943
0.000000 0.216009
0.000000 0.216043
0.000000 0.216110
0.000000 0.216143
0.000000 0.216227
0.000000 0.216293
0.000000 0.216410
0.000000 0.216444
0.000000 0.216494
0.000000 0.216561
0.000000 0.216628
0.000000 0.216678
0.000000 0.216745
0.000000 0.216828
0.000000 0.216862
0.000000 0.216912
0.000000 0.216945
0.000000 0.216995
0.000000 0.217029
0.000000 0.217079
0.000000 0.217146
0.000000 0.217246
0.000000 0.217296
0.000000 0.217363
0.000000 0.217380
0.000000 0.217413
0.000000 0.217463
0.000000 0.217497
0.000000 0.217530
0.000000 0.217547
0.000000 0.217597
0.000000 0.217630
0.000000 0.217797
0.000000 0.217898
0.000000 0.217931
0.000000 0.218098
0.000000 0.218132
0.000000 0.218165
0.000000 0.218199
0.000000 0.218232
0.000000 0.218299
0.000000 0.218432
0.000000 0.218483
0.000000 0.218566
0.000000 0.218633
0.000000 0.218666
0.000000 0.218717
0.000000 0.218733
0.000000 0.218767
0.000000 0.218783
0.000000 0.218817
0.000000 0.219001
0.000000 0.219034
0.000000 0.219084
0.000000 0.219118
0.000000 0.219168
0.000000 0.219201
0.000000 0.219218
0.000000 0.219251
0.000000 0.219285
0.000000 0.219335
0.000000 0.219485
0.000000 0.219519
0.000000 0.219569
0.000000 0.219602
0.000000 0.219636
0.000000 0.219786
0.000000 0.219853
0.000000 0.219903
0.000000 0.219936
0.000000 0.219987
0.000000 0.220020
0.000000 0.220037
0.000000 0.220070
0.000000 0.220154
0.000000 0.220187
0.000000 0.220237
0.000000 0.220287
0.000000 0.220388
0.000000 0.220404
0.000000 0.220471
0.000000 0.220555
0.000000 0.220605
0.000000 0.220622
0.000000 0.220655
0.000000 0.220672
0.000000 0.220705
0.000000 0.220739
0.000000 0.220772
0.000000 0.220839
0.000000 0.220872
0.000000 0.220906
0.000000 0.220939
0.000000 0.221006
0.000000 0.221039
0.000000 0.221056
0.000000 0.221090
0.000000 0.221106
0.000000 0.221140
0.000000 0.221190
0.000000 0.221223
0.000000 0.221273
0.000000 0.221307
0.000000 0.221374
0.000000 0.221407
0.000000 0.221608
0.000000 0.221641
0.000000 0.221658
0.000000 0.221691
0.000000 0.221741
0.000000 0.221925
0.000000 0.221959
0.000000 0.221992
0.000000 0.222025
0.000000 0.222059
0.000000 0.222092
0.000000 0.222142
0.000000 0.222176
0.000000 0.222209
0.000000 0.222243
0.000000 0.222259
0.000000 0.222293
0.000000 0.222309
0.000000 0.222343
0.000000 0.222410
0.000000 0.222460
0.000000 0.222493
0.000000 0.222527
0.000000 0.222594
0.000000 0.222644
0.000000 0.222711
0.000000 0.222744
0.000000 0.222777
0.000000 0.222794
0.000000 0.222828
0.000000 0.222861
0.000000 0.222894
0.000000 0.222928
0.000000 0.222961
0.000000 0.223045
0.000000 0.223078
0.000000 0.223145
0.000000 0.223178
0.000000 0.223262
0.000000 0.223312
0.000000 0.223479
0.000000 0.223513
0.000000 0.223663
0.000000 0.223697
0.000000 0.223730
0.000000 0.223797
0.000000 0.223981
0.000000 0.224014
0.000000 0.224215
0.000000 0.224248
0.000000 0.224315
0.000000 0.224348
0.000000 0.224482
0.000000 0.224515
0.000000 0.224532
0.000000 0.224599
0.000000 0.224666
0.000000 0.224733
0.000000 0.224783
0.000000 0.224816
0.000000 0.224933
0.000000 0.224967
0.000000 0.225000
0.000000 0.225067
0.000000 0.225084
0.000000 0.225117
0.000000 0.225167
0.000000 0.225234
0.000000 0.225267
0.000000 0.225284
0.000000 0.225318
0.000000 0.225351
0.000000 0.225401
0.000000 0.225451
0.000000 0.225501
0.000000 0.225535
0.000000 0.225551
0.000000 0.225585
0.000000 0.225836
0.000000 0.225902
0.000000 0.225953
0.000000 0.225986
0.000000 0.226053
0.000000 0.226086
0.000000 0.226153
0.000000 0.226186
0.000000 0.226237
0.000000 0.226303
0.000000 0.226337
0.000000 0.226404
0.000000 0.226504
0.000000 0.226537
0.000000 0.226654
0.000000 0.226688
0.000000 0.226705
0.000000 0.226738
0.000000 0.226888
0.000000 0.226922
0.000000 0.227039
0.000010 0.227039
0.000010 0.227106
0.000010 0.227156
0.000010 0.227189
0.000010 0.227289
0.000010 0.227390
0.000010 0.227473
0.000010 0.227507
0.000010 0.227557
0.000010 0.227590
0.000010 0.227691
0.000010 0.227891
0.000010 0.228108
0.000010 0.228142
0.000010 0.228292
0.000010 0.228326
0.000010 0.228342
0.000010 0.228376
0.000010 0.228392
0.000010 0.228426
0.000010 0.228493
0.000010 0.228593
0.000010 0.228610
0.000010 0.228643
0.000010 0.228777
0.000010 0.228810
0.000010 0.228860
0.000010 0.228927
0.000010 0.228961
0.000010 0.228977
0.000010 0.229011
0.000010 0.229078
0.000010 0.229128
0.000010 0.229195
0.000010 0.229228
0.000010 0.229261
0.000010 0.229328
0.000010 0.229345
0.000010 0.229412
0.000010 0.229428
0.000010 0.229462
0.000010 0.229479
0.000010 0.229512
0.000010 0.229579
0.000010 0.229612
0.000010 0.229646
0.000010 0.229679
0.000010 0.229696
0.000010 0.229729
0.000010 0.229746
0.000010 0.229779
0.000010 0.229896
0.000010 0.229930
0.000010 0.230080
0.000010 0.230114
0.000010 0.230130
0.000010 0.230164
0.000010 0.230247
0.000010 0.230281
0.000010 0.230314
0.000010 0.230348
0.000010 0.230381
0.000010 0.230431
0.000010 0.230498
0.000010 0.230565
0.000010 0.230598
0.000010 0.230632
0.000010 0.230699
0.000010 0.230799
0.000010 0.230849
0.000010 0.230916
0.000010 0.231033
0.000010 0.231100
0.000010 0.231133
0.000010 0.231200
0.000010 0.231250
0.000010 0.231350
0.000010 0.231501
0.000010 0.231534
0.000010 0.231568
0.000010 0.231618
0.000010 0.231651
0.000010 0.231684
0.000010 0.231785
0.000010 0.231818
0.000010 0.232035
0.000010 0.232069
0.000010 0.232119
0.000010 0.232152
0.000010 0.232169
0.000010 0.232203
0.000010 0.232253
0.000010 0.232286
0.000010 0.232336
0.000010 0.232403
0.000010 0.232520
0.000010 0.232587
0.000010 0.232654
0.000010 0.232687
0.000010 0.232754
0.000010 0.232821
0.000010 0.232854
0.000010 0.232921
0.000010 0.232988
0.000010 0.233021
0.000021 0.233021
0.000021 0.233055
0.000021 0.233122
0.000021 0.233189
0.000021 0.233239
0.000021 0.233406
0.000021 0.233439
0.000021 0.233489
0.000021 0.233539
0.000021 0.233640
0.000021 0.233673
0.000021 0.233740
0.000021 0.233773
0.000021 0.233807
0.000021 0.233857
0.000021 0.233890
0.000021 0.233907
0.000021 0.233974
0.000021 0.233991
0.000021 0.234041
0.000021 0.234074
0.000021 0.234108
0.000021 0.234158
0.000021 0.234174
0.000021 0.234208
0.000021 0.234275
0.000021 0.234375
0.000021 0.234425
0.000021 0.234475
0.000021 0.234509
0.000021 0.234592
0.000021 0.234626
0.000021 0.234776
0.000021 0.234826
0.000021 0.234843
0.000021 0.234876
0.000021 0.234960
0.000021 0.234993
0.000021 0.235094
0.000021 0.235127
0.000021 0.235261
0.000021 0.235311
0.000021 0.235411
0.000021 0.235461
0.000021 0.235511
0.000021 0.235545
0.000021 0.235561
0.000021 0.235695
0.000021 0.235712
0.000021 0.235779
0.000021 0.235795
0.000021 0.235829
0.000021 0.235862
0.000021 0.235929
0.000021 0.235963
0.000021 0.235996
0.000021 0.236013
0.000021 0.236046
0.000021 0.236113
0.000021 0.236146
0.000021 0.236213
0.000021 0.236314
0.000021 0.236330
0.000021 0.236364
0.000021 0.236430
0.000021 0.236464
0.000021 0.236514
0.000021 0.236564
0.000021 0.236614
0.000021 0.236664
0.000021 0.236882
0.000021 0.236949
0.000021 0.236982
0.000021 0.237015
0.000021 0.237049
0.000021 0.237082
0.000021 0.237400
0.000021 0.237433
0.000021 0.237550
0.000021 0.237584
0.000021 0.237600
0.000021 0.237650
0.000021 0.237784
0.000021 0.237834
0.000021 0.237968
0.000021 0.238102
0.000021 0.238135
0.000021 0.238219
0.000021 0.238252
0.000021 0.238369
0.000021 0.238402
0.000021 0.238436
0.000021 0.238503
0.000021 0.238653
0.000021 0.238720
0.000021 0.238737
0.000021 0.238770
0.000021 0.238787
0.000021 0.238837
0.000021 0.238854
0.000021 0.238887
0.000021 0.238904
0.000021 0.238971
0.000021 0.239021
0.000021 0.239054
0.000021 0.239088
0.000021 0.239121
0.000021 0.239138
0.000021 0.239205
0.000021 0.239255
0.000021 0.239322
0.000021 0.239388
0.000021 0.239405
0.000021 0.239472
0.000021 0.239489
0.000021 0.239539
0.000021 0.239656
0.000021 0.239739
0.000021 0.239773
0.000021 0.239806
0.000021 0.239873
0.000021 0.239923
0.000021 0.239973
0.000021 0.240007
0.000021 0.240057
0.000021 0.240074
0.000021 0.240124
0.000021 0.240140
0.000021 0.240174
0.000021 0.240257
0.000021 0.240291
0.000021 0.240307
0.000021 0.240341
0.000021 0.240358
0.000021 0.240391
0.000021 0.240408
0.000021 0.240441
0.000021 0.240508
0.000021 0.240541
0.000021 0.240592
0.000021 0.240658
0.000021 0.240792
0.000021 0.240826
0.000021 0.240892
0.000021 0.240926
0.000021 0.240943
0.000021 0.240976
0.000021 0.241093
0.000021 0.241193
0.000021 0.241210
0.000021 0.241243
0.000021 0.241394
0.000021 0.241427
0.000021 0.241628
0.000021 0.241661
0.000021 0.241711
0.000021 0.241761
0.000021 0.241778
0.000021 0.241811
0.000021 0.241828
0.000021 0.241862
0.000021 0.241912
0.000021 0.241979
0.000021 0.242012
0.000021 0.242045
0.000021 0.242263
0.000021 0.242313
0.000021 0.242530
0.000021 0.242564
0.000021 0.242647
0.000021 0.242680
0.000021 0.242914
0.000021 0.242981
0.000021 0.243031
0.000021 0.243098
0.000021 0.243132
0.000021 0.243199
0.000021 0.243232
0.000021 0.243265
0.000021 0.243316
0.000021 0.243349
0.000021 0.243399
0.000021 0.243499
0.000021 0.243616
0.000021 0.243683
0.000021 0.243733
0.000021 0.243767
0.000021 0.243800
0.000021 0.243834
0.000021 0.243867
0.000021 0.243900
0.000021 0.243917
0.000021 0.243984
0.000021 0.244001
0.000021 0.244034
0.000021 0.244201
0.000021 0.244268
0.000021 0.244301
0.000021 0.244402
0.000021 0.244519
0.000021 0.244619
0.000021 0.244636
0.000021 0.244686
0.000021 0.244786
0.000021 0.244820
0.000021 0.244853
0.000021 0.244886
0.000021 0.245003
0.000021 0.245053
0.000021 0.245104
0.000021 0.245154
0.000021 0.245237
0.000021 0.245271
0.000021 0.245304
0.000021 0.245338
0.000021 0.245455
0.000021 0.245505
0.000021 0.245521
0.000021 0.245555
0.000021 0.245605
0.000021 0.245638
0.000021 0.245822
0.000021 0.245856
0.000021 0.245872
0.000021 0.245922
0.000021 0.246006
0.000021 0.246039
0.000021 0.246056
0.000021 0.246090
0.000021 0.246140
0.000021 0.246257
0.000021 0.246290
0.000021 0.246307
0.000021 0.246340
0.000021 0.246407
0.000021 0.246441
0.000021 0.246474
0.000021 0.246541
0.000021 0.246624
0.000021 0.246674
0.000021 0.246775
0.000021 0.246825
0.000021 0.246858
0.000021 0.246908
0.000021 0.246942
0.000021 0.246959
0.000021 0.246992
0.000021 0.247009
0.000021 0.247042
0.000021 0.247259
0.000021 0.247293
0.000021 0.247360
0.000021 0.247393
0.000021 0.247410
0.000021 0.247460
0.000021 0.247527
0.000021 0.247577
0.000021 0.247594
0.000021 0.247627
0.000021 0.247761
0.000021 0.247828
0.000021 0.247878
0.000021 0.247928
0.000021 0.248078
0.000021 0.248112
0.000021 0.248178
0.000021 0.248212
0.000021 0.248245
0.000021 0.248312
0.000021 0.248362
0.000021 0.248429
0.000021 0.248496
0.000021 0.248580
0.000021 0.248596
0.000021 0.248630
0.000021 0.248663
0.000021 0.248713
0.000021 0.248747
0.000021 0.248864
0.000021 0.248897
0.000021 0.248930
0.000021 0.248964
0.000021 0.248997
0.000021 0.249031
0.000021 0.249114
0.000021 0.249148
0.000021 0.249281
0.000021 0.249315
0.000021 0.249382
0.000021 0.249415
0.000021 0.249482
0.000021 0.249515
0.000021 0.249532
0.000021 0.249566
0.000021 0.249582
0.000021 0.249616
0.000021 0.249716
0.000021 0.249749
0.000021 0.249766
0.000021 0.249799
0.000021 0.249816
0.000021 0.249883
0.000021 0.249933
0.000021 0.249967
0.000021 0.250033
0.000021 0.250050
0.000021 0.250084
0.000021 0.250100
0.000021 0.250167
0.000021 0.250184
0.000021 0.250234
0.000021 0.250251
0.000021 0.250318
0.000021 0.250351
0.000021 0.250384
0.000021 0.250401
0.000021 0.250468
0.000021 0.250501
0.000021 0.250535
0.000021 0.250568
0.000021 0.250635
0.000021 0.250668
0.000021 0.250735
0.000021 0.250769
0.000021 0.250785
0.000021 0.250852
0.000021 0.250969
0.000021 0.251003
0.000021 0.251036
0.000021 0.251086
0.000021 0.251103
0.000021 0.251136
0.000021 0.251287
0.000021 0.251320
0.000021 0.251337
0.000021 0.251370
0.000021 0.251537
0.000021 0.251571
0.000021 0.251588
0.000021 0.251638
0.000021 0.251671
0.000021 0.251771
0.000021 0.251788
0.000021 0.251822
0.000021 0.251838
0.000021 0.251872
0.000021 0.252039
0.000021 0.252106
0.000021 0.252122
0.000021 0.252189
0.000021 0.252223
0.000021 0.252239
0.000021 0.252289
0.000021 0.252356
0.000021 0.252390
0.000021 0.252590
0.000021 0.252640
0.000021 0.252691
0.000021 0.252757
0.000021 0.252891
0.000021 0.252941
0.000021 0.253058
0.000021 0.253092
0.000021 0.253175
0.000021 0.253242
0.000021 0.253275
0.000021 0.253326
0.000021 0.253359
0.000021 0.253426
0.000021 0.253493
0.000021 0.253576
0.000021 0.253610
0.000021 0.253660
0.000021 0.253693
0.000021 0.253710
0.000021 0.253777
0.000021 0.253910
0.000021 0.253944
0.000021 0.253977
0.000021 0.254011
0.000021 0.254061
0.000021 0.254111
0.000021 0.254261
0.000021 0.254328
0.000021 0.254428
0.000021 0.254462
0.000021 0.254545
0.000021 0.254612
0.000021 0.254646
0.000021 0.254679
0.000021 0.254813
0.000021 0.254880
0.000021 0.254913
0.000021 0.254980
0.000021 0.255013
0.000021 0.255030
0.000021 0.255080
0.000021 0.255180
0.000021 0.255247
0.000021 0.255297
0.000021 0.255348
0.000021 0.255465
0.000021 0.255498
0.000021 0.255565
0.000021 0.255582
0.000021 0.255648
0.000021 0.255665
0.000021 0.255699
0.000021 0.255715
0.000021 0.255749
0.000021 0.255799
0.000021 0.255816
0.000021 0.255866
0.000021 0.255899
0.000021 0.255966
0.000021 0.255999
0.000021 0.256033
0.000021 0.256066
0.000021 0.256133
0.000021 0.256183
0.000021 0.256233
0.000021 0.256267
0.000021 0.256300
0.000021 0.256367
0.000021 0.256384
0.000021 0.256434
0.000021 0.256467
0.000021 0.256501
0.000021 0.256568
0.000021 0.256601
0.000021 0.256684
0.000021 0.256718
0.000021 0.256735
0.000021 0.256768
0.000021 0.256801
0.000021 0.256868
0.000021 0.256918
0.000021 0.256952
0.000021 0.256985
0.000021 0.257019
0.000021 0.257035
0.000021 0.257069
0.000021 0.257119
0.000021 0.257186
0.000021 0.257219
0.000021 0.257286
0.000021 0.257320
0.000021 0.257470
0.000021 0.257537
0.000021 0.257587
0.000021 0.257637
0.000021 0.257787
0.000021 0.257821
0.000021 0.257871
0.000021 0.257938
0.000021 0.257988
0.000021 0.258021
0.000021 0.258038
0.000021 0.258105
0.000021 0.258189
0.000021 0.258222
0.000021 0.258389
0.000021 0.258422
0.000021 0.258606
0.000021 0.258640
0.000021 0.258757
0.000021 0.258824
0.000021 0.258907
0.000021 0.258957
0.000021 0.258974
0.000021 0.259007
0.000021 0.259074
0.000021 0.259108
0.000021 0.259174
0.000021 0.259208
0.000021 0.259258
0.000021 0.259291
0.000021 0.259408
0.000021 0.259442
0.000021 0.259492
0.000021 0.259559
0.000021 0.259592
0.000021 0.259626
0.000021 0.259642
0.000021 0.259676
0.000021 0.259709
0.000021 0.259776
0.000021 0.259793
0.000021 0.259893
0.000021 0.259993
0.000021 0.260027
0.000021 0.260261
0.000021 0.260311
0.000021 0.260361
0.000021 0.260428
0.000021 0.260478
0.000021 0.260511
0.000021 0.260678
0.000021 0.260745
0.000021 0.260795
0.000021 0.260829
0.000021 0.260879
0.000021 0.260912
0.000021 0.260979
0.000021 0.261046
0.000021 0.261063
0.000021 0.261096
0.000021 0.261113
0.000021 0.261146
0.000021 0.261280
0.000021 0.261314
0.000021 0.261380
0.000021 0.261414
0.000021 0.261464
0.000021 0.261497
0.000021 0.261531
0.000021 0.261564
0.000021 0.261681
0.000021 0.261715
0.000021 0.261765
0.000021 0.261798
0.000021 0.261815
0.000021 0.261848
0.000021 0.261949
0.000021 0.261982
0.000021 0.261999
0.000021 0.262049
0.000021 0.262132
0.000021 0.262166
0.000021 0.262216
0.000021 0.262283
0.000021 0.262333
0.000021 0.262366
0.000021 0.262567
0.000021 0.262600
0.000021 0.262617
0.000021 0.262684
0.000021 0.262767
0.000021 0.262801
0.000021 0.262818
0.000021 0.262851
0.000021 0.262901
0.000021 0.262934
0.000021 0.263001
0.000021 0.263051
0.000021 0.263085
0.000021 0.263118
0.000021 0.263168
0.000021 0.263202
0.000021 0.263219
0.000021 0.263252
0.000021 0.263302
0.000021 0.263336
0.000021 0.263352
0.000021 0.263453
0.000021 0.263469
0.000021 0.263503
0.000021 0.263636
0.000021 0.263670
0.000021 0.263787
0.000021 0.263854
0.000021 0.263887
0.000021 0.263920
0.000021 0.263954
0.000021 0.263987
0.000021 0.264004
0.000021 0.264037
0.000021 0.264121
0.000021 0.264221
0.000021 0.264288
0.000021 0.264355
0.000021 0.264422
0.000021 0.264439
0.000021 0.264472
0.000021 0.264606
0.000021 0.264639
0.000021 0.264672
0.000021 0.264706
0.000021 0.264723
0.000021 0.264756
0.000021 0.264773
0.000021 0.264806
0.000021 0.264840
0.000021 0.264906
0.000021 0.264940
0.000021 0.264990
0.000021 0.265023
0.000021 0.265057
0.000021 0.265074
0.000021 0.265107
0.000021 0.265140
0.000021 0.265174
0.000021 0.265191
0.000021 0.265224
0.000021 0.265257
0.000021 0.265291
0.000021 0.265307
0.000021 0.265341
0.000021 0.265358
0.000021 0.265458
0.000021 0.265558
0.000021 0.265608
0.000021 0.265625
0.000021 0.265658
0.000021 0.265709
0.000021 0.265775
0.000021 0.265909
0.000021 0.265943
0.000021 0.266009
0.000021 0.266143
0.000021 0.266160
0.000021 0.266193
0.000021 0.266227
0.000021 0.266260
0.000021 0.266310
0.000021 0.266410
0.000021 0.266427
0.000021 0.266461
0.000021 0.266477
0.000021 0.266511
0.000021 0.266594
0.000021 0.266628
0.000021 0.266661
0.000021 0.266695
0.000021 0.266745
0.000021 0.266778
0.000021 0.266811
0.000021 0.266895
0.000021 0.266912
0.000021 0.266945
0.000021 0.266962
0.000021 0.266995
0.000021 0.267045
0.000021 0.267129
0.000021 0.267179
0.000021 0.267229
0.000021 0.267263
0.000021 0.267330
0.000021 0.267363
0.000021 0.267396
0.000021 0.267430
0.000021 0.267447
0.000021 0.267480
0.000021 0.267497
0.000021 0.267580
0.000021 0.267948
0.000021 0.268148
0.000021 0.268182
0.000021 0.268232
0.000021 0.268332
0.000021 0.268366
0.000021 0.268483
0.000021 0.268516
0.000021 0.268533
0.000021 0.268633
0.000021 0.268683
0.000021 0.268750
0.000021 0.268817
0.000021 0.268850
0.000021 0.268884
0.000021 0.268917
0.000021 0.269017
0.000021 0.269084
0.000021 0.269151
0.000021 0.269184
0.000021 0.269201
0.000021 0.269235
0.000021 0.269301
0.000021 0.269335
0.000021 0.269352
0.000021 0.269385
0.000021 0.269535
0.000021 0.269569
0.000021 0.269602
0.000021 0.269636
0.000021 0.269669
0.000021 0.269703
0.000021 0.269753
0.000021 0.269786
0.000021 0.269836
0.000021 0.269870
0.000021 0.269920
0.000021 0.269953
0.000021 0.269970
0.000021 0.270020
0.000021 0.270053
0.000021 0.270087
0.000021 0.270170
0.000021 0.270221
0.000021 0.270388
0.000021 0.270421
0.000021 0.270471
0.000021 0.270521
0.000021 0.270638
0.000021 0.270672
0.000021 0.270739
0.000021 0.270805
0.000021 0.271006
0.000021 0.271073
0.000021 0.271123
0.000021 0.271173
0.000021 0.271223
0.000021 0.271257
0.000021 0.271374
0.000021 0.271407
0.000021 0.271457
0.000021 0.271491
0.000021 0.271541
0.000021 0.271574
0.000021 0.271641
0.000021 0.271741
0.000021 0.271791
0.000021 0.271858
0.000021 0.271959
0.000021 0.272009
0.000021 0.272092
0.000021 0.272126
0.000021 0.272159
0.000021 0.272193
0.000021 0.272259
0.000021 0.272309
0.000021 0.272343
0.000021 0.272410
0.000021 0.272443
0.000021 0.272460
0.000021 0.272510
0.000021 0.272577
0.000021 0.272610
0.000021 0.272644
0.000021 0.272727
0.000021 0.272761
0.000021 0.272844
0.000021 0.272878
0.000021 0.272911
0.000021 0.272978
0.000021 0.273162
0.000021 0.273195
0.000021 0.273362
0.000021 0.273429
0.000021 0.273463
0.000021 0.273529
0.000021 0.273563
0.000021 0.273596
0.000021 0.273663
0.000021 0.273713
0.000021 0.273747
0.000021 0.273797
0.000021 0.273897
0.000021 0.273930
0.000021 0.273964
0.000021 0.274047
0.000021 0.274081
0.000021 0.274098
0.000021 0.274131
0.000021 0.274215
0.000021 0.274248
0.000021 0.274281
0.000021 0.274332
0.000021 0.274382
0.000021 0.274482
0.000021 0.274515
0.000021 0.274549
0.000021 0.274616
0.000021 0.274649
0.000021 0.274716
0.000021 0.274783
0.000021 0.274850
0.000021 0.275067
0.000021 0.275117
0.000021 0.275334
0.000021 0.275384
0.000021 0.275551
0.000021 0.275618
0.000021 0.275685
0.000021 0.275719
0.000021 0.275752
0.000021 0.275802
0.000021 0.275819
0.000021 0.275869
0.000021 0.275936
0.000021 0.275969
0.000021 0.276003
0.000021 0.276019
0.000021 0.276053
0.000021 0.276153
0.000021 0.276203
0.000021 0.276237
0.000021 0.276303
0.000021 0.276337
0.000021 0.276420
0.000021 0.276471
0.000021 0.276504
0.000021 0.276554
0.000021 0.276588
0.000021 0.276705
0.000021 0.276738
0.000021 0.276755
0.000021 0.276788
0.000021 0.276805
0.000021 0.276838
0.000021 0.276872
0.000021 0.276905
0.000021 0.276922
0.000021 0.276972
0.000021 0.277039
0.000021 0.277072
0.000021 0.277106
0.000021 0.277139
0.000021 0.277223
0.000021 0.277256
0.000021 0.277340
0.000021 0.277390
0.000021 0.277457
0.000021 0.277490
0.000021 0.277624
0.000021 0.277657
0.000021 0.277674
0.000021 0.277707
0.000021 0.277757
0.000021 0.277807
0.000021 0.277874
0.000021 0.277908
0.000021 0.277924
0.000021 0.277958
0.000021 0.278108
0.000021 0.278142
0.000021 0.278209
0.000021 0.278242
0.000021 0.278309
0.000021 0.278359
0.000021 0.278509
0.000021 0.278543
0.000021 0.278626
0.000021 0.278676
0.000021 0.278743
0.000021 0.278793
0.000021 0.278827
0.000021 0.278860
0.000021 0.278927
0.000021 0.278977
0.000021 0.279011
0.000021 0.279044
0.000021 0.279078
0.000021 0.279128
0.000021 0.279161
0.000021 0.279228
0.000021 0.279245
0.000021 0.279311
0.000021 0.279412
0.000021 0.279445
0.000021 0.279479
0.000021 0.279512
0.000021 0.279545
0.000021 0.279612
0.000021 0.279696
0.000021 0.279729
0.000021 0.279813
0.000021 0.279846
0.000021 0.279896
0.000021 0.279947
0.000021 0.280064
0.000021 0.280164
0.000021 0.280214
0.000021 0.280247
0.000021 0.280264
0.000021 0.280297
0.000021 0.280314
0.000021 0.280348
0.000021 0.280398
0.000021 0.280431
0.000021 0.280481
0.000021 0.280531
0.000021 0.280565
0.000021 0.280632
0.000021 0.280682
0.000021 0.280715
0.000021 0.280949
0.000021 0.280983
0.000021 0.281016
0.000021 0.281049
0.000021 0.281066
0.000021 0.281100
0.000021 0.281133
0.000021 0.281183
0.000021 0.281217
0.000021 0.281250
0.000031 0.281250
0.000031 0.281283
0.000031 0.281317
0.000031 0.281350
0.000031 0.281384
0.000031 0.281434
0.000031 0.281467
0.000031 0.281551
0.000031 0.281618
0.000031 0.281801
0.000031 0.281835
0.000031 0.282069
0.000031 0.282102
0.000031 0.282119
0.000031 0.282152
0.000031 0.282186
0.000031 0.282219
0.000031 0.282236
0.000031 0.282303
0.000031 0.282336
0.000031 0.282370
0.000031 0.282470
0.000031 0.282520
0.000031 0.282553
0.000031 0.282587
0.000031 0.282654
0.000031 0.282687
0.000031 0.282737
0.000031 0.282771
0.000031 0.282787
0.000031 0.282854
0.000031 0.282888
0.000031 0.282938
0.000031 0.283021
0.000031 0.283055
0.000031 0.283138
0.000031 0.283172
0.000031 0.283205
0.000031 0.283239
0.000031 0.283272
0.000031 0.283305
0.000031 0.283322
0.000031 0.283356
0.000031 0.283372
0.000031 0.283439
0.000031 0.283473
0.000031 0.283506
0.000031 0.283673
0.000031 0.283707
0.000031 0.283723
0.000031 0.283790
0.000031 0.283857
0.000031 0.283907
0.000031 0.284041
0.000031 0.284108
0.000031 0.284124
0.000031 0.284158
0.000031 0.284208
0.000031 0.284275
0.000031 0.284308
0.000031 0.284375
0.000031 0.284509
0.000031 0.284542
0.000031 0.284592
0.000031 0.284626
0.000031 0.284642
0.000031 0.284676
0.000031 0.284693
0.000031 0.284759
0.000031 0.284776
0.000031 0.284826
0.000031 0.284876
0.000031 0.284943
0.000031 0.285010
0.000031 0.285077
0.000031 0.285127
0.000031 0.285194
0.000031 0.285311
0.000031 0.285361
0.000031 0.285378
0.000031 0.285411
0.000031 0.285495
0.000041 0.285495
0.000041 0.285528
0.000041 0.285595
0.000041 0.285745
0.000041 0.285779
0.000041 0.285912
0.000041 0.285946
0.000041 0.285963
0.000041 0.285996
0.000041 0.286013
0.000041 0.286046
0.000041 0.286063
0.000041 0.286096
0.000041 0.286163
0.000041 0.286213
0.000041 0.286280
0.000041 0.286314
0.000041 0.286347
0.000041 0.286380
0.000041 0.286447
0.000041 0.286497
0.000041 0.286514
0.000041 0.286547
0.000041 0.286598
0.000041 0.286631
0.000041 0.286698
0.000041 0.286731
0.000041 0.286765
0.000041 0.286798
0.000041 0.286898
0.000041 0.286999
0.000041 0.287032
0.000041 0.287082
0.000041 0.287182
0.000041 0.287249
0.000041 0.287350
0.000041 0.287416
0.000041 0.287433
0.000041 0.287467
0.000041 0.287500
0.000041 0.287533
0.000041 0.287600
0.000041 0.287634
0.000041 0.287717
0.000041 0.287818
0.000041 0.287834
0.000041 0.287884
0.000041 0.287951
0.000041 0.288018
0.000041 0.288068
0.000041 0.288102
0.000041 0.288219
0.000041 0.288252
0.000041 0.288269
0.000041 0.288302
0.000041 0.288369
0.000041 0.288436
0.000041 0.288570
0.000041 0.288636
0.000041 0.288720
0.000041 0.288770
0.000041 0.288837
0.000041 0.288870
0.000041 0.288920
0.000041 0.289004
0.000041 0.289054
0.000041 0.289088
0.000041 0.289104
0.000041 0.289205
0.000041 0.289338
0.000041 0.289372
0.000041 0.289455
0.000041 0.289489
0.000041 0.289522
0.000041 0.289555
0.000041 0.289689
0.000051 0.289706
0.000051 0.289856
0.000051 0.289890
0.000051 0.290007
0.000051 0.290040
0.000051 0.290174
0.000051 0.290207
0.000062 0.290224
0.000062 0.290257
0.000062 0.290291
0.000062 0.290408
0.000062 0.290508
0.000062 0.290625
0.000062 0.290658
0.000062 0.290926
0.000062 0.290959
0.000062 0.290976
0.000062 0.291009
0.000062 0.291026
0.000062 0.291076
0.000062 0.291110
0.000062 0.291143
0.000062 0.291210
0.000062 0.291277
0.000062 0.291494
0.000062 0.291527
0.000062 0.291644
0.000062 0.291678
0.000062 0.291711
0.000062 0.291745
0.000062 0.291761
0.000062 0.291795
0.000062 0.291912
0.000062 0.292012
0.000062 0.292096
0.000062 0.292196
0.000062 0.292279
0.000062 0.292330
0.000062 0.292396
0.000062 0.292413
0.000062 0.292447
0.000062 0.292614
0.000062 0.292714
0.000062 0.292797
0.000062 0.292831
0.000062 0.292898
0.000062 0.292931
0.000062 0.292965
0.000062 0.293031
0.000062 0.293199
0.000062 0.293232
0.000062 0.293299
0.000062 0.293332
0.000062 0.293483
0.000062 0.293516
0.000062 0.293549
0.000062 0.293683
0.000062 0.293817
0.000062 0.293867
0.000062 0.293900
0.000062 0.293934
0.000062 0.294034
0.000062 0.294068
0.000062 0.294101
0.000062 0.294134
0.000062 0.294168
0.000062 0.294201
0.000062 0.294218
0.000062 0.294285
0.000062 0.294335
0.000062 0.294385
0.000062 0.294402
0.000062 0.294435
0.000062 0.294452
0.000062 0.294485
0.000062 0.294502
0.000062 0.294535
0.000062 0.294619
0.000062 0.294652
0.000062 0.294669
0.000062 0.294703
0.000062 0.294769
0.000062 0.294836
0.000062 0.294870
0.000062 0.294936
0.000062 0.294953
0.000062 0.294987
0.000062 0.295037
0.000062 0.295087
0.000062 0.295104
0.000062 0.295137
0.000062 0.295187
0.000062 0.295237
0.000062 0.295321
0.000062 0.295421
0.000062 0.295505
0.000062 0.295572
0.000062 0.295605
0.000062 0.295638
0.000062 0.295739
0.000062 0.295772
0.000062 0.295822
0.000062 0.295856
0.000062 0.295973
0.000062 0.296023
0.000062 0.296056
0.000062 0.296090
0.000062 0.296123
0.000062 0.296156
0.000062 0.296207
0.000062 0.296307
0.000062 0.296390
0.000062 0.296457
0.000062 0.296491
0.000062 0.296541
0.000062 0.296557
0.000062 0.296624
0.000062 0.296708
0.000062 0.296741
0.000062 0.296758
0.000062 0.296791
0.000062 0.296858
0.000062 0.296892
0.000062 0.296975
0.000062 0.297076
0.000062 0.297126
0.000062 0.297159
0.000062 0.297226
0.000062 0.297376
0.000062 0.297443
0.000062 0.297493
0.000062 0.297560
0.000062 0.297577
0.000062 0.297610
0.000062 0.297660
0.000062 0.297727
0.000062 0.297811
0.000062 0.297911
0.000062 0.297961
0.000062 0.298011
0.000062 0.298045
0.000062 0.298112
0.000062 0.298145
0.000062 0.298229
0.000062 0.298262
0.000062 0.298279
0.000062 0.298312
0.000062 0.298362
0.000062 0.298396
0.000062 0.298429
0.000062 0.298446
0.000062 0.298513
0.000062 0.298546
0.000062 0.298613
0.000062 0.298663
0.000062 0.298697
0.000062 0.298780
0.000062 0.298814
0.000062 0.298897
0.000062 0.298947
0.000062 0.298964
0.000062 0.298997
0.000062 0.299031
0.000062 0.299064
0.000062 0.299215
0.000062 0.299248
0.000062 0.299265
0.000062 0.299298
0.000062 0.299365
0.000062 0.299398
0.000062 0.299432
0.000062 0.299465
0.000062 0.299532
0.000062 0.299566
0.000062 0.299666
0.000062 0.299733
0.000062 0.299766
0.000062 0.299799
0.000062 0.299833
0.000062 0.299866
0.000062 0.299933
0.000062 0.299967
0.000062 0.300067
0.000062 0.300100
0.000062 0.300134
0.000062 0.300167
0.000062 0.300217
0.000062 0.300267
0.000062 0.300301
0.000062 0.300351
0.000072 0.300351
0.000072 0.300384
0.000072 0.300418
0.000072 0.300518
0.000072 0.300551
0.000072 0.300618
0.000072 0.300652
0.000072 0.300735
0.000072 0.300769
0.000072 0.300802
0.000072 0.300902
0.000072 0.300969
0.000072 0.301036
0.000072 0.301086
0.000072 0.301153
0.000072 0.301253
0.000072 0.301287
0.000072 0.301354
0.000072 0.301471
0.000072 0.301504
0.000072 0.301554
0.000072 0.301571
0.000072 0.301604
0.000072 0.301638
0.000072 0.301671
0.000072 0.301705
0.000072 0.301738
0.000072 0.301755
0.000072 0.301905
0.000072 0.301972
0.000072 0.302005
0.000072 0.302156
0.000072 0.302189
0.000072 0.302206
0.000072 0.302239
0.000072 0.302256
0.000072 0.302289
0.000072 0.302306
0.000072 0.302340
0.000072 0.302406
0.000072 0.302440
0.000072 0.302473
0.000072 0.302490
0.000082 0.302507
0.000082 0.302574
0.000082 0.302624
0.000082 0.302657
0.000082 0.302707
0.000082 0.302741
0.000082 0.302757
0.000082 0.302824
0.000082 0.302891
0.000082 0.302924
0.000082 0.302991
0.000082 0.303058
0.000082 0.303075
0.000082 0.303108
0.000082 0.303175
0.000082 0.303242
0.000082 0.303275
0.000082 0.303376
0.000082 0.303409
0.000082 0.303443
0.000082 0.303476
0.000082 0.303543
0.000082 0.303643
0.000082 0.303710
0.000082 0.303743
0.000082 0.303810
0.000082 0.303910
0.000082 0.303994
0.000082 0.304061
0.000082 0.304094
0.000082 0.304161
0.000082 0.304328
0.000082 0.304395
0.000082 0.304428
0.000082 0.304462
0.000082 0.304479
0.000082 0.304512
0.000082 0.304579
0.000082 0.304612
0.000082 0.304662
0.000082 0.304729
0.000082 0.304796
0.000082 0.304830
0.000082 0.304863
0.000082 0.304896
0.000082 0.304963
0.000082 0.305030
0.000082 0.305047
0.000082 0.305080
0.000082 0.305114
0.000082 0.305164
0.000082 0.305281
0.000082 0.305364
0.000082 0.305414
0.000082 0.305498
0.000082 0.305531
0.000082 0.305565
0.000082 0.305582
0.000082 0.305615
0.000082 0.305682
0.000082 0.305715
0.000082 0.305732
0.000082 0.305765
0.000082 0.305816
0.000082 0.305849
0.000082 0.305866
0.000082 0.305899
0.000082 0.305916
0.000082 0.305949
0.000082 0.306066
0.000082 0.306133
0.000082 0.306166
0.000082 0.306200
0.000082 0.306233
0.000082 0.306283
0.000082 0.306317
0.000082 0.306334
0.000082 0.306434
0.000082 0.306467
0.000082 0.306568
0.000082 0.306601
0.000082 0.306801
0.000082 0.306868
0.000082 0.306902
0.000082 0.306935
0.000082 0.307002
0.000082 0.307035
0.000082 0.307069
0.000082 0.307102
0.000082 0.307119
0.000082 0.307219
0.000082 0.307236
0.000082 0.307286
0.000082 0.307320
0.000082 0.307420
0.000082 0.307453
0.000082 0.307470
0.000082 0.307503
0.000082 0.307520
0.000082 0.307553
0.000082 0.307570
0.000082 0.307604
0.000082 0.307654
0.000082 0.307687
0.000082 0.307704
0.000082 0.307754
0.000082 0.307821
0.000082 0.307854
0.000082 0.307888
0.000082 0.307904
0.000082 0.308005
0.000082 0.308021
0.000082 0.308055
0.000082 0.308088
0.000082 0.308122
0.000082 0.308138
0.000082 0.308205
0.000082 0.308289
0.000082 0.308356
0.000082 0.308439
0.000082 0.308489
0.000082 0.308523
0.000082 0.308556
0.000082 0.308640
0.000082 0.308673
0.000092 0.308673
0.000092 0.308707
0.000092 0.308757
0.000092 0.308790
0.000092 0.308807
0.000092 0.308840
0.000092 0.308857
0.000092 0.308907
0.000092 0.308941
0.000092 0.308974
0.000092 0.308991
0.000092 0.309074
0.000092 0.309091
0.000092 0.309124
0.000092 0.309191
0.000092 0.309258
0.000092 0.309291
0.000092 0.309442
0.000092 0.309475
0.000092 0.309492
0.000092 0.309592
0.000092 0.309910
0.000092 0.309977
0.000092 0.309993
0.000092 0.310027
0.000092 0.310043
0.000092 0.310094
0.000092 0.310127
0.000092 0.310194
0.000092 0.310261
0.000092 0.310311
0.000092 0.310461
0.000092 0.310511
0.000092 0.310612
0.000092 0.310662
0.000092 0.310695
0.000092 0.310795
0.000092 0.310846
0.000092 0.310879
0.000092 0.310929
0.000092 0.310963
0.000092 0.310996
0.000092 0.311046
0.000092 0.311146
0.000092 0.311180
0.000092 0.311230
0.000092 0.311263
0.000092 0.311297
0.000092 0.311364
0.000092 0.311447
0.000092 0.311481
0.000092 0.311514
0.000092 0.311564
0.000092 0.311614
0.000092 0.311648
0.000092 0.311664
0.000092 0.311698
0.000092 0.311748
0.000092 0.311781
0.000092 0.311915
0.000092 0.311982
0.000092 0.311999
0.000103 0.311999
0.000103 0.312015
0.000103 0.312049
0.000103 0.312066
0.000103 0.312149
0.000103 0.312182
0.000103 0.312400
0.000103 0.312433
0.000103 0.312500
0.000103 0.312533
0.000103 0.312600
0.000103 0.312634
0.000103 0.312650
0.000103 0.312717
0.000103 0.312784
0.000103 0.312818
0.000103 0.312868
0.000103 0.312901
0.000103 0.312968
0.000103 0.313001
0.000103 0.313068
0.000103 0.313118
0.000103 0.313185
0.000103 0.313219
0.000103 0.313285
0.000103 0.313386
0.000103 0.313402
0.000103 0.313436
0.000103 0.313469
0.000103 0.313503
0.000103 0.313670
0.000113 0.313670
0.000113 0.313686
0.000123 0.313686
0.000123 0.313720
0.000123 0.313753
0.000123 0.313770
0.000123 0.313803
0.000123 0.313854
0.000123 0.313887
0.000123 0.313971
0.000123 0.314004
0.000123 0.314021
0.000123 0.314054
0.000123 0.314071
0.000123 0.314121
0.000123 0.314154
0.000123 0.314188
0.000123 0.314221
0.000123 0.314338
0.000123 0.314405
0.000123 0.314455
0.000123 0.314522
0.000123 0.314539
0.000123 0.314572
0.000123 0.314589
0.000123 0.314689
0.000123 0.314773
0.000123 0.314840
0.000123 0.314856
0.000123 0.314890
0.000123 0.314906
0.000123 0.314940
0.000123 0.314973
0.000123 0.315007
0.000123 0.315090
0.000123 0.315124
0.000123 0.315140
0.000123 0.315174
0.000123 0.315207
0.000123 0.315257
0.000123 0.315307
0.000133 0.315307
0.000133 0.315324
0.000144 0.315324
0.000144 0.315491
0.000144 0.315525
0.000144 0.315575
0.000144 0.315608
0.000144 0.315642
0.000144 0.315692
0.000144 0.315725
0.000144 0.315759
0.000144 0.315809
0.000144 0.315826
0.000144 0.315876
0.000144 0.315892
0.000144 0.315943
0.000144 0.315976
0.000144 0.316009
0.000144 0.316026
0.000144 0.316126
0.000144 0.316176
0.000144 0.316210
0.000144 0.316277
0.000144 0.316344
0.000144 0.316360
0.000144 0.316427
0.000144 0.316544
0.000154 0.316561
0.000154 0.316594
0.000154 0.316628
0.000154 0.316644
0.000154 0.316678
0.000154 0.316711
0.000154 0.316811
0.000154 0.316979
0.000154 0.317012
0.000154 0.317079
0.000154 0.317112
0.000154 0.317229
0.000154 0.317279
0.000154 0.317330
0.000154 0.317363
0.000154 0.317413
0.000154 0.317480
0.000154 0.317580
0.000154 0.317614
0.000154 0.317664
0.000154 0.317731
0.000154 0.317864
0.000154 0.317898
0.000154 0.317948
0.000154 0.317981
0.000154 0.318031
0.000154 0.318082
0.000154 0.318098
0.000154 0.318148
0.000154 0.318182
0.000154 0.318265
0.000154 0.318332
0.000154 0.318382
0.000154 0.318416
0.000154 0.318432
0.000154 0.318483
0.000154 0.318499
0.000154 0.318566
0.000154 0.318600
0.000154 0.318650
0.000154 0.318666
0.000154 0.318767
0.000154 0.318800
0.000154 0.318867
0.000154 0.318984
0.000154 0.319051
0.000154 0.319084
0.000154 0.319134
0.000154 0.319184
0.000154 0.319218
0.000154 0.319285
0.000154 0.319318
0.000154 0.319368
0.000154 0.319402
0.000154 0.319418
0.000154 0.319469
0.000154 0.319485
0.000154 0.319519
0.000154 0.319552
0.000154 0.319586
0.000154 0.319602
0.000154 0.319636
0.000154 0.319669
0.000154 0.319719
0.000154 0.319786
0.000154 0.319836
0.000154 0.319870
0.000154 0.319886
0.000154 0.319920
0.000154 0.319953
0.000154 0.320003
0.000154 0.320137
0.000154 0.320187
0.000154 0.320221
0.000154 0.320271
0.000154 0.320338
0.000154 0.320354
0.000154 0.320404
0.000154 0.320421
0.000154 0.320471
0.000154 0.320505
0.000154 0.320538
0.000164 0.320538
0.000164 0.320588
0.000164 0.320672
0.000164 0.320772
0.000164 0.320805
0.000164 0.320856
0.000164 0.320889
0.000164 0.320939
0.000164 0.320973
0.000164 0.321023
0.000164 0.321073
0.000164 0.321140
0.000164 0.321223
0.000164 0.321290
0.000164 0.321307
0.000164 0.321357
0.000164 0.321424
0.000164 0.321441
0.000164 0.321474
0.000164 0.321491
0.000164 0.321524
0.000174 0.321591
0.000174 0.321608
0.000174 0.321641
0.000174 0.321658
0.000174 0.321708
0.000174 0.321725
0.000174 0.321758
0.000174 0.321775
0.000174 0.321842
0.000174 0.321858
0.000174 0.321908
0.000174 0.321925
0.000174 0.321959
0.000174 0.322009
0.000174 0.322076
0.000174 0.322126
0.000174 0.322159
0.000174 0.322193
0.000174 0.322226
0.000174 0.322243
0.000174 0.322293
0.000174 0.322360
0.000174 0.322376
0.000174 0.322410
0.000174 0.322460
0.000174 0.322527
0.000174 0.322560
0.000174 0.322677
0.000174 0.322711
0.000174 0.322744
0.000174 0.322777
0.000174 0.322828
0.000174 0.322894
0.000174 0.322928
0.000174 0.322978
0.000174 0.323011
0.000174 0.323028
0.000174 0.323095
0.000174 0.323112
0.000174 0.323162
0.000174 0.323212
0.000174 0.323245
0.000174 0.323412
0.000174 0.323463
0.000174 0.323496
0.000174 0.323529
0.000174 0.323596
0.000174 0.323630
0.000174 0.323680
0.000174 0.323747
0.000174 0.323847
0.000174 0.323880
0.000174 0.323914
0.000174 0.323981
0.000174 0.324014
0.000174 0.324047
0.000174 0.324064
0.000174 0.324131
0.000174 0.324164
0.000185 0.324181
0.000185 0.324215
0.000185 0.324231
0.000185 0.324332
0.000185 0.324348
0.000185 0.324382
0.000185 0.324398
0.000185 0.324432
0.000185 0.324482
0.000185 0.324515
0.000185 0.324566
0.000185 0.324616
0.000185 0.324649
0.000185 0.324733
0.000185 0.324783
0.000185 0.324833
0.000185 0.324883
0.000185 0.324950
0.000185 0.324983
0.000185 0.325017
0.000185 0.325067
0.000185 0.325134
0.000195 0.325134
0.000195 0.325184
0.000195 0.325251
0.000195 0.325284
0.000195 0.325368
0.000195 0.325418
0.000195 0.325451
0.000195 0.325501
0.000195 0.325518
0.000195 0.325551
0.000195 0.325618
0.000195 0.325652
0.000195 0.325685
0.000195 0.325735
0.000195 0.325769
0.000195 0.325802
0.000195 0.325819
0.000195 0.325852
0.000195 0.325953
0.000195 0.325986
0.000195 0.326019
0.000195 0.326086
0.000195 0.326120
0.000195 0.326186
0.000195 0.326237
0.000195 0.326270
0.000195 0.326337
0.000195 0.326454
0.000195 0.326521
0.000195 0.326588
0.000195 0.326654
0.000195 0.326688
0.000195 0.326788
0.000195 0.326822
0.000195 0.326855
0.000195 0.326905
0.000195 0.326972
0.000195 0.326989
0.000195 0.327022
0.000195 0.327172
0.000195 0.327206
0.000195 0.327256
0.000195 0.327273
0.000195 0.327306
0.000195 0.327373
0.000195 0.327440
0.000205 0.327440
0.000205 0.327473
0.000205 0.327540
0.000205 0.327574
0.000205 0.327607
0.000205 0.327657
0.000205 0.327691
0.000205 0.327707
0.000205 0.327741
0.000205 0.327791
0.000205 0.327824
0.000205 0.327941
0.000205 0.327975
0.000205 0.328025
0.000205 0.328058
0.000205 0.328125
0.000205 0.328142
0.000205 0.328175
0.000205 0.328209
0.000205 0.328275
0.000205 0.328309
0.000205 0.328342
0.000205 0.328392
0.000205 0.328426
0.000205 0.328443
0.000205 0.328509
0.000205 0.328559
0.000205 0.328610
0.000205 0.328710
0.000205 0.328743
0.000205 0.328777
0.000205 0.328827
0.000205 0.328877
0.000205 0.328927
0.000205 0.329044
0.000205 0.329078
0.000205 0.329144
0.000205 0.329211
0.000205 0.329228
0.000205 0.329278
0.000205 0.329328
0.000205 0.329362
0.000205 0.329395
0.000205 0.329428
0.000205 0.329562
0.000205 0.329596
0.000205 0.329696
0.000205 0.329729
0.000205 0.329763
0.000205 0.329813
0.000205 0.329930
0.000205 0.329997
0.000205 0.330013
0.000205 0.330047
0.000205 0.330147
0.000205 0.330180
0.000205 0.330214
0.000205 0.330247
0.000205 0.330281
0.000205 0.330314
0.000205 0.330364
0.000205 0.330398
0.000205 0.330515
0.000205 0.330548
0.000205 0.330615
0.000205 0.330648
0.000205 0.330665
0.000205 0.330715
0.000205 0.330749
0.000205 0.330765
0.000205 0.330832
0.000205 0.330866
0.000205 0.330899
0.000205 0.330966
0.000215 0.330966
0.000215 0.330983
0.000215 0.331033
0.000215 0.331066
0.000215 0.331083
0.000215 0.331133
0.000215 0.331200
0.000226 0.331250
0.000226 0.331283
0.000226 0.331317
0.000226 0.331350
0.000226 0.331400
0.000226 0.331451
0.000226 0.331517
0.000226 0.331534
0.000226 0.331584
0.000226 0.331618
0.000226 0.331718
0.000226 0.331785
0.000226 0.331818
0.000226 0.331835
0.000226 0.331868
0.000226 0.331902
0.000226 0.331935
0.000226 0.332002
0.000226 0.332035
0.000226 0.332086
0.000226 0.332102
0.000226 0.332136
0.000226 0.332152
0.000226 0.332186
0.000226 0.332203
0.000226 0.332236
0.000226 0.332253
0.000226 0.332286
0.000226 0.332336
0.000226 0.332403
0.000226 0.332470
0.000226 0.332520
0.000226 0.332553
0.000226 0.332570
0.000226 0.332637
0.000226 0.332654
0.000226 0.332754
0.000226 0.332787
0.000226 0.332821
0.000226 0.332888
0.000226 0.332938
0.000226 0.332971
0.000226 0.333021
0.000226 0.333055
0.000226 0.333088
0.000226 0.333138
0.000226 0.333222
0.000226 0.333255
0.000226 0.333339
0.000226 0.333406
0.000226 0.333473
0.000226 0.333556
0.000226 0.333590
0.000226 0.333623
0.000226 0.333656
0.000226 0.333690
0.000226 0.333757
0.000226 0.333790
0.000226 0.333807
0.000226 0.333840
0.000226 0.333890
0.000226 0.333924
0.000226 0.333957
0.000226 0.334091
0.000226 0.334141
0.000226 0.334241
0.000226 0.334258
0.000226 0.334325
0.000226 0.334392
0.000236 0.334408
0.000236 0.334425
0.000236 0.334492
0.000236 0.334525
0.000236 0.334576
0.000236 0.334626
0.000246 0.334626
0.000246 0.334642
0.000246 0.334709
0.000246 0.334743
0.000246 0.334776
0.000246 0.334876
0.000256 0.334893
0.000256 0.334926
0.000256 0.335060
0.000267 0.335077
0.000267 0.335110
0.000267 0.335127
0.000267 0.335160
0.000267 0.335244
0.000267 0.335378
0.000267 0.335411
0.000267 0.335445
0.000267 0.335511
0.000267 0.335545
0.000267 0.335595
0.000267 0.335628
0.000267 0.335662
0.000267 0.335695
0.000267 0.335745
0.000267 0.335829
0.000267 0.335862
0.000267 0.335946
0.000267 0.335979
0.000267 0.335996
0.000267 0.336029
0.000267 0.336130
0.000267 0.336197
0.000267 0.336263
0.000267 0.336347
0.000267 0.336397
0.000267 0.336430
0.000267 0.336514
0.000267 0.336581
0.000267 0.336681
0.000267 0.336781
0.000267 0.336815
0.000267 0.336865
0.000267 0.336898
0.000267 0.336982
0.000267 0.337015
0.000267 0.337049
0.000267 0.337082
0.000267 0.337116
0.000277 0.337116
0.000277 0.337149
0.000277 0.337199
0.000277 0.337266
0.000277 0.337299
0.000277 0.337333
0.000277 0.337383
0.000277 0.337450
0.000277 0.337533
0.000287 0.337533
0.000287 0.337600
0.000287 0.337617
0.000287 0.337684
0.000287 0.337784
0.000287 0.337818
0.000287 0.337851
0.000287 0.337884
0.000287 0.337918
0.000287 0.337968
0.000287 0.337985
0.000287 0.338051
0.000287 0.338102
0.000287 0.338135
0.000287 0.338168
0.000287 0.338202
0.000287 0.338252
0.000287 0.338302
0.000287 0.338336
0.000287 0.338402
0.000287 0.338436
0.000287 0.338503
0.000287 0.338536
0.000297 0.338536
0.000297 0.338570
0.000297 0.338603
0.000297 0.338620
0.000297 0.338670
0.000297 0.338737
0.000297 0.338753
0.000297 0.338803
0.000297 0.338854
0.000297 0.338904
0.000297 0.338954
0.000297 0.338987
0.000297 0.339037
0.000308 0.339071
0.000308 0.339088
0.000308 0.339138
0.000308 0.339171
0.000308 0.339221
0.000308 0.339355
0.000318 0.339355
0.000318 0.339388
0.000318 0.339422
0.000318 0.339489
0.000318 0.339522
0.000318 0.339539
0.000318 0.339572
0.000318 0.339589
0.000318 0.339656
0.000318 0.339739
0.000318 0.339806
0.000318 0.339856
0.000318 0.339890
0.000318 0.339923
0.000318 0.339973
0.000318 0.340023
0.000318 0.340057
0.000318 0.340074
0.000318 0.340140
0.000318 0.340274
0.000318 0.340307
0.000318 0.340374
0.000318 0.340441
0.000318 0.340525
0.000318 0.340575
0.000318 0.340675
0.000318 0.340775
0.000318 0.340792
0.000318 0.340826
0.000318 0.340892
0.000318 0.340926
0.000318 0.340943
0.000318 0.340976
0.000318 0.340993
0.000318 0.341026
0.000318 0.341043
0.000318 0.341110
0.000318 0.341176
0.000318 0.341210
0.000318 0.341293
0.000318 0.341394
0.000318 0.341444
0.000318 0.341494
0.000318 0.341527
0.000318 0.341561
0.000318 0.341594
0.000318 0.341628
0.000318 0.341661
0.000328 0.341661
0.000328 0.341778
0.000328 0.341845
0.000328 0.341862
0.000328 0.341895
0.000328 0.341912
0.000328 0.342012
0.000328 0.342062
0.000328 0.342096
0.000328 0.342129
0.000328 0.342162
0.000328 0.342263
0.000328 0.342313
0.000328 0.342330
0.000328 0.342363
0.000328 0.342480
0.000328 0.342513
0.000328 0.342580
0.000328 0.342614
0.000328 0.342664
0.000328 0.342764
0.000328 0.342797
0.000328 0.342831
0.000328 0.342881
0.000328 0.342998
0.000328 0.343065
0.000328 0.343249
0.000328 0.343299
0.000328 0.343332
0.000328 0.343366
0.000328 0.343416
0.000328 0.343483
0.000328 0.343516
0.000328 0.343566
0.000328 0.343600
0.000328 0.343616
0.000338 0.343666
0.000338 0.343717
0.000338 0.343750
0.000338 0.343767
0.000338 0.343867
0.000338 0.343934
0.000338 0.343967
0.000338 0.344017
0.000338 0.344051
0.000338 0.344118
0.000338 0.344134
0.000349 0.344151
0.000349 0.344168
0.000349 0.344201
0.000349 0.344235
0.000349 0.344335
0.000349 0.344368
0.000349 0.344402
0.000349 0.344452
0.000349 0.344485
0.000349 0.344519
0.000349 0.344602
0.000349 0.344636
0.000349 0.344652
0.000349 0.344686
0.000349 0.344703
0.000349 0.344753
0.000349 0.344803
0.000349 0.344853
0.000349 0.344886
0.000349 0.344953
0.000349 0.345020
0.000349 0.345053
0.000349 0.345104
0.000349 0.345170
0.000349 0.345221
0.000349 0.345254
0.000349 0.345287
0.000349 0.345354
0.000349 0.345388
0.000349 0.345404
0.000349 0.345455
0.000349 0.345538
0.000349 0.345588
0.000349 0.345622
0.000349 0.345689
0.000349 0.345722
0.000349 0.345755
0.000349 0.345856
0.000349 0.345939
0.000349 0.345989
0.000349 0.346006
0.000349 0.346039
0.000349 0.346156
0.000349 0.346257
0.000349 0.346273
0.000349 0.346424
0.000349 0.346474
0.000349 0.346541
0.000349 0.346557
0.000349 0.346658
0.000349 0.346708
0.000349 0.346775
0.000349 0.346825
0.000349 0.346908
0.000349 0.346959
0.000359 0.346959
0.000359 0.346975
0.000359 0.347009
0.000359 0.347025
0.000359 0.347059
0.000359 0.347092
0.000359 0.347126
0.000359 0.347209
0.000359 0.347259
0.000359 0.347326
0.000359 0.347360
0.000359 0.347376
0.000359 0.347410
0.000359 0.347426
0.000359 0.347477
0.000359 0.347510
0.000359 0.347527
0.000369 0.347527
0.000369 0.347660
0.000369 0.347727
0.000369 0.347761
0.000369 0.347794
0.000369 0.347811
0.000369 0.347878
0.000369 0.347945
0.000369 0.347995
0.000369 0.348078
0.000379 0.348095
0.000379 0.348128
0.000379 0.348145
0.000379 0.348195
0.000379 0.348229
0.000379 0.348396
0.000379 0.348412
0.000379 0.348446
0.000379 0.348463
0.000379 0.348496
0.000379 0.348546
0.000379 0.348580
0.000379 0.348630
0.000379 0.348680
0.000379 0.348747
0.000379 0.348814
0.000379 0.348830
0.000379 0.348864
0.000379 0.348880
0.000390 0.348914
0.000390 0.348947
0.000390 0.348964
0.000390 0.348997
0.000390 0.349014
0.000400 0.349031
0.000400 0.349098
0.000400 0.349131
0.000400 0.349198
0.000400 0.349215
0.000400 0.349248
0.000400 0.349315
0.000400 0.349365
0.000400 0.349382
0.000400 0.349415
0.000400 0.349465
0.000400 0.349515
0.000400 0.349599
0.000400 0.349666
0.000400 0.349733
0.000400 0.349766
0.000400 0.349783
0.000400 0.349833
0.000400 0.349850
0.000400 0.349883
0.000400 0.349916
0.000400 0.349950
0.000400 0.350017
0.000400 0.350050
0.000400 0.350150
0.000400 0.350184
0.000400 0.350201
0.000410 0.350201
0.000410 0.350217
0.000410 0.350251
0.000410 0.350301
0.000410 0.350368
0.000410 0.350384
0.000410 0.350434
0.000410 0.350451
0.000410 0.350485
0.000410 0.350535
0.000410 0.350585
0.000410 0.350635
0.000410 0.350769
0.000410 0.350836
0.000410 0.350869
0.000410 0.350902
0.000410 0.350986
0.000410 0.351019
0.000410 0.351070
0.000410 0.351086
0.000410 0.351136
0.000410 0.351153
0.000410 0.351186
0.000410 0.351237
0.000410 0.351270
0.000410 0.351454
0.000410 0.351487
0.000410 0.351554
0.000410 0.351588
0.000410 0.351638
0.000410 0.351671
0.000410 0.351721
0.000420 0.351738
0.000420 0.351771
0.000420 0.351822
0.000420 0.351855
0.000420 0.351872
0.000420 0.351922
0.000420 0.351955
0.000420 0.352022
0.000420 0.352156
0.000420 0.352189
0.000420 0.352256
0.000420 0.352306
0.000431 0.352306
0.000431 0.352356
0.000431 0.352406
0.000431 0.352457
0.000431 0.352490
0.000431 0.352507
0.000431 0.352540
0.000431 0.352557
0.000431 0.352607
0.000431 0.352640
0.000431 0.352657
0.000431 0.352724
0.000431 0.352824
0.000431 0.352874
0.000431 0.352891
0.000431 0.352924
0.000431 0.353108
0.000431 0.353175
0.000431 0.353259
0.000431 0.353326
0.000431 0.353359
0.000431 0.353392
0.000431 0.353509
0.000431 0.353559
0.000431 0.353576
0.000441 0.353593
0.000441 0.353626
0.000441 0.353710
0.000441 0.353743
0.000441 0.353810
0.000441 0.353844
0.000441 0.353910
0.000441 0.353944
0.000441 0.353977
0.000441 0.354027
0.000441 0.354044
0.000441 0.354111
0.000441 0.354144
0.000451 0.354144
0.000451 0.354245
0.000451 0.354295
0.000451 0.354345
0.000451 0.354428
0.000451 0.354495
0.000451 0.354529
0.000451 0.354596
0.000451 0.354629
0.000451 0.354646
0.000451 0.354713
0.000451 0.354729
0.000451 0.354796
0.000451 0.354830
0.000451 0.354896
0.000451 0.354930
0.000451 0.354997
0.000451 0.355030
0.000451 0.355130
0.000451 0.355164
0.000451 0.355247
0.000451 0.355314
0.000451 0.355331
0.000451 0.355364
0.000451 0.355398
0.000451 0.355448
0.000451 0.355465
0.000451 0.355498
0.000451 0.355531
0.000451 0.355615
0.000451 0.355665
0.000451 0.355682
0.000451 0.355715
0.000451 0.355765
0.000451 0.355816
0.000461 0.355832
0.000461 0.355849
0.000461 0.355882
0.000461 0.355916
0.000461 0.355949
0.000461 0.356016
0.000461 0.356049
0.000461 0.356116
0.000461 0.356150
0.000461 0.356183
0.000461 0.356250
0.000461 0.356300
0.000461 0.356400
0.000461 0.356434
0.000461 0.356451
0.000461 0.356501
0.000461 0.356534
0.000461 0.356601
0.000461 0.356634
0.000461 0.356668
0.000461 0.356768
0.000461 0.356801
0.000461 0.356818
0.000461 0.356852
0.000461 0.356902
0.000461 0.357002
0.000461 0.357035
0.000461 0.357069
0.000461 0.357102
0.000461 0.357136
0.000461 0.357219
0.000461 0.357253
0.000461 0.357286
0.000461 0.357320
0.000461 0.357470
0.000472 0.357470
0.000472 0.357570
0.000472 0.357587
0.000472 0.357654
0.000472 0.357670
0.000472 0.357704
0.000472 0.357721
0.000472 0.357754
0.000472 0.357787
0.000472 0.357838
0.000472 0.357904
0.000472 0.357938
0.000472 0.357988
0.000472 0.358021
0.000472 0.358055
0.000472 0.358088
0.000472 0.358122
0.000472 0.358172
0.000472 0.358255
0.000472 0.358356
0.000472 0.358389
0.000472 0.358422
0.000472 0.358456
0.000472 0.358489
0.000472 0.358590
0.000472 0.358656
0.000472 0.358707
0.000482 0.358740
0.000482 0.358840
0.000482 0.358907
0.000482 0.358941
0.000482 0.358991
0.000482 0.359024
0.000482 0.359091
0.000482 0.359108
0.000482 0.359208
0.000482 0.359241
0.000482 0.359291
0.000482 0.359358
0.000482 0.359375
0.000482 0.359425
0.000482 0.359442
0.000482 0.359509
0.000482 0.359542
0.000482 0.359592
0.000482 0.359626
0.000482 0.359659
0.000482 0.359776
0.000482 0.359809
0.000482 0.359843
0.000482 0.359876
0.000482 0.359910
0.000482 0.359943
0.000482 0.359960
0.000482 0.359993
0.000482 0.360027
0.000482 0.360127
0.000482 0.360177
0.000492 0.360177
0.000492 0.360211
0.000502 0.360211
0.000502 0.360227
0.000502 0.360261
0.000513 0.360261
0.000513 0.360277
0.000523 0.360277
0.000523 0.360328
0.000523 0.360361
0.000523 0.360378
0.000523 0.360428
0.000523 0.360445
0.000523 0.360478
0.000523 0.360528
0.000523 0.360578
0.000523 0.360612
0.000523 0.360678
0.000523 0.360729
0.000523 0.360829
0.000523 0.360896
0.000523 0.360929
0.000523 0.360996
0.000523 0.361029
0.000523 0.361063
0.000523 0.361096
0.000523 0.361146
0.000523 0.361163
0.000523 0.361197
0.000523 0.361247
0.000523 0.361280
0.000523 0.361314
0.000523 0.361380
0.000523 0.361447
0.000523 0.361464
0.000523 0.361531
0.000523 0.361547
0.000523 0.361581
0.000523 0.361631
0.000523 0.361664
0.000523 0.361681
0.000523 0.361748
0.000523 0.361765
0.000533 0.361765
0.000533 0.361865
0.000533 0.361898
0.000533 0.361965
0.000533 0.361999
0.000533 0.362032
0.000533 0.362066
0.000533 0.362116
0.000533 0.362149
0.000533 0.362199
0.000533 0.362249
0.000533 0.362283
0.000533 0.362316
0.000533 0.362350
0.000533 0.362400
0.000533 0.362433
0.000533 0.362550
0.000533 0.362584
0.000533 0.362617
0.000533 0.362650
0.000533 0.362667
0.000533 0.362717
0.000533 0.362751
0.000533 0.362801
0.000533 0.362851
0.000533 0.362884
0.000533 0.362918
0.000533 0.362985
0.000533 0.363001
0.000533 0.363035
0.000533 0.363085
0.000533 0.363102
0.000533 0.363135
0.000533 0.363168
0.000533 0.363219
0.000533 0.363302
0.000533 0.363336
0.000533 0.363436
0.000533 0.363503
0.000533 0.363586
0.000533 0.363620
0.000533 0.363686
0.000533 0.363787
0.000533 0.363837
0.000533 0.363971
0.000533 0.364037
0.000533 0.364071
0.000533 0.364104
0.000533 0.364138
0.000533 0.364171
0.000533 0.364255
0.000533 0.364322
0.000533 0.364388
0.000533 0.364422
0.000533 0.364489
0.000533 0.364505
0.000533 0.364539
0.000533 0.364572
0.000533 0.364606
0.000533 0.364656
0.000533 0.364689
0.000533 0.364739
0.000533 0.364773
0.000533 0.364806
0.000533 0.364873
0.000533 0.364906
0.000533 0.364940
0.000533 0.365023
0.000533 0.365124
0.000533 0.365157
0.000533 0.365224
0.000533 0.365257
0.000533 0.365291
0.000533 0.365341
0.000533 0.365408
0.000533 0.365424
0.000533 0.365458
0.000533 0.365508
0.000533 0.365541
0.000533 0.365575
0.000533 0.365608
0.000533 0.365658
0.000533 0.365692
0.000533 0.365792
0.000533 0.365809
0.000543 0.365809
0.000543 0.365842
0.000543 0.365859
0.000543 0.365892
0.000543 0.365926
0.000543 0.365976
0.000543 0.365993
0.000543 0.366059
0.000543 0.366110
0.000543 0.366160
0.000543 0.366260
0.000543 0.366310
0.000543 0.366327
0.000543 0.366394
0.000543 0.366427
0.000543 0.366544
0.000543 0.366578
0.000543 0.366644
0.000543 0.366695
0.000543 0.366828
0.000543 0.366862
0.000543 0.366895
0.000543 0.366928
0.000543 0.366962
0.000543 0.367012
0.000543 0.367079
0.000543 0.367112
0.000543 0.367146
0.000543 0.367196
0.000543 0.367380
0.000543 0.367413
0.000543 0.367463
0.000543 0.367497
0.000543 0.367547
0.000543 0.367580
0.000543 0.367630
0.000543 0.367764
0.000543 0.367797
0.000543 0.367898
0.000543 0.367981
0.000543 0.368031
0.000543 0.368098
0.000543 0.368132
0.000543 0.368199
0.000543 0.368265
0.000543 0.368299
0.000543 0.368316
0.000543 0.368382
0.000543 0.368399
0.000543 0.368432
0.000554 0.368466
0.000554 0.368499
0.000554 0.368549
0.000554 0.368566
0.000554 0.368600
0.000554 0.368616
0.000554 0.368650
0.000554 0.368733
0.000554 0.368817
0.000554 0.368884
0.000554 0.368917
0.000564 0.368917
0.000564 0.368951
0.000564 0.369001
0.000564 0.369034
0.000564 0.369068
0.000564 0.369084
0.000564 0.369118
0.000564 0.369151
0.000564 0.369184
0.000564 0.369285
0.000564 0.369318
0.000564 0.369385
0.000564 0.369435
0.000564 0.369485
0.000564 0.369535
0.000564 0.369586
0.000564 0.369619
0.000564 0.369669
0.000564 0.369736
0.000574 0.369753
0.000574 0.369769
0.000574 0.369803
0.000574 0.369920
0.000574 0.369953
0.000574 0.369987
0.000574 0.370020
0.000574 0.370104
0.000574 0.370170
0.000574 0.370271
0.000574 0.370304
0.000574 0.370338
0.000574 0.370371
0.000584 0.370371
0.000584 0.370605
0.000584 0.370638
0.000584 0.370739
0.000584 0.370789
0.000584 0.370805
0.000584 0.370872
0.000584 0.370906
0.000584 0.370973
0.000584 0.370989
0.000584 0.371023
0.000584 0.371090
0.000584 0.371123
0.000584 0.371140
0.000584 0.371207
0.000584 0.371223
0.000584 0.371257
0.000584 0.371273
0.000584 0.371340
0.000584 0.371390
0.000595 0.371390
0.000595 0.371407
0.000595 0.371441
0.000595 0.371524
0.000595 0.371557
0.000595 0.371608
0.000595 0.371624
0.000595 0.371658
0.000605 0.371658
0.000605 0.371674
0.000605 0.371741
0.000605 0.371758
0.000615 0.371775
0.000615 0.371858
0.000615 0.371908
0.000615 0.371925
0.000615 0.371975
0.000615 0.371992
0.000615 0.372059
0.000615 0.372076
0.000615 0.372109
0.000615 0.372159
0.000615 0.372209
0.000615 0.372259
0.000615 0.372309
0.000615 0.372376
0.000615 0.372393
0.000615 0.372443
0.000615 0.372477
0.000615 0.372527
0.000615 0.372560
0.000615 0.372594
0.000615 0.372644
0.000615 0.372711
0.000615 0.372794
0.000625 0.372811
0.000625 0.372828
0.000625 0.372861
0.000625 0.372961
0.000625 0.372978
0.000625 0.373011
0.000625 0.373028
0.000625 0.373061
0.000625 0.373112
0.000625 0.373145
0.000625 0.373195
0.000625 0.373212
0.000625 0.373262
0.000625 0.373346
0.000625 0.373379
0.000625 0.373396
0.000625 0.373429
0.000625 0.373463
0.000636 0.373479
0.000636 0.373546
0.000646 0.373546
0.000646 0.373613
0.000646 0.373713
0.000646 0.373763
0.000646 0.373830
0.000646 0.373847
0.000646 0.373897
0.000646 0.373964
0.000646 0.373997
0.000646 0.374047
0.000646 0.374081
0.000646 0.374231
0.000646 0.374332
0.000646 0.374365
0.000646 0.374432
0.000646 0.374549
0.000646 0.374582
0.000646 0.374632
0.000646 0.374699
0.000646 0.374766
0.000656 0.374766
0.000656 0.374816
0.000656 0.374850
0.000656 0.374883
0.000656 0.374933
0.000656 0.375000
0.000656 0.375033
0.000656 0.375084
0.000656 0.375117
0.000656 0.375150
0.000656 0.375184
0.000656 0.375284
0.000666 0.375284
0.000666 0.375351
0.000677 0.375351
0.000677 0.375384
0.000677 0.375434
0.000687 0.375468
0.000687 0.375501
0.000687 0.375551
0.000687 0.375585
0.000687 0.375602
0.000687 0.375668
0.000687 0.375685
0.000687 0.375719
0.000687 0.375735
0.000687 0.375802
0.000687 0.375819
0.000687 0.375886
0.000687 0.375902
0.000687 0.375953
0.000687 0.375986
0.000687 0.376003
0.000687 0.376070
0.000687 0.376136
0.000687 0.376203
0.000687 0.376220
0.000697 0.376237
0.000697 0.376287
0.000697 0.376337
0.000697 0.376370
0.000697 0.376437
0.000697 0.376471
0.000697 0.376521
0.000697 0.376588
0.000697 0.376638
0.000697 0.376671
0.000697 0.376738
0.000697 0.376771
0.000697 0.376888
0.000697 0.376922
0.000708 0.376972
0.000708 0.377022
0.000708 0.377072
0.000708 0.377156
0.000708 0.377223
0.000708 0.377239
0.000708 0.377273
0.000708 0.377323
0.000708 0.377356
0.000708 0.377390
0.000708 0.377473
0.000708 0.377507
0.000708 0.377540
0.000708 0.377590
0.000708 0.377624
0.000708 0.377657
0.000708 0.377724
0.000708 0.377757
0.000708 0.377774
0.000708 0.377807
0.000708 0.377824
0.000718 0.377824
0.000718 0.377858
0.000718 0.377924
0.000718 0.377958
0.000718 0.378008
0.000718 0.378041
0.000718 0.378092
0.000718 0.378125
0.000718 0.378158
0.000718 0.378192
0.000718 0.378275
0.000718 0.378309
0.000718 0.378359
0.000718 0.378426
0.000718 0.378493
0.000718 0.378543
0.000718 0.378593
0.000728 0.378610
0.000728 0.378676
0.000728 0.378727
0.000728 0.378760
0.000728 0.378777
0.000728 0.378844
0.000728 0.378860
0.000728 0.378927
0.000728 0.378961
0.000728 0.379011
0.000728 0.379044
0.000728 0.379078
0.000728 0.379094
0.000728 0.379128
0.000728 0.379144
0.000728 0.379178
0.000728 0.379195
0.000728 0.379261
0.000728 0.379295
0.000728 0.379328
0.000738 0.379362
0.000738 0.379378
0.000738 0.379412
0.000738 0.379445
0.000738 0.379479
0.000738 0.379529
0.000738 0.379562
0.000738 0.379612
0.000738 0.379662
0.000738 0.379729
0.000738 0.379763
0.000738 0.379796
0.000738 0.379830
0.000738 0.379930
0.000738 0.379963
0.000738 0.379980
0.000738 0.380047
0.000738 0.380064
0.000738 0.380097
0.000738 0.380130
0.000738 0.380180
0.000738 0.380214
0.000738 0.380247
0.000738 0.380331
0.000738 0.380398
0.000738 0.380448
0.000738 0.380465
0.000738 0.380498
0.000738 0.380632
0.000749 0.380632
0.000749 0.380665
0.000749 0.380715
0.000749 0.380749
0.000749 0.380782
0.000749 0.380832
0.000749 0.380966
0.000749 0.380999
0.000749 0.381033
0.000749 0.381049
0.000749 0.381083
0.000749 0.381150
0.000749 0.381183
0.000749 0.381217
0.000749 0.381250
0.000749 0.381267
0.000749 0.381300
0.000759 0.381300
0.000759 0.381334
0.000759 0.381367
0.000759 0.381400
0.000759 0.381434
0.000759 0.381451
0.000759 0.381484
0.000759 0.381501
0.000769 0.381517
0.000769 0.381568
0.000769 0.381601
0.000769 0.381684
0.000769 0.381718
0.000769 0.381801
0.000769 0.381818
0.000769 0.381852
0.000769 0.381902
0.000769 0.381935
0.000769 0.382002
0.000769 0.382035
0.000769 0.382203
0.000769 0.382253
0.000769 0.382386
0.000769 0.382453
0.000769 0.382604
0.000769 0.382637
0.000769 0.382654
0.000769 0.382687
0.000769 0.382721
0.000769 0.382754
0.000769 0.382804
0.000769 0.382838
0.000769 0.382854
0.000769 0.382888
0.000769 0.382904
0.000769 0.382938
0.000769 0.382955
0.000769 0.382988
0.000769 0.383038
0.000769 0.383105
0.000769 0.383122
0.000769 0.383155
0.000769 0.383189
0.000769 0.383239
0.000769 0.383255
0.000769 0.383322
0.000769 0.383339
0.000769 0.383372
0.000769 0.383389
0.000769 0.383456
0.000769 0.383489
0.000769 0.383690
0.000769 0.383723
0.000769 0.383740
0.000769 0.383773
0.000769 0.383857
0.000769 0.383924
0.000769 0.383974
0.000769 0.384024
0.000769 0.384091
0.000769 0.384174
0.000769 0.384208
0.000769 0.384275
0.000769 0.384342
0.000769 0.384358
0.000769 0.384392
0.000779 0.384392
0.000779 0.384442
0.000779 0.384492
0.000779 0.384525
0.000790 0.384542
0.000790 0.384576
0.000790 0.384642
0.000790 0.384676
0.000790 0.384726
0.000790 0.384793
0.000790 0.384843
0.000790 0.384910
0.000790 0.385010
0.000790 0.385043
0.000790 0.385060
0.000790 0.385094
0.000790 0.385110
0.000790 0.385144
0.000790 0.385160
0.000790 0.385194
0.000790 0.385211
0.000790 0.385277
0.000790 0.385328
0.000790 0.385428
0.000800 0.385428
0.000800 0.385528
0.000800 0.385578
0.000800 0.385645
0.000800 0.385678
0.000800 0.385745
0.000800 0.385779
0.000800 0.385795
0.000800 0.385829
0.000800 0.385846
0.000800 0.385879
0.000800 0.385912
0.000800 0.385946
0.000800 0.385979
0.000800 0.386080
0.000800 0.386113
0.000800 0.386163
0.000800 0.386180
0.000800 0.386213
0.000800 0.386263
0.000800 0.386297
0.000800 0.386314
0.000810 0.386314
0.000810 0.386347
0.000810 0.386397
0.000810 0.386464
0.000810 0.386497
0.000810 0.386531
0.000810 0.386581
0.000810 0.386614
0.000810 0.386631
0.000810 0.386765
0.000810 0.386798
0.000810 0.386832
0.000810 0.386882
0.000810 0.386915
0.000810 0.386982
0.000810 0.387166
0.000810 0.387216
0.000810 0.387299
0.000810 0.387333
0.000810 0.387433
0.000820 0.387433
0.000820 0.387450
0.000820 0.387500
0.000820 0.387550
0.000820 0.387584
0.000820 0.387650
0.000820 0.387701
0.000820 0.387734
0.000820 0.387767
0.000820 0.387784
0.000820 0.387818
0.000820 0.387851
0.000820 0.387901
0.000820 0.387918
0.000820 0.388018
0.000820 0.388035
0.000820 0.388102
0.000820 0.388168
0.000820 0.388202
0.000820 0.388235
0.000820 0.388269
0.000820 0.388319
0.000820 0.388352
0.000820 0.388469
0.000820 0.388503
0.000820 0.388570
0.000820 0.388636
0.000820 0.388653
0.000820 0.388686
0.000820 0.388753
0.000820 0.388770
0.000820 0.388803
0.000820 0.388854
0.000831 0.388854
0.000831 0.388904
0.000831 0.388954
0.000831 0.388987
0.000831 0.389021
0.000831 0.389088
0.000831 0.389188
0.000831 0.389255
0.000831 0.389305
0.000831 0.389388
0.000831 0.389422
0.000831 0.389439
0.000831 0.389505
0.000831 0.389539
0.000831 0.389589
0.000831 0.389689
0.000841 0.389689
0.000841 0.389756
0.000841 0.389789
0.000841 0.389823
0.000841 0.389856
0.000841 0.389906
0.000851 0.389923
0.000851 0.389940
0.000851 0.390007
0.000851 0.390023
0.000861 0.390023
0.000861 0.390057
0.000861 0.390090
0.000861 0.390140
0.000861 0.390174
0.000861 0.390207
0.000861 0.390307
0.000861 0.390374
0.000861 0.390424
0.000861 0.390525
0.000861 0.390558
0.000861 0.390608
0.000861 0.390642
0.000861 0.390675
0.000861 0.390725
0.000861 0.390759
0.000861 0.390775
0.000861 0.390809
0.000861 0.390876
0.000861 0.390926
0.000872 0.390926
0.000872 0.390943
0.000872 0.390993
0.000872 0.391009
0.000872 0.391076
0.000872 0.391110
0.000872 0.391143
0.000872 0.391193
0.000872 0.391243
0.000872 0.391260
0.000872 0.391293
0.000872 0.391344
0.000872 0.391360
0.000872 0.391394
0.000872 0.391410
0.000872 0.391444
0.000872 0.391561
0.000872 0.391611
0.000872 0.391711
0.000872 0.391745
0.000872 0.391778
0.000872 0.391828
0.000872 0.391862
0.000872 0.391878
0.000872 0.391912
0.000872 0.391962
0.000872 0.391995
0.000872 0.392029
0.000872 0.392079
0.000872 0.392112
0.000872 0.392146
0.000872 0.392179
0.000872 0.392196
0.000872 0.392246
0.000872 0.392330
0.000872 0.392396
0.000872 0.392413
0.000872 0.392513
0.000882 0.392513
0.000882 0.392547
0.000882 0.392597
0.000882 0.392630
0.000882 0.392714
0.000882 0.392747
0.000882 0.392764
0.000882 0.392797
0.000882 0.392848
0.000882 0.392914
0.000882 0.392948
0.000882 0.393098
0.000882 0.393132
0.000882 0.393199
0.000882 0.393249
0.000882 0.393282
0.000882 0.393316
0.000882 0.393416
0.000882 0.393449
0.000882 0.393499
0.000882 0.393600
0.000882 0.393616
0.000882 0.393650
0.000882 0.393717
0.000882 0.393783
0.000882 0.393834
0.000882 0.393867
0.000882 0.393917
0.000882 0.393951
0.000882 0.394034
0.000892 0.394034
0.000892 0.394068
0.000892 0.394118
0.000892 0.394134
0.000892 0.394201
0.000892 0.394251
0.000892 0.394318
0.000892 0.394335
0.000892 0.394368
0.000892 0.394402
0.000892 0.394435
0.000892 0.394502
0.000892 0.394602
0.000892 0.394652
0.000902 0.394652
0.000902 0.394669
0.000902 0.394703
0.000902 0.394769
0.000902 0.394803
0.000902 0.394920
0.000902 0.394953
0.000902 0.394987
0.000902 0.395020
0.000902 0.395087
0.000902 0.395120
0.000902 0.395137
0.000902 0.395170
0.000902 0.395221
0.000902 0.395271
0.000902 0.395304
0.000902 0.395388
0.000902 0.395421
0.000902 0.395521
0.000902 0.395555
0.000902 0.395572
0.000913 0.395572
0.000913 0.395588
0.000913 0.395622
0.000913 0.395638
0.000913 0.395672
0.000913 0.395689
0.000913 0.395722
0.000913 0.395839
0.000913 0.395872
0.000913 0.395922
0.000913 0.395973
0.000913 0.396039
0.000913 0.396056
0.000913 0.396106
0.000913 0.396190
0.000913 0.396240
0.000913 0.396257
0.000913 0.396290
0.000913 0.396307
0.000913 0.396374
0.000913 0.396390
0.000913 0.396457
0.000913 0.396507
0.000913 0.396574
0.000913 0.396591
0.000913 0.396624
0.000933 0.396658
0.000933 0.396674
0.000933 0.396775
0.000933 0.396842
0.000933 0.396858
0.000933 0.396892
0.000933 0.396942
0.000933 0.397009
0.000933 0.397042
0.000933 0.397109
0.000933 0.397142
0.000933 0.397159
0.000933 0.397226
0.000933 0.397276
0.000933 0.397293
0.000933 0.397376
0.000933 0.397410
0.000933 0.397426
0.000933 0.397477
0.000933 0.397510
0.000933 0.397527
0.000933 0.397594
0.000933 0.397644
0.000933 0.397677
0.000933 0.397694
0.000933 0.397727
0.000943 0.397727
0.000943 0.397777
0.000943 0.397811
0.000943 0.397844
0.000943 0.397894
0.000943 0.397928
0.000943 0.397945
0.000943 0.397978
0.000943 0.398028
0.000943 0.398061
0.000943 0.398112
0.000943 0.398162
0.000943 0.398212
0.000943 0.398245
0.000943 0.398295
0.000943 0.398329
0.000943 0.398412
0.000943 0.398479
0.000943 0.398580
0.000943 0.398613
0.000943 0.398663
0.000943 0.398713
0.000943 0.398747
0.000943 0.398780
0.000943 0.398797
0.000943 0.398830
0.000943 0.398864
0.000943 0.398897
0.000943 0.398947
0.000943 0.398997
0.000943 0.399047
0.000954 0.399098
0.000954 0.399131
0.000954 0.399181
0.000954 0.399215
0.000954 0.399248
0.000954 0.399281
0.000954 0.399332
0.000954 0.399365
0.000954 0.399398
0.000964 0.399415
0.000964 0.399449
0.000964 0.399482
0.000964 0.399549
0.000964 0.399649
0.000964 0.399682
0.000964 0.399716
0.000964 0.399749
0.000964 0.399783
0.000964 0.399850
0.000964 0.399883
0.000964 0.399900
0.000964 0.399933
0.000964 0.399983
0.000964 0.400000
0.000964 0.400033
0.000974 0.400050
0.000974 0.400117
0.000974 0.400150
0.000974 0.400184
0.000974 0.400284
0.000984 0.400284
0.000984 0.400318
0.000984 0.400384
0.000984 0.400401
0.000984 0.400434
0.000995 0.400434
0.000995 0.400468
0.000995 0.400485
0.000995 0.400551
0.000995 0.400618
0.000995 0.400652
0.000995 0.400702
0.000995 0.400752
0.000995 0.400802
0.000995 0.400819
0.000995 0.400919
0.000995 0.400936
0.000995 0.400986
0.000995 0.401003
0.000995 0.401036
0.000995 0.401186
0.001005 0.401203
0.001005 0.401237
0.001005 0.401454
0.001005 0.401504
0.001005 0.401521
0.001005 0.401621
0.001005 0.401688
0.001005 0.401755
0.001005 0.401805
0.001005 0.401872
0.001005 0.401922
0.001005 0.402039
0.001005 0.402072
0.001005 0.402172
0.001005 0.402223
0.001005 0.402289
0.001005 0.402340
0.001005 0.402440
0.001005 0.402473
0.001005 0.402507
0.001005 0.402540
0.001005 0.402557
0.001005 0.402590
0.001005 0.402741
0.001005 0.402774
0.001015 0.402774
0.001015 0.402841
0.001015 0.402908
0.001015 0.402924
0.001015 0.402991
0.001015 0.403025
0.001015 0.403075
0.001015 0.403108
0.001025 0.403108
0.001025 0.403192
0.001025 0.403225
0.001025 0.403292
0.001025 0.403326
0.001025 0.403376
0.001025 0.403409
0.001036 0.403409
0.001036 0.403459
0.001036 0.403526
0.001036 0.403676
0.001036 0.403710
0.001036 0.403727
0.001036 0.403760
0.001036 0.403827
0.001036 0.403894
0.001036 0.404027
0.001036 0.404094
0.001036 0.404144
0.001036 0.404178
0.001036 0.404311
0.001036 0.404328
0.001036 0.404462
0.001036 0.404512
0.001036 0.404529
0.001036 0.404596
0.001046 0.404629
0.001046 0.404662
0.001046 0.404679
0.001046 0.404713
0.001046 0.404729
0.001046 0.404763
0.001056 0.404779
0.001056 0.404813
0.001056 0.404830
0.001056 0.404896
0.001056 0.404913
0.001056 0.404963
0.001056 0.405030
0.001056 0.405097
0.001056 0.405130
0.001056 0.405197
0.001056 0.405231
0.001056 0.405264
0.001056 0.405331
0.001056 0.405364
0.001056 0.405398
0.001056 0.405448
0.001056 0.405465
0.001056 0.405498
0.001056 0.405515
0.001056 0.405582
0.001056 0.405632
0.001056 0.405665
0.001056 0.405699
0.001056 0.405832
0.001056 0.405866
0.001056 0.405899
0.001056 0.405932
0.001056 0.405983
0.001056 0.406016
0.001056 0.406066
0.001056 0.406133
0.001056 0.406200
0.001056 0.406217
0.001056 0.406250
0.001056 0.406267
0.001056 0.406334
0.001066 0.406350
0.001066 0.406384
0.001066 0.406584
0.001066 0.406618
0.001066 0.406668
0.001087 0.406668
0.001087 0.406684
0.001087 0.406718
0.001097 0.406718
0.001097 0.406751
0.001097 0.406768
0.001097 0.406801
0.001097 0.406818
0.001097 0.406852
0.001097 0.406868
0.001097 0.406935
0.001097 0.406969
0.001097 0.407002
0.001097 0.407019
0.001097 0.407052
0.001097 0.407102
0.001107 0.407102
0.001107 0.407136
0.001107 0.407186
0.001107 0.407219
0.001107 0.407286
0.001107 0.407336
0.001107 0.407386
0.001107 0.407420
0.001107 0.407453
0.001107 0.407487
0.001107 0.407503
0.001118 0.407503
0.001118 0.407537
0.001118 0.407553
0.001118 0.407620
0.001118 0.407654
0.001118 0.407670
0.001128 0.407687
0.001128 0.407754
0.001128 0.407821
0.001128 0.407888
0.001128 0.407921
0.001128 0.407971
0.001128 0.408005
0.001128 0.408055
0.001128 0.408072
0.001128 0.408122
0.001128 0.408155
0.001138 0.408189
0.001138 0.408205
0.001138 0.408239
0.001138 0.408255
0.001148 0.408272
0.001148 0.408322
0.001148 0.408389
0.001148 0.408406
0.001148 0.408439
0.001159 0.408456
0.001159 0.408506
0.001159 0.408573
0.001159 0.408606
0.001159 0.408640
0.001159 0.408707
0.001159 0.408773
0.001159 0.408807
0.001159 0.408857
0.001159 0.408924
0.001169 0.408941
0.001169 0.408974
0.001169 0.409007
0.001169 0.409074
0.001179 0.409074
0.001179 0.409108
0.001179 0.409141
0.001179 0.409174
0.001179 0.409225
0.001179 0.409258
0.001179 0.409325
0.001179 0.409342
0.001179 0.409375
0.001179 0.409392
0.001179 0.409442
0.001179 0.409475
0.001179 0.409509
0.001179 0.409525
0.001189 0.409525
0.001189 0.409559
0.001189 0.409626
0.001200 0.409626
0.001200 0.409642
0.001200 0.409676
0.001200 0.409709
0.001200 0.409743
0.001200 0.409776
0.001200 0.409809
0.001200 0.409826
0.001200 0.409876
0.001200 0.409893
0.001200 0.409943
0.001200 0.409977
0.001200 0.410043
0.001210 0.410060
0.001210 0.410160
0.001220 0.410160
0.001220 0.410227
0.001220 0.410378
0.001220 0.410411
0.001220 0.410428
0.001220 0.410495
0.001220 0.410578
0.001220 0.410628
0.001220 0.410662
0.001220 0.410729
0.001220 0.410762
0.001220 0.410795
0.001220 0.410846
0.001220 0.410862
0.001220 0.410912
0.001220 0.410946
0.001220 0.410996
0.001220 0.411013
0.001220 0.411046
0.001220 0.411063
0.001220 0.411096
0.001230 0.411096
0.001230 0.411130
0.001230 0.411163
0.001230 0.411213
0.001230 0.411263
0.001230 0.411280
0.001230 0.411314
0.001230 0.411330
0.001241 0.411330
0.001241 0.411347
0.001241 0.411397
0.001241 0.411414
0.001241 0.411497
0.001241 0.411531
0.001241 0.411631
0.001241 0.411681
0.001241 0.411748
0.001241 0.411765
0.001251 0.411765
0.001251 0.411781
0.001251 0.411815
0.001251 0.411882
0.001251 0.411915
0.001261 0.411932
0.001261 0.411965
0.001261 0.411999
0.001261 0.412015
0.001261 0.412066
0.001261 0.412082
0.001261 0.412116
0.001261 0.412166
0.001261 0.412182
0.001261 0.412216
0.001261 0.412233
0.001261 0.412299
0.001261 0.412350
0.001271 0.412350
0.001271 0.412416
0.001271 0.412483
0.001282 0.412500
0.001282 0.412517
0.001282 0.412550
0.001282 0.412584
0.001282 0.412617
0.001282 0.412734
0.001282 0.412767
0.001282 0.412851
0.001282 0.412934
0.001282 0.412968
0.001282 0.413018
0.001282 0.413051
0.001282 0.413102
0.001282 0.413118
0.001282 0.413152
0.001282 0.413202
0.001282 0.413302
0.001282 0.413336
0.001282 0.413402
0.001282 0.413436
0.001282 0.413519
0.001282 0.413536
0.001282 0.413586
0.001282 0.413603
0.001292 0.413603
0.001292 0.413636
0.001292 0.413686
0.001302 0.413703
0.001302 0.413720
0.001302 0.413787
0.001302 0.413837
0.001302 0.413870
0.001302 0.413887
0.001312 0.413887
0.001312 0.413987
0.001312 0.414021
0.001312 0.414054
0.001323 0.414071
0.001323 0.414088
0.001323 0.414188
0.001323 0.414255
0.001333 0.414255
0.001333 0.414271
0.001333 0.414305
0.001333 0.414338
0.001333 0.414372
0.001333 0.414405
0.001333 0.414439
0.001333 0.414455
0.001333 0.414489
0.001333 0.414505
0.001333 0.414539
0.001333 0.414589
0.001333 0.414622
0.001333 0.414656
0.001333 0.414689
0.001333 0.414706
0.001333 0.414739
0.001333 0.414756
0.001333 0.414806
0.001333 0.414856
0.001333 0.414890
0.001333 0.414923
0.001333 0.414973
0.001333 0.415040
0.001333 0.415090
0.001333 0.415274
0.001333 0.415307
0.001333 0.415358
0.001333 0.415408
0.001333 0.415424
0.001333 0.415491
0.001333 0.415575
0.001343 0.415592
0.001343 0.415642
0.001343 0.415658
0.001353 0.415725
0.001353 0.415759
0.001353 0.415842
0.001353 0.415876
0.001364 0.415892
0.001364 0.415909
0.001364 0.415943
0.001364 0.415959
0.001364 0.416009
0.001364 0.416026
0.001364 0.416093
0.001364 0.416143
0.001364 0.416176
0.001364 0.416210
0.001364 0.416260
0.001364 0.416277
0.001364 0.416310
0.001364 0.416327
0.001364 0.416394
0.001364 0.416444
0.001364 0.416527
0.001364 0.416561
0.001364 0.416578
0.001364 0.416611
0.001364 0.416661
0.001364 0.416711
0.001364 0.416745
0.001374 0.416745
0.001374 0.416778
0.001374 0.416811
0.001374 0.416845
0.001384 0.416845
0.001384 0.416878
0.001384 0.416912
0.001384 0.416962
0.001384 0.417029
0.001384 0.417079
0.001384 0.417096
0.001384 0.417129
0.001384 0.417146
0.001384 0.417196
0.001384 0.417213
0.001384 0.417246
0.001384 0.417263
0.001384 0.417296
0.001384 0.417346
0.001384 0.417413
0.001384 0.417463
0.001384 0.417480
0.001384 0.417513
0.001384 0.417530
0.001384 0.417597
0.001384 0.417614
0.001384 0.417714
0.001384 0.417747
0.001395 0.417747
0.001395 0.417781
0.001395 0.417848
0.001395 0.417898
0.001405 0.417898
0.001415 0.417965
0.001415 0.417981
0.001415 0.418015
0.001415 0.418065
0.001415 0.418165
0.001425 0.418182
0.001425 0.418299
0.001436 0.418299
0.001436 0.418332
0.001436 0.418366
0.001436 0.418399
0.001436 0.418483
0.001436 0.418533
0.001436 0.418583
0.001436 0.418616
0.001436 0.418666
0.001436 0.418767
0.001436 0.418817
0.001436 0.418850
0.001436 0.418867
0.001436 0.418934
0.001436 0.418951
0.001436 0.418984
0.001436 0.419017
0.001436 0.419084
0.001436 0.419134
0.001436 0.419168
0.001436 0.419201
0.001436 0.419268
0.001436 0.419318
0.001436 0.419385
0.001436 0.419402
0.001446 0.419402
0.001446 0.419435
0.001446 0.419469
0.001446 0.419502
0.001446 0.419535
0.001446 0.419569
0.001446 0.419602
0.001446 0.419619
0.001446 0.419652
0.001446 0.419703
0.001456 0.419719
0.001456 0.419753
0.001456 0.419820
0.001456 0.419886
0.001456 0.419953
0.001456 0.420020
0.001466 0.420053
0.001466 0.420104
0.001466 0.420170
0.001466 0.420204
0.001477 0.420204
0.001477 0.420237
0.001487 0.420237
0.001487 0.420304
0.001487 0.420338
0.001487 0.420371
0.001497 0.420371
0.001497 0.420421
0.001497 0.420622
0.001497 0.420655
0.001497 0.420689
0.001497 0.420722
0.001497 0.420755
0.001497 0.420805
0.001497 0.420822
0.001497 0.420956
0.001497 0.421006
0.001497 0.421073
0.001497 0.421140
0.001497 0.421190
0.001497 0.421223
0.001497 0.421257
0.001497 0.421290
0.001497 0.421324
0.001507 0.421340
0.001507 0.421390
0.001507 0.421424
0.001507 0.421441
0.001507 0.421474
0.001507 0.421507
0.001507 0.421541
0.001507 0.421641
0.001507 0.421658
0.001507 0.421691
0.001507 0.421741
0.001507 0.421775
0.001507 0.421808
0.001507 0.421842
0.001507 0.421908
0.001507 0.421942
0.001507 0.422009
0.001507 0.422076
0.001507 0.422092
0.001507 0.422193
0.001518 0.422226
0.001518 0.422276
0.001518 0.422326
0.001518 0.422360
0.001518 0.422393
0.001518 0.422410
0.001528 0.422410
0.001528 0.422443
0.001528 0.422510
0.001538 0.422510
0.001538 0.422543
0.001538 0.422594
0.001538 0.422627
0.001538 0.422660
0.001538 0.422761
0.001538 0.422777
0.001548 0.422777
0.001548 0.422878
0.001548 0.422978
0.001548 0.423028
0.001548 0.423061
0.001548 0.423078
0.001548 0.423112
0.001548 0.423162
0.001559 0.423178
0.001559 0.423212
0.001559 0.423346
0.001569 0.423346
0.001569 0.423412
0.001569 0.423463
0.001569 0.423479
0.001579 0.423479
0.001579 0.423529
0.001579 0.423546
0.001579 0.423580
0.001579 0.423630
0.001579 0.423646
0.001579 0.423680
0.001589 0.423713
0.001589 0.423730
0.001589 0.423780
0.001589 0.423814
0.001589 0.423864
0.001589 0.423897
0.001589 0.423914
0.001589 0.423964
0.001589 0.423997
0.001589 0.424031
0.001589 0.424081
0.001589 0.424114
0.001600 0.424164
0.001600 0.424198
0.001600 0.424231
0.001600 0.424248
0.001600 0.424281
0.001600 0.424348
0.001600 0.424398
0.001600 0.424465
0.001600 0.424566
0.001610 0.424599
0.001610 0.424632
0.001610 0.424666
0.001610 0.424716
0.001610 0.424749
0.001610 0.424783
0.001610 0.424799
0.001610 0.424866
0.001610 0.424900
0.001610 0.424933
0.001610 0.424983
0.001610 0.425017
0.001610 0.425033
0.001620 0.425033
0.001620 0.425150
0.001620 0.425284
0.001620 0.425318
0.001630 0.425334
0.001630 0.425384
0.001641 0.425451
0.001641 0.425485
0.001641 0.425518
0.001641 0.425585
0.001641 0.425618
0.001651 0.425635
0.001651 0.425668
0.001651 0.425685
0.001651 0.425735
0.001651 0.425752
0.001651 0.425802
0.001651 0.425836
0.001651 0.425852
0.001651 0.425886
0.001651 0.425919
0.001651 0.425969
0.001651 0.426003
0.001651 0.426070
0.001651 0.426120
0.001651 0.426153
0.001651 0.426186
0.001651 0.426220
0.001651 0.426270
0.001651 0.426337
0.001651 0.426354
0.001651 0.426387
0.001661 0.426387
0.001661 0.426404
0.001661 0.426437
0.001661 0.426471
0.001661 0.426504
0.001661 0.426588
0.001671 0.426588
0.001671 0.426621
0.001671 0.426688
0.001671 0.426771
0.001671 0.426838
0.001671 0.426872
0.001671 0.426939
0.001671 0.426955
0.001671 0.426989
0.001671 0.427005
0.001671 0.427039
0.001671 0.427055
0.001671 0.427106
0.001671 0.427139
0.001671 0.427172
0.001671 0.427206
0.001671 0.427223
0.001671 0.427256
0.001671 0.427273
0.001671 0.427340
0.001671 0.427406
0.001671 0.427473
0.001671 0.427523
0.001671 0.427540
0.001671 0.427640
0.001671 0.427657
0.001671 0.427691
0.001671 0.427741
0.001682 0.427741
0.001682 0.427791
0.001682 0.427841
0.001682 0.427858
0.001682 0.427924
0.001682 0.427975
0.001682 0.427991
0.001682 0.428025
0.001682 0.428142
0.001682 0.428175
0.001682 0.428242
0.001682 0.428275
0.001682 0.428292
0.001682 0.428326
0.001682 0.428376
0.001682 0.428409
0.001682 0.428543
0.001682 0.428610
0.001682 0.428643
0.001682 0.428676
0.001682 0.428743
0.001682 0.428894
0.001682 0.428910
0.001682 0.428944
0.001682 0.428961
0.001682 0.428994
0.001682 0.429027
0.001692 0.429027
0.001692 0.429061
0.001692 0.429094
0.001692 0.429144
0.001692 0.429195
0.001692 0.429211
0.001692 0.429245
0.001692 0.429378
0.001692 0.429428
0.001692 0.429462
0.001692 0.429495
0.001692 0.429512
0.001692 0.429545
0.001692 0.429579
0.001692 0.429646
0.001692 0.429763
0.001692 0.429830
0.001692 0.429880
0.001692 0.429913
0.001692 0.429930
0.001692 0.429980
0.001692 0.430013
0.001692 0.430064
0.001692 0.430097
0.001692 0.430130
0.001692 0.430164
0.001692 0.430180
0.001692 0.430214
0.001692 0.430247
0.001692 0.430281
0.001692 0.430314
0.001702 0.430314
0.001702 0.430331
0.001702 0.430364
0.001702 0.430431
0.001712 0.430431
0.001723 0.430448
0.001723 0.430498
0.001723 0.430531
0.001723 0.430582
0.001733 0.430582
0.001733 0.430598
0.001733 0.430665
0.001733 0.430682
0.001733 0.430715
0.001733 0.430732
0.001743 0.430732
0.001743 0.430799
0.001743 0.430816
0.001743 0.430866
0.001743 0.430899
0.001743 0.430932
0.001743 0.430966
0.001743 0.430999
0.001743 0.431049
0.001753 0.431049
0.001753 0.431083
0.001753 0.431166
0.001764 0.431166
0.001764 0.431183
0.001764 0.431233
0.001764 0.431267
0.001764 0.431334
0.001764 0.431350
0.001764 0.431417
0.001764 0.431451
0.001764 0.431517
0.001764 0.431601
0.001764 0.431651
0.001764 0.431701
0.001774 0.431701
0.001774 0.431751
0.001784 0.431751
0.001784 0.431768
0.001784 0.431835
0.001794 0.431852
0.001794 0.431885
0.001794 0.431918
0.001794 0.431952
0.001805 0.432002
0.001805 0.432035
0.001805 0.432069
0.001805 0.432102
0.001805 0.432119
0.001805 0.432186
0.001805 0.432253
0.001805 0.432286
0.001805 0.432353
0.001805 0.432420
0.001805 0.432453
0.001805 0.432470
0.001805 0.432503
0.001805 0.432520
0.001805 0.432587
0.001805 0.432637
0.001805 0.432737
0.001805 0.432754
0.001805 0.432888
0.001805 0.432938
0.001815 0.432938
0.001815 0.432971
0.001815 0.433038
0.001815 0.433072
0.001815 0.433105
0.001815 0.433155
0.001815 0.433172
0.001815 0.433205
0.001815 0.433305
0.001815 0.433456
0.001815 0.433489
0.001815 0.433523
0.001815 0.433590
0.001815 0.433623
0.001815 0.433640
0.001815 0.433673
0.001815 0.433740
0.001825 0.433757
0.001825 0.433790
0.001825 0.433807
0.001825 0.433874
0.001825 0.433974
0.001825 0.434041
0.001825 0.434141
0.001825 0.434174
0.001835 0.434258
0.001835 0.434291
0.001846 0.434291
0.001846 0.434342
0.001846 0.434375
0.001846 0.434425
0.001846 0.434459
0.001846 0.434592
0.001846 0.434642
0.001856 0.434659
0.001856 0.434709
0.001856 0.434776
0.001856 0.434809
0.001856 0.434826
0.001856 0.434893
0.001856 0.434993
0.001856 0.435027
0.001856 0.435060
0.001856 0.435094
0.001856 0.435127
0.001856 0.435144
0.001866 0.435144
0.001866 0.435194
0.001866 0.435261
0.001866 0.435277
0.001866 0.435311
0.001876 0.435311
0.001876 0.435361
0.001876 0.435394
0.001876 0.435428
0.001876 0.435445
0.001876 0.435495
0.001876 0.435561
0.001876 0.435595
0.001876 0.435628
0.001876 0.435695
0.001876 0.435729
0.001876 0.435745
0.001887 0.435779
0.001887 0.435812
0.001897 0.435812
0.001897 0.435829
0.001907 0.435829
0.001907 0.435862
0.001907 0.435929
0.001907 0.436013
0.001907 0.436046
0.001907 0.436080
0.001917 0.436080
0.001917 0.436163
0.001917 0.436213
0.001917 0.436247
0.001917 0.436280
0.001917 0.436314
0.001928 0.436314
0.001928 0.436364
0.001938 0.436364
0.001938 0.436380
0.001938 0.436414
0.001938 0.436481
0.001938 0.436514
0.001938 0.436531
0.001948 0.436547
0.001948 0.436631
0.001948 0.436664
0.001948 0.436715
0.001948 0.436748
0.001948 0.436765
0.001948 0.436798
0.001948 0.436898
0.001948 0.436932
0.001958 0.436932
0.001958 0.436965
0.001958 0.437015
0.001958 0.437082
0.001958 0.437132
0.001958 0.437199
0.001958 0.437266
0.001958 0.437299
0.001969 0.437316
0.001969 0.437333
0.001969 0.437366
0.001979 0.437366
0.001979 0.437433
0.001979 0.437483
0.001979 0.437517
0.001979 0.437584
0.001989 0.437634
0.001989 0.437667
0.001989 0.437734
0.001989 0.437767
0.001989 0.437884
0.001989 0.437934
0.001989 0.438001
0.001989 0.438118
0.001989 0.438168
0.001989 0.438235
0.001989 0.438302
0.001999 0.438302
0.001999 0.438319
0.002010 0.438319
0.002010 0.438369
0.002020 0.438386
0.002020 0.438402
0.002020 0.438453
0.002020 0.438469
0.002020 0.438570
0.002020 0.438653
0.002020 0.438720
0.002020 0.438770
0.002020 0.438803
0.002020 0.438887
0.002020 0.438954
0.002020 0.439004
0.002020 0.439037
0.002020 0.439088
0.002020 0.439121
0.002020 0.439188
0.002020 0.439205
0.002020 0.439238
0.002020 0.439271
0.002020 0.439338
0.002020 0.439355
0.002020 0.439388
0.002020 0.439422
0.002020 0.439472
0.002020 0.439505
0.002020 0.439522
0.002020 0.439622
0.002020 0.439706
0.002020 0.439739
0.002020 0.439756
0.002020 0.439789
0.002020 0.439806
0.002020 0.439840
0.002020 0.439890
0.002020 0.439957
0.002020 0.440007
0.002020 0.440057
0.002030 0.440057
0.002030 0.440090
0.002030 0.440107
0.002030 0.440174
0.002030 0.440224
0.002030 0.440291
0.002030 0.440307
0.002030 0.440341
0.002041 0.440341
0.002041 0.440391
0.002041 0.440424
0.002041 0.440458
0.002041 0.440525
0.002041 0.440558
0.002041 0.440592
0.002041 0.440642
0.002051 0.440658
0.002051 0.440675
0.002061 0.440675
0.002061 0.440709
0.002061 0.440742
0.002061 0.440792
0.002061 0.440826
0.002061 0.440892
0.002061 0.440993
0.002061 0.441009
0.002061 0.441043
0.002061 0.441059
0.002061 0.441110
0.002061 0.441143
0.002061 0.441193
0.002061 0.441227
0.002071 0.441227
0.002071 0.441293
0.002071 0.441327
0.002071 0.441360
0.002071 0.441394
0.002071 0.441444
0.002082 0.441444
0.002082 0.441461
0.002082 0.441511
0.002082 0.441544
0.002092 0.441611
0.002092 0.441644
0.002092 0.441661
0.002092 0.441695
0.002092 0.441711
0.002092 0.441745
0.002102 0.441745
0.002102 0.441795
0.002102 0.441845
0.002102 0.441878
0.002102 0.441928
0.002102 0.441979
0.002102 0.442012
0.002102 0.442062
0.002112 0.442112
0.002123 0.442112
0.002123 0.442146
0.002123 0.442179
0.002123 0.442196
0.002133 0.442213
0.002133 0.442246
0.002133 0.442279
0.002133 0.442363
0.002143 0.442363
0.002143 0.442396
0.002153 0.442413
0.002153 0.442463
0.002153 0.442547
0.002164 0.442580
0.002164 0.442614
0.002164 0.442630
0.002184 0.442664
0.002184 0.442697
0.002184 0.442731
0.002184 0.442881
0.002194 0.442881
0.002194 0.442981
0.002194 0.443015
0.002194 0.443065
0.002194 0.443098
0.002194 0.443115
0.002194 0.443148
0.002194 0.443215
0.002194 0.443282
0.002194 0.443316
0.002205 0.443316
0.002205 0.443349
0.002215 0.443349
0.002215 0.443449
0.002215 0.443483
0.002215 0.443516
0.002225 0.443516
0.002225 0.443549
0.002225 0.443583
0.002225 0.443666
0.002235 0.443666
0.002235 0.443700
0.002235 0.443800
0.002235 0.443817
0.002235 0.443850
0.002235 0.443867
0.002235 0.443951
0.002235 0.444134
0.002235 0.444168
0.002246 0.444168
0.002246 0.444218
0.002256 0.444218
0.002256 0.444251
0.002256 0.444352
0.002256 0.444452
0.002266 0.444469
0.002266 0.444502
0.002266 0.444652
0.002266 0.444686
0.002266 0.444753
0.002266 0.444803
0.002266 0.444820
0.002276 0.444820
0.002276 0.444870
0.002276 0.444886
0.002276 0.444920
0.002276 0.444953
0.002276 0.445003
0.002276 0.445020
0.002276 0.445087
0.002287 0.445104
0.002287 0.445137
0.002287 0.445170
0.002287 0.445271
0.002287 0.445338
0.002287 0.445371
0.002287 0.445388
0.002307 0.445388
0.002307 0.445455
0.002307 0.445505
0.002307 0.445538
0.002307 0.445572
0.002307 0.445638
0.002307 0.445672
0.002328 0.445672
0.002328 0.445772
0.002338 0.445772
0.002338 0.445805
0.002338 0.445856
0.002338 0.445872
0.002338 0.445906
0.002338 0.445922
0.002338 0.446023
0.002338 0.446056
0.002338 0.446090
0.002338 0.446140
0.002338 0.446173
0.002338 0.446190
0.002338 0.446257
0.002338 0.446273
0.002348 0.446290
0.002348 0.446357
0.002348 0.446424
0.002348 0.446491
0.002358 0.446491
0.002358 0.446507
0.002358 0.446574
0.002358 0.446591
0.002358 0.446641
0.002358 0.446741
0.002358 0.446808
0.002358 0.446858
0.002358 0.446925
0.002358 0.446942
0.002358 0.446975
0.002358 0.447009
0.002358 0.447042
0.002369 0.447042
0.002369 0.447076
0.002369 0.447109
0.002369 0.447126
0.002369 0.447176
0.002369 0.447193
0.002369 0.447243
0.002369 0.447276
0.002369 0.447326
0.002369 0.447360
0.002369 0.447376
0.002369 0.447443
0.002369 0.447460
0.002379 0.447477
0.002379 0.447510
0.002379 0.447527
0.002379 0.447577
0.002379 0.447610
0.002379 0.447644
0.002379 0.447660
0.002389 0.447677
0.002389 0.447711
0.002389 0.447811
0.002389 0.447844
0.002389 0.447861
0.002399 0.447861
0.002399 0.447961
0.002399 0.448011
0.002399 0.448045
0.002399 0.448145
0.002399 0.448162
0.002399 0.448262
0.002399 0.448279
0.002399 0.448312
0.002399 0.448329
0.002399 0.448362
0.002399 0.448379
0.002410 0.448379
0.002410 0.448446
0.002410 0.448479
0.002410 0.448613
0.002410 0.448646
0.002410 0.448680
0.002410 0.448713
0.002410 0.448747
0.002410 0.448780
0.002410 0.448814
0.002420 0.448814
0.002420 0.448864
0.002420 0.448880
0.002420 0.449014
0.002420 0.449047
0.002420 0.449081
0.002420 0.449098
0.002420 0.449131
0.002420 0.449164
0.002430 0.449198
0.002430 0.449215
0.002430 0.449265
0.002430 0.449315
0.002430 0.449348
0.002430 0.449382
0.002430 0.449415
0.002430 0.449449
0.002430 0.449482
0.002430 0.449549
0.002440 0.449582
0.002451 0.449599
0.002451 0.449632
0.002451 0.449649
0.002461 0.449666
0.002461 0.449699
0.002461 0.449799
0.002461 0.449816
0.002471 0.449883
0.002481 0.449883
0.002481 0.449933
0.002481 0.449967
0.002481 0.449983
0.002481 0.450017
0.002481 0.450033
0.002492 0.450050
0.002492 0.450067
0.002512 0.450067
0.002512 0.450117
0.002512 0.450150
0.002512 0.450217
0.002512 0.450301
0.002512 0.450334
0.002512 0.450351
0.002512 0.450401
0.002512 0.450434
0.002512 0.450485
0.002512 0.450501
0.002512 0.450551
0.002512 0.450585
0.002512 0.450652
0.002512 0.450685
0.002512 0.450719
0.002512 0.450785
0.002512 0.450852
0.002512 0.450886
0.002522 0.450886
0.002522 0.450953
0.002533 0.450953
0.002533 0.450986
0.002533 0.451003
0.002543 0.451019
0.002543 0.451120
0.002543 0.451153
0.002543 0.451220
0.002553 0.451220
0.002553 0.451237
0.002553 0.451270
0.002553 0.451287
0.002553 0.451387
0.002553 0.451437
0.002553 0.451471
0.002553 0.451504
0.002563 0.451504
0.002563 0.451537
0.002563 0.451554
0.002563 0.451588
0.002563 0.451688
0.002563 0.451721
0.002574 0.451755
0.002574 0.451805
0.002574 0.451872
0.002574 0.451888
0.002574 0.451955
0.002574 0.452005
0.002574 0.452039
0.002584 0.452072
0.002584 0.452089
0.002584 0.452156
0.002584 0.452172
0.002584 0.452206
0.002584 0.452239
0.002584 0.452289
0.002584 0.452306
0.002594 0.452340
0.002594 0.452373
0.002594 0.452406
0.002594 0.452423
0.002594 0.452457
0.002594 0.452523
0.002594 0.452590
0.002594 0.452607
0.002604 0.452607
0.002604 0.452624
0.002604 0.452657
0.002604 0.452674
0.002604 0.452741
0.002604 0.452774
0.002604 0.452874
0.002615 0.452891
0.002615 0.452975
0.002615 0.453041
0.002615 0.453108
0.002615 0.453158
0.002615 0.453192
0.002625 0.453209
0.002625 0.453259
0.002625 0.453292
0.002625 0.453326
0.002635 0.453326
0.002635 0.453359
0.002635 0.453392
0.002635 0.453409
0.002635 0.453443
0.002635 0.453459
0.002635 0.453493
0.002635 0.453526
0.002635 0.453626
0.002635 0.453643
0.002635 0.453676
0.002635 0.453693
0.002635 0.453793
0.002635 0.453860
0.002635 0.453894
0.002635 0.453927
0.002635 0.453961
0.002635 0.453977
0.002635 0.454044
0.002635 0.454061
0.002635 0.454094
0.002645 0.454094
0.002645 0.454111
0.002645 0.454144
0.002645 0.454195
0.002645 0.454228
0.002645 0.454261
0.002645 0.454295
0.002656 0.454295
0.002656 0.454328
0.002656 0.454345
0.002666 0.454345
0.002676 0.454362
0.002676 0.454428
0.002676 0.454462
0.002676 0.454529
0.002676 0.454562
0.002676 0.454629
0.002676 0.454662
0.002676 0.454679
0.002676 0.454713
0.002676 0.454796
0.002676 0.454830
0.002686 0.454830
0.002686 0.454846
0.002686 0.454913
0.002686 0.454930
0.002686 0.454963
0.002686 0.454980
0.002697 0.454980
0.002697 0.454997
0.002707 0.455047
0.002707 0.455080
0.002707 0.455147
0.002707 0.455214
0.002717 0.455231
0.002717 0.455331
0.002717 0.455364
0.002717 0.455381
0.002717 0.455414
0.002717 0.455465
0.002717 0.455498
0.002728 0.455531
0.002728 0.455582
0.002728 0.455615
0.002728 0.455682
0.002728 0.455699
0.002728 0.455749
0.002728 0.455866
0.002728 0.455899
0.002728 0.455916
0.002738 0.455916
0.002738 0.455932
0.002748 0.455949
0.002748 0.455966
0.002758 0.455966
0.002758 0.456033
0.002758 0.456049
0.002758 0.456100
0.002758 0.456133
0.002758 0.456183
0.002758 0.456200
0.002769 0.456217
0.002769 0.456250
0.002769 0.456317
0.002769 0.456367
0.002769 0.456417
0.002769 0.456451
0.002779 0.456467
0.002779 0.456551
0.002779 0.456584
0.002779 0.456601
0.002779 0.456634
0.002779 0.456684
0.002779 0.456718
0.002779 0.456751
0.002779 0.456801
0.002779 0.456835
0.002779 0.456868
0.002779 0.456935
0.002779 0.456985
0.002779 0.457086
0.002779 0.457119
0.002779 0.457152
0.002779 0.457253
0.002789 0.457253
0.002789 0.457286
0.002789 0.457336
0.002789 0.457386
0.002789 0.457436
0.002789 0.457487
0.002789 0.457553
0.002789 0.457570
0.002789 0.457604
0.002789 0.457654
0.002789 0.457687
0.002789 0.457737
0.002789 0.457754
0.002789 0.457804
0.002789 0.457904
0.002789 0.457955
0.002789 0.458005
0.002789 0.458021
0.002799 0.458038
0.002799 0.458055
0.002810 0.458072
0.002820 0.458072
0.002820 0.458105
0.002820 0.458122
0.002820 0.458189
0.002820 0.458222
0.002820 0.458255
0.002830 0.458255
0.002830 0.458272
0.002830 0.458305
0.002830 0.458322
0.002830 0.458389
0.002840 0.458406
0.002840 0.458456
0.002851 0.458456
0.002851 0.458489
0.002851 0.458556
0.002861 0.458556
0.002861 0.458573
0.002861 0.458606
0.002861 0.458640
0.002871 0.458640
0.002871 0.458707
0.002871 0.458740
0.002871 0.458773
0.002871 0.458807
0.002871 0.458857
0.002871 0.458941
0.002871 0.458991
0.002871 0.459024
0.002871 0.459091
0.002871 0.459124
0.002871 0.459158
0.002871 0.459225
0.002871 0.459275
0.002881 0.459275
0.002912 0.459275
0.002912 0.459308
0.002912 0.459358
0.002922 0.459392
0.002922 0.459442
0.002922 0.459475
0.002922 0.459492
0.002922 0.459559
0.002922 0.459592
0.002943 0.459592
0.002943 0.459626
0.002943 0.459659
0.002943 0.459693
0.002943 0.459726
0.002943 0.459826
0.002953 0.459826
0.002953 0.459860
0.002953 0.459926
0.002953 0.459960
0.002953 0.459977
0.002953 0.460027
0.002953 0.460043
0.002953 0.460077
0.002953 0.460144
0.002953 0.460211
0.002963 0.460211
0.002963 0.460227
0.002963 0.460261
0.002963 0.460277
0.002974 0.460344
0.002974 0.460378
0.002984 0.460394
0.002984 0.460411
0.002984 0.460445
0.002984 0.460461
0.002984 0.460528
0.002984 0.460561
0.002984 0.460628
0.002994 0.460628
0.002994 0.460695
0.003004 0.460712
0.003004 0.460729
0.003004 0.460762
0.003015 0.460812
0.003015 0.460846
0.003015 0.460896
0.003015 0.460929
0.003025 0.460946
0.003025 0.460979
0.003025 0.461046
0.003025 0.461080
0.003025 0.461096
0.003025 0.461146
0.003025 0.461180
0.003025 0.461230
0.003025 0.461280
0.003045 0.461297
0.003045 0.461314
0.003045 0.461380
0.003045 0.461430
0.003045 0.461464
0.003045 0.461481
0.003045 0.461531
0.003045 0.461598
0.003045 0.461664
0.003045 0.461681
0.003045 0.461715
0.003045 0.461731
0.003045 0.461832
0.003056 0.461832
0.003056 0.461932
0.003056 0.461949
0.003066 0.461965
0.003066 0.462015
0.003076 0.462049
0.003076 0.462082
0.003076 0.462116
0.003076 0.462182
0.003076 0.462283
0.003086 0.462283
0.003086 0.462299
0.003086 0.462333
0.003086 0.462350
0.003086 0.462383
0.003086 0.462400
0.003086 0.462467
0.003086 0.462517
0.003086 0.462567
0.003097 0.462584
0.003097 0.462767
0.003097 0.462801
0.003097 0.462818
0.003097 0.462851
0.003097 0.462918
0.003097 0.462951
0.003097 0.462985
0.003097 0.463035
0.003097 0.463068
0.003097 0.463102
0.003097 0.463118
0.003097 0.463152
0.003097 0.463202
0.003097 0.463235
0.003097 0.463302
0.003107 0.463302
0.003107 0.463319
0.003107 0.463352
0.003107 0.463369
0.003107 0.463419
0.003107 0.463436
0.003107 0.463503
0.003107 0.463553
0.003107 0.463603
0.003107 0.463636
0.003107 0.463686
0.003107 0.463720
0.003107 0.463770
0.003107 0.463803
0.003117 0.463820
0.003117 0.463837
0.003127 0.463837
0.003127 0.463870
0.003127 0.463937
0.003127 0.463954
0.003127 0.464021
0.003127 0.464037
0.003127 0.464088
0.003127 0.464104
0.003138 0.464121
0.003138 0.464171
0.003138 0.464205
0.003138 0.464322
0.003138 0.464372
0.003138 0.464388
0.003148 0.464422
0.003148 0.464455
0.003148 0.464505
0.003148 0.464555
0.003148 0.464606
0.003168 0.464606
0.003168 0.464622
0.003168 0.464656
0.003168 0.464706
0.003179 0.464723
0.003189 0.464723
0.003199 0.464739
0.003199 0.464773
0.003209 0.464789
0.003209 0.464806
0.003209 0.464840
0.003209 0.464890
0.003209 0.464906
0.003209 0.464957
0.003209 0.465090
0.003209 0.465107
0.003209 0.465174
0.003209 0.465224
0.003209 0.465257
0.003209 0.465324
0.003209 0.465358
0.003209 0.465408
0.003220 0.465424
0.003230 0.465424
0.003230 0.465475
0.003230 0.465491
0.003240 0.465491
0.003240 0.465592
0.003250 0.465608
0.003250 0.465642
0.003250 0.465675
0.003250 0.465692
0.003250 0.465725
0.003250 0.465792
0.003250 0.465809
0.003250 0.465842
0.003250 0.465943
0.003261 0.465943
0.003261 0.465959
0.003261 0.466026
0.003261 0.466076
0.003261 0.466143
0.003261 0.466160
0.003261 0.466193
0.003261 0.466243
0.003261 0.466310
0.003271 0.466327
0.003271 0.466394
0.003271 0.466427
0.003271 0.466461
0.003271 0.466477
0.003271 0.466544
0.003271 0.466594
0.003281 0.466594
0.003281 0.466611
0.003281 0.466644
0.003291 0.466644
0.003291 0.466661
0.003302 0.466678
0.003302 0.466711
0.003312 0.466711
0.003312 0.466728
0.003322 0.466745
0.003322 0.466761
0.003322 0.466795
0.003322 0.466828
0.003322 0.466878
0.003322 0.466912
0.003322 0.466979
0.003322 0.467112
0.003322 0.467246
0.003322 0.467296
0.003322 0.467330
0.003322 0.467430
0.003322 0.467447
0.003322 0.467497
0.003322 0.467580
0.003322 0.467614
0.003322 0.467630
0.003322 0.467664
0.003322 0.467680
0.003332 0.467680
0.003332 0.467714
0.003332 0.467731
0.003353 0.467764
0.003353 0.467848
0.003353 0.467898
0.003353 0.467931
0.003353 0.467981
0.003373 0.467981
0.003373 0.468015
0.003373 0.468065
0.003373 0.468098
0.003373 0.468132
0.003373 0.468165
0.003373 0.468182
0.003373 0.468215
0.003373 0.468232
0.003373 0.468265
0.003373 0.468282
0.003384 0.468299
0.003394 0.468299
0.003394 0.468316
0.003394 0.468366
0.003394 0.468399
0.003394 0.468432
0.003394 0.468516
0.003394 0.468549
0.003394 0.468600
0.003404 0.468600
0.003404 0.468700
0.003404 0.468767
0.003404 0.468800
0.003404 0.468900
0.003404 0.468917
0.003404 0.468951
0.003404 0.468967
0.003404 0.469001
0.003404 0.469017
0.003404 0.469068
0.003404 0.469084
0.003415 0.469118
0.003415 0.469168
0.003415 0.469201
0.003415 0.469235
0.003415 0.469268
0.003415 0.469318
0.003415 0.469352
0.003415 0.469435
0.003425 0.469452
0.003425 0.469485
0.003425 0.469519
0.003425 0.469569
0.003425 0.469636
0.003425 0.469669
0.003435 0.469719
0.003435 0.469736
0.003435 0.469769
0.003435 0.469803
0.003456 0.469803
0.003456 0.469836
0.003466 0.469870
0.003466 0.469886
0.003466 0.469920
0.003466 0.469970
0.003466 0.470003
0.003476 0.470003
0.003476 0.470020
0.003476 0.470053
0.003476 0.470070
0.003497 0.470070
0.003497 0.470087
0.003497 0.470137
0.003497 0.470154
0.003497 0.470187
0.003507 0.470187
0.003507 0.470204
0.003507 0.470237
0.003507 0.470287
0.003507 0.470388
0.003507 0.470421
0.003507 0.470438
0.003517 0.470455
0.003517 0.470555
0.003517 0.470588
0.003517 0.470605
0.003527 0.470622
0.003527 0.470672
0.003527 0.470739
0.003527 0.470789
0.003527 0.470805
0.003527 0.470839
0.003527 0.470872
0.003527 0.470906
0.003527 0.470973
0.003527 0.471006
0.003527 0.471056
0.003527 0.471090
0.003538 0.471123
0.003538 0.471173
0.003548 0.471207
0.003548 0.471240
0.003548 0.471273
0.003548 0.471324
0.003548 0.471424
0.003568 0.471441
0.003568 0.471541
0.003568 0.471557
0.003579 0.471591
0.003579 0.471624
0.003579 0.471641
0.003579 0.471674
0.003579 0.471691
0.003579 0.471741
0.003579 0.471775
0.003579 0.471842
0.003589 0.471858
0.003589 0.471892
0.003589 0.471942
0.003589 0.471975
0.003589 0.472025
0.003589 0.472092
0.003589 0.472126
0.003589 0.472159
0.003589 0.472176
0.003599 0.472193
0.003599 0.472226
0.003609 0.472226
0.003609 0.472243
0.003620 0.472243
0.003620 0.472259
0.003620 0.472293
0.003620 0.472309
0.003630 0.472309
0.003630 0.472376
0.003630 0.472426
0.003630 0.472493
0.003630 0.472594
0.003630 0.472644
0.003640 0.472660
0.003640 0.472677
0.003640 0.472711
0.003640 0.472727
0.003640 0.472761
0.003650 0.472761
0.003650 0.472828
0.003650 0.472861
0.003650 0.472928
0.003650 0.472961
0.003650 0.473045
0.003650 0.473095
0.003650 0.473128
0.003650 0.473162
0.003650 0.473212
0.003650 0.473262
0.003650 0.473312
0.003650 0.473346
0.003650 0.473396
0.003650 0.473446
0.003650 0.473479
0.003650 0.473496
0.003650 0.473529
0.003650 0.473630
0.003650 0.473697
0.003661 0.473697
0.003661 0.473730
0.003661 0.473763
0.003661 0.473814
0.003661 0.473830
0.003661 0.473864
0.003661 0.473914
0.003661 0.473947
0.003661 0.473964
0.003661 0.474031
0.003661 0.474081
0.003661 0.474131
0.003671 0.474148
0.003671 0.474164
0.003671 0.474198
0.003671 0.474231
0.003681 0.474365
0.003691 0.474382
0.003691 0.474432
0.003691 0.474465
0.003702 0.474515
0.003722 0.474532
0.003722 0.474566
0.003722 0.474582
0.003732 0.474599
0.003732 0.474632
0.003732 0.474666
0.003732 0.474682
0.003732 0.474716
0.003732 0.474749
0.003732 0.474883
0.003732 0.474900
0.003732 0.474950
0.003743 0.474967
0.003743 0.475017
0.003743 0.475084
0.003743 0.475117
0.003743 0.475217
0.003743 0.475251
0.003743 0.475284
0.003743 0.475351
0.003743 0.475384
0.003743 0.475418
0.003753 0.475434
0.003753 0.475468
0.003753 0.475485
0.003753 0.475518
0.003753 0.475685
0.003763 0.475702
0.003763 0.475735
0.003763 0.475785
0.003773 0.475819
0.003773 0.475852
0.003784 0.475886
0.003784 0.475919
0.003784 0.475953
0.003784 0.475969
0.003784 0.476003
0.003784 0.476070
0.003784 0.476120
0.003784 0.476136
0.003784 0.476170
0.003784 0.476186
0.003784 0.476220
0.003784 0.476270
0.003784 0.476287
0.003784 0.476320
0.003784 0.476370
0.003784 0.476404
0.003784 0.476420
0.003784 0.476454
0.003784 0.476487
0.003784 0.476521
0.003784 0.476537
0.003784 0.476621
0.003784 0.476638
0.003784 0.476705
0.003784 0.476755
0.003784 0.476855
0.003784 0.476872
0.003784 0.476905
0.003784 0.476955
0.003794 0.476955
0.003794 0.476989
0.003804 0.477005
0.003804 0.477022
0.003804 0.477089
0.003804 0.477172
0.003804 0.477223
0.003804 0.477256
0.003804 0.477323
0.003814 0.477340
0.003814 0.477373
0.003814 0.477406
0.003825 0.477406
0.003825 0.477423
0.003825 0.477473
0.003825 0.477607
0.003825 0.477674
0.003845 0.477674
0.003845 0.477691
0.003845 0.477741
0.003855 0.477741
0.003855 0.477774
0.003876 0.477807
0.003886 0.477824
0.003907 0.477824
0.003907 0.477858
0.003907 0.477891
0.003907 0.477908
0.003907 0.477941
0.003907 0.477958
0.003917 0.477975
0.003917 0.478008
0.003917 0.478041
0.003917 0.478058
0.003917 0.478092
0.003927 0.478125
0.003927 0.478142
0.003937 0.478142
0.003937 0.478175
0.003937 0.478225
0.003937 0.478292
0.003937 0.478326
0.003937 0.478376
0.003937 0.478392
0.003958 0.478426
0.003958 0.478459
0.003958 0.478493
0.003968 0.478493
0.003968 0.478526
0.003968 0.478593
0.003968 0.478626
0.003968 0.478693
0.003968 0.478743
0.003968 0.478760
0.003968 0.478793
0.003968 0.478827
0.003968 0.478860
0.003968 0.478877
0.003978 0.478877
0.003978 0.478894
0.003978 0.478944
0.003978 0.478977
0.003989 0.478977
0.003989 0.479011
0.003989 0.479044
0.003989 0.479078
0.003989 0.479128
0.003989 0.479195
0.003989 0.479278
0.003989 0.479378
0.003999 0.479412
0.003999 0.479428
0.004009 0.479428
0.004009 0.479479
0.004009 0.479495
0.004009 0.479529
0.004009 0.479562
0.004009 0.479629
0.004009 0.479646
0.004009 0.479679
0.004019 0.479679
0.004019 0.479696
0.004030 0.479729
0.004030 0.479779
0.004030 0.479796
0.004030 0.479846
0.004030 0.479863
0.004040 0.479863
0.004040 0.479913
0.004040 0.479930
0.004040 0.479980
0.004040 0.480013
0.004040 0.480064
0.004040 0.480080
0.004040 0.480147
0.004040 0.480180
0.004040 0.480247
0.004040 0.480264
0.004040 0.480297
0.004040 0.480364
0.004050 0.480381
0.004050 0.480398
0.004050 0.480448
0.004050 0.480481
0.004060 0.480481
0.004060 0.480498
0.004060 0.480531
0.004060 0.480565
0.004060 0.480632
0.004060 0.480665
0.004060 0.480715
0.004060 0.480749
0.004081 0.480765
0.004081 0.480816
0.004081 0.480849
0.004081 0.480899
0.004081 0.480916
0.004081 0.480949
0.004081 0.480999
0.004081 0.481066
0.004081 0.481083
0.004091 0.481083
0.004091 0.481150
0.004091 0.481183
0.004091 0.481233
0.004091 0.481283
0.004102 0.481283
0.004102 0.481350
0.004102 0.481434
0.004102 0.481467
0.004122 0.481467
0.004122 0.481501
0.004122 0.481534
0.004122 0.481551
0.004132 0.481551
0.004132 0.481584
0.004143 0.481584
0.004153 0.481601
0.004153 0.481668
0.004153 0.481684
0.004163 0.481701
0.004163 0.481718
0.004163 0.481751
0.004163 0.481768
0.004163 0.481835
0.004163 0.481885
0.004163 0.481918
0.004163 0.481952
0.004163 0.482019
0.004163 0.482136
0.004163 0.482186
0.004163 0.482203
0.004163 0.482269
0.004163 0.482303
0.004163 0.482336
0.004163 0.482403
0.004163 0.482436
0.004163 0.482453
0.004163 0.482503
0.004163 0.482570
0.004173 0.482587
0.004194 0.482620
0.004194 0.482721
0.004194 0.482754
0.004194 0.482771
0.004194 0.482821
0.004194 0.482854
0.004194 0.482871
0.004204 0.482871
0.004204 0.482988
0.004204 0.483055
0.004204 0.483088
0.004204 0.483105
0.004204 0.483138
0.004204 0.483155
0.004214 0.483155
0.004214 0.483189
0.004214 0.483222
0.004214 0.483255
0.004214 0.483289
0.004214 0.483356
0.004225 0.483389
0.004225 0.483422
0.004225 0.483439
0.004225 0.483473
0.004235 0.483473
0.004245 0.483489
0.004245 0.483523
0.004245 0.483590
0.004255 0.483590
0.004255 0.483606
0.004255 0.483656
0.004255 0.483690
0.004255 0.483707
0.004266 0.483723
0.004266 0.483773
0.004266 0.483840
0.004266 0.483874
0.004266 0.483907
0.004266 0.483924
0.004266 0.483991
0.004266 0.484007
0.004276 0.484024
0.004276 0.484057
0.004276 0.484091
0.004276 0.484141
0.004276 0.484158
0.004276 0.484291
0.004286 0.484308
0.004286 0.484342
0.004286 0.484375
0.004286 0.484459
0.004286 0.484475
0.004296 0.484475
0.004296 0.484509
0.004307 0.484509
0.004307 0.484626
0.004317 0.484676
0.004317 0.484726
0.004317 0.484776
0.004317 0.484793
0.004317 0.484926
0.004317 0.484977
0.004317 0.485060
0.004317 0.485110
0.004317 0.485160
0.004327 0.485160
0.004327 0.485194
0.004327 0.485244
0.004327 0.485277
0.004327 0.485328
0.004327 0.485361
0.004327 0.485378
0.004337 0.485378
0.004337 0.485394
0.004348 0.485394
0.004348 0.485411
0.004348 0.485445
0.004348 0.485495
0.004348 0.485561
0.004348 0.485628
0.004358 0.485628
0.004358 0.485662
0.004358 0.485695
0.004358 0.485712
0.004368 0.485712
0.004368 0.485729
0.004378 0.485745
0.004378 0.485779
0.004378 0.485829
0.004389 0.485846
0.004389 0.485912
0.004389 0.485979
0.004389 0.485996
0.004389 0.486029
0.004389 0.486046
0.004389 0.486080
0.004389 0.486096
0.004389 0.486130
0.004389 0.486180
0.004389 0.486197
0.004389 0.486230
0.004389 0.486297
0.004389 0.486330
0.004399 0.486330
0.004399 0.486347
0.004409 0.486347
0.004409 0.486364
0.004409 0.486397
0.004409 0.486447
0.004409 0.486531
0.004409 0.486581
0.004409 0.486598
0.004409 0.486631
0.004419 0.486631
0.004419 0.486648
0.004419 0.486681
0.004419 0.486731
0.004419 0.486765
0.004419 0.486815
0.004419 0.486832
0.004430 0.486865
0.004430 0.486949
0.004430 0.487049
0.004430 0.487116
0.004430 0.487132
0.004430 0.487182
0.004440 0.487182
0.004440 0.487233
0.004440 0.487283
0.004440 0.487299
0.004440 0.487333
0.004450 0.487333
0.004450 0.487383
0.004450 0.487416
0.004450 0.487450
0.004450 0.487500
0.004450 0.487517
0.004460 0.487517
0.004460 0.487650
0.004460 0.487684
0.004471 0.487717
0.004471 0.487818
0.004471 0.487851
0.004471 0.487884
0.004471 0.487918
0.004471 0.487951
0.004471 0.488018
0.004471 0.488068
0.004471 0.488102
0.004471 0.488152
0.004471 0.488202
0.004471 0.488235
0.004471 0.488285
0.004471 0.488352
0.004481 0.488352
0.004481 0.488469
0.004481 0.488503
0.004481 0.488519
0.004481 0.488570
0.004491 0.488586
0.004491 0.488620
0.004491 0.488653
0.004491 0.488670
0.004491 0.488720
0.004491 0.488787
0.004491 0.488887
0.004491 0.488920
0.004491 0.488954
0.004491 0.488971
0.004491 0.489004
0.004491 0.489021
0.004491 0.489121
0.004491 0.489138
0.004491 0.489205
0.004491 0.489221
0.004501 0.489238
0.004501 0.489271
0.004512 0.489288
0.004512 0.489338
0.004532 0.489338
0.004532 0.489439
0.004532 0.489505
0.004532 0.489539
0.004542 0.489555
0.004542 0.489589
0.004542 0.489606
0.004553 0.489622
0.004553 0.489656
0.004563 0.489672
0.004563 0.489689
0.004563 0.489723
0.004563 0.489739
0.004563 0.489773
0.004563 0.489823
0.004563 0.489856
0.004563 0.489906
0.004563 0.490074
0.004563 0.490090
0.004573 0.490090
0.004573 0.490124
0.004583 0.490124
0.004583 0.490174
0.004583 0.490207
0.004583 0.490224
0.004583 0.490257
0.004583 0.490341
0.004583 0.490374
0.004583 0.490424
0.004594 0.490424
0.004594 0.490458
0.004594 0.490525
0.004604 0.490541
0.004604 0.490575
0.004604 0.490608
0.004604 0.490625
0.004604 0.490692
0.004614 0.490692
0.004614 0.490775
0.004614 0.490826
0.004614 0.490842
0.004624 0.490876
0.004624 0.490943
0.004624 0.490976
0.004624 0.491026
0.004624 0.491059
0.004624 0.491076
0.004624 0.491143
0.004635 0.491143
0.004635 0.491210
0.004635 0.491227
0.004635 0.491277
0.004635 0.491310
0.004635 0.491344
0.004635 0.491360
0.004635 0.491394
0.004635 0.491410
0.004635 0.491444
0.004635 0.491461
0.004635 0.491494
0.004635 0.491544
0.004635 0.491578
0.004635 0.491628
0.004635 0.491661
0.004635 0.491695
0.004635 0.491745
0.004635 0.491778
0.004635 0.491795
0.004635 0.491845
0.004635 0.491878
0.004635 0.491895
0.004635 0.491928
0.004635 0.491979
0.004635 0.492012
0.004635 0.492129
0.004635 0.492179
0.004635 0.492246
0.004635 0.492263
0.004645 0.492263
0.004645 0.492296
0.004645 0.492363
0.004645 0.492430
0.004645 0.492513
0.004645 0.492547
0.004645 0.492564
0.004645 0.492597
0.004655 0.492597
0.004665 0.492614
0.004665 0.492630
0.004676 0.492630
0.004676 0.492647
0.004676 0.492680
0.004676 0.492797
0.004676 0.492831
0.004676 0.492848
0.004676 0.492881
0.004676 0.492931
0.004676 0.492965
0.004676 0.493031
0.004676 0.493065
0.004676 0.493115
0.004686 0.493115
0.004686 0.493148
0.004706 0.493148
0.004717 0.493165
0.004717 0.493182
0.004717 0.493232
0.004717 0.493249
0.004717 0.493282
0.004717 0.493316
0.004717 0.493382
0.004717 0.493432
0.004717 0.493483
0.004717 0.493549
0.004717 0.493616
0.004717 0.493666
0.004717 0.493717
0.004717 0.493750
0.004717 0.493800
0.004717 0.493834
0.004727 0.493834
0.004727 0.493951
0.004727 0.493984
0.004727 0.494017
0.004727 0.494051
0.004727 0.494084
0.004737 0.494084
0.004737 0.494134
0.004737 0.494168
0.004748 0.494184
0.004748 0.494301
0.004748 0.494335
0.004748 0.494352
0.004758 0.494352
0.004758 0.494385
0.004758 0.494435
0.004758 0.494485
0.004758 0.494619
0.004758 0.494652
0.004758 0.494686
0.004758 0.494703
0.004768 0.494736
0.004778 0.494753
0.004778 0.494786
0.004778 0.494853
0.004789 0.494853
0.004789 0.494953
0.004789 0.494987
0.004789 0.495003
0.004789 0.495154
0.004789 0.495204
0.004789 0.495237
0.004789 0.495254
0.004799 0.495254
0.004799 0.495321
0.004809 0.495321
0.004809 0.495388
0.004819 0.495404
0.004819 0.495471
0.004819 0.495521
0.004819 0.495555
0.004819 0.495572
0.004819 0.495605
0.004830 0.495638
0.004830 0.495672
0.004840 0.495672
0.004840 0.495689
0.004840 0.495722
0.004840 0.495772
0.004840 0.495789
0.004840 0.495839
0.004840 0.495856
0.004840 0.495906
0.004840 0.495939
0.004840 0.495973
0.004850 0.495973
0.004850 0.495989
0.004850 0.496023
0.004850 0.496073
0.004860 0.496123
0.004860 0.496156
0.004860 0.496190
0.004860 0.496207
0.004860 0.496273
0.004871 0.496273
0.004871 0.496307
0.004881 0.496324
0.004881 0.496357
0.004881 0.496424
0.004881 0.496524
0.004881 0.496541
0.004881 0.496574
0.004881 0.496591
0.004891 0.496608
0.004891 0.496641
0.004891 0.496674
0.004891 0.496741
0.004891 0.496758
0.004891 0.496825
0.004901 0.496842
0.004901 0.496858
0.004901 0.496892
0.004901 0.496908
0.004901 0.496959
0.004901 0.496992
0.004901 0.497025
0.004901 0.497042
0.004901 0.497092
0.004901 0.497109
0.004901 0.497176
0.004901 0.497209
0.004901 0.497243
0.004901 0.497293
0.004901 0.497309
0.004912 0.497326
0.004912 0.497360
0.004922 0.497360
0.004922 0.497376
0.004922 0.497443
0.004922 0.497510
0.004922 0.497543
0.004922 0.497610
0.004932 0.497644
0.004932 0.497677
0.004932 0.497777
0.004932 0.497828
0.004932 0.497861
0.004932 0.497878
0.004953 0.497878
0.004953 0.497911
0.004953 0.497961
0.004953 0.498011
0.004963 0.498028
0.004963 0.498061
0.004963 0.498162
0.004963 0.498178
0.004963 0.498279
0.004983 0.498279
0.004983 0.498312
0.004983 0.498329
0.004983 0.498429
0.004983 0.498446
0.004983 0.498479
0.004983 0.498513
0.004994 0.498546
0.004994 0.498730
0.004994 0.498797
0.004994 0.498847
0.004994 0.498880
0.004994 0.498964
0.004994 0.498997
0.005004 0.499064
0.005004 0.499081
0.005014 0.499081
0.005014 0.499114
0.005014 0.499248
0.005035 0.499248
0.005035 0.499281
0.005035 0.499315
0.005035 0.499465
0.005035 0.499532
0.005035 0.499582
0.005035 0.499616
0.005055 0.499649
0.005055 0.499682
0.005055 0.499749
0.005055 0.499766
0.005055 0.499799
0.005055 0.499833
0.005055 0.499866
0.005055 0.499900
0.005065 0.499900
0.005086 0.499933
0.005086 0.499950
0.005086 0.500000
0.005086 0.500033
0.005086 0.500084
0.005086 0.500117
0.005096 0.500134
0.005096 0.500167
0.005096 0.500201
0.005096 0.500267
0.005106 0.500284
0.005106 0.500301
0.005117 0.500318
0.005117 0.500351
0.005137 0.500351
0.005137 0.500384
0.005137 0.500401
0.005137 0.500434
0.005137 0.500451
0.005137 0.500501
0.005137 0.500568
0.005137 0.500618
0.005137 0.500652
0.005137 0.500668
0.005137 0.500702
0.005137 0.500752
0.005137 0.500785
0.005147 0.500785
0.005147 0.500802
0.005147 0.500953
0.005147 0.500986
0.005147 0.501036
0.005147 0.501086
0.005147 0.501136
0.005147 0.501170
0.005158 0.501170
0.005158 0.501303
0.005158 0.501320
0.005158 0.501354
0.005158 0.501370
0.005158 0.501437
0.005168 0.501504
0.005168 0.501604
0.005168 0.501638
0.005178 0.501688
0.005188 0.501721
0.005199 0.501721
0.005199 0.501755
0.005199 0.501771
0.005199 0.501838
0.005199 0.501888
0.005199 0.501955
0.005199 0.501972
0.005209 0.501989
0.005219 0.502022
0.005219 0.502072
0.005219 0.502122
0.005229 0.502122
0.005229 0.502156
0.005229 0.502189
0.005240 0.502189
0.005240 0.502256
0.005250 0.502256
0.005250 0.502289
0.005250 0.502340
0.005250 0.502356
0.005250 0.502406
0.005250 0.502440
0.005250 0.502490
0.005250 0.502507
0.005250 0.502557
0.005250 0.502590
0.005250 0.502640
0.005250 0.502674
0.005250 0.502707
0.005260 0.502707
0.005260 0.502741
0.005260 0.502757
0.005260 0.502791
0.005260 0.502807
0.005260 0.502841
0.005260 0.502891
0.005260 0.502924
0.005260 0.502975
0.005260 0.503058
0.005260 0.503158
0.005260 0.503192
0.005260 0.503209
0.005260 0.503242
0.005260 0.503275
0.005260 0.503376
0.005260 0.503409
0.005260 0.503459
0.005260 0.503526
0.005260 0.503559
0.005260 0.503593
0.005260 0.503610
0.005270 0.503643
0.005270 0.503660
0.005270 0.503693
0.005270 0.503743
0.005281 0.503743
0.005291 0.503777
0.005291 0.503793
0.005291 0.503827
0.005291 0.503844
0.005301 0.503877
0.005301 0.503910
0.005301 0.503944
0.005301 0.503977
0.005301 0.503994
0.005301 0.504027
0.005301 0.504078
0.005311 0.504078
0.005322 0.504094
0.005322 0.504161
0.005332 0.504178
0.005332 0.504211
0.005332 0.504295
0.005332 0.504345
0.005342 0.504362
0.005342 0.504395
0.005342 0.504428
0.005342 0.504495
0.005342 0.504529
0.005352 0.504562
0.005352 0.504596
0.005352 0.504646
0.005383 0.504646
0.005383 0.504662
0.005393 0.504679
0.005393 0.504713
0.005404 0.504746
0.005404 0.504830
0.005404 0.504930
0.005404 0.504947
0.005414 0.504947
0.005414 0.504963
0.005414 0.504997
0.005424 0.504997
0.005424 0.505030
0.005424 0.505130
0.005424 0.505164
0.005435 0.505164
0.005435 0.505231
0.005435 0.505281
0.005435 0.505314
0.005435 0.505364
0.005435 0.505431
0.005435 0.505498
0.005435 0.505548
0.005435 0.505598
0.005445 0.505598
0.005445 0.505665
0.005445 0.505682
0.005455 0.505732
0.005455 0.505765
0.005455 0.505866
0.005455 0.505916
0.005455 0.505949
0.005455 0.506116
0.005455 0.506166
0.005455 0.506183
0.005455 0.506250
0.005455 0.506267
0.005455 0.506317
0.005455 0.506384
0.005455 0.506517
0.005455 0.506584
0.005465 0.506584
0.005465 0.506634
0.005465 0.506651
0.005476 0.506651
0.005476 0.506668
0.005476 0.506701
0.005476 0.506768
0.005476 0.506818
0.005476 0.506852
0.005476 0.506902
0.005476 0.506918
0.005476 0.506985
0.005476 0.507002
0.005486 0.507019
0.005486 0.507119
0.005486 0.507152
0.005486 0.507203
0.005486 0.507219
0.005486 0.507286
0.005486 0.507303
0.005486 0.507386
0.005486 0.507470
0.005486 0.507503
0.005486 0.507520
0.005486 0.507654
0.005486 0.507670
0.005486 0.507704
0.005486 0.507721
0.005496 0.507737
0.005496 0.507771
0.005496 0.507804
0.005506 0.507804
0.005506 0.507821
0.005517 0.507821
0.005517 0.507854
0.005517 0.507888
0.005517 0.507921
0.005517 0.507955
0.005517 0.507988
0.005517 0.508055
0.005517 0.508105
0.005517 0.508172
0.005517 0.508239
0.005527 0.508239
0.005527 0.508289
0.005537 0.508289
0.005537 0.508339
0.005537 0.508389
0.005537 0.508422
0.005537 0.508473
0.005537 0.508523
0.005547 0.508539
0.005547 0.508573
0.005547 0.508590
0.005547 0.508623
0.005558 0.508623
0.005558 0.508640
0.005568 0.508690
0.005578 0.508707
0.005578 0.508723
0.005588 0.508757
0.005588 0.508824
0.005599 0.508824
0.005599 0.508890
0.005609 0.508890
0.005609 0.508924
0.005609 0.508941
0.005609 0.509024
0.005609 0.509057
0.005609 0.509091
0.005609 0.509108
0.005619 0.509124
0.005619 0.509191
0.005619 0.509258
0.005619 0.509291
0.005619 0.509358
0.005619 0.509392
0.005619 0.509442
0.005619 0.509509
0.005619 0.509542
0.005619 0.509609
0.005619 0.509626
0.005619 0.509659
0.005619 0.509676
0.005629 0.509759
0.005629 0.509843
0.005629 0.509943
0.005629 0.509977
0.005629 0.510060
0.005640 0.510077
0.005640 0.510127
0.005650 0.510127
0.005650 0.510160
0.005650 0.510227
0.005650 0.510294
0.005650 0.510311
0.005650 0.510344
0.005650 0.510461
0.005650 0.510511
0.005650 0.510528
0.005650 0.510561
0.005650 0.510595
0.005660 0.510612
0.005660 0.510645
0.005660 0.510678
0.005660 0.510729
0.005670 0.510729
0.005670 0.510745
0.005670 0.510795
0.005670 0.510829
0.005681 0.510829
0.005681 0.510912
0.005681 0.510979
0.005681 0.511029
0.005691 0.511029
0.005691 0.511063
0.005701 0.511063
0.005701 0.511080
0.005701 0.511146
0.005701 0.511163
0.005722 0.511180
0.005722 0.511213
0.005722 0.511247
0.005722 0.511280
0.005732 0.511297
0.005732 0.511330
0.005732 0.511397
0.005732 0.511430
0.005732 0.511497
0.005732 0.511531
0.005742 0.511547
0.005752 0.511547
0.005752 0.511581
0.005763 0.511581
0.005763 0.511648
0.005763 0.511664
0.005763 0.511698
0.005773 0.511715
0.005773 0.511731
0.005783 0.511731
0.005783 0.511798
0.005783 0.511848
0.005783 0.511915
0.005783 0.511932
0.005783 0.511982
0.005783 0.512032
0.005793 0.512032
0.005804 0.512049
0.005804 0.512066
0.005804 0.512099
0.005814 0.512099
0.005814 0.512116
0.005814 0.512149
0.005814 0.512182
0.005824 0.512199
0.005824 0.512233
0.005824 0.512249
0.005824 0.512299
0.005824 0.512366
0.005824 0.512383
0.005824 0.512416
0.005824 0.512467
0.005824 0.512500
0.005824 0.512550
0.005824 0.512617
0.005824 0.512650
0.005834 0.512667
0.005834 0.512701
0.005834 0.512717
0.005845 0.512734
0.005845 0.512834
0.005845 0.512884
0.005845 0.512951
0.005845 0.512968
0.005845 0.513001
0.005845 0.513035
0.005845 0.513068
0.005845 0.513085
0.005855 0.513102
0.005855 0.513135
0.005865 0.513135
0.005865 0.513185
0.005865 0.513252
0.005865 0.513302
0.005865 0.513402
0.005865 0.513419
0.005865 0.513453
0.005865 0.513503
0.005865 0.513536
0.005865 0.513620
0.005865 0.513653
0.005875 0.513670
0.005875 0.513686
0.005886 0.513720
0.005886 0.513737
0.005896 0.513753
0.005916 0.513820
0.005916 0.514004
0.005916 0.514037
0.005916 0.514071
0.005916 0.514121
0.005916 0.514171
0.005916 0.514205
0.005916 0.514238
0.005927 0.514238
0.005937 0.514288
0.005937 0.514338
0.005947 0.514338
0.005947 0.514355
0.005947 0.514388
0.005947 0.514422
0.005947 0.514472
0.005947 0.514522
0.005957 0.514539
0.005968 0.514539
0.005968 0.514589
0.005968 0.514622
0.005968 0.514672
0.005968 0.514689
0.005978 0.514706
0.005978 0.514739
0.005988 0.514773
0.005988 0.514840
0.005988 0.514873
0.005998 0.514873
0.005998 0.514890
0.005998 0.514957
0.005998 0.514990
0.005998 0.515023
0.005998 0.515057
0.005998 0.515107
0.006009 0.515124
0.006009 0.515191
0.006009 0.515207
0.006009 0.515257
0.006009 0.515274
0.006019 0.515291
0.006019 0.515341
0.006019 0.515374
0.006019 0.515424
0.006019 0.515491
0.006019 0.515541
0.006029 0.515541
0.006029 0.515558
0.006029 0.515592
0.006029 0.515625
0.006029 0.515675
0.006029 0.515709
0.006039 0.515709
0.006039 0.515725
0.006039 0.515759
0.006050 0.515775
0.006050 0.515826
0.006050 0.515892
0.006050 0.515909
0.006060 0.515926
0.006060 0.516026
0.006060 0.516043
0.006070 0.516076
0.006070 0.516093
0.006070 0.516143
0.006070 0.516176
0.006070 0.516193
0.006080 0.516210
0.006080 0.516243
0.006080 0.516293
0.006080 0.516327
0.006080 0.516344
0.006091 0.516344
0.006091 0.516377
0.006091 0.516410
0.006091 0.516477
0.006091 0.516544
0.006091 0.516578
0.006091 0.516594
0.006091 0.516628
0.006091 0.516661
0.006091 0.516711
0.006091 0.516728
0.006091 0.516828
0.006091 0.516845
0.006091 0.516878
0.006091 0.516945
0.006091 0.516979
0.006101 0.516979
0.006101 0.517029
0.006101 0.517112
0.006101 0.517146
0.006101 0.517246
0.006101 0.517346
0.006101 0.517413
0.006101 0.517447
0.006111 0.517447
0.006111 0.517463
0.006111 0.517530
0.006122 0.517530
0.006122 0.517564
0.006132 0.517580
0.006132 0.517630
0.006132 0.517731
0.006132 0.517797
0.006132 0.517831
0.006132 0.517881
0.006132 0.517898
0.006132 0.517931
0.006132 0.517981
0.006132 0.518115
0.006132 0.518182
0.006142 0.518199
0.006142 0.518215
0.006142 0.518249
0.006142 0.518299
0.006163 0.518299
0.006163 0.518332
0.006183 0.518349
0.006183 0.518382
0.006183 0.518449
0.006183 0.518600
0.006183 0.518633
0.006183 0.518666
0.006193 0.518683
0.006193 0.518717
0.006193 0.518750
0.006193 0.518767
0.006204 0.518783
0.006204 0.518800
0.006204 0.518850
0.006204 0.518917
0.006204 0.518967
0.006204 0.519001
0.006224 0.519017
0.006224 0.519034
0.006224 0.519101
0.006224 0.519134
0.006234 0.519151
0.006245 0.519151
0.006245 0.519251
0.006245 0.519268
0.006245 0.519301
0.006245 0.519335
0.006245 0.519402
0.006245 0.519435
0.006245 0.519469
0.006245 0.519502
0.006255 0.519502
0.006255 0.519569
0.006255 0.519636
0.006255 0.519669
0.006255 0.519703
0.006265 0.519703
0.006265 0.519753
0.006265 0.519769
0.006275 0.519769
0.006275 0.519836
0.006275 0.519870
0.006275 0.519903
0.006275 0.519936
0.006286 0.519936
0.006286 0.520003
0.006286 0.520020
0.006286 0.520053
0.006286 0.520070
0.006296 0.520120
0.006296 0.520187
0.006296 0.520204
0.006296 0.520237
0.006296 0.520271
0.006296 0.520321
0.006296 0.520388
0.006296 0.520404
0.006296 0.520438
0.006296 0.520471
0.006306 0.520538
0.006306 0.520588
0.006306 0.520622
0.006306 0.520655
0.006306 0.520689
0.006337 0.520739
0.006337 0.520755
0.006347 0.520755
0.006347 0.520805
0.006357 0.520822
0.006357 0.520856
0.006368 0.520856
0.006368 0.520889
0.006368 0.520956
0.006368 0.520989
0.006378 0.520989
0.006378 0.521023
0.006398 0.521023
0.006398 0.521056
0.006398 0.521090
0.006398 0.521106
0.006409 0.521106
0.006409 0.521123
0.006409 0.521173
0.006409 0.521190
0.006409 0.521240
0.006409 0.521307
0.006409 0.521340
0.006429 0.521374
0.006429 0.521424
0.006429 0.521457
0.006429 0.521491
0.006439 0.521541
0.006439 0.521591
0.006439 0.521624
0.006439 0.521758
0.006439 0.521791
0.006439 0.521842
0.006450 0.521842
0.006450 0.521858
0.006460 0.521858
0.006460 0.521925
0.006470 0.521942
0.006491 0.521942
0.006501 0.521942
0.006501 0.521992
0.006501 0.522025
0.006501 0.522059
0.006501 0.522092
0.006501 0.522142
0.006501 0.522209
0.006521 0.522226
0.006521 0.522259
0.006532 0.522276
0.006532 0.522309
0.006532 0.522326
0.006532 0.522393
0.006532 0.522410
0.006552 0.522410
0.006552 0.522426
0.006552 0.522460
0.006562 0.522460
0.006562 0.522510
0.006562 0.522543
0.006562 0.522560
0.006562 0.522644
0.006562 0.522694
0.006562 0.522727
0.006562 0.522744
0.006562 0.522794
0.006562 0.522828
0.006573 0.522861
0.006573 0.522878
0.006573 0.522911
0.006573 0.522945
0.006583 0.522961
0.006583 0.523028
0.006583 0.523045
0.006583 0.523078
0.006583 0.523095
0.006583 0.523145
0.006583 0.523162
0.006583 0.523229
0.006593 0.523229
0.006593 0.523279
0.006603 0.523279
0.006603 0.523346
0.006603 0.523412
0.006603 0.523463
0.006603 0.523496
0.006603 0.523513
0.006603 0.523580
0.006603 0.523646
0.006603 0.523680
0.006603 0.523713
0.006614 0.523730
0.006614 0.523830
0.006614 0.523897
0.006624 0.523897
0.006624 0.523914
0.006624 0.523947
0.006624 0.524064
0.006644 0.524098
0.006655 0.524114
0.006655 0.524131
0.006655 0.524164
0.006655 0.524181
0.006655 0.524215
0.006675 0.524215
0.006675 0.524248
0.006675 0.524265
0.006675 0.524298
0.006675 0.524315
0.006675 0.524365
0.006675 0.524382
0.006675 0.524415
0.006675 0.524465
0.006675 0.524499
0.006675 0.524532
0.006675 0.524549
0.006675 0.524582
0.006675 0.524599
0.006685 0.524599
0.006685 0.524632
0.006696 0.524666
0.006696 0.524682
0.006696 0.524716
0.006696 0.524749
0.006696 0.524816
0.006696 0.524866
0.006696 0.524900
0.006696 0.524950
0.006696 0.524983
0.006716 0.524983
0.006716 0.525000
0.006726 0.525000
0.006726 0.525033
0.006726 0.525050
0.006737 0.525050
0.006737 0.525100
0.006737 0.525134
0.006737 0.525150
0.006737 0.525184
0.006737 0.525251
0.006747 0.525251
0.006747 0.525318
0.006747 0.525401
0.006747 0.525434
0.006747 0.525485
0.006747 0.525518
0.006747 0.525585
0.006747 0.525618
0.006757 0.525618
0.006757 0.525685
0.006778 0.525685
0.006778 0.525702
0.006778 0.525752
0.006778 0.525785
0.006778 0.525802
0.006778 0.525852
0.006778 0.525869
0.006778 0.525969
0.006778 0.525986
0.006788 0.525986
0.006788 0.526003
0.006788 0.526103
0.006788 0.526120
0.006809 0.526136
0.006809 0.526186
0.006809 0.526220
0.006809 0.526237
0.006819 0.526253
0.006819 0.526287
0.006819 0.526370
0.006819 0.526404
0.006819 0.526437
0.006819 0.526487
0.006829 0.526487
0.006829 0.526521
0.006839 0.526554
0.006839 0.526588
0.006839 0.526604
0.006839 0.526654
0.006839 0.526755
0.006850 0.526755
0.006850 0.526805
0.006850 0.526838
0.006850 0.526872
0.006850 0.526905
0.006850 0.526922
0.006850 0.526955
0.006850 0.526989
0.006860 0.527022
0.006870 0.527022
0.006870 0.527089
0.006870 0.527106
0.006870 0.527139
0.006870 0.527189
0.006880 0.527206
0.006880 0.527239
0.006880 0.527273
0.006880 0.527289
0.006880 0.527340
0.006880 0.527406
0.006880 0.527423
0.006891 0.527423
0.006891 0.527440
0.006891 0.527473
0.006891 0.527490
0.006911 0.527507
0.006911 0.527523
0.006921 0.527523
0.006921 0.527557
0.006921 0.527607
0.006921 0.527624
0.006932 0.527657
0.006932 0.527757
0.006932 0.527791
0.006932 0.527824
0.006942 0.527824
0.006942 0.527924
0.006942 0.527941
0.006942 0.528008
0.006942 0.528058
0.006942 0.528092
0.006942 0.528125
0.006942 0.528158
0.006952 0.528192
0.006952 0.528225
0.006962 0.528225
0.006962 0.528259
0.006962 0.528292
0.006973 0.528309
0.006973 0.528326
0.006973 0.528392
0.006973 0.528493
0.006983 0.528543
0.006983 0.528593
0.006983 0.528626
0.006983 0.528660
0.006983 0.528693
0.006983 0.528793
0.006983 0.528860
0.006993 0.528877
0.006993 0.528894
0.007003 0.528927
0.007003 0.528961
0.007003 0.528977
0.007014 0.528994
0.007014 0.529027
0.007024 0.529027
0.007024 0.529078
0.007024 0.529144
0.007034 0.529144
0.007034 0.529178
0.007034 0.529228
0.007034 0.529311
0.007034 0.529345
0.007044 0.529378
0.007044 0.529412
0.007065 0.529445
0.007065 0.529479
0.007065 0.529495
0.007065 0.529529
0.007065 0.529596
0.007065 0.529629
0.007065 0.529646
0.007065 0.529713
0.007065 0.529729
0.007065 0.529763
0.007065 0.529779
0.007065 0.529880
0.007065 0.529896
0.007075 0.529896
0.007085 0.529930
0.007085 0.529963
0.007085 0.530013
0.007096 0.530013
0.007096 0.530030
0.007096 0.530064
0.007096 0.530130
0.007096 0.530180
0.007096 0.530214
0.007106 0.530231
0.007106 0.530247
0.007116 0.530247
0.007116 0.530281
0.007116 0.530348
0.007116 0.530398
0.007126 0.530398
0.007126 0.530414
0.007126 0.530465
0.007126 0.530565
0.007126 0.530598
0.007126 0.530632
0.007137 0.530632
0.007147 0.530648
0.007147 0.530682
0.007157 0.530699
0.007178 0.530715
0.007178 0.530799
0.007178 0.530899
0.007178 0.530932
0.007188 0.530932
0.007188 0.530983
0.007188 0.531049
0.007188 0.531066
0.007188 0.531100
0.007198 0.531100
0.007198 0.531150
0.007198 0.531166
0.007198 0.531200
0.007198 0.531334
0.007198 0.531350
0.007208 0.531384
0.007208 0.531400
0.007208 0.531484
0.007208 0.531517
0.007208 0.531584
0.007229 0.531584
0.007229 0.531651
0.007229 0.531684
0.007229 0.531718
0.007229 0.531751
0.007229 0.531785
0.007229 0.531835
0.007229 0.531868
0.007229 0.531885
0.007239 0.531885
0.007249 0.531918
0.007260 0.531918
0.007260 0.531952
0.007260 0.531969
0.007260 0.532002
0.007270 0.532002
0.007270 0.532069
0.007270 0.532102
0.007270 0.532152
0.007270 0.532186
0.007270 0.532203
0.007290 0.532203
0.007290 0.532253
0.007290 0.532320
0.007290 0.532353
0.007301 0.532353
0.007301 0.532386
0.007301 0.532436
0.007301 0.532537
0.007301 0.532604
0.007301 0.532620
0.007301 0.532654
0.007301 0.532670
0.007301 0.532704
0.007301 0.532721
0.007301 0.532754
0.007301 0.532804
0.007301 0.532821
0.007301 0.532854
0.007301 0.532888
0.007301 0.532938
0.007311 0.532971
0.007311 0.533005
0.007311 0.533105
0.007321 0.533122
0.007321 0.533138
0.007321 0.533239
0.007321 0.533305
0.007331 0.533356
0.007331 0.533389
0.007331 0.533422
0.007342 0.533422
0.007342 0.533456
0.007362 0.533473
0.007383 0.533473
0.007383 0.533523
0.007383 0.533556
0.007383 0.533590
0.007393 0.533623
0.007393 0.533673
0.007393 0.533723
0.007393 0.533740
0.007393 0.533773
0.007393 0.533807
0.007403 0.533807
0.007403 0.533857
0.007403 0.533890
0.007403 0.533941
0.007403 0.533974
0.007403 0.533991
0.007403 0.534091
0.007403 0.534124
0.007403 0.534158
0.007403 0.534174
0.007413 0.534225
0.007424 0.534225
0.007424 0.534291
0.007434 0.534308
0.007434 0.534342
0.007434 0.534425
0.007434 0.534509
0.007434 0.534525
0.007444 0.534542
0.007454 0.534542
0.007454 0.534576
0.007454 0.534609
0.007465 0.534626
0.007465 0.534642
0.007475 0.534642
0.007475 0.534709
0.007475 0.534743
0.007485 0.534743
0.007496 0.534759
0.007496 0.534793
0.007496 0.534809
0.007496 0.534860
0.007496 0.534960
0.007496 0.535010
0.007496 0.535060
0.007496 0.535094
0.007496 0.535110
0.007496 0.535160
0.007496 0.535177
0.007506 0.535177
0.007506 0.535211
0.007516 0.535211
0.007516 0.535244
0.007526 0.535244
0.007526 0.535378
0.007537 0.535378
0.007547 0.535411
0.007547 0.535478
0.007547 0.535528
0.007547 0.535561
0.007557 0.535561
0.007567 0.535578
0.007567 0.535612
0.007578 0.535628
0.007578 0.535662
0.007578 0.535678
0.007588 0.535678
0.007588 0.535712
0.007588 0.535745
0.007608 0.535762
0.007608 0.535829
0.007608 0.535846
0.007619 0.535862
0.007629 0.535862
0.007629 0.535879
0.007639 0.535879
0.007639 0.535896
0.007649 0.535896
0.007649 0.535929
0.007649 0.535996
0.007649 0.536013
0.007660 0.536013
0.007670 0.536029
0.007670 0.536096
0.007680 0.536096
0.007680 0.536130
0.007680 0.536146
0.007680 0.536197
0.007680 0.536230
0.007680 0.536263
0.007690 0.536263
0.007690 0.536297
0.007690 0.536330
0.007690 0.536347
0.007690 0.536397
0.007690 0.536414
0.007690 0.536464
0.007690 0.536481
0.007701 0.536481
0.007701 0.536547
0.007711 0.536547
0.007711 0.536581
0.007711 0.536598
0.007711 0.536664
0.007731 0.536698
0.007731 0.536731
0.007742 0.536731
0.007742 0.536765
0.007742 0.536832
0.007742 0.536865
0.007742 0.536882
0.007752 0.536915
0.007762 0.536965
0.007783 0.536965
0.007783 0.536999
0.007793 0.536999
0.007793 0.537032
0.007793 0.537066
0.007803 0.537099
0.007803 0.537116
0.007803 0.537149
0.007813 0.537149
0.007813 0.537166
0.007813 0.537216
0.007824 0.537249
0.007824 0.537283
0.007834 0.537283
0.007834 0.537333
0.007844 0.537350
0.007844 0.537366
0.007854 0.537366
0.007854 0.537433
0.007875 0.537450
0.007875 0.537467
0.007875 0.537500
0.007875 0.537517
0.007875 0.537584
0.007885 0.537584
0.007885 0.537667
0.007885 0.537701
0.007885 0.537734
0.007885 0.537767
0.007885 0.537784
0.007885 0.537834
0.007885 0.537868
0.007885 0.537901
0.007885 0.537934
0.007885 0.537985
0.007885 0.538051
0.007885 0.538068
0.007885 0.538102
0.007885 0.538118
0.007895 0.538118
0.007906 0.538152
0.007906 0.538168
0.007916 0.538219
0.007916 0.538285
0.007916 0.538319
0.007926 0.538319
0.007926 0.538369
0.007926 0.538419
0.007926 0.538486
0.007926 0.538503
0.007926 0.538536
0.007936 0.538553
0.007936 0.538570
0.007936 0.538603
0.007936 0.538636
0.007947 0.538670
0.007947 0.538686
0.007957 0.538686
0.007957 0.538720
0.007957 0.538787
0.007967 0.538787
0.007967 0.538820
0.007977 0.538820
0.007977 0.538837
0.007977 0.538870
0.007988 0.538887
0.007988 0.538904
0.007998 0.538904
0.007998 0.538937
0.007998 0.538971
0.008008 0.538971
0.008018 0.538987
0.008018 0.539004
0.008029 0.539071
0.008029 0.539121
0.008039 0.539154
0.008039 0.539205
0.008039 0.539288
0.008039 0.539305
0.008049 0.539305
0.008049 0.539355
0.008059 0.539355
0.008080 0.539388
0.008080 0.539405
0.008080 0.539472
0.008080 0.539522
0.008080 0.539555
0.008080 0.539572
0.008080 0.539606
0.008090 0.539606
0.008090 0.539639
0.008090 0.539672
0.008111 0.539689
0.008111 0.539723
0.008111 0.539773
0.008111 0.539840
0.008111 0.539873
0.008111 0.539906
0.008111 0.539940
0.008111 0.540074
0.008111 0.540207
0.008111 0.540241
0.008121 0.540241
0.008121 0.540257
0.008131 0.540274
0.008131 0.540341
0.008131 0.540374
0.008131 0.540441
0.008131 0.540475
0.008131 0.540508
0.008131 0.540575
0.008131 0.540625
0.008131 0.540642
0.008131 0.540675
0.008131 0.540692
0.008131 0.540759
0.008131 0.540775
0.008131 0.540809
0.008131 0.540842
0.008131 0.540892
0.008131 0.540943
0.008131 0.540976
0.008142 0.540976
0.008142 0.541026
0.008142 0.541059
0.008142 0.541076
0.008142 0.541110
0.008142 0.541126
0.008152 0.541143
0.008152 0.541193
0.008162 0.541227
0.008162 0.541260
0.008162 0.541293
0.008172 0.541293
0.008183 0.541310
0.008183 0.541394
0.008183 0.541427
0.008183 0.541477
0.008193 0.541477
0.008193 0.541511
0.008203 0.541527
0.008213 0.541578
0.008224 0.541594
0.008224 0.541628
0.008224 0.541661
0.008234 0.541661
0.008234 0.541678
0.008234 0.541745
0.008234 0.541795
0.008234 0.541828
0.008244 0.541828
0.008254 0.541845
0.008254 0.541912
0.008254 0.541928
0.008265 0.541945
0.008265 0.541995
0.008265 0.542029
0.008275 0.542079
0.008275 0.542112
0.008285 0.542129
0.008285 0.542146
0.008285 0.542179
0.008285 0.542196
0.008295 0.542196
0.008295 0.542229
0.008306 0.542229
0.008306 0.542263
0.008306 0.542279
0.008306 0.542346
0.008306 0.542363
0.008306 0.542430
0.008306 0.542564
0.008306 0.542664
0.008306 0.542680
0.008306 0.542714
0.008316 0.542714
0.008316 0.542731
0.008316 0.542797
0.008316 0.542814
0.008316 0.542881
0.008316 0.542914
0.008316 0.542965
0.008326 0.542998
0.008326 0.543031
0.008336 0.543031
0.008336 0.543098
0.008336 0.543148
0.008336 0.543182
0.008336 0.543215
0.008336 0.543316
0.008347 0.543316
0.008347 0.543349
0.008347 0.543366
0.008347 0.543416
0.008357 0.543432
0.008357 0.543466
0.008357 0.543483
0.008357 0.543516
0.008388 0.543516
0.008388 0.543533
0.008398 0.543549
0.008398 0.543566
0.008398 0.543633
0.008398 0.543666
0.008398 0.543700
0.008408 0.543717
0.008408 0.543783
0.008408 0.543800
0.008408 0.543834
0.008418 0.543867
0.008418 0.543900
0.008429 0.543900
0.008429 0.543917
0.008429 0.543984
0.008429 0.544084
0.008429 0.544151
0.008429 0.544168
0.008429 0.544235
0.008429 0.544251
0.008439 0.544251
0.008439 0.544285
0.008439 0.544318
0.008439 0.544352
0.008439 0.544368
0.008439 0.544402
0.008459 0.544402
0.008459 0.544418
0.008470 0.544418
0.008470 0.544435
0.008480 0.544452
0.008500 0.544469
0.008500 0.544485
0.008500 0.544519
0.008511 0.544519
0.008531 0.544586
0.008531 0.544619
0.008531 0.544636
0.008531 0.544669
0.008531 0.544686
0.008531 0.544736
0.008531 0.544769
0.008531 0.544786
0.008531 0.544836
0.008531 0.544870
0.008531 0.544970
0.008541 0.544987
0.008552 0.545020
0.008562 0.545020
0.008572 0.545053
0.008572 0.545070
0.008572 0.545204
0.008572 0.545221
0.008572 0.545287
0.008572 0.545338
0.008572 0.545388
0.008572 0.545421
0.008572 0.545438
0.008582 0.545455
0.008593 0.545455
0.008593 0.545471
0.008603 0.545471
0.008623 0.545471
0.008623 0.545521
0.008623 0.545538
0.008623 0.545572
0.008634 0.545588
0.008634 0.545605
0.008634 0.545638
0.008634 0.545655
0.008634 0.545739
0.008634 0.545755
0.008644 0.545789
0.008644 0.545839
0.008644 0.545889
0.008644 0.545906
0.008654 0.545922
0.008654 0.545956
0.008654 0.545973
0.008664 0.545989
0.008664 0.546073
0.008664 0.546123
0.008664 0.546156
0.008675 0.546190
0.008675 0.546207
0.008685 0.546207
0.008695 0.546223
0.008695 0.546240
0.008695 0.546273
0.008705 0.546273
0.008716 0.546290
0.008716 0.546340
0.008716 0.546374
0.008716 0.546441
0.008716 0.546457
0.008716 0.546507
0.008726 0.546524
0.008726 0.546557
0.008726 0.546591
0.008726 0.546658
0.008726 0.546674
0.008726 0.546708
0.008736 0.546725
0.008736 0.546741
0.008746 0.546741
0.008746 0.546842
0.008746 0.546875
0.008746 0.546908
0.008746 0.546942
0.008746 0.546992
0.008746 0.547042
0.008746 0.547076
0.008746 0.547092
0.008746 0.547159
0.008757 0.547193
0.008767 0.547193
0.008767 0.547226
0.008767 0.547293
0.008767 0.547343
0.008767 0.547393
0.008767 0.547493
0.008767 0.547527
0.008777 0.547543
0.008777 0.547577
0.008787 0.547577
0.008808 0.547610
0.008808 0.547711
0.008808 0.547744
0.008808 0.547794
0.008808 0.547811
0.008818 0.547811
0.008818 0.547844
0.008818 0.547894
0.008829 0.547894
0.008829 0.547911
0.008839 0.547945
0.008839 0.547978
0.008839 0.548028
0.008839 0.548061
0.008839 0.548128
0.008849 0.548128
0.008849 0.548162
0.008859 0.548212
0.008859 0.548245
0.008859 0.548312
0.008859 0.548346
0.008870 0.548429
0.008870 0.548479
0.008880 0.548479
0.008880 0.548513
0.008880 0.548580
0.008880 0.548613
0.008890 0.548630
0.008890 0.548663
0.008900 0.548680
0.008900 0.548713
0.008900 0.548763
0.008911 0.548763
0.008911 0.548797
0.008941 0.548797
0.008941 0.548847
0.008941 0.548880
0.008941 0.548914
0.008952 0.548930
0.008952 0.548964
0.008962 0.548964
0.008982 0.548964
0.008993 0.548964
0.008993 0.549014
0.008993 0.549031
0.009003 0.549047
0.009003 0.549081
0.009013 0.549114
0.009013 0.549148
0.009013 0.549164
0.009013 0.549198
0.009013 0.549215
0.009023 0.549231
0.009034 0.549281
0.009034 0.549298
0.009044 0.549332
0.009044 0.549365
0.009054 0.549365
0.009054 0.549382
0.009054 0.549482
0.009054 0.549515
0.009054 0.549549
0.009054 0.549566
0.009054 0.549599
0.009054 0.549649
0.009054 0.549749
0.009064 0.549749
0.009064 0.549766
0.009064 0.549799
0.009085 0.549816
0.009085 0.549850
0.009085 0.549900
0.009085 0.549916
0.009085 0.549983
0.009085 0.550033
0.009085 0.550050
0.009095 0.550117
0.009095 0.550134
0.009116 0.550134
0.009116 0.550167
0.009116 0.550201
0.009126 0.550234
0.009146 0.550234
0.009146 0.550267
0.009146 0.550301
0.009146 0.550401
0.009146 0.550418
0.009146 0.550518
0.009157 0.550551
0.009157 0.550585
0.009157 0.550635
0.009157 0.550685
0.009157 0.550702
0.009167 0.550735
0.009167 0.550752
0.009177 0.550785
0.009177 0.550802
0.009177 0.550836
0.009177 0.550852
0.009177 0.550902
0.009177 0.550953
0.009187 0.550986
0.009187 0.551019
0.009198 0.551070
0.009198 0.551136
0.009198 0.551237
0.009198 0.551253
0.009208 0.551253
0.009208 0.551270
0.009208 0.551320
0.009208 0.551354
0.009208 0.551404
0.009208 0.551437
0.009208 0.551504
0.009208 0.551571
0.009218 0.551571
0.009218 0.551671
0.009218 0.551721
0.009228 0.551755
0.009228 0.551822
0.009228 0.551855
0.009228 0.551905
0.009228 0.551922
0.009239 0.551922
0.009239 0.551939
0.009239 0.551972
0.009239 0.551989
0.009249 0.552022
0.009259 0.552022
0.009259 0.552055
0.009259 0.552089
0.009259 0.552106
0.009259 0.552139
0.009269 0.552156
0.009269 0.552189
0.009280 0.552189
0.009280 0.552223
0.009280 0.552256
0.009280 0.552289
0.009290 0.552289
0.009310 0.552289
0.009310 0.552323
0.009321 0.552323
0.009321 0.552390
0.009321 0.552440
0.009331 0.552440
0.009331 0.552473
0.009331 0.552490
0.009331 0.552590
0.009331 0.552607
0.009341 0.552607
0.009341 0.552640
0.009341 0.552691
0.009341 0.552707
0.009351 0.552741
0.009362 0.552757
0.009362 0.552791
0.009372 0.552791
0.009372 0.552841
0.009372 0.552908
0.009372 0.552941
0.009372 0.552975
0.009382 0.552975
0.009382 0.553041
0.009382 0.553092
0.009392 0.553092
0.009392 0.553108
0.009392 0.553142
0.009392 0.553192
0.009392 0.553209
0.009392 0.553309
0.009403 0.553326
0.009403 0.553359
0.009403 0.553376
0.009403 0.553409
0.009403 0.553443
0.009403 0.553476
0.009403 0.553509
0.009403 0.553543
0.009413 0.553559
0.009413 0.553576
0.009423 0.553593
0.009423 0.553660
0.009423 0.553676
0.009433 0.553676
0.009433 0.553693
0.009444 0.553693
0.009444 0.553727
0.009454 0.553743
0.009454 0.553777
0.009454 0.553793
0.009454 0.553827
0.009454 0.553894
0.009464 0.553910
0.009464 0.553961
0.009464 0.553994
0.009474 0.553994
0.009474 0.554011
0.009495 0.554027
0.009495 0.554044
0.009495 0.554128
0.009495 0.554178
0.009495 0.554245
0.009495 0.554261
0.009516 0.554261
0.009516 0.554362
0.009516 0.554378
0.009526 0.554412
0.009526 0.554479
0.009536 0.554479
0.009536 0.554579
0.009536 0.554612
0.009536 0.554629
0.009536 0.554662
0.009546 0.554679
0.009546 0.554696
0.009557 0.554713
0.009557 0.554729
0.009567 0.554729
0.009567 0.554763
0.009567 0.554813
0.009567 0.554846
0.009567 0.554863
0.009567 0.554896
0.009577 0.554896
0.009577 0.554913
0.009577 0.554980
0.009577 0.555013
0.009577 0.555064
0.009587 0.555080
0.009587 0.555097
0.009587 0.555130
0.009587 0.555147
0.009608 0.555164
0.009608 0.555197
0.009608 0.555247
0.009608 0.555264
0.009608 0.555364
0.009618 0.555364
0.009618 0.555381
0.009628 0.555431
0.009639 0.555448
0.009639 0.555515
0.009649 0.555515
0.009649 0.555531
0.009649 0.555598
0.009649 0.555615
0.009659 0.555632
0.009680 0.555648
0.009680 0.555699
0.009680 0.555732
0.009680 0.555765
0.009680 0.555816
0.009700 0.555816
0.009710 0.555832
0.009721 0.555832
0.009721 0.555849
0.009731 0.555849
0.009731 0.555882
0.009741 0.555899
0.009741 0.555949
0.009751 0.555949
0.009762 0.555983
0.009762 0.556016
0.009762 0.556066
0.009762 0.556100
0.009762 0.556116
0.009762 0.556150
0.009762 0.556166
0.009762 0.556233
0.009772 0.556267
0.009782 0.556267
0.009782 0.556317
0.009782 0.556350
0.009782 0.556451
0.009792 0.556467
0.009792 0.556517
0.009792 0.556584
0.009792 0.556634
0.009792 0.556651
0.009803 0.556651
0.009803 0.556668
0.009813 0.556718
0.009813 0.556852
0.009823 0.556852
0.009823 0.556902
0.009833 0.556918
0.009833 0.556935
0.009833 0.556985
0.009833 0.557069
0.009844 0.557119
0.009844 0.557152
0.009854 0.557152
0.009874 0.557152
0.009885 0.557186
0.009885 0.557203
0.009885 0.557236
0.009895 0.557236
0.009895 0.557253
0.009895 0.557286
0.009895 0.557303
0.009905 0.557303
0.009905 0.557353
0.009905 0.557386
0.009905 0.557436
0.009905 0.557487
0.009905 0.557537
0.009905 0.557570
0.009905 0.557587
0.009905 0.557654
0.009905 0.557771
0.009905 0.557804
0.009905 0.557821
0.009915 0.557871
0.009915 0.557888
0.009915 0.557921
0.009926 0.557938
0.009926 0.557955
0.009936 0.557971
0.009936 0.557988
0.009946 0.557988
0.009946 0.558055
0.009946 0.558155
0.009946 0.558189
0.009946 0.558205
0.009946 0.558272
0.009967 0.558305
0.009967 0.558339
0.009967 0.558372
0.009967 0.558422
0.009967 0.558489
0.009967 0.558523
0.009967 0.558590
0.009967 0.558623
0.009977 0.558623
0.009977 0.558656
0.009987 0.558673
0.009987 0.558707
0.009997 0.558723
0.010008 0.558723
0.010018 0.558740
0.010018 0.558773
0.010018 0.558807
0.010018 0.558840
0.010018 0.558857
0.010018 0.558907
0.010018 0.558941
0.010018 0.558974
0.010038 0.558974
0.010038 0.559041
0.010038 0.559074
0.010049 0.559108
0.010049 0.559141
0.010049 0.559174
0.010049 0.559225
0.010059 0.559225
0.010059 0.559241
0.010059 0.559275
0.010059 0.559342
0.010069 0.559342
0.010069 0.559375
0.010079 0.559375
0.010079 0.559442
0.010090 0.559442
0.010090 0.559492
0.010090 0.559509
0.010100 0.559509
0.010100 0.559525
0.010110 0.559525
0.010110 0.559576
0.010120 0.559592
0.010120 0.559626
0.010120 0.559659
0.010131 0.559709
0.010131 0.559743
0.010131 0.559759
0.010131 0.559793
0.010131 0.559893
0.010131 0.559960
0.010131 0.559977
0.010131 0.560010
0.010131 0.560043
0.010131 0.560077
0.010131 0.560160
0.010131 0.560194
0.010131 0.560211
0.010141 0.560227
0.010141 0.560261
0.010141 0.560277
0.010151 0.560277
0.010151 0.560328
0.010161 0.560361
0.010161 0.560411
0.010161 0.560428
0.010161 0.560461
0.010161 0.560511
0.010182 0.560528
0.010182 0.560545
0.010182 0.560578
0.010182 0.560612
0.010192 0.560612
0.010192 0.560678
0.010203 0.560695
0.010203 0.560729
0.010203 0.560762
0.010203 0.560779
0.010203 0.560812
0.010213 0.560812
0.010223 0.560829
0.010244 0.560846
0.010244 0.560862
0.010254 0.560862
0.010274 0.560896
0.010274 0.560979
0.010285 0.561013
0.010285 0.561046
0.010285 0.561113
0.010285 0.561130
0.010285 0.561197
0.010285 0.561280
0.010295 0.561297
0.010295 0.561314
0.010305 0.561347
0.010305 0.561364
0.010315 0.561397
0.010315 0.561464
0.010315 0.561514
0.010315 0.561564
0.010315 0.561581
0.010326 0.561581
0.010326 0.561598
0.010336 0.561631
0.010336 0.561681
0.010336 0.561715
0.010346 0.561715
0.010346 0.561815
0.010356 0.561815
0.010367 0.561832
0.010367 0.561848
0.010377 0.561848
0.010397 0.561882
0.010397 0.561982
0.010397 0.562015
0.010408 0.562032
0.010408 0.562082
0.010408 0.562116
0.010418 0.562116
0.010418 0.562149
0.010438 0.562149
0.010438 0.562216
0.010438 0.562233
0.010438 0.562266
0.010438 0.562283
0.010449 0.562299
0.010459 0.562299
0.010459 0.562333
0.010459 0.562366
0.010459 0.562433
0.010459 0.562483
0.010459 0.562517
0.010459 0.562533
0.010459 0.562567
0.010459 0.562584
0.010459 0.562634
0.010459 0.562650
0.010459 0.562784
0.010459 0.562834
0.010459 0.562968
0.010459 0.563035
0.010459 0.563051
0.010469 0.563085
0.010469 0.563102
0.010469 0.563152
0.010469 0.563235
0.010469 0.563285
0.010479 0.563302
0.010479 0.563336
0.010479 0.563369
0.010479 0.563386
0.010490 0.563402
0.010500 0.563402
0.010500 0.563436
0.010510 0.563436
0.010510 0.563469
0.010520 0.563519
0.010520 0.563536
0.010531 0.563536
0.010531 0.563570
0.010531 0.563586
0.010531 0.563653
0.010531 0.563686
0.010531 0.563737
0.010551 0.563737
0.010561 0.563753
0.010572 0.563787
0.010572 0.563820
0.010572 0.563904
0.010572 0.563937
0.010572 0.563971
0.010592 0.563971
0.010592 0.563987
0.010602 0.563987
0.010602 0.564021
0.010602 0.564154
0.010602 0.564171
0.010613 0.564171
0.010613 0.564205
0.010613 0.564255
0.010613 0.564338
0.010613 0.564388
0.010613 0.564439
0.010613 0.564472
0.010613 0.564489
0.010613 0.564539
0.010613 0.564572
0.010633 0.564572
0.010633 0.564606
0.010643 0.564606
0.010643 0.564622
0.010643 0.564689
0.010643 0.564706
0.010643 0.564739
0.010654 0.564739
0.010654 0.564756
0.010664 0.564773
0.010664 0.564806
0.010674 0.564890
0.010674 0.564906
0.010674 0.564957
0.010674 0.564990
0.010674 0.565007
0.010674 0.565040
0.010674 0.565074
0.010674 0.565174
0.010674 0.565191
0.010674 0.565224
0.010674 0.565241
0.010695 0.565274
0.010695 0.565341
0.010695 0.565424
0.010705 0.565424
0.010725 0.565424
0.010725 0.565475
0.010725 0.565508
0.010736 0.565525
0.010736 0.565558
0.010736 0.565608
0.010736 0.565675
0.010736 0.565725
0.010746 0.565759
0.010756 0.565775
0.010756 0.565809
0.010766 0.565809
0.010766 0.565842
0.010766 0.565859
0.010777 0.565876
0.010787 0.565943
0.010797 0.565993
0.010797 0.566026
0.010797 0.566043
0.010797 0.566143
0.010797 0.566193
0.010797 0.566210
0.010797 0.566243
0.010797 0.566277
0.010797 0.566377
0.010807 0.566394
0.010807 0.566461
0.010807 0.566477
0.010807 0.566527
0.010807 0.566594
0.010807 0.566644
0.010807 0.566678
0.010818 0.566678
0.010818 0.566711
0.010828 0.566728
0.010828 0.566778
0.010838 0.566795
0.010838 0.566811
0.010838 0.566845
0.010838 0.566878
0.010849 0.566895
0.010849 0.566912
0.010849 0.566979
0.010849 0.567045
0.010849 0.567096
0.010859 0.567129
0.010859 0.567162
0.010859 0.567179
0.010869 0.567196
0.010869 0.567229
0.010869 0.567263
0.010869 0.567313
0.010879 0.567313
0.010879 0.567346
0.010900 0.567346
0.010910 0.567363
0.010910 0.567396
0.010910 0.567430
0.010920 0.567447
0.010920 0.567480
0.010920 0.567497
0.010920 0.567564
0.010920 0.567580
0.010931 0.567597
0.010931 0.567664
0.010931 0.567714
0.010941 0.567747
0.010951 0.567747
0.010951 0.567814
0.010951 0.567848
0.010961 0.567864
0.010972 0.567864
0.010972 0.567931
0.010972 0.567965
0.010992 0.567965
0.010992 0.567981
0.010992 0.568015
0.010992 0.568031
0.011002 0.568065
0.011002 0.568115
0.011002 0.568148
0.011013 0.568182
0.011013 0.568215
0.011023 0.568232
0.011023 0.568249
0.011023 0.568282
0.011023 0.568399
0.011023 0.568432
0.011023 0.568449
0.011043 0.568449
0.011043 0.568483
0.011043 0.568549
0.011054 0.568566
0.011054 0.568600
0.011054 0.568616
0.011064 0.568650
0.011064 0.568717
0.011064 0.568767
0.011064 0.568800
0.011074 0.568800
0.011074 0.568817
0.011084 0.568834
0.011084 0.568850
0.011095 0.568850
0.011095 0.568884
0.011095 0.568900
0.011095 0.568934
0.011095 0.568984
0.011095 0.569051
0.011095 0.569101
0.011095 0.569134
0.011095 0.569151
0.011105 0.569184
0.011105 0.569218
0.011115 0.569268
0.011115 0.569335
0.011115 0.569352
0.011115 0.569452
0.011115 0.569485
0.011125 0.569502
0.011125 0.569535
0.011125 0.569552
0.011136 0.569569
0.011136 0.569586
0.011136 0.569619
0.011136 0.569636
0.011146 0.569652
0.011156 0.569652
0.011177 0.569669
0.011187 0.569669
0.011187 0.569686
0.011187 0.569719
0.011187 0.569769
0.011187 0.569803
0.011187 0.569836
0.011187 0.569870
0.011187 0.569903
0.011187 0.569970
0.011197 0.569987
0.011197 0.570053
0.011197 0.570087
0.011197 0.570204
0.011197 0.570237
0.011207 0.570237
0.011207 0.570271
0.011207 0.570321
0.011207 0.570354
0.011218 0.570354
0.011218 0.570388
0.011218 0.570421
0.011228 0.570421
0.011228 0.570471
0.011228 0.570538
0.011228 0.570588
0.011238 0.570605
0.011248 0.570605
0.011248 0.570622
0.011248 0.570655
0.011259 0.570655
0.011269 0.570689
0.011269 0.570705
0.011279 0.570705
0.011289 0.570755
0.011289 0.570822
0.011310 0.570822
0.011310 0.570856
0.011320 0.570872
0.011320 0.570956
0.011320 0.571023
0.011320 0.571039
0.011320 0.571073
0.011320 0.571090
0.011320 0.571123
0.011320 0.571173
0.011320 0.571240
0.011330 0.571273
0.011330 0.571307
0.011341 0.571340
0.011351 0.571340
0.011351 0.571390
0.011361 0.571390
0.011361 0.571424
0.011361 0.571507
0.011361 0.571541
0.011361 0.571574
0.011361 0.571624
0.011361 0.571658
0.011361 0.571691
0.011382 0.571725
0.011382 0.571758
0.011382 0.571791
0.011382 0.571825
0.011382 0.571858
0.011392 0.571858
0.011392 0.571875
0.011392 0.571925
0.011392 0.571942
0.011392 0.571975
0.011392 0.572025
0.011392 0.572092
0.011392 0.572109
0.011392 0.572159
0.011392 0.572243
0.011392 0.572276
0.011392 0.572293
0.011392 0.572360
0.011392 0.572376
0.011402 0.572460
0.011423 0.572493
0.011423 0.572527
0.011433 0.572527
0.011433 0.572543
0.011433 0.572577
0.011433 0.572594
0.011433 0.572644
0.011433 0.572660
0.011433 0.572727
0.011443 0.572744
0.011453 0.572744
0.011453 0.572777
0.011464 0.572794
0.011484 0.572828
0.011484 0.572844
0.011484 0.572911
0.011484 0.572928
0.011484 0.572961
0.011484 0.572995
0.011484 0.573128
0.011484 0.573145
0.011494 0.573145
0.011505 0.573162
0.011505 0.573212
0.011505 0.573279
0.011505 0.573295
0.011525 0.573295
0.011525 0.573312
0.011525 0.573346
0.011525 0.573396
0.011536 0.573429
0.011536 0.573479
0.011536 0.573546
0.011556 0.573563
0.011556 0.573596
0.011556 0.573646
0.011556 0.573680
0.011556 0.573780
0.011577 0.573780
0.011587 0.573797
0.011587 0.573830
0.011587 0.573864
0.011587 0.573897
0.011607 0.573897
0.011607 0.573914
0.011607 0.573947
0.011607 0.573964
0.011618 0.573981
0.011618 0.573997
0.011628 0.574031
0.011628 0.574064
0.011628 0.574081
0.011628 0.574131
0.011628 0.574148
0.011638 0.574148
0.011638 0.574181
0.011638 0.574231
0.011648 0.574231
0.011669 0.574265
0.011669 0.574281
0.011669 0.574315
0.011669 0.574365
0.011669 0.574432
0.011669 0.574449
0.011679 0.574482
0.011679 0.574549
0.011679 0.574599
0.011679 0.574616
0.011679 0.574716
0.011689 0.574733
0.011689 0.574783
0.011689 0.574816
0.011689 0.574833
0.011700 0.574833
0.011700 0.574866
0.011700 0.574900
0.011700 0.574916
0.011710 0.574916
0.011710 0.574967
0.011720 0.574983
0.011720 0.575033
0.011720 0.575067
0.011720 0.575084
0.011730 0.575100
0.011730 0.575117
0.011741 0.575134
0.011741 0.575201
0.011741 0.575217
0.011741 0.575284
0.011741 0.575301
0.011751 0.575334
0.011751 0.575368
0.011751 0.575418
0.011751 0.575485
0.011751 0.575518
0.011761 0.575535
0.011761 0.575568
0.011771 0.575585
0.011771 0.575635
0.011771 0.575735
0.011782 0.575735
0.011782 0.575769
0.011782 0.575819
0.011802 0.575852
0.011802 0.575869
0.011812 0.575869
0.011812 0.575886
0.011823 0.575919
0.011843 0.575919
0.011853 0.575919
0.011853 0.575936
0.011864 0.575953
0.011864 0.575986
0.011864 0.576019
0.011874 0.576036
0.011884 0.576036
0.011894 0.576053
0.011894 0.576103
0.011894 0.576136
0.011925 0.576153
0.011925 0.576203
0.011925 0.576220
0.011935 0.576220
0.011935 0.576253
0.011935 0.576420
0.011946 0.576437
0.011946 0.576521
0.011946 0.576537
0.011956 0.576537
0.011956 0.576588
0.011956 0.576621
0.011956 0.576654
0.011966 0.576671
0.011966 0.576705
0.011987 0.576705
0.011987 0.576771
0.011997 0.576788
0.012007 0.576788
0.012007 0.576838
0.012007 0.576905
0.012007 0.576939
0.012017 0.576939
0.012017 0.576955
0.012028 0.576955
0.012028 0.577022
0.012038 0.577072
0.012038 0.577139
0.012069 0.577206
0.012079 0.577223
0.012079 0.577239
0.012089 0.577273
0.012089 0.577306
0.012089 0.577323
0.012089 0.577356
0.012099 0.577373
0.012110 0.577406
0.012110 0.577490
0.012110 0.577523
0.012120 0.577540
0.012130 0.577540
0.012130 0.577607
0.012130 0.577657
0.012161 0.577657
0.012161 0.577674
0.012161 0.577724
0.012161 0.577757
0.012161 0.577807
0.012161 0.577824
0.012171 0.577841
0.012171 0.577858
0.012192 0.577891
0.012192 0.577941
0.012192 0.577991
0.012212 0.578058
0.012223 0.578058
0.012233 0.578092
0.012233 0.578108
0.012243 0.578142
0.012243 0.578192
0.012253 0.578192
0.012253 0.578225
0.012253 0.578275
0.012253 0.578309
0.012264 0.578342
0.012264 0.578392
0.012264 0.578459
0.012264 0.578476
0.012274 0.578476
0.012274 0.578509
0.012274 0.578526
0.012274 0.578593
0.012274 0.578610
0.012274 0.578643
0.012274 0.578676
0.012274 0.578710
0.012274 0.578727
0.012274 0.578760
0.012305 0.578760
0.012305 0.578777
0.012315 0.578793
0.012315 0.578827
0.012315 0.578844
0.012315 0.578894
0.012315 0.578927
0.012315 0.578961
0.012325 0.579011
0.012325 0.579044
0.012335 0.579061
0.012335 0.579078
0.012335 0.579111
0.012335 0.579178
0.012335 0.579228
0.012335 0.579261
0.012335 0.579278
0.012346 0.579278
0.012346 0.579295
0.012366 0.579311
0.012376 0.579328
0.012376 0.579395
0.012387 0.579428
0.012387 0.579462
0.012397 0.579495
0.012407 0.579495
0.012407 0.579562
0.012407 0.579596
0.012407 0.579662
0.012407 0.579696
0.012407 0.579763
0.012407 0.579796
0.012417 0.579846
0.012428 0.579880
0.012428 0.579913
0.012428 0.579930
0.012428 0.579963
0.012428 0.579997
0.012428 0.580030
0.012428 0.580080
0.012438 0.580114
0.012438 0.580147
0.012438 0.580180
0.012438 0.580214
0.012438 0.580247
0.012438 0.580314
0.012438 0.580381
0.012438 0.580431
0.012438 0.580498
0.012438 0.580515
0.012438 0.580548
0.012438 0.580565
0.012438 0.580632
0.012448 0.580682
0.012448 0.580699
0.012458 0.580699
0.012458 0.580715
0.012458 0.580765
0.012458 0.580782
0.012469 0.580816
0.012469 0.580882
0.012469 0.580916
0.012469 0.580966
0.012469 0.580999
0.012469 0.581016
0.012479 0.581033
0.012479 0.581083
0.012479 0.581150
0.012479 0.581183
0.012479 0.581233
0.012489 0.581233
0.012499 0.581250
0.012520 0.581250
0.012520 0.581317
0.012530 0.581400
0.012530 0.581417
0.012540 0.581434
0.012551 0.581434
0.012551 0.581484
0.012551 0.581534
0.012561 0.581534
0.012561 0.581584
0.012561 0.581684
0.012581 0.581684
0.012581 0.581768
0.012581 0.581835
0.012581 0.581885
0.012612 0.581885
0.012612 0.581902
0.012622 0.581935
0.012622 0.581952
0.012633 0.581969
0.012633 0.582002
0.012633 0.582035
0.012633 0.582102
0.012633 0.582119
0.012643 0.582152
0.012653 0.582169
0.012663 0.582169
0.012663 0.582203
0.012674 0.582203
0.012674 0.582286
0.012674 0.582336
0.012684 0.582336
0.012684 0.582370
0.012684 0.582403
0.012684 0.582420
0.012684 0.582520
0.012684 0.582604
0.012684 0.582670
0.012684 0.582704
0.012684 0.582771
0.012694 0.582787
0.012694 0.582854
0.012694 0.582871
0.012694 0.582921
0.012694 0.582955
0.012694 0.582971
0.012704 0.583005
0.012704 0.583038
0.012715 0.583088
0.012715 0.583105
0.012725 0.583205
0.012725 0.583222
0.012735 0.583239
0.012735 0.583272
0.012756 0.583305
0.012756 0.583339
0.012756 0.583372
0.012756 0.583389
0.012766 0.583406
0.012786 0.583406
0.012786 0.583439
0.012807 0.583439
0.012807 0.583473
0.012807 0.583523
0.012817 0.583556
0.012817 0.583590
0.012827 0.583623
0.012827 0.583656
0.012827 0.583673
0.012838 0.583723
0.012838 0.583757
0.012838 0.583773
0.012838 0.583807
0.012838 0.583824
0.012848 0.583824
0.012848 0.583840
0.012858 0.583840
0.012858 0.583857
0.012858 0.583907
0.012858 0.583941
0.012858 0.584091
0.012858 0.584108
0.012858 0.584141
0.012858 0.584158
0.012858 0.584208
0.012858 0.584241
0.012868 0.584241
0.012868 0.584275
0.012889 0.584308
0.012899 0.584358
0.012899 0.584408
0.012899 0.584492
0.012899 0.584525
0.012899 0.584559
0.012910 0.584559
0.012910 0.584576
0.012940 0.584592
0.012940 0.584609
0.012940 0.584676
0.012940 0.584693
0.012951 0.584709
0.012961 0.584759
0.012961 0.584793
0.012971 0.584809
0.012971 0.584843
0.012981 0.584843
0.012981 0.584860
0.012981 0.584893
0.013002 0.584910
0.013002 0.584943
0.013012 0.584943
0.013012 0.584993
0.013033 0.584993
0.013033 0.585010
0.013043 0.585077
0.013043 0.585094
0.013043 0.585127
0.013043 0.585144
0.013043 0.585177
0.013043 0.585261
0.013043 0.585294
0.013043 0.585328
0.013043 0.585344
0.013043 0.585378
0.013043 0.585445
0.013043 0.585478
0.013053 0.585478
0.013063 0.585495
0.013063 0.585545
0.013084 0.585561
0.013084 0.585595
0.013084 0.585628
0.013084 0.585695
0.013094 0.585695
0.013094 0.585745
0.013094 0.585795
0.013094 0.585812
0.013094 0.585862
0.013094 0.585879
0.013104 0.585896
0.013104 0.585929
0.013104 0.586013
0.013104 0.586046
0.013104 0.586096
0.013104 0.586113
0.013104 0.586180
0.013104 0.586213
0.013104 0.586280
0.013104 0.586330
0.013104 0.586347
0.013125 0.586364
0.013135 0.586364
0.013135 0.586380
0.013135 0.586447
0.013135 0.586514
0.013135 0.586547
0.013135 0.586581
0.013135 0.586681
0.013135 0.586715
0.013145 0.586765
0.013156 0.586798
0.013156 0.586848
0.013156 0.586915
0.013166 0.586915
0.013166 0.586932
0.013166 0.586965
0.013166 0.586982
0.013166 0.587032
0.013176 0.587032
0.013176 0.587049
0.013176 0.587099
0.013176 0.587132
0.013176 0.587216
0.013176 0.587266
0.013176 0.587299
0.013197 0.587299
0.013197 0.587316
0.013207 0.587333
0.013217 0.587366
0.013217 0.587383
0.013238 0.587450
0.013238 0.587483
0.013238 0.587500
0.013248 0.587517
0.013248 0.587533
0.013248 0.587584
0.013248 0.587617
0.013258 0.587617
0.013279 0.587617
0.013289 0.587617
0.013299 0.587634
0.013299 0.587717
0.013299 0.587734
0.013299 0.587767
0.013299 0.587784
0.013299 0.587818
0.013299 0.587851
0.013299 0.587884
0.013309 0.587901
0.013309 0.587968
0.013320 0.588018
0.013320 0.588035
0.013330 0.588051
0.013330 0.588068
0.013340 0.588085
0.013340 0.588135
0.013340 0.588202
0.013340 0.588219
0.013340 0.588269
0.013340 0.588285
0.013350 0.588336
0.013350 0.588369
0.013350 0.588402
0.013361 0.588436
0.013361 0.588469
0.013361 0.588519
0.013371 0.588536
0.013371 0.588586
0.013391 0.588653
0.013391 0.588670
0.013412 0.588670
0.013412 0.588686
0.013412 0.588737
0.013422 0.588753
0.013422 0.588787
0.013432 0.588854
0.013443 0.588870
0.013463 0.588887
0.013484 0.588887
0.013484 0.588954
0.013484 0.588971
0.013484 0.589021
0.013494 0.589021
0.013494 0.589054
0.013504 0.589071
0.013504 0.589104
0.013504 0.589154
0.013525 0.589154
0.013525 0.589171
0.013535 0.589205
0.013535 0.589238
0.013535 0.589255
0.013555 0.589271
0.013555 0.589305
0.013555 0.589338
0.013566 0.589338
0.013566 0.589405
0.013566 0.589439
0.013586 0.589455
0.013586 0.589555
0.013586 0.589589
0.013586 0.589622
0.013597 0.589656
0.013597 0.589689
0.013597 0.589756
0.013607 0.589773
0.013607 0.589823
0.013627 0.589823
0.013638 0.589940
0.013638 0.589957
0.013638 0.590007
0.013638 0.590057
0.013638 0.590191
0.013648 0.590224
0.013648 0.590257
0.013668 0.590257
0.013668 0.590291
0.013668 0.590341
0.013668 0.590475
0.013668 0.590491
0.013679 0.590491
0.013679 0.590525
0.013679 0.590608
0.013679 0.590658
0.013699 0.590658
0.013709 0.590692
0.013709 0.590809
0.013709 0.590876
0.013709 0.590892
0.013709 0.590926
0.013709 0.590976
0.013720 0.591009
0.013720 0.591076
0.013730 0.591076
0.013730 0.591126
0.013730 0.591143
0.013730 0.591176
0.013730 0.591243
0.013730 0.591277
0.013730 0.591293
0.013740 0.591293
0.013740 0.591310
0.013740 0.591344
0.013761 0.591344
0.013771 0.591377
0.013771 0.591394
0.013771 0.591427
0.013781 0.591461
0.013781 0.591477
0.013781 0.591544
0.013781 0.591578
0.013781 0.591611
0.013781 0.591644
0.013781 0.591661
0.013802 0.591661
0.013812 0.591678
0.013832 0.591695
0.013832 0.591728
0.013832 0.591745
0.013843 0.591761
0.013843 0.591778
0.013843 0.591811
0.013843 0.591828
0.013843 0.591878
0.013853 0.591878
0.013853 0.591912
0.013863 0.591979
0.013863 0.591995
0.013873 0.591995
0.013873 0.592029
0.013873 0.592062
0.013873 0.592112
0.013873 0.592146
0.013894 0.592146
0.013894 0.592179
0.013894 0.592196
0.013904 0.592213
0.013904 0.592229
0.013925 0.592263
0.013925 0.592279
0.013935 0.592279
0.013935 0.592313
0.013945 0.592330
0.013945 0.592363
0.013955 0.592363
0.013955 0.592480
0.013955 0.592547
0.013955 0.592580
0.013966 0.592597
0.013966 0.592614
0.013966 0.592664
0.013966 0.592731
0.013966 0.592747
0.013976 0.592747
0.013986 0.592797
0.013986 0.592814
0.013986 0.592864
0.013986 0.592898
0.014007 0.592898
0.014027 0.592948
0.014027 0.593048
0.014027 0.593065
0.014027 0.593098
0.014037 0.593115
0.014058 0.593115
0.014058 0.593148
0.014058 0.593199
0.014068 0.593215
0.014068 0.593282
0.014068 0.593382
0.014068 0.593399
0.014078 0.593416
0.014078 0.593432
0.014089 0.593449
0.014089 0.593466
0.014099 0.593483
0.014099 0.593533
0.014099 0.593549
0.014099 0.593600
0.014099 0.593616
0.014109 0.593650
0.014109 0.593733
0.014109 0.593767
0.014109 0.593783
0.014109 0.593817
0.014109 0.593867
0.014109 0.593884
0.014119 0.593900
0.014119 0.593951
0.014130 0.593984
0.014140 0.593984
0.014160 0.593984
0.014160 0.594001
0.014181 0.594001
0.014181 0.594034
0.014181 0.594084
0.014191 0.594101
0.014191 0.594118
0.014212 0.594118
0.014212 0.594134
0.014222 0.594134
0.014222 0.594168
0.014222 0.594251
0.014222 0.594301
0.014222 0.594368
0.014232 0.594385
0.014232 0.594418
0.014253 0.594418
0.014263 0.594469
0.014263 0.594502
0.014263 0.594569
0.014263 0.594619
0.014263 0.594669
0.014273 0.594686
0.014284 0.594686
0.014284 0.594736
0.014294 0.594736
0.014294 0.594769
0.014294 0.594786
0.014304 0.594803
0.014304 0.594853
0.014304 0.594903
0.014314 0.594903
0.014325 0.594920
0.014325 0.594953
0.014325 0.594970
0.014335 0.595020
0.014345 0.595053
0.014345 0.595070
0.014355 0.595070
0.014355 0.595087
0.014366 0.595137
0.014366 0.595170
0.014376 0.595170
0.014376 0.595187
0.014376 0.595304
0.014376 0.595371
0.014386 0.595404
0.014386 0.595438
0.014386 0.595471
0.014386 0.595538
0.014386 0.595572
0.014386 0.595638
0.014386 0.595655
0.014396 0.595672
0.014396 0.595722
0.014407 0.595755
0.014407 0.595805
0.014417 0.595839
0.014427 0.595856
0.014427 0.595889
0.014427 0.595922
0.014427 0.595973
0.014448 0.595989
0.014448 0.596023
0.014458 0.596039
0.014458 0.596073
0.014458 0.596106
0.014458 0.596140
0.014458 0.596190
0.014468 0.596190
0.014489 0.596207
0.014489 0.596223
0.014499 0.596257
0.014499 0.596290
0.014499 0.596374
0.014499 0.596407
0.014499 0.596474
0.014499 0.596507
0.014499 0.596524
0.014499 0.596557
0.014499 0.596574
0.014499 0.596608
0.014499 0.596674
0.014519 0.596691
0.014519 0.596725
0.014530 0.596725
0.014530 0.596758
0.014530 0.596825
0.014530 0.596858
0.014530 0.596908
0.014540 0.596908
0.014540 0.596975
0.014550 0.596975
0.014550 0.597009
0.014550 0.597025
0.014550 0.597076
0.014550 0.597092
0.014560 0.597126
0.014560 0.597142
0.014571 0.597159
0.014571 0.597226
0.014581 0.597293
0.014581 0.597326
0.014581 0.597343
0.014581 0.597376
0.014612 0.597376
0.014612 0.597410
0.014612 0.597443
0.014612 0.597460
0.014622 0.597477
0.014622 0.597527
0.014622 0.597560
0.014632 0.597560
0.014642 0.597594
0.014642 0.597627
0.014653 0.597627
0.014653 0.597644
0.014663 0.597660
0.014663 0.597677
0.014673 0.597677
0.014673 0.597711
0.014683 0.597744
0.014683 0.597811
0.014694 0.597811
0.014704 0.597828
0.014704 0.597878
0.014714 0.597911
0.014714 0.597945
0.014724 0.597978
0.014724 0.597995
0.014735 0.597995
0.014735 0.598011
0.014735 0.598145
0.014735 0.598162
0.014745 0.598178
0.014745 0.598195
0.014745 0.598229
0.014745 0.598245
0.014745 0.598279
0.014745 0.598295
0.014745 0.598329
0.014745 0.598346
0.014765 0.598346
0.014765 0.598379
0.014765 0.598412
0.014776 0.598479
0.014776 0.598496
0.014776 0.598529
0.014776 0.598580
0.014776 0.598613
0.014776 0.598630
0.014776 0.598680
0.014776 0.598697
0.014786 0.598697
0.014786 0.598713
0.014786 0.598747
0.014786 0.598830
0.014786 0.598897
0.014786 0.598914
0.014796 0.598930
0.014796 0.599031
0.014796 0.599114
0.014796 0.599181
0.014806 0.599181
0.014817 0.599198
0.014817 0.599231
0.014817 0.599281
0.014817 0.599315
0.014827 0.599332
0.014827 0.599348
0.014827 0.599398
0.014827 0.599415
0.014827 0.599449
0.014827 0.599532
0.014827 0.599549
0.014827 0.599582
0.014827 0.599599
0.014847 0.599599
0.014847 0.599616
0.014858 0.599632
0.014858 0.599649
0.014858 0.599716
0.014858 0.599733
0.014868 0.599749
0.014868 0.599766
0.014878 0.599833
0.014909 0.599833
0.014909 0.599883
0.014909 0.599933
0.014909 0.600000
0.014909 0.600017
0.014919 0.600050
0.014919 0.600067
0.014919 0.600117
0.014919 0.600150
0.014930 0.600201
0.014940 0.600201
0.014950 0.600234
0.014950 0.600301
0.014950 0.600318
0.014971 0.600351
0.014971 0.600384
0.014971 0.600401
0.014971 0.600434
0.014991 0.600501
0.014991 0.600535
0.015001 0.600535
0.015001 0.600568
0.015001 0.600618
0.015012 0.600652
0.015012 0.600685
0.015012 0.600735
0.015012 0.600769
0.015012 0.600802
0.015022 0.600819
0.015022 0.600852
0.015022 0.600886
0.015022 0.600919
0.015032 0.600969
0.015032 0.601003
0.015032 0.601019
0.015042 0.601019
0.015042 0.601036
0.015042 0.601070
0.015053 0.601086
0.015053 0.601153
0.015053 0.601186
0.015063 0.601203
0.015063 0.601220
0.015063 0.601253
0.015073 0.601253
0.015073 0.601337
0.015073 0.601354
0.015083 0.601354
0.015083 0.601387
0.015083 0.601521
0.015083 0.601554
0.015094 0.601571
0.015094 0.601638
0.015094 0.601671
0.015114 0.601671
0.015114 0.601705
0.015114 0.601738
0.015124 0.601755
0.015124 0.601788
0.015124 0.601838
0.015124 0.601872
0.015135 0.601872
0.015135 0.601888
0.015135 0.601939
0.015145 0.601955
0.015145 0.602022
0.015155 0.602055
0.015155 0.602072
0.015165 0.602139
0.015165 0.602189
0.015165 0.602223
0.015165 0.602273
0.015165 0.602289
0.015165 0.602323
0.015165 0.602340
0.015176 0.602373
0.015186 0.602390
0.015196 0.602440
0.015196 0.602507
0.015196 0.602607
0.015196 0.602640
0.015206 0.602657
0.015206 0.602724
0.015206 0.602757
0.015217 0.602757
0.015217 0.602791
0.015217 0.602824
0.015217 0.602858
0.015237 0.602891
0.015247 0.602891
0.015247 0.602908
0.015258 0.602908
0.015258 0.602941
0.015258 0.602958
0.015258 0.602991
0.015258 0.603058
0.015258 0.603092
0.015258 0.603108
0.015258 0.603142
0.015258 0.603209
0.015278 0.603209
0.015278 0.603275
0.015278 0.603309
0.015278 0.603326
0.015288 0.603342
0.015288 0.603409
0.015288 0.603459
0.015288 0.603476
0.015288 0.603509
0.015288 0.603526
0.015288 0.603576
0.015288 0.603610
0.015288 0.603676
0.015299 0.603693
0.015299 0.603727
0.015299 0.603743
0.015309 0.603743
0.015309 0.603760
0.015309 0.603827
0.015309 0.603844
0.015319 0.603844
0.015319 0.603877
0.015329 0.603894
0.015329 0.603927
0.015340 0.603944
0.015340 0.604011
0.015350 0.604027
0.015350 0.604044
0.015360 0.604044
0.015360 0.604061
0.015370 0.604094
0.015381 0.604111
0.015381 0.604128
0.015391 0.604128
0.015391 0.604144
0.015391 0.604195
0.015401 0.604211
0.015401 0.604245
0.015401 0.604261
0.015401 0.604311
0.015422 0.604311
0.015422 0.604362
0.015422 0.604378
0.015432 0.604395
0.015432 0.604412
0.015432 0.604445
0.015442 0.604445
0.015452 0.604495
0.015463 0.604512
0.015463 0.604545
0.015463 0.604562
0.015473 0.604596
0.015483 0.604662
0.015483 0.604696
0.015483 0.604729
0.015483 0.604779
0.015483 0.604813
0.015493 0.604846
0.015504 0.604863
0.015524 0.604880
0.015524 0.604913
0.015524 0.604947
0.015524 0.604980
0.015534 0.604997
0.015545 0.605030
0.015545 0.605047
0.015545 0.605080
0.015545 0.605114
0.015565 0.605147
0.015575 0.605180
0.015575 0.605247
0.015586 0.605281
0.015586 0.605297
0.015596 0.605297
0.015596 0.605314
0.015606 0.605364
0.015606 0.605398
0.015606 0.605414
0.015617 0.605431
0.015627 0.605431
0.015637 0.605448
0.015637 0.605465
0.015647 0.605498
0.015658 0.605498
0.015658 0.605565
0.015678 0.605615
0.015688 0.605665
0.015688 0.605682
0.015699 0.605699
0.015699 0.605715
0.015699 0.605782
0.015699 0.605799
0.015719 0.605799
0.015729 0.605816
0.015729 0.605849
0.015729 0.605899
0.015740 0.605916
0.015740 0.605949
0.015740 0.605966
0.015740 0.606016
0.015740 0.606049
0.015740 0.606066
0.015740 0.606100
0.015740 0.606150
0.015740 0.606183
0.015740 0.606233
0.015740 0.606300
0.015740 0.606367
0.015740 0.606434
0.015750 0.606484
0.015750 0.606517
0.015760 0.606568
0.015760 0.606651
0.015760 0.606735
0.015760 0.606768
0.015770 0.606801
0.015770 0.606868
0.015781 0.606868
0.015781 0.606918
0.015791 0.606935
0.015801 0.606935
0.015822 0.606935
0.015832 0.607002
0.015832 0.607035
0.015832 0.607102
0.015852 0.607136
0.015863 0.607136
0.015863 0.607203
0.015863 0.607219
0.015863 0.607269
0.015863 0.607286
0.015863 0.607336
0.015863 0.607353
0.015893 0.607353
0.015893 0.607370
0.015893 0.607403
0.015893 0.607436
0.015893 0.607487
0.015904 0.607487
0.015904 0.607520
0.015914 0.607537
0.015914 0.607553
0.015914 0.607587
0.015914 0.607604
0.015934 0.607637
0.015934 0.607654
0.015934 0.607687
0.015934 0.607721
0.015934 0.607771
0.015945 0.607771
0.015955 0.607787
0.015955 0.607821
0.015955 0.607854
0.015955 0.607938
0.015955 0.608005
0.015975 0.608005
0.015975 0.608021
0.015975 0.608105
0.015986 0.608105
0.015986 0.608122
0.015986 0.608155
0.016006 0.608172
0.016006 0.608189
0.016016 0.608189
0.016027 0.608205
0.016027 0.608222
0.016037 0.608222
0.016037 0.608272
0.016037 0.608305
0.016037 0.608372
0.016037 0.608406
0.016057 0.608422
0.016057 0.608456
0.016057 0.608489
0.016068 0.608489
0.016078 0.608506
0.016078 0.608539
0.016088 0.608573
0.016098 0.608573
0.016098 0.608590
0.016098 0.608640
0.016098 0.608656
0.016109 0.608673
0.016109 0.608707
0.016119 0.608723
0.016119 0.608757
0.016119 0.608790
0.016119 0.608857
0.016119 0.608890
0.016129 0.608924
0.016129 0.608941
0.016139 0.608957
0.016139 0.608991
0.016150 0.609007
0.016160 0.609007
0.016160 0.609024
0.016160 0.609124
0.016160 0.609141
0.016170 0.609158
0.016180 0.609191
0.016180 0.609208
0.016191 0.609241
0.016201 0.609258
0.016201 0.609275
0.016201 0.609375
0.016201 0.609392
0.016201 0.609425
0.016211 0.609442
0.016211 0.609492
0.016211 0.609509
0.016211 0.609542
0.016211 0.609559
0.016211 0.609626
0.016221 0.609626
0.016221 0.609642
0.016221 0.609693
0.016221 0.609726
0.016232 0.609743
0.016232 0.609793
0.016242 0.609809
0.016242 0.609843
0.016242 0.609876
0.016252 0.609876
0.016252 0.609893
0.016262 0.609893
0.016262 0.609910
0.016262 0.609943
0.016273 0.609960
0.016273 0.609977
0.016273 0.610010
0.016273 0.610027
0.016273 0.610094
0.016273 0.610110
0.016273 0.610144
0.016273 0.610211
0.016283 0.610211
0.016283 0.610261
0.016283 0.610344
0.016293 0.610394
0.016293 0.610428
0.016304 0.610428
0.016314 0.610478
0.016314 0.610495
0.016314 0.610561
0.016324 0.610561
0.016324 0.610595
0.016334 0.610628
0.016334 0.610645
0.016334 0.610678
0.016334 0.610695
0.016334 0.610762
0.016334 0.610779
0.016345 0.610829
0.016345 0.610862
0.016355 0.610879
0.016365 0.610879
0.016365 0.610912
0.016365 0.610979
0.016365 0.611013
0.016365 0.611063
0.016365 0.611080
0.016375 0.611146
0.016375 0.611197
0.016386 0.611230
0.016386 0.611247
0.016386 0.611314
0.016386 0.611347
0.016406 0.611347
0.016416 0.611347
0.016416 0.611430
0.016416 0.611481
0.016416 0.611514
0.016416 0.611564
0.016416 0.611631
0.016427 0.611631
0.016427 0.611648
0.016447 0.611715
0.016447 0.611748
0.016447 0.611781
0.016457 0.611781
0.016457 0.611798
0.016457 0.611882
0.016457 0.611932
0.016457 0.611965
0.016468 0.611965
0.016468 0.612032
0.016468 0.612049
0.016468 0.612099
0.016468 0.612116
0.016468 0.612149
0.016478 0.612199
0.016478 0.612249
0.016478 0.612316
0.016478 0.612366
0.016478 0.612433
0.016478 0.612467
0.016488 0.612500
0.016488 0.612517
0.016488 0.612550
0.016498 0.612567
0.016498 0.612584
0.016498 0.612650
0.016498 0.612667
0.016498 0.612701
0.016498 0.612751
0.016509 0.612767
0.016509 0.612834
0.016509 0.612851
0.016509 0.612884
0.016519 0.612918
0.016519 0.612951
0.016529 0.612985
0.016529 0.613051
0.016529 0.613068
0.016529 0.613102
0.016539 0.613135
0.016560 0.613152
0.016580 0.613152
0.016580 0.613202
0.016580 0.613219
0.016580 0.613252
0.016580 0.613336
0.016601 0.613369
0.016611 0.613402
0.016621 0.613419
0.016621 0.613453
0.016632 0.613486
0.016632 0.613519
0.016642 0.613519
0.016642 0.613553
0.016652 0.613603
0.016673 0.613620
0.016673 0.613686
0.016683 0.613686
0.016683 0.613720
0.016683 0.613753
0.016683 0.613820
0.016683 0.613837
0.016693 0.613837
0.016703 0.613870
0.016714 0.613920
0.016724 0.613937
0.016734 0.613937
0.016734 0.613987
0.016734 0.614021
0.016744 0.614054
0.016755 0.614071
0.016755 0.614088
0.016755 0.614138
0.016755 0.614171
0.016775 0.614171
0.016796 0.614171
0.016796 0.614188
0.016796 0.614221
0.016796 0.614238
0.016816 0.614238
0.016826 0.614238
0.016826 0.614271
0.016837 0.614271
0.016837 0.614288
0.016857 0.614338
0.016857 0.614372
0.016857 0.614405
0.016857 0.614472
0.016857 0.614505
0.016857 0.614539
0.016867 0.614555
0.016867 0.614606
0.016878 0.614639
0.016878 0.614672
0.016878 0.614706
0.016878 0.614806
0.016878 0.614873
0.016878 0.614890
0.016888 0.614906
0.016888 0.614973
0.016888 0.614990
0.016898 0.615007
0.016898 0.615040
0.016898 0.615074
0.016908 0.615074
0.016908 0.615090
0.016919 0.615124
0.016919 0.615257
0.016919 0.615274
0.016919 0.615307
0.016919 0.615374
0.016919 0.615391
0.016939 0.615424
0.016939 0.615475
0.016950 0.615491
0.016950 0.615525
0.016950 0.615541
0.016950 0.615575
0.016950 0.615592
0.016950 0.615625
0.016960 0.615642
0.016991 0.615675
0.016991 0.615692
0.016991 0.615759
0.017001 0.615809
0.017001 0.615826
0.017021 0.615842
0.017021 0.615892
0.017042 0.615943
0.017052 0.615976
0.017052 0.615993
0.017073 0.615993
0.017073 0.616059
0.017083 0.616076
0.017083 0.616126
0.017103 0.616143
0.017103 0.616160
0.017124 0.616160
0.017124 0.616193
0.017124 0.616210
0.017124 0.616277
0.017134 0.616277
0.017144 0.616310
0.017155 0.616310
0.017155 0.616327
0.017165 0.616344
0.017165 0.616360
0.017165 0.616394
0.017165 0.616410
0.017175 0.616461
0.017185 0.616477
0.017185 0.616494
0.017206 0.616494
0.017206 0.616527
0.017206 0.616578
0.017206 0.616661
0.017206 0.616728
0.017206 0.616778
0.017216 0.616778
0.017216 0.616811
0.017237 0.616811
0.017237 0.616828
0.017247 0.616845
0.017247 0.616878
0.017247 0.616895
0.017267 0.616895
0.017267 0.616979
0.017278 0.616995
0.017278 0.617029
0.017278 0.617045
0.017298 0.617062
0.017298 0.617129
0.017298 0.617146
0.017298 0.617213
0.017308 0.617246
0.017308 0.617296
0.017349 0.617296
0.017349 0.617330
0.017360 0.617380
0.017360 0.617413
0.017360 0.617463
0.017360 0.617564
0.017360 0.617580
0.017360 0.617614
0.017360 0.617630
0.017380 0.617630
0.017380 0.617697
0.017380 0.617731
0.017380 0.617764
0.017380 0.617781
0.017390 0.617814
0.017411 0.617831
0.017421 0.617831
0.017421 0.617881
0.017431 0.617881
0.017431 0.617965
0.017431 0.617998
0.017431 0.618015
0.017442 0.618015
0.017442 0.618031
0.017442 0.618098
0.017452 0.618165
0.017452 0.618182
0.017462 0.618199
0.017472 0.618199
0.017472 0.618215
0.017483 0.618232
0.017483 0.618249
0.017483 0.618282
0.017493 0.618299
0.017513 0.618299
0.017513 0.618316
0.017524 0.618332
0.017524 0.618349
0.017544 0.618349
0.017544 0.618449
0.017554 0.618449
0.017554 0.618499
0.017554 0.618516
0.017554 0.618549
0.017554 0.618616
0.017554 0.618683
0.017565 0.618700
0.017565 0.618767
0.017575 0.618767
0.017575 0.618817
0.017575 0.618850
0.017575 0.618867
0.017585 0.618867
0.017606 0.618884
0.017606 0.618900
0.017606 0.618934
0.017606 0.618951
0.017606 0.619001
0.017616 0.619017
0.017616 0.619051
0.017626 0.619084
0.017626 0.619118
0.017626 0.619168
0.017626 0.619201
0.017626 0.619251
0.017626 0.619268
0.017626 0.619301
0.017637 0.619318
0.017637 0.619352
0.017637 0.619368
0.017637 0.619435
0.017637 0.619485
0.017637 0.619502
0.017647 0.619502
0.017657 0.619519
0.017657 0.619552
0.017667 0.619602
0.017667 0.619636
0.017667 0.619686
0.017667 0.619719
0.017667 0.619736
0.017678 0.619736
0.017678 0.619786
0.017688 0.619786
0.017688 0.619803
0.017688 0.619903
0.017688 0.619920
0.017698 0.619936
0.017708 0.619936
0.017729 0.619936
0.017739 0.619936
0.017739 0.619970
0.017749 0.619987
0.017760 0.620020
0.017760 0.620053
0.017780 0.620053
0.017811 0.620053
0.017821 0.620104
0.017821 0.620137
0.017821 0.620154
0.017821 0.620187
0.017831 0.620221
0.017831 0.620254
0.017831 0.620338
0.017831 0.620354
0.017831 0.620404
0.017831 0.620471
0.017831 0.620505
0.017831 0.620555
0.017842 0.620555
0.017852 0.620588
0.017852 0.620622
0.017872 0.620622
0.017872 0.620672
0.017883 0.620672
0.017883 0.620739
0.017893 0.620739
0.017893 0.620789
0.017903 0.620805
0.017944 0.620839
0.017944 0.620906
0.017944 0.620973
0.017944 0.621023
0.017944 0.621056
0.017954 0.621056
0.017954 0.621090
0.017995 0.621156
0.018016 0.621190
0.018016 0.621207
0.018016 0.621240
0.018016 0.621257
0.018026 0.621257
0.018026 0.621273
0.018036 0.621324
0.018057 0.621357
0.018057 0.621491
0.018057 0.621524
0.018057 0.621574
0.018057 0.621591
0.018057 0.621641
0.018067 0.621658
0.018067 0.621725
0.018067 0.621758
0.018067 0.621858
0.018077 0.621875
0.018077 0.621908
0.018077 0.621925
0.018088 0.621925
0.018088 0.621959
0.018108 0.621959
0.018129 0.621975
0.018129 0.621992
0.018129 0.622042
0.018129 0.622059
0.018129 0.622159
0.018129 0.622193
0.018129 0.622209
0.018139 0.622226
0.018149 0.622226
0.018149 0.622259
0.018159 0.622259
0.018159 0.622293
0.018170 0.622293
0.018180 0.622343
0.018180 0.622410
0.018190 0.622426
0.018190 0.622460
0.018190 0.622477
0.018190 0.622510
0.018190 0.622527
0.018200 0.622527
0.018200 0.622577
0.018200 0.622610
0.018200 0.622644
0.018200 0.622727
0.018200 0.622744
0.018200 0.622777
0.018221 0.622794
0.018221 0.622828
0.018241 0.622828
0.018241 0.622844
0.018241 0.622878
0.018241 0.622911
0.018252 0.622945
0.018252 0.622995
0.018252 0.623045
0.018262 0.623061
0.018262 0.623095
0.018272 0.623112
0.018272 0.623128
0.018272 0.623178
0.018282 0.623178
0.018282 0.623195
0.018293 0.623229
0.018293 0.623279
0.018293 0.623312
0.018313 0.623312
0.018313 0.623329
0.018324 0.623329
0.018324 0.623379
0.018324 0.623412
0.018324 0.623446
0.018354 0.623446
0.018354 0.623479
0.018354 0.623529
0.018354 0.623563
0.018365 0.623580
0.018365 0.623596
0.018375 0.623630
0.018375 0.623663
0.018395 0.623730
0.018406 0.623747
0.018406 0.623797
0.018416 0.623797
0.018416 0.623847
0.018426 0.623864
0.018426 0.623897
0.018426 0.623930
0.018436 0.623964
0.018447 0.623964
0.018447 0.624014
0.018457 0.624031
0.018457 0.624081
0.018457 0.624114
0.018457 0.624131
0.018488 0.624148
0.018488 0.624215
0.018498 0.624215
0.018498 0.624281
0.018498 0.624298
0.018508 0.624365
0.018508 0.624382
0.018508 0.624415
0.018508 0.624432
0.018518 0.624532
0.018529 0.624549
0.018529 0.624566
0.018539 0.624582
0.018539 0.624616
0.018539 0.624666
0.018539 0.624716
0.018539 0.624749
0.018539 0.624766
0.018549 0.624766
0.018549 0.624833
0.018559 0.624850
0.018570 0.624900
0.018570 0.624916
0.018580 0.624950
0.018580 0.624967
0.018590 0.625017
0.018590 0.625033
0.018590 0.625067
0.018590 0.625117
0.018590 0.625201
0.018590 0.625217
0.018600 0.625217
0.018600 0.625251
0.018611 0.625284
0.018621 0.625334
0.018641 0.625368
0.018641 0.625384
0.018652 0.625384
0.018662 0.625401
0.018672 0.625401
0.018693 0.625401
0.018693 0.625418
0.018713 0.625434
0.018713 0.625468
0.018723 0.625485
0.018723 0.625518
0.018734 0.625518
0.018734 0.625551
0.018734 0.625568
0.018744 0.625602
0.018744 0.625618
0.018744 0.625652
0.018764 0.625668
0.018764 0.625702
0.018775 0.625702
0.018775 0.625735
0.018775 0.625769
0.018775 0.625802
0.018785 0.625819
0.018785 0.625852
0.018785 0.625902
0.018785 0.625919
0.018785 0.625969
0.018805 0.626003
0.018816 0.626003
0.018816 0.626053
0.018826 0.626070
0.018826 0.626103
0.018836 0.626120
0.018836 0.626136
0.018846 0.626153
0.018846 0.626170
0.018846 0.626203
0.018846 0.626220
0.018857 0.626270
0.018857 0.626320
0.018857 0.626354
0.018857 0.626404
0.018867 0.626504
0.018867 0.626554
0.018867 0.626588
0.018867 0.626654
0.018867 0.626671
0.018867 0.626705
0.018877 0.626705
0.018918 0.626721
0.018918 0.626755
0.018918 0.626788
0.018939 0.626805
0.018939 0.626822
0.018949 0.626838
0.018959 0.626905
0.018959 0.626972
0.018959 0.626989
0.018980 0.627022
0.018990 0.627055
0.018990 0.627089
0.018990 0.627122
0.018990 0.627139
0.019000 0.627139
0.019000 0.627189
0.019000 0.627206
0.019011 0.627206
0.019031 0.627206
0.019031 0.627256
0.019031 0.627289
0.019041 0.627289
0.019041 0.627356
0.019041 0.627373
0.019052 0.627390
0.019062 0.627390
0.019062 0.627406
0.019072 0.627423
0.019072 0.627440
0.019072 0.627490
0.019072 0.627523
0.019072 0.627540
0.019072 0.627574
0.019082 0.627574
0.019103 0.627574
0.019103 0.627607
0.019103 0.627624
0.019103 0.627691
0.019103 0.627707
0.019103 0.627757
0.019123 0.627807
0.019123 0.627824
0.019144 0.627824
0.019144 0.627891
0.019144 0.627908
0.019154 0.627958
0.019175 0.627991
0.019216 0.628008
0.019216 0.628025
0.019226 0.628041
0.019236 0.628041
0.019246 0.628075
0.019246 0.628125
0.019257 0.628192
0.019257 0.628225
0.019267 0.628275
0.019277 0.628275
0.019287 0.628292
0.019287 0.628342
0.019308 0.628359
0.019308 0.628409
0.019318 0.628409
0.019318 0.628459
0.019318 0.628509
0.019318 0.628526
0.019318 0.628576
0.019318 0.628610
0.019328 0.628610
0.019359 0.628626
0.019359 0.628643
0.019359 0.628693
0.019369 0.628727
0.019369 0.628760
0.019369 0.628777
0.019369 0.628810
0.019369 0.628827
0.019380 0.628877
0.019380 0.628927
0.019400 0.628927
0.019410 0.628944
0.019410 0.628961
0.019431 0.628961
0.019431 0.628977
0.019431 0.629044
0.019431 0.629061
0.019431 0.629111
0.019431 0.629128
0.019441 0.629144
0.019441 0.629245
0.019441 0.629295
0.019441 0.629328
0.019462 0.629328
0.019462 0.629345
0.019482 0.629378
0.019482 0.629412
0.019492 0.629412
0.019492 0.629462
0.019492 0.629495
0.019503 0.629545
0.019503 0.629596
0.019523 0.629646
0.019523 0.629679
0.019523 0.629713
0.019544 0.629746
0.019554 0.629746
0.019554 0.629763
0.019574 0.629763
0.019605 0.629779
0.019605 0.629813
0.019605 0.629830
0.019605 0.629863
0.019615 0.629863
0.019636 0.629863
0.019636 0.629896
0.019636 0.629947
0.019646 0.629980
0.019646 0.630114
0.019646 0.630147
0.019646 0.630180
0.019646 0.630197
0.019656 0.630197
0.019656 0.630247
0.019656 0.630297
0.019677 0.630297
0.019677 0.630314
0.019677 0.630381
0.019677 0.630398
0.019677 0.630431
0.019677 0.630448
0.019677 0.630481
0.019677 0.630531
0.019687 0.630582
0.019687 0.630632
0.019698 0.630648
0.019698 0.630699
0.019718 0.630699
0.019718 0.630732
0.019728 0.630765
0.019739 0.630782
0.019739 0.630849
0.019739 0.630882
0.019749 0.630916
0.019749 0.630949
0.019749 0.630983
0.019790 0.630983
0.019790 0.631016
0.019800 0.631016
0.019800 0.631033
0.019810 0.631049
0.019810 0.631066
0.019810 0.631116
0.019810 0.631150
0.019821 0.631150
0.019821 0.631183
0.019821 0.631217
0.019821 0.631283
0.019831 0.631283
0.019841 0.631350
0.019841 0.631367
0.019851 0.631367
0.019862 0.631400
0.019862 0.631417
0.019862 0.631451
0.019862 0.631467
0.019862 0.631501
0.019862 0.631551
0.019862 0.631584
0.019862 0.631618
0.019862 0.631701
0.019862 0.631718
0.019882 0.631718
0.019882 0.631785
0.019882 0.631835
0.019892 0.631885
0.019892 0.631902
0.019892 0.631935
0.019892 0.631969
0.019903 0.631969
0.019903 0.632002
0.019903 0.632102
0.019903 0.632169
0.019903 0.632203
0.019923 0.632236
0.019923 0.632269
0.019954 0.632286
0.019964 0.632320
0.019964 0.632336
0.019964 0.632386
0.019964 0.632403
0.019964 0.632453
0.019964 0.632470
0.019974 0.632470
0.019974 0.632503
0.019985 0.632587
0.019985 0.632637
0.019985 0.632670
0.019985 0.632687
0.019985 0.632754
0.019995 0.632754
0.019995 0.632787
0.020005 0.632838
0.020026 0.632854
0.020036 0.632888
0.020036 0.632971
0.020036 0.633005
0.020036 0.633038
0.020036 0.633088
0.020036 0.633105
0.020036 0.633138
0.020046 0.633172
0.020046 0.633205
0.020046 0.633222
0.020046 0.633289
0.020046 0.633305
0.020067 0.633356
0.020067 0.633389
0.020067 0.633422
0.020067 0.633523
0.020077 0.633539
0.020077 0.633590
0.020077 0.633656
0.020087 0.633656
0.020087 0.633740
0.020087 0.633757
0.020087 0.633807
0.020097 0.633824
0.020097 0.633857
0.020108 0.633857
0.020128 0.633890
0.020128 0.633941
0.020138 0.633941
0.020149 0.633991
0.020159 0.634024
0.020159 0.634074
0.020159 0.634091
0.020159 0.634158
0.020169 0.634174
0.020169 0.634208
0.020179 0.634225
0.020179 0.634258
0.020179 0.634291
0.020179 0.634308
0.020190 0.634358
0.020200 0.634375
0.020210 0.634375
0.020210 0.634408
0.020220 0.634425
0.020220 0.634459
0.020220 0.634542
0.020231 0.634542
0.020241 0.634592
0.020241 0.634609
0.020241 0.634659
0.020241 0.634693
0.020261 0.634759
0.020282 0.634793
0.020292 0.634809
0.020292 0.634826
0.020302 0.634826
0.020323 0.634860
0.020323 0.634893
0.020323 0.634910
0.020333 0.634910
0.020333 0.634926
0.020344 0.634977
0.020344 0.634993
0.020354 0.634993
0.020374 0.635010
0.020374 0.635094
0.020374 0.635144
0.020374 0.635211
0.020374 0.635227
0.020374 0.635277
0.020385 0.635311
0.020385 0.635328
0.020395 0.635361
0.020395 0.635378
0.020395 0.635411
0.020415 0.635428
0.020415 0.635445
0.020426 0.635461
0.020436 0.635461
0.020436 0.635511
0.020436 0.635545
0.020436 0.635561
0.020446 0.635561
0.020446 0.635578
0.020446 0.635612
0.020456 0.635612
0.020456 0.635645
0.020467 0.635645
0.020477 0.635695
0.020477 0.635762
0.020477 0.635812
0.020477 0.635846
0.020487 0.635846
0.020487 0.635862
0.020487 0.635896
0.020487 0.635912
0.020508 0.635912
0.020508 0.635929
0.020508 0.635979
0.020518 0.636029
0.020518 0.636096
0.020518 0.636146
0.020518 0.636197
0.020518 0.636230
0.020518 0.636247
0.020538 0.636247
0.020549 0.636263
0.020549 0.636297
0.020569 0.636330
0.020569 0.636347
0.020579 0.636380
0.020579 0.636414
0.020579 0.636514
0.020590 0.636581
0.020590 0.636631
0.020600 0.636631
0.020600 0.636698
0.020610 0.636698
0.020610 0.636748
0.020610 0.636781
0.020620 0.636815
0.020641 0.636882
0.020641 0.636915
0.020641 0.636932
0.020661 0.636965
0.020661 0.636982
0.020672 0.636982
0.020692 0.636999
0.020702 0.636999
0.020702 0.637049
0.020702 0.637116
0.020702 0.637149
0.020702 0.637233
0.020713 0.637266
0.020723 0.637283
0.020733 0.637316
0.020754 0.637366
0.020754 0.637383
0.020764 0.637400
0.020764 0.637433
0.020774 0.637433
0.020774 0.637467
0.020774 0.637483
0.020784 0.637483
0.020805 0.637483
0.020805 0.637550
0.020805 0.637617
0.020805 0.637650
0.020836 0.637650
0.020836 0.637667
0.020836 0.637701
0.020856 0.637751
0.020856 0.637784
0.020866 0.637784
0.020866 0.637834
0.020877 0.637834
0.020877 0.637868
0.020887 0.637868
0.020887 0.637918
0.020887 0.637934
0.020897 0.637934
0.020897 0.637968
0.020938 0.637968
0.020938 0.638001
0.020938 0.638035
0.020959 0.638085
0.020959 0.638152
0.020959 0.638168
0.020979 0.638202
0.020979 0.638219
0.020989 0.638219
0.020989 0.638235
0.021010 0.638402
0.021020 0.638436
0.021020 0.638469
0.021031 0.638469
0.021041 0.638503
0.021041 0.638553
0.021051 0.638553
0.021051 0.638686
0.021051 0.638737
0.021061 0.638803
0.021061 0.638870
0.021061 0.638887
0.021061 0.638920
0.021072 0.638937
0.021072 0.638971
0.021072 0.639037
0.021082 0.639054
0.021082 0.639071
0.021082 0.639138
0.021092 0.639188
0.021092 0.639238
0.021092 0.639255
0.021102 0.639271
0.021113 0.639271
0.021113 0.639288
0.021113 0.639355
0.021113 0.639372
0.021133 0.639405
0.021143 0.639422
0.021143 0.639455
0.021143 0.639472
0.021154 0.639489
0.021154 0.639539
0.021154 0.639572
0.021174 0.639572
0.021184 0.639606
0.021184 0.639639
0.021205 0.639656
0.021205 0.639672
0.021215 0.639756
0.021225 0.639789
0.021225 0.639823
0.021236 0.639840
0.021236 0.639856
0.021246 0.639856
0.021246 0.639890
0.021246 0.639923
0.021256 0.639957
0.021277 0.639957
0.021287 0.639957
0.021287 0.640007
0.021307 0.640007
0.021318 0.640023
0.021318 0.640040
0.021328 0.640090
0.021338 0.640107
0.021338 0.640174
0.021338 0.640207
0.021338 0.640257
0.021359 0.640291
0.021359 0.640307
0.021359 0.640341
0.021369 0.640391
0.021389 0.640424
0.021389 0.640458
0.021400 0.640458
0.021400 0.640525
0.021410 0.640558
0.021410 0.640575
0.021420 0.640575
0.021441 0.640592
0.021451 0.640625
0.021451 0.640675
0.021461 0.640692
0.021461 0.640792
0.021461 0.640842
0.021471 0.640842
0.021471 0.640876
0.021482 0.640909
0.021482 0.640943
0.021482 0.640976
0.021492 0.640976
0.021492 0.641009
0.021492 0.641076
0.021502 0.641076
0.021502 0.641110
0.021512 0.641110
0.021533 0.641110
0.021533 0.641143
0.021543 0.641176
0.021543 0.641193
0.021553 0.641193
0.021564 0.641210
0.021574 0.641210
0.021574 0.641310
0.021574 0.641344
0.021584 0.641344
0.021594 0.641377
0.021594 0.641394
0.021605 0.641394
0.021605 0.641427
0.021615 0.641477
0.021615 0.641511
0.021625 0.641511
0.021625 0.641527
0.021625 0.641578
0.021625 0.641594
0.021635 0.641594
0.021635 0.641628
0.021646 0.641661
0.021666 0.641661
0.021666 0.641678
0.021666 0.641711
0.021666 0.641761
0.021687 0.641761
0.021697 0.641761
0.021697 0.641811
0.021697 0.641845
0.021697 0.641912
0.021707 0.641979
0.021707 0.641995
0.021718 0.641995
0.021718 0.642012
0.021728 0.642029
0.021748 0.642045
0.021759 0.642079
0.021769 0.642079
0.021769 0.642146
0.021769 0.642179
0.021789 0.642213
0.021810 0.642263
0.021810 0.642279
0.021820 0.642296
0.021820 0.642313
0.021841 0.642330
0.021841 0.642396
0.021851 0.642396
0.021861 0.642413
0.021861 0.642430
0.021871 0.642447
0.021882 0.642447
0.021892 0.642463
0.021892 0.642497
0.021902 0.642513
0.021902 0.642530
0.021912 0.642530
0.021912 0.642564
0.021912 0.642630
0.021923 0.642647
0.021923 0.642680
0.021943 0.642680
0.021943 0.642697
0.021943 0.642731
0.021953 0.642747
0.021953 0.642764
0.021953 0.642831
0.021953 0.642848
0.021964 0.642898
0.021964 0.642931
0.021974 0.642965
0.021974 0.642998
0.021984 0.643015
0.021994 0.643015
0.022005 0.643048
0.022005 0.643065
0.022005 0.643098
0.022025 0.643098
0.022025 0.643132
0.022035 0.643182
0.022046 0.643182
0.022066 0.643199
0.022066 0.643249
0.022076 0.643249
0.022076 0.643282
0.022076 0.643332
0.022076 0.643366
0.022076 0.643382
0.022087 0.643416
0.022087 0.643449
0.022097 0.643466
0.022107 0.643499
0.022117 0.643499
0.022117 0.643516
0.022117 0.643549
0.022117 0.643633
0.022117 0.643683
0.022117 0.643717
0.022128 0.643750
0.022128 0.643767
0.022138 0.643783
0.022138 0.643800
0.022148 0.643800
0.022148 0.643834
0.022158 0.643850
0.022158 0.643884
0.022189 0.643884
0.022199 0.643900
0.022210 0.643951
0.022220 0.643967
0.022220 0.644001
0.022240 0.644034
0.022240 0.644068
0.022240 0.644101
0.022240 0.644118
0.022251 0.644134
0.022251 0.644151
0.022251 0.644235
0.022251 0.644251
0.022261 0.644251
0.022271 0.644318
0.022281 0.644318
0.022281 0.644385
0.022281 0.644402
0.022281 0.644469
0.022281 0.644519
0.022281 0.644552
0.022281 0.644602
0.022302 0.644636
0.022312 0.644636
0.022312 0.644669
0.022322 0.644686
0.022322 0.644703
0.022322 0.644769
0.022333 0.644786
0.022333 0.644820
0.022353 0.644820
0.022353 0.644836
0.022363 0.644853
0.022363 0.644870
0.022363 0.644903
0.022374 0.644903
0.022374 0.644936
0.022374 0.644970
0.022394 0.644970
0.022394 0.645003
0.022405 0.645003
0.022405 0.645037
0.022415 0.645037
0.022415 0.645053
0.022425 0.645070
0.022425 0.645104
0.022425 0.645137
0.022425 0.645154
0.022435 0.645170
0.022446 0.645170
0.022446 0.645187
0.022456 0.645204
0.022456 0.645254
0.022466 0.645254
0.022466 0.645304
0.022466 0.645321
0.022476 0.645354
0.022476 0.645388
0.022476 0.645404
0.022497 0.645471
0.022507 0.645505
0.022528 0.645538
0.022538 0.645572
0.022538 0.645605
0.022558 0.645605
0.022569 0.645622
0.022589 0.645638
0.022589 0.645655
0.022589 0.645705
0.022599 0.645722
0.022599 0.645755
0.022599 0.645805
0.022599 0.645822
0.022610 0.645856
0.022620 0.645856
0.022620 0.645906
0.022620 0.645939
0.022630 0.645956
0.022651 0.646039
0.022661 0.646056
0.022681 0.646056
0.022702 0.646073
0.022702 0.646106
0.022712 0.646140
0.022712 0.646156
0.022712 0.646207
0.022712 0.646223
0.022722 0.646240
0.022722 0.646307
0.022743 0.646324
0.022743 0.646390
0.022753 0.646407
0.022753 0.646441
0.022753 0.646457
0.022774 0.646457
0.022774 0.646491
0.022784 0.646507
0.022794 0.646507
0.022794 0.646541
0.022794 0.646591
0.022794 0.646608
0.022794 0.646708
0.022804 0.646758
0.022804 0.646825
0.022815 0.646842
0.022815 0.646892
0.022825 0.646908
0.022825 0.646959
0.022835 0.647042
0.022845 0.647042
0.022845 0.647076
0.022866 0.647076
0.022876 0.647076
0.022876 0.647109
0.022876 0.647142
0.022886 0.647176
0.022886 0.647209
0.022886 0.647226
0.022897 0.647226
0.022897 0.647243
0.022907 0.647276
0.022917 0.647293
0.022927 0.647326
0.022927 0.647460
0.022938 0.647477
0.022979 0.647493
0.022979 0.647527
0.022979 0.647594
0.022979 0.647610
0.022979 0.647660
0.022979 0.647677
0.022979 0.647711
0.022979 0.647761
0.022989 0.647811
0.022989 0.647828
0.022999 0.647828
0.022999 0.647844
0.022999 0.647911
0.023009 0.647928
0.023020 0.647928
0.023020 0.647945
0.023020 0.647978
0.023030 0.648028
0.023030 0.648045
0.023040 0.648078
0.023061 0.648095
0.023061 0.648112
0.023092 0.648145
0.023092 0.648162
0.023092 0.648262
0.023092 0.648279
0.023102 0.648279
0.023102 0.648312
0.023102 0.648379
0.023112 0.648446
0.023122 0.648479
0.023122 0.648496
0.023133 0.648496
0.023143 0.648529
0.023153 0.648529
0.023153 0.648546
0.023153 0.648580
0.023153 0.648596
0.023153 0.648630
0.023153 0.648646
0.023163 0.648663
0.023163 0.648697
0.023163 0.648747
0.023163 0.648780
0.023174 0.648797
0.023174 0.648814
0.023194 0.648847
0.023194 0.648864
0.023215 0.648880
0.023235 0.648880
0.023235 0.648897
0.023256 0.648930
0.023256 0.649031
0.023276 0.649064
0.023276 0.649081
0.023276 0.649114
0.023276 0.649164
0.023276 0.649181
0.023276 0.649231
0.023276 0.649248
0.023286 0.649248
0.023286 0.649265
0.023297 0.649265
0.023317 0.649265
0.023327 0.649281
0.023327 0.649332
0.023327 0.649365
0.023338 0.649365
0.023338 0.649415
0.023348 0.649432
0.023368 0.649449
0.023368 0.649499
0.023368 0.649515
0.023368 0.649549
0.023368 0.649616
0.023389 0.649616
0.023389 0.649649
0.023389 0.649716
0.023389 0.649733
0.023409 0.649766
0.023430 0.649850
0.023450 0.649883
0.023461 0.649900
0.023461 0.649916
0.023471 0.649950
0.023471 0.649983
0.023471 0.650000
0.023481 0.650033
0.023491 0.650033
0.023491 0.650134
0.023491 0.650150
0.023502 0.650150
0.023502 0.650167
0.023502 0.650234
0.023512 0.650234
0.023512 0.650267
0.023512 0.650284
0.023522 0.650284
0.023532 0.650351
0.023553 0.650351
0.023553 0.650368
0.023553 0.650418
0.023563 0.650434
0.023573 0.650434
0.023573 0.650451
0.023573 0.650518
0.023584 0.650535
0.023604 0.650535
0.023604 0.650568
0.023604 0.650668
0.023604 0.650685
0.023604 0.650735
0.023604 0.650769
0.023604 0.650802
0.023604 0.650852
0.023604 0.650869
0.023604 0.650936
0.023614 0.650936
0.023614 0.650953
0.023625 0.650986
0.023625 0.651003
0.023625 0.651070
0.023625 0.651136
0.023635 0.651153
0.023655 0.651153
0.023655 0.651253
0.023655 0.651270
0.023676 0.651270
0.023686 0.651287
0.023686 0.651354
0.023686 0.651404
0.023717 0.651437
0.023717 0.651454
0.023758 0.651454
0.023758 0.651487
0.023768 0.651521
0.023768 0.651554
0.023768 0.651604
0.023768 0.651638
0.023779 0.651638
0.023789 0.651671
0.023789 0.651688
0.023789 0.651755
0.023799 0.651771
0.023799 0.651788
0.023820 0.651788
0.023820 0.651805
0.023820 0.651838
0.023840 0.651888
0.023840 0.651922
0.023840 0.651955
0.023840 0.651989
0.023840 0.652039
0.023840 0.652072
0.023850 0.652072
0.023850 0.652106
0.023850 0.652122
0.023861 0.652122
0.023861 0.652156
0.023871 0.652189
0.023891 0.652189
0.023891 0.652256
0.023891 0.652273
0.023902 0.652323
0.023902 0.652423
0.023922 0.652457
0.023932 0.652473
0.023953 0.652507
0.023953 0.652540
0.023963 0.652540
0.023963 0.652574
0.023963 0.652590
0.023984 0.652590
0.023994 0.652624
0.023994 0.652674
0.023994 0.652724
0.023994 0.652741
0.023994 0.652841
0.023994 0.652924
0.024004 0.652958
0.024014 0.652975
0.024014 0.652991
0.024035 0.653025
0.024035 0.653041
0.024045 0.653075
0.024045 0.653092
0.024055 0.653142
0.024055 0.653158
0.024076 0.653175
0.024076 0.653209
0.024076 0.653225
0.024096 0.653259
0.024096 0.653309
0.024096 0.653326
0.024107 0.653359
0.024107 0.653426
0.024107 0.653459
0.024117 0.653476
0.024127 0.653509
0.024127 0.653543
0.024158 0.653593
0.024158 0.653610
0.024158 0.653660
0.024158 0.653693
0.024158 0.653710
0.024178 0.653743
0.024189 0.653743
0.024189 0.653777
0.024199 0.653793
0.024199 0.653844
0.024209 0.653844
0.024209 0.653860
0.024219 0.653860
0.024219 0.653910
0.024240 0.653961
0.024240 0.654011
0.024240 0.654044
0.024250 0.654044
0.024250 0.654078
0.024250 0.654211
0.024250 0.654228
0.024260 0.654245
0.024260 0.654278
0.024260 0.654311
0.024291 0.654462
0.024312 0.654512
0.024342 0.654529
0.024342 0.654545
0.024353 0.654579
0.024353 0.654646
0.024353 0.654696
0.024353 0.654796
0.024363 0.654796
0.024373 0.654830
0.024383 0.654830
0.024383 0.654846
0.024383 0.654880
0.024404 0.654880
0.024414 0.654913
0.024414 0.654947
0.024425 0.654963
0.024435 0.654963
0.024455 0.654963
0.024455 0.654980
0.024455 0.655013
0.024466 0.655030
0.024466 0.655047
0.024466 0.655080
0.024476 0.655080
0.024476 0.655097
0.024476 0.655130
0.024486 0.655147
0.024486 0.655214
0.024486 0.655231
0.024496 0.655231
0.024496 0.655281
0.024496 0.655297
0.024517 0.655314
0.024527 0.655364
0.024527 0.655398
0.024548 0.655431
0.024589 0.655465
0.024599 0.655515
0.024599 0.655531
0.024599 0.655565
0.024599 0.655615
0.024609 0.655615
0.024609 0.655632
0.024619 0.655665
0.024619 0.655682
0.024630 0.655682
0.024630 0.655732
0.024640 0.655782
0.024640 0.655849
0.024640 0.655882
0.024650 0.655882
0.024660 0.655916
0.024671 0.655932
0.024691 0.655932
0.024691 0.655966
0.024701 0.655966
0.024712 0.655983
0.024712 0.655999
0.024722 0.656016
0.024722 0.656049
0.024732 0.656066
0.024732 0.656100
0.024742 0.656133
0.024742 0.656183
0.024753 0.656250
0.024753 0.656267
0.024763 0.656300
0.024763 0.656334
0.024763 0.656367
0.024783 0.656367
0.024804 0.656384
0.024814 0.656400
0.024835 0.656400
0.024835 0.656451
0.024845 0.656451
0.024845 0.656551
0.024845 0.656651
0.024855 0.656651
0.024855 0.656684
0.024876 0.656718
0.024876 0.656751
0.024876 0.656768
0.024906 0.656768
0.024906 0.656835
0.024917 0.656852
0.024917 0.656885
0.024917 0.656902
0.024917 0.656952
0.024917 0.656969
0.024927 0.656969
0.024927 0.656985
0.024937 0.656985
0.024937 0.657002
0.024947 0.657019
0.024947 0.657069
0.024968 0.657136
0.024968 0.657152
0.024978 0.657152
0.024978 0.657169
0.024999 0.657186
0.024999 0.657253
0.025009 0.657286
0.025009 0.657303
0.025009 0.657370
0.025019 0.657403
0.025019 0.657453
0.025040 0.657470
0.025040 0.657487
0.025060 0.657503
0.025070 0.657570
0.025081 0.657570
0.025101 0.657570
0.025101 0.657620
0.025101 0.657637
0.025132 0.657670
0.025153 0.657704
0.025153 0.657721
0.025163 0.657771
0.025163 0.657787
0.025173 0.657854
0.025173 0.657871
0.025183 0.657888
0.025183 0.657921
0.025183 0.657988
0.025204 0.657988
0.025204 0.658038
0.025214 0.658055
0.025245 0.658055
0.025245 0.658105
0.025245 0.658138
0.025245 0.658172
0.025245 0.658205
0.025265 0.658239
0.025276 0.658239
0.025286 0.658255
0.025296 0.658255
0.025296 0.658272
0.025317 0.658289
0.025317 0.658339
0.025337 0.658372
0.025358 0.658473
0.025358 0.658506
0.025368 0.658523
0.025378 0.658556
0.025378 0.658573
0.025378 0.658606
0.025378 0.658623
0.025399 0.658640
0.025429 0.658640
0.025450 0.658707
0.025450 0.658723
0.025450 0.658757
0.025450 0.658773
0.025481 0.658807
0.025491 0.658824
0.025501 0.658890
0.025511 0.658890
0.025522 0.658924
0.025532 0.658941
0.025532 0.658991
0.025542 0.659007
0.025542 0.659024
0.025563 0.659024
0.025563 0.659091
0.025563 0.659158
0.025573 0.659158
0.025573 0.659174
0.025573 0.659208
0.025573 0.659258
0.025583 0.659258
0.025593 0.659275
0.025593 0.659325
0.025593 0.659342
0.025604 0.659358
0.025604 0.659392
0.025604 0.659442
0.025604 0.659475
0.025624 0.659509
0.025645 0.659559
0.025655 0.659559
0.025655 0.659576
0.025665 0.659576
0.025665 0.659592
0.025675 0.659592
0.025686 0.659609
0.025706 0.659609
0.025706 0.659642
0.025716 0.659676
0.025727 0.659743
0.025727 0.659759
0.025747 0.659776
0.025768 0.659843
0.025778 0.659893
0.025788 0.659893
0.025788 0.659910
0.025788 0.659943
0.025799 0.659943
0.025799 0.660010
0.025809 0.660010
0.025840 0.660010
0.025840 0.660043
0.025850 0.660060
0.025850 0.660127
0.025860 0.660127
0.025860 0.660227
0.025870 0.660294
0.025870 0.660344
0.025870 0.660411
0.025881 0.660445
0.025891 0.660495
0.025891 0.660511
0.025911 0.660528
0.025911 0.660545
0.025922 0.660595
0.025922 0.660628
0.025922 0.660662
0.025932 0.660662
0.025932 0.660678
0.025952 0.660712
0.025952 0.660779
0.025952 0.660829
0.025963 0.660846
0.025963 0.660879
0.025963 0.660929
0.025963 0.660963
0.025963 0.660979
0.025963 0.661013
0.025963 0.661080
0.025973 0.661096
0.025973 0.661163
0.025973 0.661247
0.025973 0.661263
0.025983 0.661280
0.025993 0.661280
0.025993 0.661297
0.025993 0.661330
0.025993 0.661347
0.026004 0.661397
0.026014 0.661414
0.026014 0.661430
0.026024 0.661430
0.026024 0.661447
0.026024 0.661481
0.026024 0.661531
0.026034 0.661564
0.026034 0.661614
0.026034 0.661631
0.026045 0.661631
0.026045 0.661648
0.026075 0.661648
0.026086 0.661664
0.026086 0.661681
0.026086 0.661715
0.026086 0.661731
0.026096 0.661731
0.026096 0.661765
0.026096 0.661781
0.026106 0.661781
0.026106 0.661815
0.026106 0.661848
0.026106 0.661865
0.026127 0.661865
0.026127 0.661898
0.026137 0.661915
0.026147 0.661915
0.026168 0.661949
0.026178 0.661949
0.026188 0.661999
0.026209 0.662015
0.026209 0.662049
0.026229 0.662049
0.026239 0.662099
0.026239 0.662116
0.026239 0.662199
0.026239 0.662216
0.026239 0.662266
0.026260 0.662333
0.026260 0.662416
0.026260 0.662433
0.026260 0.662467
0.026270 0.662517
0.026280 0.662517
0.026280 0.662584
0.026291 0.662584
0.026301 0.662617
0.026332 0.662634
0.026332 0.662667
0.026332 0.662684
0.026352 0.662684
0.026362 0.662701
0.026362 0.662801
0.026373 0.662818
0.026373 0.662834
0.026383 0.662851
0.026393 0.662851
0.026393 0.662884
0.026424 0.662901
0.026434 0.662901
0.026445 0.662918
0.026445 0.662968
0.026445 0.662985
0.026445 0.663068
0.026455 0.663085
0.026465 0.663085
0.026486 0.663135
0.026486 0.663168
0.026486 0.663185
0.026486 0.663219
0.026486 0.663252
0.026496 0.663285
0.026496 0.663352
0.026496 0.663436
0.026496 0.663469
0.026506 0.663486
0.026506 0.663536
0.026516 0.663553
0.026516 0.663603
0.026537 0.663670
0.026537 0.663703
0.026537 0.663720
0.026547 0.663737
0.026547 0.663770
0.026547 0.663787
0.026557 0.663820
0.026557 0.663870
0.026557 0.663971
0.026557 0.664004
0.026557 0.664054
0.026568 0.664071
0.026588 0.664071
0.026588 0.664104
0.026588 0.664154
0.026598 0.664188
0.026619 0.664221
0.026619 0.664255
0.026639 0.664288
0.026639 0.664388
0.026639 0.664422
0.026639 0.664472
0.026639 0.664489
0.026660 0.664489
0.026680 0.664522
0.026701 0.664522
0.026721 0.664539
0.026721 0.664555
0.026732 0.664572
0.026732 0.664606
0.026742 0.664622
0.026762 0.664656
0.026762 0.664672
0.026762 0.664706
0.026762 0.664723
0.026773 0.664739
0.026773 0.664773
0.026803 0.664806
0.026814 0.664823
0.026814 0.664840
0.026824 0.664890
0.026834 0.664923
0.026855 0.664957
0.026865 0.664973
0.026865 0.664990
0.026865 0.665057
0.026885 0.665074
0.026885 0.665090
0.026896 0.665140
0.026896 0.665157
0.026906 0.665157
0.026906 0.665174
0.026906 0.665224
0.026906 0.665241
0.026916 0.665241
0.026926 0.665257
0.026937 0.665257
0.026937 0.665291
0.026937 0.665307
0.026937 0.665358
0.026947 0.665408
0.026978 0.665424
0.026978 0.665475
0.026978 0.665508
0.026978 0.665525
0.026988 0.665541
0.026988 0.665575
0.026998 0.665608
0.027008 0.665608
0.027029 0.665625
0.027029 0.665642
0.027029 0.665692
0.027039 0.665742
0.027049 0.665759
0.027070 0.665775
0.027070 0.665826
0.027080 0.665859
0.027080 0.665876
0.027090 0.665876
0.027111 0.665943
0.027111 0.665976
0.027111 0.666026
0.027111 0.666059
0.027111 0.666093
0.027132 0.666110
0.027132 0.666126
0.027142 0.666126
0.027142 0.666193
0.027142 0.666210
0.027162 0.666277
0.027162 0.666310
0.027162 0.666327
0.027173 0.666344
0.027173 0.666410
0.027183 0.666427
0.027193 0.666427
0.027203 0.666511
0.027203 0.666527
0.027203 0.666561
0.027214 0.666561
0.027214 0.666594
0.027224 0.666611
0.027224 0.666628
0.027234 0.666661
0.027244 0.666661
0.027244 0.666678
0.027255 0.666728
0.027255 0.666795
0.027255 0.666811
0.027265 0.666811
0.027265 0.666912
0.027275 0.666912
0.027285 0.666928
0.027296 0.667012
0.027296 0.667045
0.027296 0.667096
0.027306 0.667146
0.027316 0.667146
0.027337 0.667179
0.027337 0.667213
0.027347 0.667279
0.027347 0.667296
0.027357 0.667296
0.027357 0.667313
0.027378 0.667330
0.027378 0.667346
0.027388 0.667363
0.027388 0.667413
0.027388 0.667447
0.027388 0.667480
0.027388 0.667530
0.027398 0.667564
0.027419 0.667564
0.027439 0.667580
0.027449 0.667580
0.027449 0.667647
0.027460 0.667714
0.027460 0.667731
0.027460 0.667764
0.027470 0.667781
0.027470 0.667814
0.027480 0.667831
0.027480 0.667898
0.027490 0.667898
0.027490 0.667914
0.027511 0.667914
0.027511 0.667948
0.027511 0.667965
0.027531 0.667981
0.027542 0.667998
0.027552 0.667998
0.027552 0.668015
0.027562 0.668031
0.027562 0.668065
0.027562 0.668082
0.027572 0.668132
0.027583 0.668132
0.027583 0.668148
0.027583 0.668199
0.027583 0.668215
0.027583 0.668265
0.027583 0.668299
0.027583 0.668366
0.027583 0.668382
0.027593 0.668449
0.027593 0.668466
0.027593 0.668499
0.027593 0.668516
0.027593 0.668566
0.027593 0.668583
0.027603 0.668616
0.027603 0.668700
0.027624 0.668700
0.027624 0.668750
0.027654 0.668750
0.027665 0.668750
0.027665 0.668767
0.027695 0.668817
0.027695 0.668834
0.027695 0.668900
0.027716 0.668917
0.027716 0.668934
0.027747 0.668984
0.027767 0.669017
0.027777 0.669017
0.027777 0.669034
0.027788 0.669051
0.027798 0.669051
0.027798 0.669084
0.027798 0.669101
0.027798 0.669151
0.027808 0.669184
0.027819 0.669184
0.027829 0.669201
0.027829 0.669235
0.027839 0.669268
0.027849 0.669285
0.027870 0.669335
0.027880 0.669385
0.027890 0.669385
0.027901 0.669402
0.027911 0.669402
0.027921 0.669435
0.027931 0.669452
0.027942 0.669452
0.027942 0.669485
0.027942 0.669519
0.027942 0.669569
0.027942 0.669586
0.027962 0.669602
0.027962 0.669652
0.027972 0.669652
0.027972 0.669719
0.027972 0.669736
0.027983 0.669736
0.027983 0.669786
0.028003 0.669803
0.028013 0.669886
0.028013 0.669920
0.028024 0.669970
0.028024 0.670020
0.028034 0.670020
0.028034 0.670104
0.028054 0.670204
0.028085 0.670254
0.028106 0.670271
0.028116 0.670271
0.028126 0.670321
0.028126 0.670354
0.028147 0.670371
0.028147 0.670388
0.028147 0.670421
0.028157 0.670438
0.028167 0.670438
0.028167 0.670455
0.028177 0.670505
0.028177 0.670572
0.028177 0.670588
0.028198 0.670605
0.028198 0.670622
0.028198 0.670722
0.028198 0.670789
0.028218 0.670789
0.028218 0.670839
0.028218 0.670856
0.028239 0.670856
0.028239 0.670906
0.028239 0.670922
0.028259 0.670922
0.028270 0.670922
0.028290 0.670973
0.028290 0.671039
0.028290 0.671090
0.028311 0.671090
0.028311 0.671140
0.028311 0.671173
0.028321 0.671173
0.028321 0.671190
0.028321 0.671223
0.028331 0.671240
0.028331 0.671257
0.028341 0.671290
0.028341 0.671324
0.028352 0.671340
0.028393 0.671340
0.028403 0.671340
0.028434 0.671340
0.028434 0.671407
0.028434 0.671457
0.028454 0.671474
0.028464 0.671507
0.028464 0.671574
0.028464 0.671591
0.028485 0.671591
0.028485 0.671624
0.028516 0.671775
0.028526 0.671775
0.028547 0.671791
0.028547 0.671808
0.028547 0.671842
0.028547 0.671858
0.028557 0.671925
0.028557 0.671959
0.028567 0.671959
0.028567 0.672009
0.028588 0.672009
0.028588 0.672042
0.028588 0.672109
0.028608 0.672142
0.028608 0.672159
0.028618 0.672159
0.028618 0.672176
0.028629 0.672276
0.028649 0.672276
0.028659 0.672276
0.028670 0.672309
0.028670 0.672326
0.028690 0.672360
0.028700 0.672360
0.028711 0.672393
0.028711 0.672426
0.028711 0.672443
0.028721 0.672443
0.028721 0.672510
0.028721 0.672543
0.028731 0.672594
0.028741 0.672610
0.028752 0.672644
0.028772 0.672677
0.028782 0.672677
0.028782 0.672694
0.028793 0.672761
0.028793 0.672794
0.028803 0.672811
0.028823 0.672844
0.028844 0.672861
0.028875 0.672861
0.028895 0.672861
0.028895 0.672911
0.028895 0.672928
0.028895 0.672961
0.028905 0.672961
0.028905 0.672995
0.028905 0.673011
0.028905 0.673112
0.028905 0.673128
0.028905 0.673195
0.028916 0.673212
0.028916 0.673229
0.028916 0.673262
0.028926 0.673312
0.028936 0.673346
0.028946 0.673346
0.028957 0.673379
0.028967 0.673379
0.028977 0.673412
0.028987 0.673412
0.028987 0.673446
0.028998 0.673563
0.028998 0.673630
0.028998 0.673646
0.029008 0.673646
0.029008 0.673663
0.029008 0.673730
0.029008 0.673780
0.029018 0.673814
0.029028 0.673814
0.029039 0.673830
0.029039 0.673930
0.029039 0.674064
0.029039 0.674131
0.029080 0.674181
0.029080 0.674198
0.029080 0.674231
0.029090 0.674231
0.029110 0.674231
0.029110 0.674281
0.029110 0.674315
0.029131 0.674332
0.029131 0.674365
0.029151 0.674365
0.029162 0.674398
0.029172 0.674398
0.029193 0.674465
0.029193 0.674532
0.029203 0.674532
0.029223 0.674532
0.029234 0.674566
0.029234 0.674582
0.029254 0.674599
0.029275 0.674649
0.029285 0.674666
0.029285 0.674682
0.029295 0.674682
0.029295 0.674699
0.029305 0.674699
0.029305 0.674749
0.029336 0.674749
0.029336 0.674783
0.029357 0.674816
0.029357 0.674850
0.029357 0.674866
0.029367 0.674883
0.029367 0.674900
0.029367 0.674933
0.029387 0.674933
0.029387 0.674950
0.029387 0.675000
0.029387 0.675033
0.029408 0.675033
0.029428 0.675100
0.029428 0.675134
0.029428 0.675201
0.029428 0.675217
0.029428 0.675251
0.029469 0.675284
0.029480 0.675334
0.029490 0.675334
0.029490 0.675368
0.029490 0.675401
0.029490 0.675451
0.029490 0.675485
0.029500 0.675485
0.029500 0.675518
0.029521 0.675535
0.029521 0.675551
0.029521 0.675618
0.029521 0.675635
0.029521 0.675668
0.029541 0.675685
0.029562 0.675685
0.029562 0.675719
0.029572 0.675719
0.029592 0.675769
0.029623 0.675802
0.029623 0.675836
0.029623 0.675869
0.029623 0.675886
0.029644 0.675902
0.029644 0.675936
0.029664 0.675969
0.029685 0.675969
0.029685 0.675986
0.029695 0.675986
0.029726 0.676019
0.029736 0.676019
0.029756 0.676070
0.029756 0.676136
0.029767 0.676153
0.029767 0.676186
0.029767 0.676237
0.029767 0.676303
0.029777 0.676320
0.029777 0.676354
0.029777 0.676387
0.029777 0.676420
0.029777 0.676437
0.029777 0.676471
0.029777 0.676487
0.029787 0.676521
0.029797 0.676571
0.029808 0.676571
0.029818 0.676588
0.029839 0.676588
0.029839 0.676621
0.029849 0.676621
0.029849 0.676638
0.029849 0.676705
0.029859 0.676755
0.029869 0.676755
0.029869 0.676771
0.029869 0.676838
0.029880 0.676855
0.029900 0.676855
0.029921 0.676888
0.029921 0.676905
0.029921 0.676955
0.029931 0.676955
0.029931 0.677039
0.029941 0.677072
0.029941 0.677089
0.029951 0.677122
0.029972 0.677122
0.029972 0.677156
0.029982 0.677206
0.029982 0.677239
0.029992 0.677273
0.029992 0.677289
0.029992 0.677323
0.029992 0.677340
0.029992 0.677373
0.030023 0.677373
0.030033 0.677373
0.030054 0.677373
0.030054 0.677473
0.030064 0.677507
0.030085 0.677557
0.030095 0.677590
0.030115 0.677624
0.030126 0.677624
0.030126 0.677657
0.030136 0.677691
0.030146 0.677707
0.030156 0.677707
0.030167 0.677741
0.030177 0.677757
0.030177 0.677791
0.030177 0.677807
0.030187 0.677858
0.030208 0.677874
0.030208 0.677908
0.030218 0.677924
0.030228 0.677924
0.030228 0.677958
0.030228 0.677975
0.030228 0.678008
0.030228 0.678058
0.030228 0.678075
0.030249 0.678108
0.030259 0.678125
0.030259 0.678192
0.030259 0.678275
0.030279 0.678326
0.030279 0.678342
0.030279 0.678392
0.030290 0.678392
0.030290 0.678426
0.030310 0.678426
0.030320 0.678459
0.030331 0.678459
0.030361 0.678459
0.030382 0.678459
0.030392 0.678476
0.030413 0.678493
0.030413 0.678559
0.030413 0.678643
0.030413 0.678676
0.030413 0.678693
0.030413 0.678760
0.030423 0.678777
0.030423 0.678810
0.030423 0.678827
0.030433 0.678860
0.030433 0.678910
0.030443 0.678944
0.030443 0.679011
0.030454 0.679011
0.030454 0.679027
0.030464 0.679027
0.030464 0.679061
0.030464 0.679078
0.030464 0.679111
0.030464 0.679128
0.030474 0.679128
0.030474 0.679144
0.030495 0.679178
0.030495 0.679211
0.030495 0.679278
0.030505 0.679278
0.030505 0.679328
0.030515 0.679328
0.030515 0.679362
0.030515 0.679412
0.030526 0.679445
0.030526 0.679495
0.030526 0.679529
0.030536 0.679562
0.030546 0.679646
0.030546 0.679696
0.030577 0.679729
0.030587 0.679779
0.030608 0.679796
0.030618 0.679846
0.030618 0.679896
0.030618 0.679947
0.030618 0.679980
0.030618 0.679997
0.030638 0.680013
0.030649 0.680047
0.030649 0.680080
0.030669 0.680080
0.030669 0.680114
0.030679 0.680164
0.030690 0.680180
0.030690 0.680197
0.030700 0.680231
0.030720 0.680231
0.030731 0.680247
0.030741 0.680281
0.030741 0.680314
0.030761 0.680381
0.030761 0.680414
0.030761 0.680431
0.030802 0.680448
0.030802 0.680481
0.030802 0.680531
0.030813 0.680615
0.030823 0.680648
0.030823 0.680682
0.030833 0.680682
0.030843 0.680699
0.030854 0.680749
0.030864 0.680749
0.030905 0.680782
0.030905 0.680816
0.030915 0.680816
0.030936 0.680832
0.030946 0.680866
0.030956 0.680866
0.030956 0.680882
0.030956 0.680916
0.030966 0.680932
0.030987 0.680932
0.030997 0.680949
0.030997 0.680983
0.031007 0.680999
0.031007 0.681016
0.031038 0.681066
0.031038 0.681083
0.031048 0.681083
0.031048 0.681116
0.031069 0.681150
0.031079 0.681166
0.031079 0.681200
0.031079 0.681250
0.031100 0.681250
0.031120 0.681317
0.031130 0.681317
0.031130 0.681367
0.031151 0.681400
0.031151 0.681434
0.031171 0.681434
0.031171 0.681467
0.031182 0.681484
0.031192 0.681484
0.031202 0.681501
0.031202 0.681534
0.031213 0.681584
0.031223 0.681618
0.031233 0.681618
0.031233 0.681634
0.031243 0.681634
0.031243 0.681701
0.031243 0.681735
0.031243 0.681751
0.031243 0.681785
0.031254 0.681801
0.031254 0.681868
0.031254 0.681902
0.031264 0.681902
0.031274 0.681952
0.031274 0.681985
0.031295 0.681985
0.031295 0.682002
0.031315 0.682035
0.031336 0.682035
0.031336 0.682102
0.031346 0.682119
0.031346 0.682136
0.031346 0.682219
0.031346 0.682253
0.031356 0.682253
0.031356 0.682269
0.031366 0.682269
0.031366 0.682286
0.031366 0.682336
0.031366 0.682353
0.031387 0.682370
0.031397 0.682386
0.031397 0.682436
0.031407 0.682470
0.031407 0.682487
0.031407 0.682520
0.031407 0.682537
0.031418 0.682553
0.031418 0.682587
0.031418 0.682637
0.031428 0.682637
0.031448 0.682637
0.031469 0.682670
0.031469 0.682721
0.031469 0.682737
0.031510 0.682771
0.031530 0.682771
0.031530 0.682804
0.031551 0.682838
0.031561 0.682854
0.031561 0.682888
0.031561 0.682955
0.031582 0.682955
0.031582 0.683005
0.031582 0.683038
0.031582 0.683072
0.031582 0.683105
0.031582 0.683122
0.031602 0.683155
0.031602 0.683189
0.031612 0.683189
0.031643 0.683189
0.031643 0.683205
0.031653 0.683205
0.031653 0.683289
0.031653 0.683305
0.031684 0.683356
0.031694 0.683389
0.031694 0.683439
0.031715 0.683473
0.031735 0.683489
0.031735 0.683506
0.031756 0.683556
0.031766 0.683556
0.031766 0.683573
0.031766 0.683656
0.031766 0.683673
0.031776 0.683740
0.031776 0.683790
0.031797 0.683807
0.031797 0.683824
0.031817 0.683857
0.031817 0.683890
0.031828 0.683890
0.031828 0.683907
0.031838 0.683941
0.031838 0.684007
0.031848 0.684007
0.031848 0.684024
0.031848 0.684057
0.031869 0.684057
0.031869 0.684091
0.031879 0.684124
0.031879 0.684158
0.031889 0.684208
0.031889 0.684225
0.031889 0.684258
0.031910 0.684291
0.031910 0.684358
0.031910 0.684375
0.031920 0.684392
0.031920 0.684425
0.031920 0.684475
0.031930 0.684509
0.031930 0.684542
0.031930 0.684592
0.031951 0.684592
0.031961 0.684626
0.031982 0.684659
0.032002 0.684659
0.032002 0.684726
0.032012 0.684776
0.032012 0.684809
0.032033 0.684843
0.032033 0.684860
0.032053 0.684876
0.032053 0.684926
0.032074 0.684943
0.032084 0.684943
0.032094 0.684977
0.032094 0.685027
0.032105 0.685060
0.032115 0.685077
0.032115 0.685094
0.032135 0.685094
0.032135 0.685144
0.032146 0.685160
0.032156 0.685160
0.032156 0.685194
0.032166 0.685211
0.032166 0.685227
0.032187 0.685261
0.032197 0.685277
0.032197 0.685311
0.032207 0.685328
0.032207 0.685361
0.032238 0.685361
0.032258 0.685361
0.032258 0.685411
0.032258 0.685461
0.032269 0.685478
0.032289 0.685478
0.032289 0.685511
0.032289 0.685528
0.032289 0.685578
0.032299 0.685578
0.032299 0.685595
0.032299 0.685628
0.032299 0.685729
0.032310 0.685762
0.032310 0.685795
0.032320 0.685812
0.032340 0.685829
0.032371 0.685879
0.032392 0.685896
0.032402 0.685946
0.032412 0.685946
0.032412 0.685963
0.032412 0.685996
0.032422 0.686029
0.032463 0.686180
0.032463 0.686213
0.032474 0.686230
0.032515 0.686230
0.032515 0.686297
0.032535 0.686330
0.032535 0.686347
0.032546 0.686380
0.032556 0.686397
0.032556 0.686430
0.032566 0.686464
0.032597 0.686464
0.032617 0.686464
0.032617 0.686481
0.032617 0.686547
0.032617 0.686564
0.032628 0.686598
0.032638 0.686598
0.032648 0.686614
0.032648 0.686631
0.032648 0.686664
0.032658 0.686681
0.032658 0.686748
0.032679 0.686781
0.032679 0.686815
0.032689 0.686815
0.032710 0.686832
0.032710 0.686848
0.032720 0.686882
0.032720 0.686915
0.032720 0.686932
0.032720 0.686965
0.032720 0.686982
0.032730 0.687015
0.032730 0.687049
0.032740 0.687082
0.032740 0.687132
0.032740 0.687166
0.032740 0.687216
0.032740 0.687283
0.032751 0.687299
0.032771 0.687299
0.032771 0.687350
0.032771 0.687383
0.032771 0.687400
0.032771 0.687500
0.032792 0.687533
0.032792 0.687584
0.032802 0.687634
0.032812 0.687634
0.032822 0.687667
0.032822 0.687767
0.032833 0.687767
0.032833 0.687784
0.032833 0.687834
0.032833 0.687851
0.032853 0.687901
0.032853 0.687934
0.032863 0.687968
0.032874 0.687985
0.032874 0.688051
0.032884 0.688102
0.032904 0.688168
0.032904 0.688202
0.032915 0.688285
0.032915 0.688336
0.032925 0.688386
0.032945 0.688386
0.032945 0.688486
0.032945 0.688519
0.032956 0.688536
0.032966 0.688586
0.032976 0.688586
0.033017 0.688603
0.033027 0.688603
0.033027 0.688670
0.033038 0.688670
0.033038 0.688703
0.033048 0.688720
0.033048 0.688737
0.033058 0.688737
0.033058 0.688770
0.033058 0.688820
0.033068 0.688854
0.033068 0.688887
0.033068 0.688937
0.033068 0.688954
0.033068 0.689004
0.033079 0.689021
0.033079 0.689071
0.033079 0.689104
0.033089 0.689104
0.033099 0.689154
0.033099 0.689171
0.033120 0.689188
0.033120 0.689205
0.033140 0.689271
0.033150 0.689322
0.033150 0.689355
0.033161 0.689372
0.033181 0.689372
0.033181 0.689405
0.033202 0.689439
0.033202 0.689455
0.033212 0.689472
0.033212 0.689505
0.033212 0.689555
0.033233 0.689589
0.033243 0.689589
0.033243 0.689622
0.033253 0.689723
0.033274 0.689739
0.033274 0.689773
0.033274 0.689823
0.033294 0.689890
0.033294 0.689923
0.033304 0.689923
0.033325 0.689940
0.033345 0.689973
0.033386 0.689973
0.033386 0.689990
0.033397 0.689990
0.033397 0.690007
0.033397 0.690090
0.033417 0.690124
0.033417 0.690140
0.033427 0.690140
0.033427 0.690157
0.033438 0.690157
0.033458 0.690157
0.033458 0.690191
0.033458 0.690241
0.033458 0.690257
0.033468 0.690257
0.033468 0.690291
0.033468 0.690324
0.033468 0.690358
0.033479 0.690408
0.033489 0.690441
0.033509 0.690475
0.033509 0.690558
0.033509 0.690575
0.033520 0.690592
0.033520 0.690625
0.033530 0.690642
0.033540 0.690642
0.033540 0.690675
0.033540 0.690725
0.033571 0.690759
0.033581 0.690792
0.033602 0.690792
0.033612 0.690826
0.033632 0.690826
0.033643 0.690859
0.033643 0.690892
0.033663 0.691026
0.033684 0.691026
0.033684 0.691093
0.033694 0.691126
0.033694 0.691160
0.033694 0.691227
0.033714 0.691227
0.033714 0.691243
0.033725 0.691260
0.033725 0.691293
0.033725 0.691327
0.033725 0.691360
0.033735 0.691360
0.033766 0.691360
0.033776 0.691377
0.033807 0.691394
0.033807 0.691410
0.033827 0.691410
0.033827 0.691427
0.033827 0.691461
0.033827 0.691477
0.033848 0.691477
0.033858 0.691511
0.033858 0.691527
0.033858 0.691578
0.033858 0.691611
0.033858 0.691678
0.033868 0.691678
0.033868 0.691695
0.033878 0.691711
0.033878 0.691728
0.033878 0.691778
0.033878 0.691795
0.033878 0.691828
0.033899 0.691845
0.033899 0.691878
0.033909 0.691895
0.033909 0.691962
0.033920 0.691979
0.033930 0.692029
0.033940 0.692045
0.033950 0.692045
0.033950 0.692079
0.033971 0.692129
0.033971 0.692162
0.033971 0.692179
0.033981 0.692196
0.033991 0.692229
0.034002 0.692229
0.034012 0.692246
0.034012 0.692263
0.034032 0.692279
0.034043 0.692279
0.034043 0.692346
0.034043 0.692447
0.034063 0.692463
0.034063 0.692480
0.034084 0.692497
0.034084 0.692597
0.034094 0.692614
0.034094 0.692714
0.034104 0.692731
0.034104 0.692781
0.034114 0.692797
0.034114 0.692864
0.034114 0.692881
0.034135 0.692881
0.034166 0.692881
0.034166 0.692914
0.034166 0.692931
0.034176 0.692965
0.034176 0.693015
0.034186 0.693048
0.034186 0.693065
0.034196 0.693115
0.034217 0.693115
0.034227 0.693115
0.034237 0.693182
0.034248 0.693199
0.034248 0.693215
0.034268 0.693232
0.034278 0.693249
0.034289 0.693299
0.034309 0.693316
0.034309 0.693349
0.034309 0.693366
0.034319 0.693366
0.034340 0.693432
0.034340 0.693483
0.034350 0.693566
0.034360 0.693583
0.034381 0.693600
0.034381 0.693650
0.034401 0.693650
0.034401 0.693683
0.034442 0.693683
0.034463 0.693683
0.034483 0.693700
0.034494 0.693717
0.034504 0.693767
0.034535 0.693767
0.034555 0.693800
0.034576 0.693817
0.034576 0.693850
0.034586 0.693884
0.034607 0.693900
0.034607 0.693951
0.034607 0.693984
0.034607 0.694017
0.034627 0.694051
0.034627 0.694101
0.034637 0.694168
0.034637 0.694218
0.034637 0.694251
0.034678 0.694268
0.034689 0.694318
0.034699 0.694385
0.034699 0.694402
0.034699 0.694435
0.034699 0.694452
0.034709 0.694469
0.034730 0.694569
0.034750 0.694602
0.034771 0.694652
0.034781 0.694686
0.034781 0.694703
0.034791 0.694753
0.034812 0.694820
0.034822 0.694836
0.034832 0.694870
0.034863 0.694920
0.034894 0.694936
0.034914 0.694970
0.034924 0.695053
0.034924 0.695070
0.034924 0.695120
0.034955 0.695204
0.034955 0.695221
0.034965 0.695221
0.034976 0.695237
0.034996 0.695287
0.034996 0.695304
0.034996 0.695354
0.034996 0.695388
0.035006 0.695404
0.035006 0.695421
0.035006 0.695488
0.035027 0.695505
0.035037 0.695555
0.035058 0.695555
0.035058 0.695588
0.035068 0.695638
0.035078 0.695655
0.035099 0.695722
0.035109 0.695739
0.035129 0.695739
0.035129 0.695805
0.035129 0.695839
0.035129 0.695872
0.035129 0.695939
0.035140 0.695939
0.035140 0.695989
0.035160 0.696006
0.035181 0.696006
0.035191 0.696023
0.035191 0.696073
0.035201 0.696073
0.035222 0.696123
0.035222 0.696173
0.035232 0.696307
0.035242 0.696307
0.035252 0.696324
0.035252 0.696340
0.035273 0.696340
0.035273 0.696407
0.035273 0.696441
0.035283 0.696441
0.035294 0.696457
0.035294 0.696491
0.035304 0.696491
0.035304 0.696507
0.035304 0.696541
0.035304 0.696557
0.035314 0.696557
0.035324 0.696591
0.035335 0.696608
0.035335 0.696641
0.035345 0.696658
0.035365 0.696691
0.035365 0.696725
0.035386 0.696741
0.035406 0.696741
0.035417 0.696808
0.035417 0.696858
0.035417 0.696892
0.035417 0.696942
0.035417 0.696975
0.035427 0.697009
0.035427 0.697025
0.035427 0.697059
0.035427 0.697109
0.035427 0.697126
0.035427 0.697176
0.035427 0.697193
0.035427 0.697226
0.035437 0.697226
0.035447 0.697243
0.035458 0.697293
0.035458 0.697309
0.035468 0.697343
0.035488 0.697376
0.035499 0.697376
0.035499 0.697426
0.035560 0.697443
0.035581 0.697510
0.035591 0.697527
0.035601 0.697560
0.035622 0.697560
0.035632 0.697577
0.035652 0.697577
0.035663 0.697594
0.035693 0.697594
0.035693 0.697627
0.035693 0.697644
0.035704 0.697644
0.035714 0.697677
0.035755 0.697677
0.035765 0.697727
0.035765 0.697744
0.035775 0.697777
0.035806 0.697794
0.035806 0.697878
0.035837 0.697894
0.035857 0.697894
0.035868 0.697894
0.035868 0.697911
0.035868 0.697961
0.035868 0.697995
0.035868 0.698011
0.035888 0.698028
0.035888 0.698061
0.035898 0.698095
0.035898 0.698128
0.035898 0.698195
0.035929 0.698229
0.035940 0.698229
0.035950 0.698262
0.035960 0.698279
0.035960 0.698329
0.035960 0.698362
0.035960 0.698379
0.035970 0.698429
0.035970 0.698446
0.035981 0.698496
0.035991 0.698513
0.036022 0.698513
0.036022 0.698546
0.036032 0.698580
0.036063 0.698580
0.036063 0.698613
0.036073 0.698613
0.036073 0.698630
0.036104 0.698646
0.036134 0.698713
0.036134 0.698747
0.036134 0.698763
0.036145 0.698763
0.036175 0.698780
0.036175 0.698830
0.036186 0.698847
0.036186 0.698914
0.036206 0.698930
0.036206 0.698947
0.036216 0.698981
0.036216 0.699014
0.036216 0.699081
0.036216 0.699131
0.036227 0.699148
0.036227 0.699181
0.036247 0.699181
0.036247 0.699198
0.036257 0.699215
0.036278 0.699231
0.036288 0.699231
0.036288 0.699248
0.036288 0.699281
0.036288 0.699298
0.036288 0.699382
0.036329 0.699382
0.036329 0.699398
0.036339 0.699398
0.036350 0.699465
0.036380 0.699465
0.036380 0.699482
0.036380 0.699515
0.036391 0.699532
0.036391 0.699566
0.036401 0.699582
0.036401 0.699616
0.036421 0.699749
0.036432 0.699799
0.036432 0.699833
0.036442 0.699883
0.036442 0.699916
0.036452 0.699933
0.036452 0.699983
0.036493 0.700000
0.036534 0.700100
0.036534 0.700134
0.036534 0.700184
0.036575 0.700217
0.036585 0.700217
0.036585 0.700234
0.036585 0.700301
0.036585 0.700351
0.036606 0.700384
0.036627 0.700451
0.036647 0.700501
0.036647 0.700535
0.036647 0.700568
0.036657 0.700618
0.036657 0.700635
0.036657 0.700685
0.036657 0.700719
0.036668 0.700719
0.036668 0.700752
0.036688 0.700752
0.036688 0.700769
0.036688 0.700836
0.036709 0.700836
0.036719 0.700852
0.036719 0.700886
0.036729 0.700886
0.036750 0.700902
0.036750 0.700953
0.036770 0.700953
0.036770 0.701019
0.036780 0.701036
0.036801 0.701053
0.036801 0.701136
0.036811 0.701203
0.036811 0.701220
0.036821 0.701220
0.036821 0.701237
0.036842 0.701237
0.036842 0.701270
0.036852 0.701287
0.036852 0.701320
0.036862 0.701337
0.036862 0.701370
0.036862 0.701471
0.036862 0.701487
0.036862 0.701554
0.036883 0.701588
0.036883 0.701621
0.036883 0.701654
0.036903 0.701671
0.036903 0.701721
0.036914 0.701721
0.036924 0.701738
0.036955 0.701738
0.036965 0.701755
0.036965 0.701822
0.036965 0.701838
0.036975 0.701855
0.036985 0.701888
0.036996 0.701905
0.036996 0.701922
0.036996 0.702005
0.037006 0.702005
0.037026 0.702089
0.037037 0.702122
0.037037 0.702156
0.037047 0.702189
0.037047 0.702206
0.037067 0.702223
0.037067 0.702289
0.037078 0.702306
0.037078 0.702323
0.037098 0.702340
0.037108 0.702373
0.037108 0.702406
0.037108 0.702423
0.037119 0.702440
0.037139 0.702473
0.037139 0.702490
0.037149 0.702490
0.037149 0.702540
0.037160 0.702540
0.037170 0.702590
0.037170 0.702607
0.037170 0.702674
0.037180 0.702674
0.037190 0.702707
0.037211 0.702724
0.037221 0.702741
0.037242 0.702774
0.037262 0.702791
0.037272 0.702824
0.037293 0.702824
0.037293 0.702858
0.037293 0.702874
0.037303 0.702891
0.037303 0.702908
0.037314 0.702908
0.037324 0.702924
0.037324 0.702991
0.037355 0.703058
0.037385 0.703092
0.037385 0.703158
0.037396 0.703158
0.037396 0.703209
0.037396 0.703225
0.037406 0.703225
0.037406 0.703292
0.037406 0.703326
0.037416 0.703326
0.037426 0.703342
0.037437 0.703376
0.037437 0.703476
0.037457 0.703493
0.037457 0.703509
0.037467 0.703509
0.037467 0.703559
0.037467 0.703626
0.037467 0.703676
0.037467 0.703693
0.037478 0.703710
0.037488 0.703710
0.037519 0.703710
0.037539 0.703743
0.037539 0.703760
0.037549 0.703827
0.037549 0.703860
0.037560 0.703894
0.037560 0.703910
0.037570 0.703910
0.037580 0.703927
0.037611 0.703944
0.037611 0.703977
0.037621 0.704011
0.037621 0.704144
0.037662 0.704144
0.037662 0.704161
0.037662 0.704228
0.037672 0.704278
0.037703 0.704311
0.037713 0.704345
0.037713 0.704378
0.037724 0.704412
0.037724 0.704479
0.037724 0.704512
0.037724 0.704529
0.037754 0.704529
0.037775 0.704545
0.037775 0.704579
0.037785 0.704596
0.037795 0.704596
0.037806 0.704612
0.037806 0.704646
0.037826 0.704646
0.037826 0.704696
0.037826 0.704746
0.037836 0.704779
0.037867 0.704779
0.037888 0.704880
0.037898 0.704913
0.037908 0.704980
0.037908 0.704997
0.037908 0.705030
0.037908 0.705047
0.037908 0.705097
0.037918 0.705164
0.037918 0.705231
0.037918 0.705247
0.037939 0.705264
0.037949 0.705331
0.037959 0.705348
0.037959 0.705381
0.037970 0.705414
0.037970 0.705465
0.037980 0.705481
0.038011 0.705515
0.038021 0.705531
0.038021 0.705565
0.038021 0.705615
0.038021 0.705648
0.038042 0.705682
0.038042 0.705765
0.038042 0.705799
0.038062 0.705866
0.038072 0.705882
0.038072 0.705949
0.038072 0.705999
0.038093 0.706016
0.038093 0.706033
0.038103 0.706100
0.038103 0.706183
0.038113 0.706217
0.038113 0.706250
0.038124 0.706267
0.038134 0.706267
0.038134 0.706283
0.038144 0.706300
0.038175 0.706334
0.038195 0.706384
0.038195 0.706417
0.038206 0.706417
0.038206 0.706434
0.038226 0.706451
0.038226 0.706517
0.038226 0.706551
0.038247 0.706684
0.038257 0.706701
0.038267 0.706735
0.038277 0.706735
0.038277 0.706751
0.038298 0.706751
0.038308 0.706818
0.038339 0.706818
0.038339 0.706902
0.038359 0.706902
0.038370 0.706969
0.038390 0.707035
0.038400 0.707086
0.038400 0.707136
0.038411 0.707136
0.038411 0.707203
0.038421 0.707253
0.038421 0.707286
0.038441 0.707353
0.038462 0.707353
0.038482 0.707386
0.038493 0.707403
0.038523 0.707403
0.038534 0.707436
0.038554 0.707436
0.038564 0.707487
0.038585 0.707520
0.038595 0.707553
0.038595 0.707570
0.038605 0.707604
0.038626 0.707620
0.038626 0.707687
0.038636 0.707737
0.038636 0.707787
0.038657 0.707804
0.038657 0.707821
0.038677 0.707821
0.038677 0.707854
0.038677 0.707871
0.038677 0.707904
0.038677 0.708005
0.038688 0.708072
0.038729 0.708072
0.038739 0.708072
0.038739 0.708122
0.038759 0.708155
0.038780 0.708172
0.038780 0.708205
0.038790 0.708255
0.038790 0.708305
0.038800 0.708339
0.038811 0.708356
0.038852 0.708356
0.038852 0.708389
0.038872 0.708406
0.038882 0.708439
0.038882 0.708473
0.038893 0.708489
0.038923 0.708523
0.038923 0.708556
0.038923 0.708573
0.038934 0.708656
0.038954 0.708707
0.038995 0.708740
0.038995 0.708757
0.039026 0.708757
0.039036 0.708824
0.039046 0.708857
0.039046 0.708874
0.039057 0.708890
0.039057 0.708907
0.039057 0.708941
0.039067 0.708957
0.039077 0.708991
0.039077 0.709007
0.039087 0.709024
0.039087 0.709041
0.039087 0.709074
0.039118 0.709074
0.039128 0.709074
0.039149 0.709108
0.039149 0.709124
0.039180 0.709141
0.039180 0.709158
0.039180 0.709191
0.039200 0.709191
0.039200 0.709241
0.039221 0.709291
0.039221 0.709308
0.039231 0.709342
0.039231 0.709375
0.039241 0.709442
0.039241 0.709509
0.039251 0.709525
0.039262 0.709576
0.039303 0.709576
0.039313 0.709592
0.039334 0.709609
0.039334 0.709659
0.039344 0.709676
0.039354 0.709709
0.039385 0.709709
0.039385 0.709743
0.039395 0.709793
0.039416 0.709809
0.039426 0.709843
0.039446 0.709860
0.039467 0.709910
0.039477 0.709977
0.039508 0.709977
0.039508 0.710043
0.039508 0.710077
0.039518 0.710094
0.039518 0.710160
0.039528 0.710160
0.039528 0.710244
0.039539 0.710294
0.039569 0.710294
0.039569 0.710378
0.039569 0.710411
0.039580 0.710428
0.039600 0.710445
0.039600 0.710495
0.039600 0.710528
0.039600 0.710578
0.039600 0.710612
0.039600 0.710662
0.039610 0.710695
0.039621 0.710745
0.039651 0.710745
0.039662 0.710779
0.039662 0.710812
0.039682 0.710812
0.039682 0.710829
0.039692 0.710879
0.039692 0.710946
0.039713 0.710996
0.039723 0.711046
0.039723 0.711063
0.039744 0.711096
0.039744 0.711113
0.039754 0.711146
0.039754 0.711163
0.039754 0.711213
0.039774 0.711280
0.039785 0.711297
0.039785 0.711330
0.039785 0.711347
0.039805 0.711347
0.039815 0.711380
0.039846 0.711430
0.039846 0.711481
0.039846 0.711547
0.039867 0.711581
0.039877 0.711581
0.039897 0.711648
0.039908 0.711648
0.039908 0.711715
0.039908 0.711765
0.039908 0.711781
0.039918 0.711832
0.039918 0.711848
0.039928 0.711865
0.039938 0.711865
0.039949 0.711882
0.039979 0.711898
0.039990 0.711949
0.039990 0.711982
0.040000 0.711999
0.040010 0.711999
0.040010 0.712032
0.040031 0.712032
0.040031 0.712066
0.040051 0.712099
0.040051 0.712116
0.040051 0.712166
0.040062 0.712199
0.040072 0.712216
0.040082 0.712266
0.040082 0.712316
0.040082 0.712383
0.040092 0.712433
0.040113 0.712450
0.040133 0.712517
0.040133 0.712550
0.040133 0.712634
0.040133 0.712684
0.040154 0.712684
0.040174 0.712734
0.040174 0.712767
0.040174 0.712784
0.040185 0.712801
0.040185 0.712851
0.040205 0.712851
0.040205 0.712868
0.040215 0.712918
0.040215 0.712951
0.040215 0.712968
0.040226 0.713001
0.040226 0.713018
0.040226 0.713068
0.040226 0.713085
0.040246 0.713118
0.040256 0.713135
0.040256 0.713168
0.040267 0.713202
0.040267 0.713219
0.040287 0.713219
0.040287 0.713252
0.040287 0.713269
0.040287 0.713302
0.040308 0.713319
0.040328 0.713386
0.040328 0.713453
0.040349 0.713453
0.040359 0.713469
0.040379 0.713486
0.040379 0.713519
0.040379 0.713570
0.040390 0.713620
0.040410 0.713636
0.040420 0.713686
0.040441 0.713720
0.040441 0.713737
0.040461 0.713753
0.040472 0.713753
0.040482 0.713803
0.040482 0.713837
0.040492 0.713837
0.040502 0.713854
0.040502 0.713920
0.040502 0.713937
0.040523 0.713937
0.040533 0.713954
0.040543 0.714004
0.040554 0.714037
0.040564 0.714037
0.040564 0.714054
0.040584 0.714071
0.040595 0.714088
0.040605 0.714121
0.040636 0.714154
0.040656 0.714154
0.040656 0.714171
0.040656 0.714205
0.040666 0.714205
0.040697 0.714205
0.040697 0.714238
0.040708 0.714238
0.040718 0.714271
0.040728 0.714322
0.040738 0.714322
0.040779 0.714388
0.040810 0.714405
0.040831 0.714405
0.040851 0.714422
0.040851 0.714455
0.040851 0.714472
0.040861 0.714489
0.040882 0.714522
0.040902 0.714539
0.040913 0.714555
0.040913 0.714589
0.040933 0.714606
0.040933 0.714639
0.040964 0.714656
0.040964 0.714723
0.040964 0.714756
0.040964 0.714773
0.040964 0.714806
0.040974 0.714823
0.040974 0.714840
0.040984 0.714873
0.041015 0.714906
0.041025 0.714923
0.041046 0.714940
0.041066 0.714940
0.041077 0.714957
0.041087 0.715023
0.041107 0.715074
0.041128 0.715090
0.041148 0.715124
0.041148 0.715140
0.041159 0.715140
0.041159 0.715174
0.041179 0.715191
0.041189 0.715224
0.041189 0.715307
0.041210 0.715341
0.041230 0.715358
0.041230 0.715374
0.041230 0.715408
0.041271 0.715441
0.041282 0.715475
0.041302 0.715475
0.041323 0.715525
0.041333 0.715592
0.041333 0.715658
0.041343 0.715709
0.041343 0.715809
0.041364 0.715859
0.041374 0.715859
0.041374 0.715892
0.041374 0.715959
0.041384 0.715993
0.041395 0.716009
0.041405 0.716043
0.041415 0.716059
0.041425 0.716093
0.041425 0.716110
0.041446 0.716126
0.041446 0.716143
0.041466 0.716160
0.041477 0.716176
0.041477 0.716193
0.041477 0.716243
0.041497 0.716260
0.041507 0.716277
0.041507 0.716327
0.041528 0.716377
0.041538 0.716377
0.041538 0.716410
0.041548 0.716410
0.041548 0.716444
0.041569 0.716444
0.041569 0.716511
0.041579 0.716544
0.041589 0.716544
0.041589 0.716561
0.041610 0.716578
0.041620 0.716578
0.041641 0.716594
0.041641 0.716628
0.041641 0.716678
0.041651 0.716695
0.041661 0.716728
0.041661 0.716745
0.041692 0.716745
0.041692 0.716761
0.041712 0.716761
0.041712 0.716778
0.041733 0.716778
0.041733 0.716795
0.041743 0.716795
0.041743 0.716828
0.041743 0.716845
0.041753 0.716845
0.041774 0.716845
0.041784 0.716878
0.041794 0.716878
0.041794 0.716945
0.041835 0.717045
0.041856 0.717045
0.041856 0.717062
0.041876 0.717096
0.041887 0.717096
0.041887 0.717112
0.041887 0.717162
0.041907 0.717179
0.041917 0.717179
0.041917 0.717196
0.041928 0.717213
0.041928 0.717229
0.041938 0.717229
0.041938 0.717263
0.041938 0.717279
0.041958 0.717313
0.041958 0.717363
0.041979 0.717363
0.041999 0.717413
0.042010 0.717413
0.042030 0.717430
0.042041 0.717497
0.042082 0.717497
0.042092 0.717580
0.042092 0.717630
0.042102 0.717664
0.042112 0.717664
0.042112 0.717697
0.042133 0.717797
0.042143 0.717814
0.042143 0.717864
0.042164 0.717898
0.042194 0.717898
0.042215 0.717898
0.042215 0.717931
0.042235 0.718015
0.042235 0.718048
0.042256 0.718048
0.042266 0.718082
0.042276 0.718098
0.042307 0.718132
0.042317 0.718165
0.042317 0.718215
0.042338 0.718282
0.042348 0.718299
0.042369 0.718316
0.042379 0.718349
0.042379 0.718382
0.042389 0.718399
0.042389 0.718416
0.042399 0.718432
0.042430 0.718432
0.042430 0.718483
0.042440 0.718516
0.042461 0.718516
0.042481 0.718533
0.042502 0.718533
0.042512 0.718549
0.042512 0.718566
0.042522 0.718583
0.042522 0.718683
0.042543 0.718717
0.042563 0.718733
0.042563 0.718750
0.042604 0.718750
0.042604 0.718800
0.042615 0.718817
0.042625 0.718867
0.042635 0.718867
0.042645 0.718967
0.042666 0.719017
0.042666 0.719034
0.042686 0.719068
0.042697 0.719068
0.042697 0.719084
0.042707 0.719084
0.042717 0.719101
0.042758 0.719101
0.042769 0.719118
0.042799 0.719118
0.042810 0.719134
0.042820 0.719184
0.042830 0.719218
0.042830 0.719235
0.042840 0.719285
0.042840 0.719301
0.042840 0.719335
0.042840 0.719368
0.042851 0.719368
0.042881 0.719418
0.042892 0.719418
0.042892 0.719485
0.042902 0.719485
0.042902 0.719519
0.042912 0.719519
0.042912 0.719535
0.042922 0.719552
0.042922 0.719586
0.042943 0.719586
0.042943 0.719636
0.042943 0.719669
0.042953 0.719703
0.042974 0.719753
0.042974 0.719803
0.042994 0.719820
0.042994 0.719886
0.043004 0.719886
0.043045 0.719903
0.043056 0.719953
0.043066 0.719987
0.043066 0.720020
0.043076 0.720053
0.043097 0.720087
0.043127 0.720087
0.043127 0.720120
0.043138 0.720154
0.043148 0.720154
0.043148 0.720170
0.043148 0.720221
0.043168 0.720221
0.043168 0.720287
0.043179 0.720338
0.043199 0.720354
0.043199 0.720388
0.043220 0.720404
0.043230 0.720438
0.043240 0.720455
0.043261 0.720471
0.043271 0.720488
0.043312 0.720521
0.043322 0.720622
0.043332 0.720638
0.043343 0.720638
0.043343 0.720655
0.043353 0.720705
0.043353 0.720722
0.043384 0.720739
0.043384 0.720772
0.043394 0.720772
0.043404 0.720789
0.043425 0.720805
0.043425 0.720856
0.043425 0.720889
0.043445 0.720906
0.043456 0.720939
0.043466 0.720989
0.043486 0.720989
0.043507 0.721039
0.043527 0.721039
0.043538 0.721090
0.043538 0.721123
0.043548 0.721190
0.043548 0.721223
0.043568 0.721240
0.043568 0.721273
0.043589 0.721290
0.043589 0.721307
0.043589 0.721340
0.043609 0.721357
0.043620 0.721357
0.043630 0.721374
0.043630 0.721407
0.043640 0.721407
0.043650 0.721441
0.043650 0.721474
0.043661 0.721474
0.043681 0.721507
0.043691 0.721524
0.043702 0.721557
0.043722 0.721624
0.043743 0.721624
0.043773 0.721674
0.043784 0.721708
0.043825 0.721758
0.043835 0.721758
0.043855 0.721775
0.043866 0.721825
0.043876 0.721842
0.043876 0.721858
0.043896 0.721925
0.043907 0.721925
0.043927 0.721942
0.043927 0.721992
0.043927 0.722009
0.043948 0.722025
0.043948 0.722042
0.043948 0.722092
0.043948 0.722126
0.043948 0.722142
0.043958 0.722159
0.043978 0.722176
0.043999 0.722243
0.044019 0.722259
0.044030 0.722276
0.044040 0.722309
0.044060 0.722309
0.044091 0.722309
0.044091 0.722326
0.044132 0.722393
0.044143 0.722426
0.044143 0.722443
0.044163 0.722477
0.044173 0.722477
0.044173 0.722510
0.044184 0.722527
0.044214 0.722577
0.044214 0.722594
0.044214 0.722644
0.044214 0.722694
0.044245 0.722744
0.044255 0.722744
0.044266 0.722794
0.044296 0.722828
0.044317 0.722861
0.044327 0.722878
0.044327 0.722945
0.044337 0.723011
0.044337 0.723028
0.044337 0.723095
0.044348 0.723145
0.044348 0.723162
0.044358 0.723212
0.044368 0.723229
0.044378 0.723229
0.044378 0.723295
0.044378 0.723312
0.044399 0.723312
0.044399 0.723329
0.044419 0.723396
0.044419 0.723412
0.044430 0.723429
0.044440 0.723463
0.044440 0.723496
0.044440 0.723546
0.044450 0.723580
0.044450 0.723613
0.044450 0.723646
0.044450 0.723713
0.044471 0.723730
0.044471 0.723780
0.044471 0.723814
0.044512 0.723847
0.044522 0.723897
0.044542 0.723947
0.044553 0.723964
0.044553 0.723997
0.044563 0.723997
0.044573 0.724014
0.044573 0.724064
0.044573 0.724081
0.044573 0.724114
0.044614 0.724181
0.044624 0.724248
0.044645 0.724265
0.044665 0.724348
0.044665 0.724398
0.044696 0.724398
0.044717 0.724415
0.044717 0.724449
0.044727 0.724465
0.044727 0.724532
0.044737 0.724532
0.044768 0.724566
0.044768 0.724616
0.044768 0.724682
0.044778 0.724682
0.044799 0.724716
0.044809 0.724733
0.044809 0.724766
0.044809 0.724816
0.044830 0.724816
0.044860 0.724833
0.044860 0.724866
0.044860 0.724916
0.044871 0.724916
0.044891 0.724916
0.044922 0.724950
0.044922 0.725033
0.044922 0.725067
0.044922 0.725084
0.044932 0.725117
0.044963 0.725150
0.044983 0.725167
0.044994 0.725167
0.045004 0.725201
0.045014 0.725217
0.045024 0.725251
0.045045 0.725284
0.045055 0.725301
0.045065 0.725334
0.045065 0.725351
0.045086 0.725401
0.045096 0.725401
0.045137 0.725434
0.045158 0.725451
0.045158 0.725468
0.045178 0.725468
0.045178 0.725485
0.045188 0.725501
0.045199 0.725501
0.045209 0.725535
0.045229 0.725535
0.045240 0.725568
0.045240 0.725618
0.045250 0.725618
0.045270 0.725618
0.045291 0.725635
0.045291 0.725652
0.045301 0.725652
0.045301 0.725685
0.045301 0.725752
0.045301 0.725785
0.045311 0.725785
0.045311 0.725852
0.045332 0.725869
0.045332 0.725919
0.045342 0.725919
0.045383 0.725919
0.045404 0.725953
0.045414 0.725986
0.045424 0.726003
0.045445 0.726003
0.045445 0.726036
0.045465 0.726053
0.045465 0.726070
0.045496 0.726103
0.045517 0.726120
0.045527 0.726120
0.045537 0.726136
0.045547 0.726203
0.045547 0.726237
0.045547 0.726270
0.045558 0.726320
0.045568 0.726387
0.045568 0.726404
0.045578 0.726487
0.045588 0.726521
0.045599 0.726537
0.045629 0.726604
0.045640 0.726638
0.045640 0.726688
0.045660 0.726705
0.045660 0.726721
0.045670 0.726755
0.045711 0.726755
0.045722 0.726805
0.045732 0.726838
0.045763 0.726872
0.045773 0.726922
0.045773 0.726955
0.045814 0.726955
0.045814 0.726989
0.045834 0.727055
0.045845 0.727072
0.045845 0.727106
0.045875 0.727106
0.045896 0.727139
0.045916 0.727156
0.045927 0.727172
0.045957 0.727239
0.045957 0.727273
0.045968 0.727289
0.045968 0.727323
0.045988 0.727373
0.045998 0.727373
0.045998 0.727406
0.046019 0.727406
0.046029 0.727423
0.046029 0.727457
0.046029 0.727490
0.046050 0.727523
0.046050 0.727557
0.046060 0.727574
0.046060 0.727624
0.046080 0.727691
0.046080 0.727707
0.046091 0.727707
0.046132 0.727707
0.046132 0.727757
0.046132 0.727791
0.046132 0.727841
0.046142 0.727858
0.046152 0.727858
0.046173 0.727858
0.046193 0.727924
0.046214 0.727958
0.046224 0.727991
0.046234 0.728008
0.046255 0.728041
0.046265 0.728041
0.046286 0.728108
0.046296 0.728108
0.046316 0.728108
0.046316 0.728125
0.046327 0.728175
0.046337 0.728175
0.046357 0.728242
0.046378 0.728242
0.046378 0.728275
0.046388 0.728342
0.046388 0.728376
0.046409 0.728426
0.046429 0.728426
0.046429 0.728459
0.046439 0.728493
0.046450 0.728493
0.046470 0.728509
0.046511 0.728559
0.046511 0.728610
0.046532 0.728676
0.046552 0.728760
0.046552 0.728810
0.046573 0.728860
0.046583 0.728877
0.046593 0.728910
0.046593 0.728944
0.046614 0.728944
0.046634 0.728944
0.046644 0.728961
0.046665 0.729027
0.046675 0.729078
0.046675 0.729111
0.046696 0.729111
0.046726 0.729111
0.046747 0.729128
0.046767 0.729128
0.046778 0.729128
0.046788 0.729178
0.046798 0.729245
0.046798 0.729295
0.046819 0.729328
0.046819 0.729378
0.046819 0.729445
0.046850 0.729445
0.046860 0.729462
0.046880 0.729512
0.046901 0.729529
0.046901 0.729562
0.046911 0.729579
0.046952 0.729629
0.046952 0.729646
0.046973 0.729662
0.046973 0.729696
0.046983 0.729729
0.046983 0.729763
0.047003 0.729796
0.047014 0.729846
0.047024 0.729880
0.047034 0.729880
0.047065 0.729896
0.047075 0.729896
0.047096 0.729930
0.047116 0.729947
0.047126 0.729980
0.047126 0.730030
0.047147 0.730030
0.047147 0.730097
0.047157 0.730130
0.047167 0.730147
0.047167 0.730180
0.047178 0.730214
0.047188 0.730214
0.047188 0.730264
0.047208 0.730281
0.047208 0.730297
0.047208 0.730348
0.047208 0.730381
0.047229 0.730414
0.047229 0.730431
0.047239 0.730481
0.047239 0.730515
0.047260 0.730531
0.047301 0.730565
0.047301 0.730582
0.047311 0.730582
0.047311 0.730632
0.047311 0.730648
0.047321 0.730648
0.047331 0.730682
0.047331 0.730699
0.047342 0.730765
0.047362 0.730765
0.047362 0.730782
0.047393 0.730832
0.047393 0.730849
0.047393 0.730916
0.047403 0.730932
0.047424 0.730966
0.047424 0.730999
0.047434 0.731049
0.047434 0.731066
0.047444 0.731100
0.047475 0.731116
0.047475 0.731150
0.047475 0.731166
0.047506 0.731217
0.047526 0.731233
0.047526 0.731250
0.047537 0.731250
0.047537 0.731300
0.047547 0.731334
0.047557 0.731350
0.047557 0.731417
0.047557 0.731434
0.047578 0.731451
0.047578 0.731467
0.047578 0.731501
0.047578 0.731517
0.047588 0.731551
0.047598 0.731551
0.047619 0.731601
0.047649 0.731651
0.047680 0.731668
0.047690 0.731668
0.047690 0.731701
0.047711 0.731735
0.047721 0.731751
0.047721 0.731785
0.047742 0.731835
0.047752 0.731868
0.047772 0.731885
0.047783 0.731918
0.047783 0.732002
0.047813 0.732019
0.047824 0.732069
0.047824 0.732136
0.047824 0.732203
0.047834 0.732219
0.047865 0.732219
0.047885 0.732219
0.047906 0.732253
0.047906 0.732303
0.047926 0.732320
0.047926 0.732353
0.047947 0.732353
0.047977 0.732403
0.048008 0.732470
0.048008 0.732503
0.048008 0.732520
0.048008 0.732553
0.048018 0.732604
0.048039 0.732654
0.048049 0.732670
0.048100 0.732670
0.048100 0.732687
0.048131 0.732687
0.048142 0.732721
0.048142 0.732737
0.048142 0.732787
0.048142 0.732821
0.048183 0.732854
0.048224 0.732871
0.048234 0.732888
0.048244 0.732988
0.048254 0.733005
0.048254 0.733021
0.048285 0.733021
0.048306 0.733072
0.048326 0.733105
0.048336 0.733155
0.048357 0.733155
0.048367 0.733205
0.048377 0.733239
0.048377 0.733272
0.048398 0.733406
0.048398 0.733422
0.048408 0.733439
0.048408 0.733523
0.048418 0.733539
0.048439 0.733556
0.048449 0.733623
0.048449 0.733640
0.048459 0.733690
0.048480 0.733690
0.048490 0.733690
0.048531 0.733740
0.048531 0.733757
0.048531 0.733824
0.048541 0.733857
0.048541 0.733874
0.048541 0.733907
0.048562 0.733924
0.048562 0.733974
0.048562 0.733991
0.048572 0.734007
0.048572 0.734024
0.048572 0.734091
0.048582 0.734091
0.048593 0.734108
0.048603 0.734108
0.048613 0.734158
0.048644 0.734174
0.048654 0.734191
0.048654 0.734208
0.048675 0.734241
0.048675 0.734308
0.048685 0.734325
0.048695 0.734358
0.048695 0.734392
0.048695 0.734425
0.048705 0.734442
0.048705 0.734492
0.048726 0.734525
0.048736 0.734525
0.048736 0.734576
0.048736 0.734642
0.048736 0.734693
0.048746 0.734709
0.048746 0.734759
0.048767 0.734826
0.048767 0.734843
0.048787 0.734943
0.048808 0.734960
0.048808 0.735010
0.048839 0.735010
0.048839 0.735027
0.048859 0.735043
0.048859 0.735060
0.048880 0.735077
0.048880 0.735144
0.048880 0.735160
0.048890 0.735160
0.048900 0.735227
0.048911 0.735244
0.048911 0.735294
0.048921 0.735294
0.048921 0.735344
0.048921 0.735361
0.048921 0.735411
0.048931 0.735461
0.048952 0.735511
0.048962 0.735595
0.048982 0.735612
0.048993 0.735612
0.048993 0.735645
0.049023 0.735645
0.049023 0.735812
0.049023 0.735862
0.049044 0.735879
0.049064 0.735912
0.049075 0.735912
0.049085 0.735946
0.049095 0.735946
0.049095 0.736046
0.049095 0.736063
0.049105 0.736063
0.049116 0.736096
0.049146 0.736096
0.049167 0.736113
0.049187 0.736146
0.049208 0.736163
0.049218 0.736230
0.049218 0.736297
0.049218 0.736347
0.049218 0.736364
0.049218 0.736397
0.049239 0.736397
0.049249 0.736430
0.049269 0.736447
0.049280 0.736464
0.049290 0.736497
0.049310 0.736514
0.049321 0.736514
0.049331 0.736547
0.049341 0.736547
0.049382 0.736614
0.049382 0.736664
0.049392 0.736664
0.049433 0.736681
0.049464 0.736715
0.049474 0.736748
0.049485 0.736765
0.049505 0.736765
0.049505 0.736848
0.049505 0.736949
0.049516 0.736949
0.049526 0.736965
0.049526 0.736982
0.049536 0.737032
0.049536 0.737066
0.049536 0.737116
0.049546 0.737166
0.049546 0.737266
0.049557 0.737316
0.049577 0.737316
0.049587 0.737400
0.049598 0.737416
0.049618 0.737433
0.049628 0.737433
0.049639 0.737467
0.049639 0.737500
0.049649 0.737517
0.049649 0.737584
0.049659 0.737634
0.049659 0.737717
0.049669 0.737734
0.049690 0.737751
0.049700 0.737767
0.049710 0.737834
0.049751 0.737901
0.049792 0.737968
0.049813 0.737968
0.049813 0.738001
0.049833 0.738035
0.049833 0.738068
0.049854 0.738068
0.049864 0.738068
0.049895 0.738068
0.049915 0.738118
0.049936 0.738152
0.049936 0.738202
0.049946 0.738235
0.049946 0.738285
0.049946 0.738302
0.049946 0.738352
0.049946 0.738386
0.049967 0.738386
0.049967 0.738402
0.049977 0.738402
0.049987 0.738436
0.049987 0.738469
0.050008 0.738519
0.050008 0.738553
0.050018 0.738553
0.050018 0.738586
0.050028 0.738636
0.050028 0.738703
0.050038 0.738770
0.050038 0.738803
0.050038 0.738820
0.050049 0.738837
0.050059 0.738837
0.050079 0.738837
0.050090 0.738854
0.050090 0.738920
0.050110 0.738937
0.050110 0.738971
0.050110 0.739037
0.050131 0.739037
0.050161 0.739054
0.050172 0.739071
0.050213 0.739238
0.050223 0.739238
0.050285 0.739305
0.050305 0.739322
0.050315 0.739338
0.050346 0.739338
0.050346 0.739388
0.050367 0.739439
0.050377 0.739505
0.050377 0.739572
0.050387 0.739572
0.050397 0.739639
0.050418 0.739706
0.050438 0.739723
0.050438 0.739739
0.050449 0.739773
0.050490 0.739823
0.050520 0.739923
0.050551 0.739923
0.050582 0.739940
0.050613 0.739990
0.050623 0.739990
0.050623 0.740023
0.050623 0.740074
0.050633 0.740124
0.050654 0.740140
0.050674 0.740174
0.050684 0.740207
0.050684 0.740241
0.050705 0.740274
0.050705 0.740291
0.050746 0.740324
0.050766 0.740358
0.050766 0.740424
0.050766 0.740441
0.050777 0.740475
0.050787 0.740491
0.050797 0.740608
0.050807 0.740625
0.050818 0.740675
0.050838 0.740709
0.050849 0.740725
0.050859 0.740826
0.050869 0.740859
0.050890 0.740859
0.050920 0.740876
0.050931 0.740892
0.050941 0.740926
0.050972 0.740926
0.050982 0.740959
0.051002 0.740993
0.051033 0.740993
0.051033 0.741009
0.051064 0.741009
0.051084 0.741026
0.051105 0.741059
0.051115 0.741143
0.051125 0.741143
0.051136 0.741193
0.051136 0.741227
0.051146 0.741243
0.051146 0.741260
0.051156 0.741277
0.051177 0.741293
0.051187 0.741327
0.051187 0.741344
0.051197 0.741394
0.051197 0.741427
0.051238 0.741444
0.051238 0.741461
0.051248 0.741477
0.051248 0.741494
0.051269 0.741511
0.051289 0.741578
0.051310 0.741611
0.051310 0.741661
0.051310 0.741695
0.051310 0.741728
0.051330 0.741728
0.051341 0.741778
0.051341 0.741828
0.051351 0.741878
0.051351 0.741912
0.051361 0.741962
0.051392 0.741995
0.051423 0.741995
0.051423 0.742012
0.051443 0.742029
0.051443 0.742079
0.051453 0.742096
0.051453 0.742112
0.051464 0.742129
0.051474 0.742129
0.051474 0.742146
0.051484 0.742146
0.051484 0.742196
0.051494 0.742196
0.051515 0.742196
0.051525 0.742279
0.051536 0.742313
0.051556 0.742330
0.051587 0.742346
0.051618 0.742447
0.051638 0.742580
0.051638 0.742697
0.051648 0.742731
0.051669 0.742747
0.051669 0.742764
0.051679 0.742814
0.051679 0.742864
0.051689 0.742914
0.051700 0.742931
0.051720 0.742948
0.051730 0.742965
0.051730 0.742981
0.051741 0.743015
0.051751 0.743031
0.051751 0.743065
0.051751 0.743082
0.051751 0.743115
0.051771 0.743115
0.051782 0.743115
0.051792 0.743132
0.051792 0.743165
0.051802 0.743199
0.051802 0.743232
0.051812 0.743249
0.051812 0.743265
0.051853 0.743265
0.051853 0.743282
0.051874 0.743299
0.051894 0.743332
0.051894 0.743382
0.051905 0.743416
0.051935 0.743432
0.051956 0.743449
0.051966 0.743449
0.051976 0.743466
0.051987 0.743466
0.052007 0.743483
0.052017 0.743499
0.052038 0.743600
0.052038 0.743666
0.052058 0.743666
0.052069 0.743700
0.052089 0.743717
0.052099 0.743750
0.052110 0.743767
0.052110 0.743834
0.052110 0.743900
0.052140 0.743917
0.052161 0.743951
0.052171 0.743967
0.052171 0.744001
0.052171 0.744034
0.052171 0.744134
0.052171 0.744218
0.052181 0.744218
0.052212 0.744268
0.052264 0.744301
0.052264 0.744318
0.052294 0.744402
0.052305 0.744452
0.052315 0.744452
0.052315 0.744502
0.052315 0.744519
0.052325 0.744535
0.052335 0.744569
0.052376 0.744602
0.052397 0.744703
0.052397 0.744719
0.052397 0.744769
0.052407 0.744820
0.052438 0.744836
0.052438 0.744853
0.052438 0.744903
0.052438 0.744936
0.052469 0.744936
0.052469 0.745003
0.052469 0.745020
0.052479 0.745037
0.052489 0.745070
0.052489 0.745087
0.052499 0.745154
0.052499 0.745204
0.052510 0.745254
0.052530 0.745254
0.052540 0.745271
0.052561 0.745287
0.052592 0.745287
0.052592 0.745304
0.052602 0.745354
0.052622 0.745421
0.052643 0.745455
0.052643 0.745488
0.052653 0.745505
0.052653 0.745588
0.052663 0.745622
0.052674 0.745672
0.052694 0.745705
0.052735 0.745722
0.052745 0.745755
0.052766 0.745772
0.052766 0.745805
0.052776 0.745822
0.052776 0.745839
0.052797 0.745839
0.052827 0.745872
0.052848 0.745889
0.052858 0.745922
0.052858 0.745956
0.052879 0.745989
0.052910 0.746006
0.052910 0.746023
0.052940 0.746023
0.052961 0.746023
0.052971 0.746056
0.052981 0.746073
0.052981 0.746140
0.052981 0.746223
0.053022 0.746257
0.053043 0.746290
0.053053 0.746307
0.053063 0.746307
0.053063 0.746340
0.053074 0.746357
0.053074 0.746390
0.053074 0.746424
0.053084 0.746441
0.053084 0.746457
0.053115 0.746474
0.053125 0.746474
0.053125 0.746507
0.053125 0.746557
0.053135 0.746591
0.053135 0.746641
0.053166 0.746691
0.053166 0.746725
0.053166 0.746741
0.053186 0.746741
0.053186 0.746808
0.053186 0.746825
0.053207 0.746858
0.053238 0.746892
0.053248 0.746925
0.053258 0.746975
0.053258 0.747009
0.053268 0.747042
0.053279 0.747042
0.053309 0.747076
0.053309 0.747092
0.053309 0.747126
0.053320 0.747142
0.053340 0.747193
0.053340 0.747276
0.053340 0.747326
0.053361 0.747326
0.053361 0.747376
0.053361 0.747410
0.053371 0.747410
0.053371 0.747460
0.053391 0.747510
0.053422 0.747543
0.053443 0.747594
0.053443 0.747610
0.053463 0.747627
0.053473 0.747644
0.053484 0.747644
0.053484 0.747660
0.053504 0.747660
0.053504 0.747761
0.053504 0.747794
0.053514 0.747811
0.053514 0.747844
0.053535 0.747861
0.053545 0.747878
0.053566 0.747978
0.053576 0.747995
0.053586 0.747995
0.053607 0.748061
0.053627 0.748112
0.053648 0.748145
0.053648 0.748162
0.053658 0.748162
0.053658 0.748229
0.053668 0.748229
0.053668 0.748279
0.053730 0.748295
0.053750 0.748329
0.053750 0.748346
0.053761 0.748346
0.053781 0.748346
0.053812 0.748379
0.053822 0.748396
0.053832 0.748429
0.053843 0.748446
0.053843 0.748463
0.053843 0.748513
0.053853 0.748513
0.053853 0.748546
0.053853 0.748580
0.053873 0.748580
0.053894 0.748596
0.053904 0.748613
0.053904 0.748630
0.053925 0.748680
0.053935 0.748697
0.053935 0.748730
0.053935 0.748747
0.053935 0.748814
0.053935 0.748847
0.053955 0.748847
0.053976 0.748897
0.053976 0.748981
0.054007 0.749047
0.054017 0.749047
0.054017 0.749064
0.054027 0.749114
0.054027 0.749148
0.054027 0.749164
0.054037 0.749215
0.054037 0.749231
0.054058 0.749265
0.054078 0.749315
0.054099 0.749315
0.054099 0.749332
0.054109 0.749332
0.054119 0.749382
0.054130 0.749398
0.054140 0.749432
0.054150 0.749432
0.054160 0.749465
0.054160 0.749482
0.054181 0.749482
0.054191 0.749515
0.054191 0.749566
0.054201 0.749566
0.054201 0.749649
0.054201 0.749682
0.054201 0.749733
0.054201 0.749749
0.054222 0.749749
0.054243 0.749766
0.054253 0.749766
0.054253 0.749833
0.054273 0.749866
0.054273 0.749916
0.054284 0.749916
0.054345 0.749933
0.054386 0.749967
0.054396 0.749967
0.054396 0.750017
0.054407 0.750017
0.054427 0.750067
0.054427 0.750084
0.054448 0.750100
0.054448 0.750150
0.054448 0.750167
0.054489 0.750201
0.054489 0.750251
0.054489 0.750267
0.054519 0.750284
0.054519 0.750318
0.054519 0.750334
0.054550 0.750334
0.054550 0.750368
0.054560 0.750451
0.054560 0.750468
0.054560 0.750501
0.054571 0.750535
0.054581 0.750535
0.054591 0.750568
0.054601 0.750568
0.054622 0.750635
0.054632 0.750668
0.054642 0.750668
0.054642 0.750702
0.054653 0.750752
0.054663 0.750752
0.054663 0.750802
0.054704 0.750802
0.054714 0.750819
0.054724 0.750852
0.054735 0.750869
0.054745 0.750869
0.054755 0.750936
0.054755 0.750953
0.054796 0.750986
0.054806 0.750986
0.054817 0.751036
0.054817 0.751053
0.054827 0.751053
0.054827 0.751070
0.054847 0.751136
0.054868 0.751153
0.054878 0.751186
0.054899 0.751287
0.054899 0.751320
0.054909 0.751337
0.054909 0.751420
0.054919 0.751420
0.054940 0.751437
0.054960 0.751487
0.054960 0.751504
0.054971 0.751537
0.054981 0.751554
0.055001 0.751554
0.055012 0.751588
0.055022 0.751638
0.055032 0.751654
0.055042 0.751654
0.055042 0.751705
0.055053 0.751771
0.055063 0.751771
0.055073 0.751822
0.055083 0.751822
0.055083 0.751838
0.055094 0.751922
0.055114 0.751989
0.055114 0.752005
0.055145 0.752022
0.055155 0.752022
0.055176 0.752089
0.055176 0.752122
0.055196 0.752156
0.055196 0.752189
0.055206 0.752256
0.055206 0.752273
0.055206 0.752340
0.055206 0.752356
0.055237 0.752356
0.055237 0.752390
0.055237 0.752440
0.055247 0.752440
0.055268 0.752473
0.055278 0.752507
0.055299 0.752557
0.055299 0.752574
0.055299 0.752640
0.055299 0.752674
0.055319 0.752724
0.055319 0.752741
0.055329 0.752807
0.055340 0.752807
0.055350 0.752858
0.055381 0.752874
0.055381 0.752891
0.055391 0.752891
0.055411 0.752941
0.055422 0.752958
0.055432 0.752991
0.055432 0.753075
0.055452 0.753108
0.055463 0.753108
0.055493 0.753142
0.055493 0.753242
0.055493 0.753259
0.055504 0.753275
0.055504 0.753292
0.055524 0.753309
0.055545 0.753342
0.055555 0.753476
0.055575 0.753509
0.055586 0.753526
0.055586 0.753543
0.055596 0.753576
0.055627 0.753610
0.055647 0.753626
0.055678 0.753643
0.055699 0.753727
0.055709 0.753727
0.055729 0.753727
0.055760 0.753743
0.055760 0.753777
0.055811 0.753793
0.055822 0.753827
0.055842 0.753827
0.055873 0.753844
0.055893 0.753894
0.055904 0.753894
0.055904 0.753927
0.055914 0.753961
0.055914 0.754011
0.055924 0.754044
0.055934 0.754111
0.055945 0.754128
0.055955 0.754128
0.055955 0.754144
0.055965 0.754144
0.055975 0.754178
0.056006 0.754228
0.056006 0.754261
0.056027 0.754295
0.056037 0.754362
0.056057 0.754395
0.056057 0.754412
0.056057 0.754445
0.056088 0.754512
0.056098 0.754562
0.056109 0.754579
0.056129 0.754596
0.056139 0.754612
0.056160 0.754662
0.056180 0.754679
0.056211 0.754729
0.056232 0.754796
0.056252 0.754813
0.056252 0.754863
0.056273 0.754880
0.056283 0.754880
0.056304 0.754880
0.056334 0.754896
0.056334 0.754930
0.056355 0.754963
0.056355 0.754980
0.056375 0.754997
0.056396 0.755030
0.056396 0.755064
0.056427 0.755114
0.056447 0.755114
0.056468 0.755180
0.056498 0.755180
0.056509 0.755214
0.056519 0.755231
0.056539 0.755231
0.056560 0.755231
0.056570 0.755281
0.056580 0.755348
0.056580 0.755398
0.056601 0.755414
0.056642 0.755414
0.056662 0.755448
0.056683 0.755448
0.056714 0.755448
0.056724 0.755448
0.056734 0.755481
0.056744 0.755481
0.056755 0.755515
0.056765 0.755531
0.056775 0.755598
0.056816 0.755615
0.056826 0.755632
0.056867 0.755632
0.056898 0.755732
0.056929 0.755732
0.056939 0.755749
0.056950 0.755749
0.056970 0.755799
0.057001 0.755849
0.057011 0.755882
0.057011 0.755932
0.057021 0.755966
0.057021 0.755983
0.057073 0.756016
0.057083 0.756066
0.057134 0.756100
0.057165 0.756116
0.057185 0.756166
0.057216 0.756183
0.057237 0.756250
0.057247 0.756317
0.057247 0.756334
0.057257 0.756384
0.057267 0.756400
0.057288 0.756467
0.057298 0.756501
0.057298 0.756517
0.057308 0.756551
0.057329 0.756584
0.057349 0.756651
0.057380 0.756668
0.057390 0.756718
0.057390 0.756735
0.057390 0.756801
0.057401 0.756801
0.057401 0.756835
0.057401 0.756852
0.057411 0.756852
0.057421 0.756885
0.057452 0.756885
0.057452 0.756902
0.057493 0.756969
0.057503 0.757002
0.057534 0.757002
0.057554 0.757019
0.057585 0.757052
0.057595 0.757102
0.057616 0.757152
0.057626 0.757152
0.057637 0.757203
0.057637 0.757236
0.057657 0.757236
0.057667 0.757253
0.057698 0.757253
0.057719 0.757269
0.057729 0.757286
0.057729 0.757320
0.057729 0.757336
0.057770 0.757353
0.057780 0.757386
0.057780 0.757403
0.057842 0.757436
0.057862 0.757470
0.057872 0.757520
0.057893 0.757537
0.057903 0.757570
0.057934 0.757587
0.057934 0.757620
0.057934 0.757670
0.057944 0.757721
0.057944 0.757754
0.057965 0.757771
0.057995 0.757771
0.058016 0.757771
0.058036 0.757787
0.058047 0.757804
0.058057 0.757804
0.058067 0.757838
0.058108 0.757938
0.058118 0.758055
0.058129 0.758055
0.058159 0.758055
0.058200 0.758055
0.058221 0.758105
0.058262 0.758122
0.058272 0.758155
0.058272 0.758189
0.058282 0.758205
0.058282 0.758222
0.058293 0.758239
0.058313 0.758239
0.058313 0.758255
0.058313 0.758289
0.058334 0.758289
0.058344 0.758305
0.058344 0.758322
0.058365 0.758372
0.058385 0.758439
0.058385 0.758456
0.058395 0.758456
0.058416 0.758456
0.058416 0.758473
0.058426 0.758539
0.058426 0.758556
0.058436 0.758556
0.058447 0.758573
0.058447 0.758590
0.058467 0.758590
0.058477 0.758606
0.058488 0.758690
0.058498 0.758790
0.058518 0.758824
0.058529 0.758824
0.058549 0.758857
0.058570 0.758874
0.058600 0.758924
0.058611 0.758957
0.058631 0.758957
0.058641 0.758957
0.058672 0.758957
0.058672 0.758991
0.058693 0.758991
0.058703 0.759024
0.058723 0.759024
0.058723 0.759041
0.058754 0.759091
0.058764 0.759091
0.058775 0.759108
0.058816 0.759108
0.058816 0.759124
0.058836 0.759158
0.058846 0.759174
0.058846 0.759191
0.058857 0.759258
0.058877 0.759291
0.058898 0.759342
0.058898 0.759358
0.058908 0.759358
0.058908 0.759375
0.058928 0.759408
0.058949 0.759408
0.058959 0.759459
0.058959 0.759475
0.058980 0.759542
0.059000 0.759542
0.059021 0.759542
0.059072 0.759609
0.059072 0.759626
0.059103 0.759659
0.059103 0.759759
0.059103 0.759793
0.059103 0.759809
0.059123 0.759809
0.059123 0.759910
0.059134 0.759926
0.059195 0.759926
0.059205 0.759926
0.059246 0.759943
0.059267 0.759977
0.059287 0.760043
0.059328 0.760077
0.059328 0.760127
0.059339 0.760144
0.059339 0.760194
0.059349 0.760211
0.059369 0.760244
0.059421 0.760277
0.059431 0.760277
0.059451 0.760294
0.059482 0.760294
0.059482 0.760328
0.059492 0.760361
0.059503 0.760411
0.059513 0.760445
0.059523 0.760445
0.059554 0.760478
0.059554 0.760495
0.059595 0.760561
0.059615 0.760578
0.059636 0.760645
0.059656 0.760678
0.059728 0.760729
0.059759 0.760745
0.059759 0.760795
0.059780 0.760829
0.059780 0.760896
0.059800 0.760896
0.059800 0.760963
0.059810 0.760979
0.059831 0.760979
0.059831 0.760996
0.059851 0.761013
0.059892 0.761096
0.059892 0.761130
0.059903 0.761146
0.059923 0.761230
0.059933 0.761280
0.059944 0.761347
0.059964 0.761380
0.059964 0.761414
0.060005 0.761464
0.060015 0.761464
0.060015 0.761481
0.060036 0.761514
0.060067 0.761547
0.060077 0.761564
0.060087 0.761598
0.060097 0.761614
0.060108 0.761614
0.060128 0.761681
0.060138 0.761715
0.060149 0.761731
0.060149 0.761748
0.060149 0.761798
0.060159 0.761832
0.060169 0.761898
0.060190 0.761932
0.060190 0.761949
0.060210 0.761965
0.060220 0.761982
0.060241 0.762049
0.060261 0.762116
0.060272 0.762132
0.060282 0.762216
0.060292 0.762233
0.060292 0.762249
0.060292 0.762299
0.060333 0.762350
0.060333 0.762383
0.060354 0.762400
0.060385 0.762416
0.060395 0.762433
0.060395 0.762450
0.060405 0.762483
0.060415 0.762500
0.060436 0.762517
0.060436 0.762567
0.060436 0.762600
0.060456 0.762650
0.060456 0.762701
0.060477 0.762717
0.060497 0.762717
0.060508 0.762751
0.060538 0.762751
0.060549 0.762767
0.060549 0.762851
0.060579 0.762851
0.060579 0.762868
0.060579 0.762901
0.060590 0.762901
0.060600 0.762918
0.060620 0.762918
0.060620 0.762934
0.060661 0.762985
0.060682 0.763018
0.060692 0.763018
0.060692 0.763035
0.060702 0.763068
0.060723 0.763102
0.060743 0.763168
0.060743 0.763202
0.060764 0.763235
0.060764 0.763319
0.060764 0.763386
0.060774 0.763436
0.060795 0.763503
0.060815 0.763503
0.060815 0.763586
0.060836 0.763620
0.060836 0.763636
0.060856 0.763636
0.060866 0.763636
0.060887 0.763703
0.060918 0.763720
0.060938 0.763770
0.060938 0.763803
0.060979 0.763803
0.061000 0.763803
0.061000 0.763870
0.061010 0.763870
0.061031 0.763904
0.061072 0.763937
0.061092 0.763971
0.061092 0.763987
0.061102 0.764004
0.061123 0.764037
0.061123 0.764071
0.061133 0.764104
0.061164 0.764104
0.061174 0.764104
0.061174 0.764138
0.061184 0.764188
0.061195 0.764221
0.061195 0.764271
0.061215 0.764271
0.061225 0.764271
0.061225 0.764338
0.061225 0.764355
0.061236 0.764355
0.061236 0.764422
0.061277 0.764422
0.061277 0.764439
0.061297 0.764455
0.061297 0.764489
0.061297 0.764539
0.061307 0.764539
0.061307 0.764572
0.061348 0.764589
0.061348 0.764672
0.061379 0.764689
0.061379 0.764756
0.061400 0.764856
0.061400 0.764873
0.061441 0.764890
0.061451 0.764940
0.061471 0.764990
0.061471 0.765023
0.061492 0.765040
0.061502 0.765057
0.061512 0.765057
0.061523 0.765074
0.061553 0.765090
0.061564 0.765107
0.061594 0.765107
0.061615 0.765140
0.061635 0.765140
0.061646 0.765140
0.061666 0.765191
0.061676 0.765207
0.061697 0.765224
0.061718 0.765224
0.061738 0.765274
0.061738 0.765374
0.061748 0.765424
0.061759 0.765441
0.061851 0.765491
0.061861 0.765525
0.061861 0.765558
0.061882 0.765592
0.061882 0.765608
0.061892 0.765625
0.061892 0.765642
0.061912 0.765675
0.061923 0.765692
0.061923 0.765759
0.061943 0.765775
0.061943 0.765792
0.061984 0.765859
0.061994 0.765892
0.062015 0.765892
0.062025 0.765892
0.062025 0.765909
0.062035 0.765976
0.062056 0.766043
0.062056 0.766076
0.062087 0.766076
0.062107 0.766110
0.062138 0.766126
0.062169 0.766160
0.062210 0.766176
0.062210 0.766210
0.062220 0.766227
0.062230 0.766227
0.062240 0.766260
0.062271 0.766310
0.062292 0.766310
0.062292 0.766327
0.062302 0.766344
0.062322 0.766377
0.062353 0.766394
0.062374 0.766394
0.062374 0.766444
0.062405 0.766444
0.062425 0.766527
0.062446 0.766544
0.062446 0.766561
0.062466 0.766611
0.062487 0.766628
0.062497 0.766644
0.062497 0.766661
0.062507 0.766711
0.062517 0.766711
0.062538 0.766745
0.062569 0.766745
0.062569 0.766828
0.062589 0.766862
0.062589 0.766912
0.062599 0.766962
0.062610 0.766979
0.062661 0.766995
0.062661 0.767029
0.062671 0.767079
0.062681 0.767079
0.062681 0.767112
0.062692 0.767146
0.062702 0.767196
0.062712 0.767213
0.062712 0.767229
0.062753 0.767263
0.062763 0.767263
0.062794 0.767279
0.062815 0.767279
0.062835 0.767346
0.062856 0.767346
0.062866 0.767346
0.062866 0.767363
0.062876 0.767380
0.062876 0.767396
0.062897 0.767430
0.062907 0.767463
0.062907 0.767480
0.062927 0.767497
0.062938 0.767513
0.062958 0.767530
0.062968 0.767580
0.062979 0.767647
0.063030 0.767664
0.063050 0.767664
0.063061 0.767747
0.063081 0.767814
0.063092 0.767831
0.063092 0.767864
0.063102 0.767881
0.063122 0.767965
0.063133 0.767998
0.063163 0.768015
0.063163 0.768031
0.063184 0.768031
0.063215 0.768031
0.063235 0.768048
0.063245 0.768098
0.063276 0.768132
0.063286 0.768132
0.063297 0.768182
0.063297 0.768199
0.063317 0.768232
0.063338 0.768232
0.063348 0.768265
0.063348 0.768299
0.063358 0.768299
0.063379 0.768316
0.063420 0.768316
0.063430 0.768316
0.063471 0.768332
0.063471 0.768366
0.063491 0.768399
0.063522 0.768449
0.063532 0.768466
0.063543 0.768466
0.063563 0.768499
0.063563 0.768533
0.063584 0.768566
0.063625 0.768566
0.063645 0.768600
0.063645 0.768650
0.063655 0.768733
0.063666 0.768767
0.063676 0.768767
0.063686 0.768800
0.063696 0.768800
0.063717 0.768817
0.063717 0.768850
0.063738 0.768967
0.063768 0.769001
0.063789 0.769051
0.063789 0.769068
0.063799 0.769068
0.063840 0.769101
0.063871 0.769134
0.063881 0.769151
0.063902 0.769201
0.063902 0.769218
0.063912 0.769268
0.063922 0.769268
0.063953 0.769285
0.063963 0.769335
0.063963 0.769352
0.063973 0.769352
0.063973 0.769368
0.063994 0.769368
0.064004 0.769402
0.064014 0.769418
0.064035 0.769435
0.064066 0.769485
0.064066 0.769535
0.064086 0.769652
0.064127 0.769652
0.064137 0.769652
0.064158 0.769669
0.064189 0.769686
0.064189 0.769719
0.064199 0.769753
0.064219 0.769786
0.064240 0.769786
0.064271 0.769836
0.064281 0.769836
0.064322 0.769836
0.064322 0.769903
0.064363 0.769953
0.064363 0.769987
0.064373 0.770053
0.064383 0.770087
0.064383 0.770104
0.064383 0.770187
0.064414 0.770187
0.064435 0.770237
0.064445 0.770271
0.064445 0.770304
0.064445 0.770321
0.064455 0.770338
0.064466 0.770371
0.064486 0.770438
0.064486 0.770455
0.064517 0.770505
0.064527 0.770521
0.064548 0.770521
0.064558 0.770521
0.064578 0.770538
0.064589 0.770588
0.064619 0.770605
0.064630 0.770622
0.064660 0.770622
0.064701 0.770622
0.064701 0.770655
0.064712 0.770672
0.064722 0.770705
0.064742 0.770722
0.064753 0.770772
0.064773 0.770772
0.064783 0.770789
0.064814 0.770805
0.064814 0.770822
0.064835 0.770856
0.064835 0.770922
0.064835 0.770973
0.064855 0.771006
0.064855 0.771056
0.064876 0.771073
0.064876 0.771090
0.064917 0.771156
0.064917 0.771207
0.064947 0.771240
0.064947 0.771290
0.064968 0.771324
0.064978 0.771357
0.064999 0.771390
0.065040 0.771407
0.065040 0.771424
0.065070 0.771474
0.065070 0.771524
0.065091 0.771541
0.065101 0.771608
0.065142 0.771624
0.065153 0.771658
0.065163 0.771674
0.065194 0.771708
0.065194 0.771758
0.065224 0.771758
0.065255 0.771775
0.065265 0.771775
0.065276 0.771808
0.065317 0.771842
0.065337 0.771892
0.065337 0.771942
0.065337 0.771959
0.065347 0.772009
0.065368 0.772042
0.065378 0.772042
0.065388 0.772059
0.065388 0.772076
0.065399 0.772076
0.065419 0.772092
0.065429 0.772142
0.065429 0.772243
0.065440 0.772259
0.065440 0.772326
0.065450 0.772376
0.065460 0.772376
0.065501 0.772393
0.065511 0.772443
0.065522 0.772443
0.065532 0.772477
0.065532 0.772527
0.065563 0.772594
0.065563 0.772610
0.065593 0.772627
0.065593 0.772694
0.065614 0.772727
0.065614 0.772744
0.065624 0.772744
0.065645 0.772744
0.065675 0.772794
0.065675 0.772828
0.065675 0.772844
0.065686 0.772861
0.065706 0.772861
0.065716 0.772878
0.065727 0.772928
0.065737 0.772928
0.065768 0.772928
0.065788 0.772961
0.065788 0.773011
0.065788 0.773028
0.065799 0.773078
0.065829 0.773145
0.065870 0.773178
0.065881 0.773178
0.065891 0.773195
0.065891 0.773212
0.065922 0.773245
0.065922 0.773262
0.065932 0.773279
0.065942 0.773312
0.065952 0.773329
0.065963 0.773379
0.065983 0.773412
0.065993 0.773446
0.066004 0.773496
0.066034 0.773529
0.066055 0.773546
0.066055 0.773596
0.066075 0.773646
0.066096 0.773663
0.066116 0.773663
0.066116 0.773713
0.066127 0.773713
0.066127 0.773730
0.066157 0.773730
0.066168 0.773763
0.066168 0.773797
0.066168 0.773864
0.066188 0.773914
0.066219 0.773964
0.066229 0.774031
0.066229 0.774064
0.066260 0.774098
0.066291 0.774098
0.066311 0.774131
0.066393 0.774164
0.066414 0.774198
0.066414 0.774248
0.066414 0.774332
0.066414 0.774365
0.066414 0.774432
0.066445 0.774449
0.066455 0.774515
0.066465 0.774532
0.066465 0.774566
0.066465 0.774582
0.066475 0.774599
0.066486 0.774632
0.066496 0.774632
0.066506 0.774666
0.066547 0.774666
0.066557 0.774716
0.066588 0.774749
0.066588 0.774783
0.066588 0.774833
0.066619 0.774866
0.066629 0.774900
0.066639 0.774900
0.066650 0.774916
0.066670 0.774916
0.066680 0.774950
0.066701 0.775000
0.066732 0.775017
0.066742 0.775033
0.066762 0.775033
0.066762 0.775050
0.066803 0.775117
0.066814 0.775150
0.066814 0.775184
0.066844 0.775201
0.066855 0.775234
0.066875 0.775267
0.066875 0.775351
0.066885 0.775368
0.066906 0.775384
0.066926 0.775418
0.066947 0.775468
0.066967 0.775485
0.066967 0.775535
0.066988 0.775568
0.067029 0.775618
0.067039 0.775652
0.067080 0.775685
0.067101 0.775702
0.067132 0.775769
0.067152 0.775819
0.067162 0.775819
0.067193 0.775836
0.067203 0.775869
0.067234 0.775919
0.067244 0.775919
0.067255 0.775936
0.067316 0.775936
0.067326 0.775953
0.067326 0.776019
0.067347 0.776053
0.067357 0.776086
0.067378 0.776153
0.067419 0.776170
0.067419 0.776203
0.067439 0.776203
0.067480 0.776220
0.067480 0.776237
0.067501 0.776253
0.067501 0.776287
0.067531 0.776287
0.067552 0.776287
0.067562 0.776303
0.067572 0.776337
0.067572 0.776370
0.067593 0.776404
0.067634 0.776404
0.067654 0.776404
0.067665 0.776454
0.067665 0.776487
0.067675 0.776554
0.067716 0.776604
0.067716 0.776638
0.067726 0.776671
0.067757 0.776671
0.067767 0.776688
0.067788 0.776721
0.067788 0.776771
0.067808 0.776788
0.067808 0.776805
0.067829 0.776805
0.067839 0.776805
0.067839 0.776872
0.067849 0.776922
0.067880 0.776939
0.067911 0.776972
0.067921 0.776972
0.067931 0.776989
0.067962 0.776989
0.067993 0.777005
0.068003 0.777022
0.068024 0.777039
0.068034 0.777055
0.068054 0.777139
0.068065 0.777156
0.068095 0.777189
0.068116 0.777256
0.068136 0.777306
0.068198 0.777356
0.068208 0.777406
0.068218 0.777440
0.068218 0.777490
0.068229 0.777523
0.068239 0.777574
0.068249 0.777657
0.068270 0.777657
0.068280 0.777674
0.068280 0.777707
0.068290 0.777724
0.068321 0.777741
0.068331 0.777774
0.068362 0.777791
0.068362 0.777807
0.068393 0.777841
0.068423 0.777858
0.068434 0.777924
0.068434 0.777941
0.068444 0.777941
0.068464 0.777958
0.068485 0.777958
0.068516 0.778008
0.068536 0.778008
0.068547 0.778041
0.068567 0.778058
0.068567 0.778075
0.068588 0.778092
0.068618 0.778092
0.068629 0.778125
0.068639 0.778125
0.068639 0.778158
0.068649 0.778209
0.068670 0.778259
0.068690 0.778359
0.068690 0.778376
0.068752 0.778409
0.068752 0.778426
0.068762 0.778426
0.068762 0.778443
0.068772 0.778493
0.068772 0.778509
0.068782 0.778543
0.068823 0.778559
0.068875 0.778610
0.068885 0.778610
0.068895 0.778643
0.068905 0.778710
0.068916 0.778760
0.068946 0.778810
0.068946 0.778827
0.068977 0.778977
0.068977 0.779011
0.068977 0.779027
0.068998 0.779111
0.069018 0.779128
0.069039 0.779195
0.069049 0.779261
0.069059 0.779295
0.069080 0.779311
0.069110 0.779345
0.069131 0.779479
0.069151 0.779479
0.069162 0.779495
0.069182 0.779545
0.069182 0.779596
0.069203 0.779596
0.069223 0.779646
0.069234 0.779679
0.069254 0.779713
0.069275 0.779729
0.069295 0.779763
0.069305 0.779813
0.069326 0.779813
0.069346 0.779846
0.069357 0.779863
0.069377 0.779896
0.069387 0.779913
0.069398 0.779947
0.069418 0.779997
0.069439 0.779997
0.069459 0.780080
0.069490 0.780114
0.069500 0.780147
0.069521 0.780147
0.069562 0.780180
0.069572 0.780231
0.069582 0.780247
0.069613 0.780247
0.069633 0.780264
0.069664 0.780314
0.069695 0.780331
0.069715 0.780348
0.069736 0.780348
0.069746 0.780364
0.069746 0.780398
0.069756 0.780398
0.069777 0.780414
0.069777 0.780465
0.069797 0.780465
0.069808 0.780498
0.069808 0.780515
0.069808 0.780548
0.069808 0.780565
0.069828 0.780565
0.069859 0.780582
0.069869 0.780598
0.069910 0.780598
0.069910 0.780648
0.069931 0.780699
0.069931 0.780765
0.069951 0.780782
0.069992 0.780782
0.070023 0.780799
0.070033 0.780866
0.070054 0.780866
0.070064 0.780899
0.070074 0.780916
0.070074 0.780983
0.070085 0.781016
0.070105 0.781066
0.070126 0.781100
0.070126 0.781150
0.070136 0.781233
0.070156 0.781250
0.070197 0.781250
0.070208 0.781250
0.070228 0.781250
0.070249 0.781334
0.070259 0.781367
0.070279 0.781417
0.070290 0.781434
0.070310 0.781434
0.070331 0.781501
0.070341 0.781551
0.070351 0.781551
0.070351 0.781568
0.070351 0.781601
0.070392 0.781668
0.070423 0.781701
0.070423 0.781718
0.070433 0.781735
0.070454 0.781735
0.070474 0.781768
0.070495 0.781768
0.070526 0.781768
0.070536 0.781768
0.070567 0.781785
0.070567 0.781818
0.070587 0.781835
0.070618 0.781852
0.070618 0.781918
0.070628 0.781952
0.070628 0.782002
0.070649 0.782035
0.070649 0.782086
0.070659 0.782102
0.070690 0.782152
0.070690 0.782186
0.070720 0.782236
0.070761 0.782269
0.070772 0.782286
0.070772 0.782336
0.070823 0.782403
0.070833 0.782420
0.070854 0.782453
0.070864 0.782470
0.070864 0.782487
0.070864 0.782520
0.070905 0.782570
0.070905 0.782587
0.070915 0.782587
0.070966 0.782637
0.070977 0.782654
0.071007 0.782654
0.071007 0.782670
0.071018 0.782687
0.071038 0.782721
0.071059 0.782771
0.071069 0.782771
0.071069 0.782804
0.071079 0.782804
0.071079 0.782821
0.071079 0.782871
0.071100 0.782955
0.071100 0.782971
0.071120 0.783021
0.071120 0.783055
0.071171 0.783088
0.071192 0.783122
0.071213 0.783122
0.071223 0.783172
0.071243 0.783222
0.071295 0.783305
0.071305 0.783356
0.071325 0.783422
0.071325 0.783439
0.071336 0.783439
0.071336 0.783539
0.071356 0.783556
0.071356 0.783623
0.071356 0.783723
0.071366 0.783723
0.071366 0.783773
0.071387 0.783773
0.071387 0.783874
0.071397 0.783907
0.071407 0.783924
0.071407 0.783957
0.071418 0.783974
0.071459 0.784074
0.071469 0.784091
0.071469 0.784108
0.071469 0.784141
0.071479 0.784158
0.071500 0.784158
0.071510 0.784174
0.071530 0.784191
0.071561 0.784241
0.071582 0.784291
0.071592 0.784308
0.071592 0.784325
0.071612 0.784358
0.071612 0.784425
0.071633 0.784492
0.071653 0.784509
0.071664 0.784525
0.071705 0.784542
0.071705 0.784609
0.071725 0.784626
0.071766 0.784642
0.071776 0.784642
0.071776 0.784659
0.071787 0.784693
0.071807 0.784709
0.071828 0.784709
0.071828 0.784809
0.071828 0.784843
0.071869 0.784860
0.071879 0.784926
0.071910 0.784926
0.071930 0.784943
0.071961 0.784977
0.071971 0.785027
0.071982 0.785027
0.072002 0.785077
0.072023 0.785110
0.072053 0.785160
0.072053 0.785211
0.072074 0.785261
0.072115 0.785261
0.072115 0.785328
0.072135 0.785328
0.072135 0.785378
0.072135 0.785394
0.072156 0.785394
0.072176 0.785411
0.072228 0.785411
0.072228 0.785445
0.072238 0.785445
0.072248 0.785478
0.072269 0.785478
0.072279 0.785478
0.072299 0.785495
0.072320 0.785545
0.072340 0.785645
0.072402 0.785662
0.072412 0.785662
0.072433 0.785662
0.072433 0.785678
0.072443 0.785695
0.072474 0.785729
0.072474 0.785745
0.072494 0.785762
0.072494 0.785779
0.072515 0.785846
0.072515 0.785862
0.072525 0.785862
0.072556 0.785879
0.072576 0.785896
0.072597 0.785946
0.072638 0.785946
0.072679 0.785996
0.072679 0.786046
0.072730 0.786063
0.072751 0.786096
0.072771 0.786113
0.072792 0.786163
0.072843 0.786197
0.072853 0.786213
0.072863 0.786280
0.072884 0.786280
0.072904 0.786314
0.072945 0.786347
0.072956 0.786364
0.072956 0.786380
0.072986 0.786414
0.073007 0.786414
0.073007 0.786447
0.073027 0.786481
0.073068 0.786497
0.073099 0.786497
0.073120 0.786598
0.073150 0.786681
0.073191 0.786698
0.073191 0.786731
0.073212 0.786731
0.073243 0.786765
0.073253 0.786798
0.073253 0.786832
0.073284 0.786848
0.073294 0.786848
0.073325 0.786865
0.073335 0.786882
0.073335 0.786932
0.073345 0.786949
0.073345 0.786982
0.073366 0.787032
0.073376 0.787066
0.073417 0.787132
0.073417 0.787182
0.073479 0.787233
0.073520 0.787249
0.073561 0.787283
0.073581 0.787316
0.073591 0.787383
0.073591 0.787467
0.073602 0.787500
0.073612 0.787517
0.073612 0.787533
0.073632 0.787600
0.073663 0.787701
0.073684 0.787717
0.073725 0.787784
0.073735 0.787784
0.073755 0.787834
0.073786 0.787834
0.073817 0.787868
0.073827 0.787868
0.073827 0.787884
0.073837 0.787901
0.073858 0.787918
0.073858 0.787934
0.073868 0.787951
0.073868 0.787985
0.073868 0.788068
0.073868 0.788118
0.073878 0.788118
0.073878 0.788135
0.073878 0.788185
0.073878 0.788219
0.073899 0.788219
0.073899 0.788269
0.073920 0.788302
0.073930 0.788419
0.073930 0.788469
0.073940 0.788486
0.073950 0.788486
0.073971 0.788519
0.073991 0.788536
0.074002 0.788570
0.074012 0.788586
0.074012 0.788603
0.074022 0.788636
0.074043 0.788720
0.074043 0.788737
0.074073 0.788737
0.074084 0.788737
0.074084 0.788753
0.074094 0.788787
0.074094 0.788837
0.074094 0.788954
0.074135 0.789054
0.074166 0.789054
0.074176 0.789121
0.074207 0.789121
0.074237 0.789171
0.074248 0.789171
0.074258 0.789205
0.074268 0.789205
0.074309 0.789238
0.074330 0.789271
0.074330 0.789305
0.074340 0.789322
0.074350 0.789322
0.074360 0.789355
0.074391 0.789388
0.074432 0.789388
0.074473 0.789405
0.074483 0.789405
0.074504 0.789422
0.074524 0.789422
0.074545 0.789439
0.074576 0.789489
0.074586 0.789489
0.074596 0.789522
0.074637 0.789539
0.074658 0.789555
0.074678 0.789606
0.074689 0.789639
0.074689 0.789656
0.074699 0.789689
0.074730 0.789723
0.074730 0.789739
0.074740 0.789773
0.074750 0.789773
0.074760 0.789806
0.074791 0.789823
0.074812 0.789840
0.074812 0.789873
0.074822 0.789923
0.074832 0.789940
0.074842 0.790007
0.074853 0.790023
0.074904 0.790040
0.074924 0.790074
0.074935 0.790090
0.074945 0.790174
0.074996 0.790191
0.074996 0.790224
0.075006 0.790274
0.075027 0.790307
0.075037 0.790324
0.075037 0.790358
0.075058 0.790374
0.075078 0.790408
0.075078 0.790424
0.075099 0.790475
0.075099 0.790491
0.075109 0.790508
0.075109 0.790525
0.075129 0.790525
0.075129 0.790558
0.075160 0.790575
0.075181 0.790575
0.075191 0.790625
0.075201 0.790692
0.075211 0.790709
0.075242 0.790759
0.075263 0.790792
0.075263 0.790842
0.075324 0.790892
0.075335 0.790892
0.075345 0.790909
0.075355 0.790909
0.075365 0.790959
0.075365 0.791026
0.075376 0.791026
0.075386 0.791043
0.075386 0.791076
0.075396 0.791093
0.075396 0.791110
0.075417 0.791143
0.075437 0.791160
0.075458 0.791227
0.075468 0.791243
0.075509 0.791260
0.075519 0.791277
0.075540 0.791293
0.075591 0.791327
0.075611 0.791394
0.075611 0.791444
0.075622 0.791477
0.075632 0.791477
0.075663 0.791511
0.075683 0.791544
0.075724 0.791561
0.075734 0.791561
0.075745 0.791594
0.075755 0.791661
0.075786 0.791678
0.075827 0.791695
0.075837 0.791695
0.075868 0.791711
0.075878 0.791745
0.075919 0.791811
0.075940 0.791811
0.075950 0.791895
0.075950 0.791962
0.075970 0.791979
0.075981 0.791995
0.076001 0.792012
0.076022 0.792062
0.076032 0.792079
0.076042 0.792146
0.076052 0.792196
0.076063 0.792213
0.076083 0.792246
0.076093 0.792263
0.076104 0.792296
0.076104 0.792313
0.076124 0.792363
0.076124 0.792396
0.076124 0.792463
0.076145 0.792480
0.076145 0.792497
0.076155 0.792547
0.076165 0.792580
0.076196 0.792630
0.076196 0.792647
0.076196 0.792680
0.076206 0.792714
0.076227 0.792747
0.076227 0.792781
0.076237 0.792848
0.076257 0.792881
0.076257 0.792898
0.076257 0.792931
0.076288 0.792981
0.076309 0.793031
0.076309 0.793048
0.076319 0.793082
0.076319 0.793098
0.076339 0.793165
0.076380 0.793265
0.076401 0.793265
0.076421 0.793282
0.076462 0.793282
0.076483 0.793282
0.076503 0.793299
0.076524 0.793332
0.076544 0.793332
0.076575 0.793432
0.076596 0.793432
0.076606 0.793483
0.076616 0.793483
0.076627 0.793499
0.076637 0.793566
0.076637 0.793650
0.076637 0.793700
0.076657 0.793717
0.076668 0.793750
0.076668 0.793783
0.076668 0.793834
0.076678 0.793834
0.076678 0.793867
0.076698 0.793884
0.076719 0.793884
0.076729 0.793934
0.076739 0.793934
0.076750 0.793984
0.076760 0.793984
0.076780 0.794001
0.076791 0.794017
0.076791 0.794084
0.076821 0.794101
0.076852 0.794151
0.076852 0.794218
0.076862 0.794268
0.076914 0.794318
0.076914 0.794352
0.076934 0.794368
0.076996 0.794402
0.077016 0.794452
0.077037 0.794469
0.077057 0.794502
0.077098 0.794535
0.077108 0.794586
0.077108 0.794652
0.077129 0.794686
0.077149 0.794736
0.077160 0.794803
0.077160 0.794820
0.077170 0.794836
0.077180 0.794870
0.077180 0.794886
0.077201 0.794920
0.077221 0.794936
0.077231 0.794936
0.077242 0.794970
0.077252 0.795037
0.077293 0.795070
0.077293 0.795104
0.077314 0.795137
0.077355 0.795170
0.077355 0.795221
0.077375 0.795237
0.077396 0.795237
0.077416 0.795254
0.077447 0.795271
0.077478 0.795271
0.077478 0.795287
0.077508 0.795321
0.077519 0.795321
0.077549 0.795338
0.077570 0.795371
0.077580 0.795371
0.077580 0.795388
0.077601 0.795388
0.077611 0.795388
0.077621 0.795455
0.077621 0.795471
0.077621 0.795505
0.077631 0.795521
0.077642 0.795521
0.077652 0.795538
0.077672 0.795555
0.077683 0.795588
0.077703 0.795588
0.077703 0.795638
0.077754 0.795638
0.077765 0.795705
0.077785 0.795722
0.077836 0.795739
0.077857 0.795772
0.077877 0.795822
0.077888 0.795872
0.077918 0.795889
0.077939 0.795922
0.077939 0.795939
0.077970 0.795956
0.077970 0.795973
0.077970 0.796006
0.077990 0.796023
0.078001 0.796039
0.078052 0.796039
0.078072 0.796056
0.078083 0.796090
0.078093 0.796106
0.078103 0.796156
0.078124 0.796156
0.078134 0.796207
0.078165 0.796207
0.078175 0.796257
0.078195 0.796273
0.078195 0.796290
0.078216 0.796357
0.078216 0.796424
0.078247 0.796457
0.078257 0.796474
0.078288 0.796507
0.078308 0.796524
0.078329 0.796524
0.078359 0.796574
0.078370 0.796574
0.078400 0.796591
0.078421 0.796641
0.078421 0.796658
0.078441 0.796691
0.078441 0.796741
0.078462 0.796741
0.078472 0.796758
0.078482 0.796808
0.078482 0.796858
0.078482 0.796875
0.078544 0.796908
0.078544 0.796942
0.078554 0.796959
0.078595 0.796992
0.078605 0.797042
0.078626 0.797059
0.078647 0.797059
0.078667 0.797076
0.078667 0.797092
0.078698 0.797142
0.078708 0.797159
0.078739 0.797159
0.078749 0.797209
0.078759 0.797209
0.078770 0.797226
0.078780 0.797293
0.078780 0.797343
0.078811 0.797360
0.078811 0.797393
0.078831 0.797393
0.078831 0.797443
0.078852 0.797477
0.078872 0.797493
0.078872 0.797510
0.078882 0.797527
0.078893 0.797610
0.078893 0.797627
0.078903 0.797677
0.078934 0.797727
0.078944 0.797744
0.078975 0.797744
0.078995 0.797761
0.079016 0.797794
0.079046 0.797844
0.079067 0.797844
0.079087 0.797878
0.079098 0.797878
0.079098 0.797894
0.079108 0.797945
0.079108 0.797995
0.079108 0.798061
0.079108 0.798078
0.079118 0.798112
0.079128 0.798112
0.079159 0.798195
0.079169 0.798245
0.079169 0.798312
0.079180 0.798362
0.079190 0.798362
0.079210 0.798379
0.079221 0.798396
0.079221 0.798412
0.079241 0.798412
0.079282 0.798412
0.079303 0.798446
0.079323 0.798496
0.079344 0.798513
0.079364 0.798546
0.079375 0.798596
0.079375 0.798630
0.079395 0.798663
0.079405 0.798697
0.079416 0.798763
0.079416 0.798814
0.079426 0.798814
0.079467 0.798847
0.079498 0.798847
0.079508 0.798847
0.079508 0.798880
0.079528 0.798880
0.079569 0.798897
0.079580 0.798930
0.079590 0.798947
0.079600 0.799047
0.079600 0.799081
0.079672 0.799098
0.079682 0.799114
0.079703 0.799131
0.079703 0.799181
0.079703 0.799215
0.079723 0.799215
0.079723 0.799248
0.079754 0.799315
0.079774 0.799365
0.079815 0.799398
0.079826 0.799415
0.079826 0.799432
0.079846 0.799465
0.079846 0.799515
0.079887 0.799549
0.079908 0.799566
0.079938 0.799616
0.079938 0.799666
0.079959 0.799733
0.079959 0.799799
0.079990 0.799816
0.080010 0.799816
0.080031 0.799833
0.080041 0.799833
0.080072 0.799900
0.080092 0.799916
0.080092 0.799933
0.080092 0.800067
0.080103 0.800100
0.080123 0.800100
0.080174 0.800100
0.080195 0.800150
0.080226 0.800167
0.080236 0.800184
0.080277 0.800201
0.080297 0.800234
0.080318 0.800284
0.080318 0.800301
0.080338 0.800318
0.080359 0.800351
0.080379 0.800351
0.080379 0.800368
0.080379 0.800418
0.080410 0.800468
0.080410 0.800501
0.080451 0.800568
0.080472 0.800635
0.080482 0.800635
0.080492 0.800719
0.080523 0.800719
0.080543 0.800752
0.080584 0.800785
0.080595 0.800819
0.080625 0.800869
0.080666 0.800902
0.080697 0.800919
0.080718 0.800953
0.080728 0.800953
0.080738 0.800969
0.080738 0.801003
0.080749 0.801019
0.080769 0.801070
0.080800 0.801086
0.080810 0.801086
0.080820 0.801103
0.080831 0.801136
0.080831 0.801203
0.080861 0.801253
0.080902 0.801303
0.080923 0.801370
0.080943 0.801404
0.080964 0.801404
0.080974 0.801404
0.080984 0.801437
0.080995 0.801437
0.080995 0.801471
0.081046 0.801521
0.081066 0.801621
0.081087 0.801621
0.081087 0.801654
0.081107 0.801654
0.081118 0.801671
0.081148 0.801671
0.081159 0.801688
0.081179 0.801738
0.081220 0.801738
0.081261 0.801771
0.081292 0.801788
0.081323 0.801788
0.081333 0.801788
0.081374 0.801838
0.081384 0.801872
0.081405 0.801888
0.081425 0.801888
0.081446 0.801922
0.081446 0.802005
0.081446 0.802039
0.081477 0.802106
0.081497 0.802139
0.081507 0.802172
0.081528 0.802206
0.081538 0.802239
0.081538 0.802340
0.081569 0.802356
0.081579 0.802406
0.081579 0.802440
0.081600 0.802440
0.081651 0.802473
0.081651 0.802490
0.081671 0.802490
0.081671 0.802557
0.081702 0.802607
0.081723 0.802640
0.081753 0.802640
0.081774 0.802640
0.081784 0.802674
0.081815 0.802691
0.081815 0.802724
0.081835 0.802741
0.081846 0.802757
0.081856 0.802824
0.081856 0.802858
0.081866 0.802891
0.081887 0.802924
0.081897 0.802958
0.081958 0.803025
0.081989 0.803041
0.082041 0.803092
0.082041 0.803108
0.082061 0.803158
0.082071 0.803175
0.082092 0.803192
0.082123 0.803225
0.082164 0.803275
0.082184 0.803326
0.082194 0.803359
0.082225 0.803409
0.082246 0.803426
0.082256 0.803443
0.082266 0.803476
0.082307 0.803493
0.082307 0.803509
0.082307 0.803543
0.082317 0.803576
0.082338 0.803593
0.082389 0.803643
0.082389 0.803660
0.082399 0.803710
0.082399 0.803760
0.082451 0.803760
0.082471 0.803793
0.082492 0.803810
0.082492 0.803827
0.082502 0.803860
0.082512 0.803860
0.082543 0.803894
0.082563 0.803961
0.082574 0.803977
0.082594 0.804044
0.082615 0.804078
0.082656 0.804078
0.082666 0.804078
0.082697 0.804094
0.082717 0.804161
0.082728 0.804195
0.082748 0.804211
0.082769 0.804245
0.082779 0.804261
0.082789 0.804295
0.082799 0.804311
0.082799 0.804328
0.082820 0.804345
0.082851 0.804345
0.082892 0.804362
0.082912 0.804395
0.082933 0.804412
0.082943 0.804428
0.082943 0.804445
0.082974 0.804445
0.082994 0.804512
0.083004 0.804512
0.083035 0.804545
0.083056 0.804545
0.083086 0.804545
0.083117 0.804596
0.083158 0.804612
0.083168 0.804646
0.083179 0.804662
0.083189 0.804662
0.083220 0.804679
0.083240 0.804696
0.083261 0.804763
0.083302 0.804796
0.083302 0.804846
0.083312 0.804846
0.083343 0.804896
0.083363 0.804913
0.083373 0.804913
0.083394 0.804913
0.083394 0.804930
0.083404 0.804930
0.083445 0.804930
0.083445 0.804947
0.083456 0.804963
0.083476 0.804980
0.083497 0.804980
0.083538 0.805013
0.083548 0.805013
0.083568 0.805013
0.083568 0.805047
0.083609 0.805047
0.083620 0.805047
0.083620 0.805147
0.083650 0.805214
0.083650 0.805231
0.083661 0.805297
0.083661 0.805348
0.083671 0.805381
0.083671 0.805431
0.083712 0.805481
0.083722 0.805531
0.083743 0.805548
0.083784 0.805565
0.083784 0.805582
0.083794 0.805615
0.083794 0.805632
0.083855 0.805632
0.083866 0.805648
0.083876 0.805699
0.083896 0.805732
0.083896 0.805749
0.083907 0.805749
0.083927 0.805749
0.083989 0.805832
0.083999 0.805866
0.084009 0.805882
0.084030 0.805932
0.084091 0.805932
0.084153 0.805949
0.084184 0.805966
0.084214 0.805999
0.084235 0.806049
0.084255 0.806066
0.084276 0.806066
0.084307 0.806083
0.084327 0.806100
0.084327 0.806133
0.084348 0.806233
0.084368 0.806267
0.084378 0.806283
0.084419 0.806300
0.084430 0.806317
0.084440 0.806367
0.084450 0.806367
0.084460 0.806400
0.084491 0.806400
0.084501 0.806400
0.084522 0.806434
0.084542 0.806484
0.084583 0.806484
0.084614 0.806517
0.084614 0.806551
0.084614 0.806634
0.084624 0.806651
0.084645 0.806684
0.084655 0.806735
0.084686 0.806735
0.084696 0.806735
0.084717 0.806751
0.084737 0.806751
0.084737 0.806852
0.084758 0.806885
0.084778 0.806935
0.084819 0.806935
0.084830 0.806969
0.084830 0.807002
0.084871 0.807002
0.084932 0.807002
0.084942 0.807035
0.084963 0.807052
0.084963 0.807102
0.084973 0.807119
0.085004 0.807152
0.085004 0.807169
0.085014 0.807203
0.085014 0.807219
0.085055 0.807286
0.085076 0.807286
0.085076 0.807320
0.085106 0.807320
0.085127 0.807370
0.085147 0.807370
0.085158 0.807370
0.085178 0.807403
0.085219 0.807403
0.085229 0.807453
0.085240 0.807453
0.085281 0.807470
0.085301 0.807470
0.085322 0.807487
0.085342 0.807537
0.085352 0.807604
0.085363 0.807637
0.085393 0.807687
0.085404 0.807704
0.085414 0.807771
0.085424 0.807771
0.085455 0.807771
0.085476 0.807804
0.085506 0.807804
0.085517 0.807804
0.085537 0.807821
0.085588 0.807838
0.085599 0.807888
0.085640 0.807921
0.085701 0.807955
0.085763 0.807988
0.085783 0.808055
0.085783 0.808088
0.085845 0.808122
0.085875 0.808122
0.085906 0.808189
0.085916 0.808189
0.085927 0.808205
0.085968 0.808272
0.085978 0.808289
0.085998 0.808289
0.086019 0.808356
0.086019 0.808389
0.086039 0.808389
0.086050 0.808406
0.086050 0.808422
0.086070 0.808473
0.086070 0.808506
0.086101 0.808523
0.086111 0.808556
0.086122 0.808606
0.086163 0.808606
0.086163 0.808623
0.086183 0.808640
0.086204 0.808673
0.086234 0.808707
0.086245 0.808740
0.086245 0.808773
0.086255 0.808790
0.086275 0.808807
0.086306 0.808824
0.086316 0.808824
0.086347 0.808857
0.086368 0.808924
0.086409 0.808974
0.086429 0.809041
0.086450 0.809057
0.086470 0.809057
0.086521 0.809091
0.086532 0.809124
0.086542 0.809208
0.086583 0.809225
0.086614 0.809241
0.086614 0.809275
0.086624 0.809291
0.086634 0.809291
0.086655 0.809325
0.086665 0.809358
0.086696 0.809358
0.086696 0.809375
0.086706 0.809408
0.086737 0.809408
0.086757 0.809442
0.086778 0.809459
0.086778 0.809475
0.086798 0.809492
0.086829 0.809509
0.086850 0.809525
0.086891 0.809559
0.086911 0.809626
0.086921 0.809642
0.086942 0.809709
0.086952 0.809726
0.086973 0.809759
0.086993 0.809776
0.086993 0.809826
0.086993 0.809860
0.087014 0.809893
0.087055 0.809926
0.087055 0.809943
0.087065 0.809960
0.087116 0.809977
0.087137 0.810027
0.087137 0.810043
0.087178 0.810043
0.087178 0.810060
0.087198 0.810094
0.087208 0.810094
0.087229 0.810160
0.087229 0.810177
0.087239 0.810177
0.087280 0.810211
0.087290 0.810227
0.087301 0.810261
0.087342 0.810294
0.087362 0.810344
0.087372 0.810378
0.087413 0.810411
0.087454 0.810411
0.087475 0.810478
0.087506 0.810511
0.087526 0.810528
0.087537 0.810545
0.087547 0.810578
0.087598 0.810595
0.087608 0.810628
0.087619 0.810628
0.087639 0.810628
0.087639 0.810645
0.087680 0.810729
0.087690 0.810745
0.087690 0.810762
0.087711 0.810779
0.087752 0.810795
0.087772 0.810846
0.087813 0.810846
0.087844 0.810862
0.087854 0.810896
0.087854 0.810963
0.087865 0.811013
0.087885 0.811096
0.087906 0.811096
0.087926 0.811113
0.087936 0.811113
0.087967 0.811163
0.087977 0.811247
0.087998 0.811263
0.087998 0.811280
0.088029 0.811314
0.088059 0.811330
0.088111 0.811347
0.088142 0.811347
0.088162 0.811347
0.088172 0.811380
0.088183 0.811397
0.088213 0.811397
0.088234 0.811414
0.088234 0.811464
0.088234 0.811497
0.088254 0.811531
0.088265 0.811564
0.088285 0.811614
0.088285 0.811648
0.088316 0.811664
0.088316 0.811698
0.088336 0.811698
0.088357 0.811715
0.088367 0.811715
0.088377 0.811748
0.088388 0.811765
0.088408 0.811848
0.088429 0.811898
0.088429 0.811932
0.088449 0.811932
0.088459 0.811949
0.088480 0.811982
0.088490 0.812015
0.088521 0.812032
0.088531 0.812049
0.088562 0.812049
0.088603 0.812066
0.088613 0.812082
0.088613 0.812149
0.088634 0.812199
0.088644 0.812199
0.088664 0.812199
0.088695 0.812233
0.088716 0.812249
0.088746 0.812266
0.088757 0.812266
0.088787 0.812266
0.088798 0.812316
0.088818 0.812366
0.088829 0.812383
0.088829 0.812400
0.088849 0.812416
0.088849 0.812433
0.088870 0.812467
0.088870 0.812533
0.088880 0.812567
0.088900 0.812617
0.088931 0.812634
0.088972 0.812667
0.089003 0.812717
0.089013 0.812751
0.089034 0.812818
0.089044 0.812818
0.089085 0.812834
0.089095 0.812868
0.089136 0.812868
0.089167 0.812934
0.089198 0.812968
0.089208 0.813018
0.089218 0.813035
0.089249 0.813135
0.089259 0.813152
0.089259 0.813185
0.089269 0.813235
0.089290 0.813235
0.089321 0.813269
0.089372 0.813319
0.089392 0.813369
0.089403 0.813419
0.089444 0.813453
0.089454 0.813453
0.089464 0.813469
0.089505 0.813469
0.089516 0.813586
0.089526 0.813586
0.089526 0.813620
0.089557 0.813670
0.089587 0.813720
0.089598 0.813720
0.089608 0.813737
0.089608 0.813770
0.089628 0.813770
0.089639 0.813787
0.089639 0.813820
0.089639 0.813837
0.089649 0.813854
0.089680 0.813870
0.089690 0.813904
0.089731 0.813937
0.089741 0.813971
0.089762 0.814004
0.089792 0.814021
0.089823 0.814071
0.089833 0.814104
0.089844 0.814104
0.089885 0.814104
0.089905 0.814104
0.089915 0.814188
0.089926 0.814221
0.089967 0.814305
0.089987 0.814322
0.089987 0.814355
0.089997 0.814388
0.089997 0.814405
0.089997 0.814439
0.090038 0.814505
0.090100 0.814522
0.090110 0.814555
0.090131 0.814589
0.090141 0.814606
0.090182 0.814622
0.090213 0.814622
0.090233 0.814639
0.090244 0.814672
0.090244 0.814689
0.090295 0.814689
0.090295 0.814706
0.090326 0.814739
0.090346 0.814756
0.090356 0.814773
0.090377 0.814773
0.090377 0.814840
0.090397 0.814873
0.090459 0.814873
0.090479 0.814906
0.090500 0.814940
0.090520 0.814940
0.090531 0.814973
0.090541 0.814990
0.090541 0.815007
0.090551 0.815040
0.090572 0.815074
0.090592 0.815090
0.090592 0.815107
0.090613 0.815157
0.090613 0.815191
0.090623 0.815207
0.090654 0.815241
0.090705 0.815257
0.090736 0.815274
0.090736 0.815374
0.090746 0.815391
0.090766 0.815391
0.090828 0.815424
0.090849 0.815475
0.090859 0.815491
0.090910 0.815491
0.090941 0.815525
0.090982 0.815525
0.090982 0.815541
0.091023 0.815558
0.091043 0.815575
0.091084 0.815575
0.091115 0.815592
0.091156 0.815608
0.091166 0.815625
0.091207 0.815675
0.091218 0.815692
0.091248 0.815725
0.091259 0.815742
0.091300 0.815759
0.091320 0.815792
0.091330 0.815842
0.091330 0.815859
0.091361 0.815909
0.091382 0.815993
0.091443 0.816026
0.091453 0.816059
0.091464 0.816059
0.091474 0.816076
0.091474 0.816093
0.091484 0.816126
0.091484 0.816160
0.091484 0.816176
0.091494 0.816210
0.091536 0.816227
0.091546 0.816227
0.091546 0.816277
0.091597 0.816277
0.091618 0.816310
0.091638 0.816310
0.091659 0.816344
0.091710 0.816360
0.091730 0.816377
0.091741 0.816427
0.091761 0.816444
0.091771 0.816494
0.091782 0.816527
0.091853 0.816527
0.091874 0.816544
0.091884 0.816561
0.091905 0.816578
0.091915 0.816594
0.091935 0.816628
0.091946 0.816678
0.091956 0.816678
0.091987 0.816678
0.091997 0.816711
0.092007 0.816778
0.092028 0.816795
0.092048 0.816862
0.092069 0.816878
0.092079 0.816878
0.092110 0.816895
0.092120 0.816895
0.092151 0.816895
0.092171 0.816928
0.092181 0.816945
0.092181 0.816962
0.092243 0.817029
0.092253 0.817029
0.092253 0.817079
0.092253 0.817112
0.092264 0.817146
0.092274 0.817146
0.092305 0.817179
0.092335 0.817179
0.092366 0.817196
0.092376 0.817263
0.092387 0.817279
0.092397 0.817279
0.092397 0.817296
0.092417 0.817330
0.092448 0.817363
0.092469 0.817380
0.092499 0.817380
0.092530 0.817447
0.092581 0.817447
0.092581 0.817463
0.092592 0.817480
0.092612 0.817513
0.092643 0.817530
0.092643 0.817564
0.092663 0.817614
0.092684 0.817630
0.092704 0.817697
0.092745 0.817697
0.092766 0.817714
0.092766 0.817764
0.092776 0.817797
0.092786 0.817797
0.092797 0.817814
0.092817 0.817814
0.092838 0.817831
0.092848 0.817864
0.092858 0.817881
0.092858 0.817898
0.092868 0.817898
0.092879 0.817914
0.092899 0.817931
0.092920 0.817981
0.092961 0.817998
0.092961 0.818031
0.093033 0.818098
0.093063 0.818115
0.093074 0.818165
0.093094 0.818182
0.093104 0.818199
0.093135 0.818265
0.093156 0.818299
0.093186 0.818332
0.093217 0.818382
0.093227 0.818382
0.093238 0.818432
0.093258 0.818483
0.093309 0.818516
0.093330 0.818549
0.093381 0.818600
0.093381 0.818616
0.093391 0.818666
0.093422 0.818683
0.093432 0.818683
0.093473 0.818700
0.093494 0.818700
0.093525 0.818767
0.093535 0.818783
0.093545 0.818834
0.093576 0.818850
0.093617 0.818850
0.093648 0.818850
0.093658 0.818900
0.093668 0.818934
0.093689 0.818951
0.093740 0.819017
0.093802 0.819017
0.093843 0.819051
0.093863 0.819051
0.093873 0.819084
0.093894 0.819118
0.093914 0.819134
0.093925 0.819134
0.093935 0.819151
0.093935 0.819218
0.093955 0.819285
0.093986 0.819285
0.093996 0.819335
0.094007 0.819352
0.094027 0.819368
0.094037 0.819402
0.094058 0.819435
0.094089 0.819469
0.094119 0.819519
0.094130 0.819519
0.094171 0.819569
0.094181 0.819602
0.094222 0.819619
0.094222 0.819636
0.094232 0.819669
0.094232 0.819686
0.094243 0.819703
0.094263 0.819719
0.094263 0.819736
0.094273 0.819736
0.094284 0.819820
0.094284 0.819853
0.094294 0.819886
0.094345 0.819953
0.094355 0.820003
0.094396 0.820070
0.094417 0.820087
0.094437 0.820120
0.094437 0.820154
0.094478 0.820187
0.094530 0.820204
0.094560 0.820221
0.094571 0.820237
0.094622 0.820271
0.094653 0.820271
0.094704 0.820287
0.094735 0.820287
0.094755 0.820371
0.094755 0.820388
0.094806 0.820421
0.094827 0.820488
0.094847 0.820505
0.094858 0.820555
0.094888 0.820622
0.094888 0.820672
0.094899 0.820689
0.094899 0.820705
0.094919 0.820705
0.094950 0.820722
0.094971 0.820739
0.094981 0.820755
0.095001 0.820755
0.095022 0.820805
0.095083 0.820822
0.095114 0.820856
0.095165 0.820856
0.095165 0.820872
0.095206 0.820889
0.095217 0.820939
0.095237 0.820956
0.095247 0.820973
0.095268 0.821039
0.095288 0.821056
0.095299 0.821106
0.095329 0.821140
0.095340 0.821156
0.095340 0.821223
0.095370 0.821223
0.095401 0.821273
0.095442 0.821290
0.095463 0.821290
0.095463 0.821357
0.095483 0.821390
0.095493 0.821407
0.095493 0.821424
0.095534 0.821424
0.095575 0.821457
0.095596 0.821491
0.095637 0.821507
0.095637 0.821557
0.095668 0.821557
0.095678 0.821557
0.095719 0.821557
0.095729 0.821624
0.095750 0.821658
0.095760 0.821708
0.095791 0.821708
0.095811 0.821725
0.095832 0.821758
0.095842 0.821791
0.095852 0.821791
0.095883 0.821808
0.095914 0.821808
0.095934 0.821808
0.095975 0.821808
0.096006 0.821825
0.096016 0.821875
0.096057 0.821908
0.096078 0.821942
0.096109 0.821975
0.096119 0.821975
0.096150 0.821975
0.096170 0.822042
0.096201 0.822076
0.096242 0.822076
0.096273 0.822109
0.096273 0.822126
0.096293 0.822142
0.096314 0.822142
0.096334 0.822193
0.096345 0.822209
0.096365 0.822243
0.096375 0.822243
0.096375 0.822276
0.096416 0.822309
0.096427 0.822326
0.096457 0.822410
0.096498 0.822493
0.096509 0.822510
0.096529 0.822527
0.096529 0.822543
0.096539 0.822543
0.096560 0.822543
0.096580 0.822560
0.096591 0.822594
0.096591 0.822610
0.096591 0.822644
0.096611 0.822644
0.096621 0.822660
0.096662 0.822727
0.096683 0.822744
0.096693 0.822794
0.096714 0.822794
0.096714 0.822811
0.096734 0.822828
0.096775 0.822861
0.096806 0.822911
0.096847 0.822911
0.096857 0.822945
0.096898 0.822978
0.096919 0.823011
0.096950 0.823045
0.096970 0.823095
0.096970 0.823112
0.097011 0.823128
0.097032 0.823145
0.097114 0.823145
0.097114 0.823178
0.097124 0.823178
0.097134 0.823212
0.097144 0.823212
0.097165 0.823262
0.097196 0.823279
0.097226 0.823279
0.097267 0.823312
0.097298 0.823312
0.097298 0.823329
0.097349 0.823362
0.097401 0.823412
0.097411 0.823429
0.097431 0.823479
0.097462 0.823546
0.097483 0.823596
0.097483 0.823613
0.097513 0.823646
0.097585 0.823697
0.097606 0.823730
0.097626 0.823730
0.097637 0.823763
0.097647 0.823780
0.097667 0.823780
0.097667 0.823830
0.097729 0.823964
0.097770 0.823997
0.097790 0.824064
0.097821 0.824081
0.097831 0.824098
0.097862 0.824098
0.097872 0.824114
0.097872 0.824148
0.097903 0.824181
0.097924 0.824215
0.097934 0.824215
0.097954 0.824265
0.098006 0.824265
0.098036 0.824315
0.098057 0.824315
0.098067 0.824315
0.098067 0.824348
0.098108 0.824415
0.098118 0.824449
0.098118 0.824499
0.098139 0.824532
0.098149 0.824549
0.098190 0.824616
0.098190 0.824649
0.098221 0.824682
0.098231 0.824682
0.098241 0.824766
0.098241 0.824833
0.098262 0.824850
0.098272 0.824883
0.098303 0.824883
0.098313 0.824900
0.098324 0.824950
0.098344 0.825000
0.098385 0.825084
0.098406 0.825117
0.098406 0.825167
0.098426 0.825201
0.098457 0.825217
0.098477 0.825234
0.098498 0.825267
0.098508 0.825284
0.098539 0.825351
0.098570 0.825401
0.098590 0.825434
0.098631 0.825468
0.098652 0.825468
0.098652 0.825501
0.098662 0.825501
0.098672 0.825551
0.098682 0.825585
0.098703 0.825602
0.098734 0.825618
0.098785 0.825652
0.098805 0.825668
0.098826 0.825668
0.098836 0.825719
0.098877 0.825719
0.098887 0.825735
0.098898 0.825769
0.098939 0.825802
0.098939 0.825836
0.098939 0.825852
0.098969 0.825852
0.098980 0.825852
0.099011 0.825902
0.099031 0.825902
0.099072 0.825936
0.099093 0.825953
0.099103 0.825969
0.099113 0.825969
0.099144 0.826003
0.099185 0.826053
0.099205 0.826053
0.099226 0.826086
0.099257 0.826086
0.099308 0.826103
0.099308 0.826153
0.099318 0.826220
0.099328 0.826220
0.099339 0.826253
0.099359 0.826253
0.099441 0.826320
0.099441 0.826354
0.099472 0.826354
0.099513 0.826370
0.099544 0.826404
0.099544 0.826437
0.099554 0.826437
0.099554 0.826487
0.099564 0.826521
0.099605 0.826521
0.099605 0.826537
0.099615 0.826588
0.099646 0.826638
0.099656 0.826638
0.099667 0.826671
0.099687 0.826688
0.099687 0.826705
0.099698 0.826721
0.099718 0.826788
0.099739 0.826822
0.099769 0.826855
0.099790 0.826872
0.099810 0.826939
0.099862 0.826972
0.099882 0.827005
0.099892 0.827039
0.099892 0.827072
0.099933 0.827122
0.099944 0.827156
0.099954 0.827156
0.099974 0.827189
0.099995 0.827256
0.100005 0.827273
0.100087 0.827273
0.100128 0.827273
0.100169 0.827340
0.100169 0.827356
0.100200 0.827373
0.100220 0.827440
0.100220 0.827473
0.100231 0.827490
0.100251 0.827490
0.100251 0.827507
0.100261 0.827557
0.100292 0.827590
0.100313 0.827590
0.100323 0.827607
0.100333 0.827657
0.100344 0.827741
0.100354 0.827841
0.100385 0.827874
0.100426 0.827874
0.100467 0.827891
0.100497 0.827924
0.100549 0.827941
0.100559 0.827958
0.100579 0.827958
0.100600 0.827991
0.100631 0.827991
0.100651 0.827991
0.100661 0.828025
0.100661 0.828075
0.100702 0.828108
0.100754 0.828142
0.100754 0.828158
0.100795 0.828225
0.100795 0.828242
0.100815 0.828259
0.100825 0.828275
0.100836 0.828342
0.100856 0.828342
0.100877 0.828359
0.100907 0.828426
0.100918 0.828426
0.100969 0.828493
0.100989 0.828509
0.101020 0.828543
0.101041 0.828593
0.101051 0.828626
0.101082 0.828710
0.101123 0.828793
0.101143 0.828877
0.101154 0.828927
0.101164 0.828927
0.101195 0.828961
0.101215 0.829027
0.101256 0.829044
0.101266 0.829044
0.101266 0.829061
0.101307 0.829094
0.101338 0.829144
0.101379 0.829144
0.101389 0.829161
0.101410 0.829178
0.101451 0.829178
0.101461 0.829178
0.101471 0.829228
0.101482 0.829245
0.101482 0.829278
0.101492 0.829311
0.101502 0.829378
0.101543 0.829395
0.101584 0.829445
0.101605 0.829445
0.101625 0.829512
0.101646 0.829529
0.101707 0.829596
0.101738 0.829596
0.101759 0.829646
0.101769 0.829679
0.101769 0.829696
0.101769 0.829729
0.101810 0.829729
0.101882 0.829763
0.101923 0.829796
0.101923 0.829830
0.101943 0.829863
0.101953 0.829896
0.101974 0.829963
0.101984 0.829997
0.102046 0.829997
0.102087 0.830064
0.102107 0.830080
0.102138 0.830097
0.102158 0.830130
0.102179 0.830130
0.102179 0.830164
0.102189 0.830180
0.102230 0.830180
0.102261 0.830197
0.102281 0.830214
0.102292 0.830214
0.102343 0.830264
0.102353 0.830264
0.102363 0.830297
0.102384 0.830297
0.102384 0.830314
0.102384 0.830381
0.102415 0.830381
0.102466 0.830398
0.102466 0.830414
0.102528 0.830448
0.102538 0.830481
0.102558 0.830481
0.102620 0.830498
0.102640 0.830531
0.102671 0.830548
0.102692 0.830565
0.102722 0.830565
0.102743 0.830565
0.102753 0.830582
0.102794 0.830598
0.102804 0.830615
0.102825 0.830615
0.102825 0.830648
0.102856 0.830782
0.102897 0.830799
0.102907 0.830832
0.102917 0.830849
0.102917 0.830882
0.102948 0.830916
0.102948 0.830932
0.102958 0.830932
0.103020 0.830932
0.103050 0.830932
0.103061 0.830999
0.103061 0.831016
0.103071 0.831033
0.103102 0.831049
0.103112 0.831116
0.103133 0.831150
0.103153 0.831150
0.103174 0.831166
0.103184 0.831217
0.103204 0.831217
0.103215 0.831233
0.103225 0.831233
0.103235 0.831250
0.103245 0.831283
0.103297 0.831300
0.103297 0.831317
0.103307 0.831334
0.103338 0.831367
0.103338 0.831434
0.103368 0.831451
0.103389 0.831467
0.103399 0.831517
0.103440 0.831517
0.103461 0.831534
0.103491 0.831601
0.103502 0.831701
0.103512 0.831718
0.103522 0.831718
0.103522 0.831735
0.103532 0.831751
0.103563 0.831785
0.103584 0.831801
0.103584 0.831852
0.103625 0.831935
0.103645 0.831935
0.103676 0.831985
0.103707 0.832019
0.103707 0.832035
0.103717 0.832069
0.103748 0.832086
0.103768 0.832086
0.103789 0.832119
0.103809 0.832119
0.103820 0.832119
0.103840 0.832119
0.103861 0.832203
0.103881 0.832219
0.103984 0.832353
0.103994 0.832370
0.104035 0.832420
0.104055 0.832420
0.104066 0.832436
0.104066 0.832453
0.104076 0.832453
0.104076 0.832470
0.104086 0.832487
0.104117 0.832537
0.104158 0.832604
0.104158 0.832637
0.104189 0.832637
0.104189 0.832670
0.104199 0.832670
0.104230 0.832687
0.104240 0.832687
0.104260 0.832704
0.104271 0.832704
0.104281 0.832737
0.104281 0.832804
0.104332 0.832804
0.104332 0.832854
0.104373 0.832921
0.104414 0.832955
0.104414 0.832988
0.104425 0.833055
0.104435 0.833088
0.104445 0.833088
0.104466 0.833088
0.104476 0.833122
0.104507 0.833138
0.104527 0.833172
0.104548 0.833189
0.104548 0.833205
0.104568 0.833222
0.104599 0.833222
0.104599 0.833239
0.104640 0.833289
0.104640 0.833322
0.104650 0.833356
0.104671 0.833389
0.104671 0.833456
0.104701 0.833506
0.104722 0.833539
0.104732 0.833539
0.104835 0.833556
0.104845 0.833590
0.104886 0.833623
0.104927 0.833656
0.104947 0.833707
0.104958 0.833723
0.104968 0.833723
0.105009 0.833757
0.105019 0.833807
0.105060 0.833807
0.105091 0.833807
0.105112 0.833857
0.105142 0.833857
0.105153 0.833890
0.105183 0.833890
0.105204 0.833924
0.105224 0.833924
0.105255 0.833957
0.105276 0.834024
0.105317 0.834041
0.105317 0.834057
0.105327 0.834074
0.105358 0.834108
0.105419 0.834141
0.105450 0.834141
0.105460 0.834174
0.105460 0.834208
0.105481 0.834208
0.105511 0.834208
0.105511 0.834258
0.105522 0.834308
0.105573 0.834325
0.105583 0.834342
0.105604 0.834358
0.105645 0.834358
0.105675 0.834442
0.105706 0.834492
0.105737 0.834492
0.105768 0.834509
0.105788 0.834525
0.105809 0.834559
0.105840 0.834576
0.105840 0.834609
0.105860 0.834609
0.105891 0.834626
0.105901 0.834676
0.105922 0.834726
0.105922 0.834809
0.105932 0.834826
0.105952 0.834826
0.105973 0.834860
0.105983 0.834926
0.106024 0.834943
0.106045 0.834977
0.106055 0.834977
0.106055 0.834993
0.106086 0.834993
0.106127 0.835010
0.106157 0.835094
0.106168 0.835127
0.106188 0.835127
0.106188 0.835144
0.106239 0.835144
0.106250 0.835177
0.106270 0.835177
0.106291 0.835211
0.106301 0.835211
0.106311 0.835227
0.106342 0.835244
0.106383 0.835294
0.106393 0.835294
0.106414 0.835294
0.106424 0.835328
0.106434 0.835344
0.106434 0.835378
0.106455 0.835394
0.106496 0.835394
0.106506 0.835411
0.106537 0.835411
0.106568 0.835445
0.106650 0.835478
0.106680 0.835495
0.106721 0.835495
0.106762 0.835511
0.106783 0.835511
0.106793 0.835528
0.106824 0.835578
0.106855 0.835612
0.106865 0.835628
0.106875 0.835628
0.106906 0.835695
0.106937 0.835695
0.106978 0.835729
0.106988 0.835729
0.107008 0.835762
0.107049 0.835795
0.107060 0.835879
0.107111 0.835896
0.107142 0.835929
0.107183 0.836029
0.107203 0.836029
0.107214 0.836063
0.107234 0.836063
0.107255 0.836080
0.107285 0.836096
0.107296 0.836096
0.107316 0.836096
0.107367 0.836113
0.107398 0.836146
0.107480 0.836213
0.107501 0.836213
0.107521 0.836247
0.107531 0.836297
0.107552 0.836330
0.107552 0.836347
0.107572 0.836364
0.107613 0.836364
0.107624 0.836380
0.107644 0.836380
0.107654 0.836397
0.107675 0.836414
0.107706 0.836430
0.107716 0.836481
0.107716 0.836497
0.107716 0.836531
0.107726 0.836631
0.107747 0.836664
0.107767 0.836681
0.107788 0.836681
0.107829 0.836698
0.107860 0.836731
0.107870 0.836748
0.107901 0.836748
0.107921 0.836765
0.107942 0.836765
0.107952 0.836781
0.107962 0.836815
0.108003 0.836882
0.108034 0.836882
0.108044 0.836882
0.108085 0.836882
0.108095 0.836915
0.108116 0.836932
0.108126 0.836999
0.108126 0.837015
0.108147 0.837082
0.108177 0.837099
0.108218 0.837099
0.108259 0.837166
0.108280 0.837182
0.108321 0.837233
0.108321 0.837266
0.108341 0.837350
0.108372 0.837383
0.108382 0.837416
0.108454 0.837416
0.108454 0.837433
0.108464 0.837467
0.108475 0.837483
0.108506 0.837517
0.108516 0.837567
0.108547 0.837650
0.108557 0.837667
0.108567 0.837701
0.108629 0.837717
0.108639 0.837734
0.108649 0.837734
0.108690 0.837784
0.108711 0.837818
0.108721 0.837818
0.108721 0.837851
0.108762 0.837868
0.108772 0.837884
0.108793 0.837884
0.108803 0.837884
0.108813 0.837901
0.108844 0.837934
0.108864 0.837968
0.108875 0.838001
0.108875 0.838018
0.108916 0.838068
0.108926 0.838085
0.108946 0.838102
0.108977 0.838135
0.108987 0.838152
0.109028 0.838185
0.109028 0.838202
0.109028 0.838235
0.109039 0.838252
0.109059 0.838285
0.109100 0.838319
0.109110 0.838352
0.109131 0.838352
0.109162 0.838352
0.109162 0.838386
0.109193 0.838402
0.109193 0.838469
0.109213 0.838553
0.109244 0.838553
0.109285 0.838570
0.109285 0.838603
0.109326 0.838670
0.109398 0.838770
0.109408 0.838770
0.109418 0.838803
0.109439 0.838820
0.109449 0.838854
0.109459 0.838904
0.109490 0.838920
0.109551 0.838920
0.109551 0.838987
0.109613 0.839021
0.109623 0.839054
0.109633 0.839071
0.109644 0.839104
0.109674 0.839154
0.109695 0.839188
0.109726 0.839238
0.109756 0.839255
0.109767 0.839305
0.109808 0.839322
0.109839 0.839322
0.109890 0.839338
0.109910 0.839388
0.109931 0.839405
0.109941 0.839422
0.109951 0.839422
0.109982 0.839422
0.109982 0.839439
0.110003 0.839505
0.110023 0.839522
0.110044 0.839572
0.110044 0.839589
0.110085 0.839606
0.110146 0.839639
0.110146 0.839672
0.110187 0.839672
0.110228 0.839723
0.110290 0.839723
0.110300 0.839773
0.110300 0.839823
0.110310 0.839823
0.110331 0.839890
0.110341 0.839906
0.110361 0.839923
0.110392 0.839973
0.110413 0.839973
0.110433 0.840007
0.110464 0.840023
0.110484 0.840040
0.110515 0.840090
0.110536 0.840107
0.110556 0.840140
0.110556 0.840157
0.110597 0.840157
0.110618 0.840174
0.110638 0.840241
0.110638 0.840257
0.110679 0.840257
0.110710 0.840307
0.110720 0.840341
0.110741 0.840341
0.110761 0.840358
0.110772 0.840358
0.110802 0.840358
0.110813 0.840358
0.110823 0.840391
0.110874 0.840458
0.110905 0.840491
0.110925 0.840541
0.110946 0.840575
0.110956 0.840592
0.110956 0.840625
0.110966 0.840642
0.111007 0.840658
0.111048 0.840658
0.111079 0.840742
0.111089 0.840775
0.111110 0.840792
0.111141 0.840792
0.111161 0.840826
0.111161 0.840859
0.111171 0.840909
0.111192 0.840993
0.111213 0.840993
0.111243 0.841026
0.111264 0.841043
0.111284 0.841043
0.111325 0.841076
0.111325 0.841093
0.111346 0.841126
0.111366 0.841176
0.111407 0.841210
0.111428 0.841243
0.111459 0.841243
0.111469 0.841243
0.111510 0.841243
0.111520 0.841243
0.111582 0.841243
0.111602 0.841243
0.111643 0.841260
0.111664 0.841277
0.111705 0.841277
0.111766 0.841277
0.111797 0.841327
0.111797 0.841360
0.111817 0.841377
0.111858 0.841427
0.111879 0.841427
0.111879 0.841444
0.111910 0.841444
0.111920 0.841477
0.111961 0.841477
0.111982 0.841527
0.112002 0.841561
0.112012 0.841578
0.112043 0.841628
0.112084 0.841628
0.112125 0.841644
0.112135 0.841644
0.112156 0.841644
0.112156 0.841661
0.112176 0.841661
0.112197 0.841695
0.112228 0.841728
0.112248 0.841745
0.112248 0.841761
0.112269 0.841761
0.112269 0.841778
0.112289 0.841828
0.112299 0.841862
0.112320 0.841862
0.112330 0.841928
0.112371 0.841928
0.112381 0.841962
0.112402 0.841995
0.112412 0.842012
0.112412 0.842029
0.112422 0.842029
0.112433 0.842079
0.112474 0.842129
0.112546 0.842162
0.112587 0.842179
0.112607 0.842179
0.112607 0.842213
0.112628 0.842246
0.112648 0.842263
0.112669 0.842296
0.112699 0.842296
0.112761 0.842330
0.112792 0.842330
0.112822 0.842346
0.112884 0.842346
0.112894 0.842380
0.112925 0.842430
0.112986 0.842447
0.113027 0.842447
0.113068 0.842480
0.113099 0.842497
0.113120 0.842564
0.113130 0.842564
0.113181 0.842580
0.113202 0.842580
0.113212 0.842614
0.113253 0.842614
0.113304 0.842647
0.113315 0.842697
0.113386 0.842697
0.113417 0.842731
0.113438 0.842764
0.113448 0.842781
0.113489 0.842781
0.113509 0.842797
0.113530 0.842864
0.113540 0.842898
0.113581 0.842914
0.113612 0.842914
0.113643 0.842931
0.113653 0.842931
0.113653 0.842948
0.113684 0.842965
0.113704 0.842981
0.113755 0.842998
0.113786 0.843048
0.113796 0.843048
0.113796 0.843115
0.113837 0.843165
0.113868 0.843165
0.113889 0.843165
0.113899 0.843182
0.113920 0.843199
0.113920 0.843215
0.113950 0.843232
0.113961 0.843299
0.113981 0.843299
0.114032 0.843316
0.114053 0.843316
0.114073 0.843366
0.114084 0.843399
0.114145 0.843432
0.114196 0.843432
0.114217 0.843449
0.114227 0.843483
0.114227 0.843533
0.114268 0.843549
0.114309 0.843583
0.114330 0.843650
0.114350 0.843650
0.114360 0.843650
0.114381 0.843683
0.114391 0.843717
0.114401 0.843817
0.114422 0.843850
0.114463 0.843884
0.114473 0.843917
0.114483 0.843967
0.114483 0.843984
0.114483 0.844034
0.114494 0.844084
0.114514 0.844084
0.114535 0.844118
0.114565 0.844151
0.114565 0.844201
0.114586 0.844201
0.114627 0.844201
0.114668 0.844201
0.114699 0.844251
0.114771 0.844251
0.114791 0.844251
0.114812 0.844268
0.114832 0.844268
0.114842 0.844301
0.114853 0.844301
0.114873 0.844352
0.114904 0.844402
0.114924 0.844435
0.114955 0.844435
0.114965 0.844469
0.115006 0.844485
0.115017 0.844519
0.115037 0.844535
0.115047 0.844535
0.115058 0.844586
0.115078 0.844619
0.115129 0.844619
0.115129 0.844636
0.115150 0.844669
0.115191 0.844669
0.115211 0.844669
0.115242 0.844703
0.115263 0.844703
0.115314 0.844703
0.115324 0.844736
0.115324 0.844769
0.115386 0.844769
0.115417 0.844786
0.115437 0.844803
0.115447 0.844820
0.115458 0.844886
0.115488 0.844920
0.115540 0.844936
0.115560 0.844953
0.115591 0.845037
0.115611 0.845037
0.115632 0.845070
0.115652 0.845087
0.115683 0.845104
0.115704 0.845120
0.115765 0.845120
0.115786 0.845154
0.115796 0.845187
0.115806 0.845187
0.115847 0.845221
0.115898 0.845237
0.115919 0.845287
0.115940 0.845354
0.115970 0.845354
0.116011 0.845354
0.116042 0.845404
0.116052 0.845471
0.116093 0.845471
0.116104 0.845471
0.116134 0.845471
0.116134 0.845505
0.116155 0.845505
0.116165 0.845555
0.116175 0.845638
0.116186 0.845705
0.116216 0.845772
0.116227 0.845789
0.116247 0.845789
0.116278 0.845822
0.116278 0.845856
0.116309 0.845922
0.116350 0.845956
0.116380 0.845956
0.116401 0.845956
0.116411 0.846023
0.116432 0.846023
0.116452 0.846039
0.116452 0.846056
0.116503 0.846106
0.116524 0.846140
0.116544 0.846173
0.116575 0.846173
0.116596 0.846190
0.116616 0.846223
0.116637 0.846257
0.116657 0.846273
0.116657 0.846307
0.116668 0.846340
0.116678 0.846340
0.116709 0.846407
0.116739 0.846424
0.116780 0.846474
0.116801 0.846491
0.116832 0.846507
0.116873 0.846507
0.116883 0.846524
0.116883 0.846557
0.116903 0.846591
0.116934 0.846608
0.116955 0.846608
0.116985 0.846608
0.116996 0.846641
0.117057 0.846658
0.117098 0.846658
0.117108 0.846658
0.117119 0.846674
0.117149 0.846674
0.117160 0.846674
0.117190 0.846725
0.117211 0.846758
0.117231 0.846808
0.117252 0.846808
0.117283 0.846825
0.117314 0.846825
0.117324 0.846842
0.117355 0.846875
0.117355 0.846908
0.117385 0.846908
0.117396 0.846942
0.117416 0.846959
0.117437 0.846992
0.117498 0.847025
0.117498 0.847059
0.117508 0.847059
0.117570 0.847092
0.117601 0.847092
0.117601 0.847126
0.117611 0.847159
0.117652 0.847159
0.117672 0.847159
0.117683 0.847159
0.117693 0.847209
0.117703 0.847243
0.117734 0.847293
0.117744 0.847343
0.117775 0.847393
0.117785 0.847410
0.117826 0.847426
0.117857 0.847460
0.117877 0.847477
0.117908 0.847477
0.117918 0.847510
0.117939 0.847527
0.117959 0.847560
0.118021 0.847594
0.118042 0.847594
0.118052 0.847594
0.118052 0.847660
0.118093 0.847761
0.118103 0.847777
0.118124 0.847794
0.118124 0.847811
0.118154 0.847828
0.118154 0.847844
0.118185 0.847878
0.118185 0.847928
0.118185 0.847945
0.118226 0.847945
0.118288 0.847945
0.118308 0.847945
0.118318 0.847961
0.118318 0.847995
0.118339 0.848011
0.118370 0.848028
0.118380 0.848028
0.118400 0.848045
0.118400 0.848095
0.118421 0.848162
0.118452 0.848195
0.118513 0.848195
0.118534 0.848229
0.118564 0.848262
0.118616 0.848312
0.118616 0.848329
0.118657 0.848346
0.118677 0.848346
0.118718 0.848379
0.118770 0.848396
0.118780 0.848412
0.118841 0.848429
0.118862 0.848429
0.118862 0.848479
0.118872 0.848513
0.118882 0.848513
0.118903 0.848546
0.118944 0.848546
0.118964 0.848563
0.118985 0.848563
0.119005 0.848630
0.119016 0.848646
0.119036 0.848646
0.119139 0.848663
0.119149 0.848713
0.119159 0.848747
0.119169 0.848747
0.119180 0.848797
0.119200 0.848864
0.119210 0.848880
0.119231 0.848930
0.119251 0.848947
0.119292 0.848947
0.119303 0.848947
0.119323 0.848964
0.119354 0.848997
0.119375 0.849031
0.119405 0.849031
0.119426 0.849047
0.119446 0.849098
0.119498 0.849098
0.119528 0.849098
0.119528 0.849114
0.119539 0.849131
0.119549 0.849164
0.119590 0.849181
0.119621 0.849198
0.119662 0.849198
0.119672 0.849265
0.119682 0.849265
0.119713 0.849315
0.119754 0.849315
0.119754 0.849382
0.119785 0.849415
0.119795 0.849432
0.119815 0.849432
0.119867 0.849449
0.119867 0.849465
0.119877 0.849499
0.119897 0.849515
0.119918 0.849515
0.119938 0.849566
0.119938 0.849632
0.119969 0.849632
0.119990 0.849632
0.119990 0.849666
0.120031 0.849682
0.120041 0.849733
0.120103 0.849749
0.120103 0.849766
0.120164 0.849783
0.120195 0.849783
0.120215 0.849799
0.120226 0.849850
0.120246 0.849883
0.120297 0.849916
0.120318 0.849916
0.120338 0.849967
0.120369 0.849983
0.120410 0.850067
0.120441 0.850117
0.120451 0.850150
0.120472 0.850201
0.120482 0.850284
0.120492 0.850318
0.120543 0.850334
0.120574 0.850368
0.120646 0.850434
0.120687 0.850468
0.120708 0.850518
0.120718 0.850551
0.120718 0.850602
0.120728 0.850652
0.120759 0.850652
0.120779 0.850668
0.120790 0.850685
0.120820 0.850719
0.120861 0.850752
0.120882 0.850769
0.120882 0.850819
0.120902 0.850836
0.120913 0.850836
0.120954 0.850902
0.120954 0.850919
0.120984 0.850919
0.121005 0.850953
0.121005 0.851036
0.121005 0.851053
0.121015 0.851053
0.121036 0.851053
0.121036 0.851136
0.121087 0.851136
0.121107 0.851203
0.121138 0.851203
0.121159 0.851203
0.121159 0.851237
0.121169 0.851253
0.121189 0.851253
0.121230 0.851287
0.121241 0.851287
0.121251 0.851320
0.121271 0.851337
0.121292 0.851387
0.121302 0.851404
0.121323 0.851420
0.121333 0.851487
0.121364 0.851487
0.121395 0.851521
0.121405 0.851554
0.121456 0.851604
0.121487 0.851604
0.121497 0.851671
0.121518 0.851705
0.121559 0.851721
0.121630 0.851771
0.121671 0.851805
0.121692 0.851855
0.121712 0.851855
0.121723 0.851888
0.121733 0.851939
0.121743 0.851972
0.121753 0.851972
0.121774 0.852022
0.121794 0.852055
0.121825 0.852089
0.121856 0.852089
0.121866 0.852089
0.121907 0.852122
0.121938 0.852139
0.121958 0.852172
0.121979 0.852172
0.121989 0.852206
0.122020 0.852239
0.122041 0.852273
0.122051 0.852273
0.122071 0.852289
0.122092 0.852323
0.122133 0.852356
0.122153 0.852373
0.122174 0.852406
0.122184 0.852423
0.122205 0.852440
0.122215 0.852457
0.122235 0.852490
0.122276 0.852523
0.122287 0.852523
0.122287 0.852540
0.122317 0.852540
0.122358 0.852557
0.122369 0.852557
0.122440 0.852607
0.122440 0.852640
0.122481 0.852657
0.122502 0.852691
0.122512 0.852741
0.122553 0.852741
0.122594 0.852757
0.122625 0.852757
0.122625 0.852824
0.122666 0.852841
0.122666 0.852874
0.122676 0.852908
0.122686 0.852924
0.122717 0.852941
0.122738 0.852958
0.122769 0.852958
0.122779 0.852975
0.122799 0.852975
0.122840 0.853008
0.122861 0.853008
0.122871 0.853041
0.122892 0.853041
0.122892 0.853075
0.122933 0.853092
0.122953 0.853125
0.122984 0.853125
0.123056 0.853142
0.123097 0.853158
0.123107 0.853175
0.123127 0.853209
0.123148 0.853225
0.123199 0.853225
0.123209 0.853275
0.123230 0.853275
0.123240 0.853275
0.123281 0.853292
0.123302 0.853359
0.123322 0.853359
0.123353 0.853376
0.123353 0.853409
0.123394 0.853409
0.123415 0.853426
0.123415 0.853493
0.123415 0.853526
0.123445 0.853543
0.123456 0.853559
0.123476 0.853593
0.123476 0.853643
0.123476 0.853660
0.123486 0.853676
0.123486 0.853743
0.123486 0.853793
0.123527 0.853827
0.123548 0.853827
0.123558 0.853827
0.123589 0.853844
0.123630 0.853844
0.123661 0.853877
0.123671 0.853877
0.123702 0.853910
0.123804 0.853927
0.123845 0.853961
0.123855 0.854027
0.123886 0.854044
0.123896 0.854044
0.123958 0.854044
0.123958 0.854078
0.123978 0.854128
0.124009 0.854161
0.124019 0.854195
0.124050 0.854211
0.124050 0.854245
0.124112 0.854261
0.124143 0.854278
0.124173 0.854278
0.124204 0.854328
0.124255 0.854328
0.124276 0.854328
0.124296 0.854362
0.124307 0.854412
0.124368 0.854412
0.124378 0.854428
0.124419 0.854445
0.124440 0.854495
0.124440 0.854529
0.124450 0.854529
0.124481 0.854612
0.124481 0.854662
0.124501 0.854662
0.124522 0.854729
0.124553 0.854746
0.124624 0.854746
0.124635 0.854746
0.124655 0.854813
0.124696 0.854846
0.124717 0.854863
0.124727 0.854880
0.124768 0.854930
0.124840 0.854963
0.124850 0.854963
0.124871 0.854997
0.124881 0.855013
0.124901 0.855030
0.124901 0.855064
0.124922 0.855114
0.124932 0.855164
0.124942 0.855197
0.125004 0.855214
0.125055 0.855214
0.125055 0.855264
0.125086 0.855281
0.125086 0.855314
0.125127 0.855314
0.125127 0.855348
0.125209 0.855348
0.125260 0.855364
0.125281 0.855431
0.125311 0.855431
0.125322 0.855431
0.125363 0.855448
0.125373 0.855448
0.125404 0.855465
0.125414 0.855498
0.125445 0.855515
0.125486 0.855548
0.125558 0.855582
0.125588 0.855582
0.125609 0.855598
0.125609 0.855648
0.125619 0.855648
0.125640 0.855682
0.125660 0.855699
0.125670 0.855715
0.125681 0.855715
0.125711 0.855732
0.125722 0.855765
0.125732 0.855765
0.125763 0.855782
0.125793 0.855782
0.125814 0.855849
0.125855 0.855866
0.125875 0.855882
0.125886 0.855899
0.125886 0.855966
0.125896 0.855983
0.125916 0.855983
0.125937 0.856016
0.125937 0.856049
0.125968 0.856049
0.125988 0.856083
0.126019 0.856116
0.126019 0.856133
0.126029 0.856150
0.126039 0.856150
0.126060 0.856166
0.126101 0.856200
0.126122 0.856217
0.126132 0.856250
0.126163 0.856250
0.126193 0.856267
0.126204 0.856283
0.126245 0.856283
0.126265 0.856283
0.126265 0.856317
0.126286 0.856350
0.126286 0.856367
0.126316 0.856417
0.126337 0.856434
0.126347 0.856434
0.126378 0.856434
0.126419 0.856434
0.126429 0.856434
0.126429 0.856484
0.126429 0.856568
0.126450 0.856584
0.126450 0.856601
0.126501 0.856601
0.126511 0.856651
0.126532 0.856651
0.126583 0.856668
0.126624 0.856718
0.126634 0.856751
0.126644 0.856852
0.126665 0.856918
0.126696 0.856935
0.126747 0.856985
0.126788 0.856985
0.126798 0.857002
0.126809 0.857035
0.126839 0.857119
0.126880 0.857136
0.126911 0.857136
0.126911 0.857203
0.126952 0.857203
0.126952 0.857253
0.126962 0.857269
0.126983 0.857269
0.126993 0.857286
0.126993 0.857320
0.127003 0.857320
0.127044 0.857386
0.127055 0.857403
0.127096 0.857420
0.127116 0.857470
0.127137 0.857487
0.127167 0.857487
0.127178 0.857503
0.127208 0.857520
0.127229 0.857553
0.127280 0.857570
0.127301 0.857587
0.127331 0.857604
0.127342 0.857604
0.127352 0.857637
0.127352 0.857687
0.127434 0.857754
0.127454 0.857787
0.127485 0.857821
0.127506 0.857854
0.127567 0.857871
0.127608 0.857888
0.127690 0.857921
0.127731 0.857938
0.127762 0.857971
0.127793 0.857988
0.127803 0.858021
0.127824 0.858021
0.127854 0.858055
0.127865 0.858055
0.127895 0.858138
0.127895 0.858189
0.127916 0.858239
0.127926 0.858255
0.127936 0.858289
0.127957 0.858289
0.127967 0.858289
0.127988 0.858322
0.128008 0.858389
0.128018 0.858439
0.128059 0.858439
0.128080 0.858439
0.128090 0.858439
0.128162 0.858439
0.128193 0.858439
0.128234 0.858473
0.128244 0.858473
0.128265 0.858473
0.128275 0.858473
0.128336 0.858523
0.128347 0.858523
0.128377 0.858573
0.128408 0.858573
0.128418 0.858590
0.128439 0.858590
0.128490 0.858590
0.128511 0.858590
0.128541 0.858590
0.128562 0.858640
0.128582 0.858723
0.128613 0.858723
0.128623 0.858740
0.128654 0.858757
0.128664 0.858807
0.128675 0.858807
0.128695 0.858824
0.128716 0.858874
0.128736 0.858890
0.128746 0.858924
0.128777 0.858941
0.128818 0.858991
0.128829 0.859041
0.128870 0.859041
0.128870 0.859057
0.128890 0.859057
0.128900 0.859057
0.128931 0.859091
0.128952 0.859141
0.128993 0.859141
0.129003 0.859158
0.129023 0.859174
0.129034 0.859191
0.129054 0.859208
0.129064 0.859225
0.129075 0.859225
0.129136 0.859275
0.129167 0.859275
0.129187 0.859308
0.129198 0.859358
0.129208 0.859392
0.129228 0.859392
0.129290 0.859392
0.129331 0.859425
0.129362 0.859442
0.129403 0.859459
0.129403 0.859475
0.129444 0.859475
0.129474 0.859525
0.129485 0.859542
0.129505 0.859542
0.129546 0.859542
0.129557 0.859542
0.129577 0.859559
0.129608 0.859576
0.129639 0.859576
0.129669 0.859592
0.129690 0.859609
0.129721 0.859626
0.129731 0.859626
0.129762 0.859659
0.129792 0.859709
0.129803 0.859743
0.129833 0.859793
0.129844 0.859793
0.129854 0.859809
0.129885 0.859860
0.129936 0.859860
0.129956 0.859893
0.129967 0.859926
0.129987 0.859960
0.130079 0.859993
0.130090 0.859993
0.130100 0.860010
0.130100 0.860043
0.130110 0.860060
0.130151 0.860060
0.130203 0.860094
0.130213 0.860110
0.130213 0.860144
0.130233 0.860160
0.130244 0.860160
0.130285 0.860160
0.130305 0.860177
0.130326 0.860211
0.130336 0.860244
0.130356 0.860261
0.130397 0.860277
0.130397 0.860311
0.130397 0.860361
0.130438 0.860378
0.130459 0.860394
0.130510 0.860445
0.130520 0.860495
0.130551 0.860528
0.130582 0.860528
0.130602 0.860545
0.130613 0.860561
0.130633 0.860561
0.130664 0.860595
0.130684 0.860595
0.130705 0.860628
0.130736 0.860662
0.130777 0.860678
0.130797 0.860678
0.130849 0.860695
0.130859 0.860745
0.130879 0.860762
0.130890 0.860762
0.130931 0.860812
0.130951 0.860862
0.130972 0.860879
0.131013 0.860929
0.131023 0.860979
0.131033 0.860979
0.131115 0.861046
0.131136 0.861046
0.131146 0.861063
0.131187 0.861096
0.131238 0.861113
0.131248 0.861130
0.131289 0.861197
0.131320 0.861213
0.131341 0.861213
0.131361 0.861230
0.131371 0.861230
0.131392 0.861247
0.131402 0.861297
0.131433 0.861330
0.131464 0.861430
0.131494 0.861481
0.131515 0.861481
0.131536 0.861531
0.131566 0.861531
0.131597 0.861581
0.131618 0.861598
0.131618 0.861614
0.131679 0.861631
0.131730 0.861648
0.131761 0.861698
0.131792 0.861715
0.131812 0.861731
0.131853 0.861765
0.131874 0.861798
0.131894 0.861815
0.131915 0.861815
0.131915 0.861848
0.131966 0.861848
0.131966 0.861915
0.131966 0.861932
0.131976 0.861949
0.131997 0.861999
0.132048 0.862015
0.132110 0.862015
0.132110 0.862032
0.132130 0.862049
0.132161 0.862099
0.132192 0.862116
0.132223 0.862116
0.132253 0.862132
0.132253 0.862149
0.132294 0.862149
0.132294 0.862166
0.132356 0.862216
0.132397 0.862216
0.132407 0.862216
0.132458 0.862216
0.132469 0.862233
0.132479 0.862299
0.132489 0.862350
0.132489 0.862383
0.132520 0.862400
0.132540 0.862416
0.132551 0.862433
0.132561 0.862467
0.132571 0.862517
0.132592 0.862517
0.132622 0.862567
0.132653 0.862600
0.132663 0.862600
0.132684 0.862600
0.132704 0.862650
0.132735 0.862650
0.132756 0.862650
0.132766 0.862667
0.132786 0.862717
0.132807 0.862734
0.132827 0.862734
0.132838 0.862784
0.132879 0.862818
0.132899 0.862884
0.132899 0.862901
0.132910 0.862901
0.132940 0.862934
0.132971 0.862951
0.132981 0.862985
0.133012 0.863018
0.133043 0.863018
0.133043 0.863051
0.133053 0.863051
0.133053 0.863068
0.133074 0.863085
0.133074 0.863118
0.133074 0.863152
0.133074 0.863168
0.133094 0.863168
0.133115 0.863219
0.133125 0.863235
0.133145 0.863269
0.133186 0.863302
0.133197 0.863302
0.133207 0.863319
0.133207 0.863352
0.133227 0.863352
0.133238 0.863369
0.133268 0.863369
0.133279 0.863386
0.133299 0.863386
0.133320 0.863402
0.133361 0.863402
0.133402 0.863419
0.133453 0.863453
0.133463 0.863503
0.133473 0.863503
0.133494 0.863536
0.133525 0.863536
0.133545 0.863553
0.133566 0.863553
0.133576 0.863603
0.133607 0.863603
0.133638 0.863636
0.133668 0.863686
0.133699 0.863686
0.133699 0.863720
0.133730 0.863720
0.133750 0.863737
0.133761 0.863753
0.133781 0.863770
0.133812 0.863803
0.133812 0.863854
0.133832 0.863854
0.133843 0.863870
0.133843 0.863887
0.133843 0.863920
0.133853 0.863920
0.133894 0.863937
0.133955 0.863937
0.133976 0.863954
0.134017 0.863971
0.134048 0.863971
0.134089 0.864037
0.134109 0.864054
0.134119 0.864088
0.134119 0.864138
0.134130 0.864138
0.134150 0.864171
0.134191 0.864171
0.134232 0.864171
0.134263 0.864188
0.134325 0.864221
0.134355 0.864238
0.134376 0.864255
0.134417 0.864271
0.134458 0.864322
0.134468 0.864355
0.134509 0.864355
0.134540 0.864372
0.134571 0.864372
0.134622 0.864372
0.134642 0.864372
0.134663 0.864388
0.134694 0.864405
0.134714 0.864422
0.134735 0.864455
0.134796 0.864472
0.134817 0.864489
0.134837 0.864539
0.134847 0.864539
0.134858 0.864555
0.134888 0.864622
0.134888 0.864639
0.134899 0.864639
0.134909 0.864672
0.134960 0.864672
0.135012 0.864739
0.135032 0.864773
0.135073 0.864773
0.135094 0.864806
0.135094 0.864840
0.135124 0.864873
0.135176 0.864890
0.135186 0.864906
0.135206 0.864906
0.135247 0.864906
0.135258 0.864906
0.135288 0.864957
0.135319 0.864990
0.135329 0.865007
0.135360 0.865007
0.135370 0.865023
0.135391 0.865074
0.135432 0.865107
0.135452 0.865140
0.135493 0.865140
0.135514 0.865157
0.135514 0.865207
0.135545 0.865241
0.135606 0.865257
0.135637 0.865291
0.135678 0.865307
0.135688 0.865307
0.135729 0.865341
0.135750 0.865358
0.135770 0.865391
0.135781 0.865458
0.135791 0.865491
0.135801 0.865508
0.135822 0.865541
0.135863 0.865558
0.135914 0.865592
0.135955 0.865625
0.135996 0.865625
0.136016 0.865642
0.136027 0.865658
0.136047 0.865692
0.136068 0.865742
0.136119 0.865759
0.136129 0.865775
0.136129 0.865792
0.136139 0.865859
0.136170 0.865892
0.136191 0.865892
0.136191 0.865926
0.136232 0.865926
0.136252 0.865976
0.136262 0.865993
0.136283 0.865993
0.136304 0.866009
0.136324 0.866009
0.136345 0.866076
0.136345 0.866093
0.136355 0.866110
0.136396 0.866143
0.136406 0.866227
0.136416 0.866260
0.136427 0.866260
0.136427 0.866277
0.136457 0.866310
0.136478 0.866310
0.136560 0.866310
0.136570 0.866310
0.136621 0.866344
0.136632 0.866360
0.136642 0.866394
0.136714 0.866394
0.136744 0.866427
0.136785 0.866444
0.136826 0.866444
0.136847 0.866461
0.136888 0.866461
0.136898 0.866494
0.136960 0.866511
0.136980 0.866527
0.137021 0.866594
0.137042 0.866611
0.137083 0.866644
0.137093 0.866678
0.137114 0.866678
0.137124 0.866711
0.137144 0.866761
0.137175 0.866795
0.137226 0.866828
0.137267 0.866828
0.137288 0.866845
0.137298 0.866845
0.137308 0.866862
0.137329 0.866862
0.137349 0.866878
0.137370 0.866912
0.137431 0.866979
0.137442 0.866995
0.137472 0.867045
0.137483 0.867045
0.137503 0.867045
0.137513 0.867062
0.137534 0.867062
0.137554 0.867079
0.137565 0.867112
0.137667 0.867162
0.137729 0.867196
0.137749 0.867196
0.137760 0.867213
0.137842 0.867263
0.137893 0.867263
0.137893 0.867313
0.137934 0.867313
0.137934 0.867346
0.137944 0.867363
0.137985 0.867380
0.137985 0.867413
0.138016 0.867413
0.138047 0.867447
0.138098 0.867447
0.138118 0.867497
0.138139 0.867530
0.138180 0.867564
0.138211 0.867597
0.138231 0.867614
0.138252 0.867664
0.138282 0.867697
0.138303 0.867697
0.138313 0.867731
0.138334 0.867764
0.138354 0.867781
0.138395 0.867781
0.138416 0.867814
0.138426 0.867864
0.138457 0.867864
0.138488 0.867914
0.138488 0.867948
0.138518 0.867965
0.138529 0.867998
0.138559 0.868015
0.138580 0.868048
0.138580 0.868065
0.138600 0.868132
0.138641 0.868132
0.138662 0.868148
0.138682 0.868199
0.138723 0.868249
0.138734 0.868299
0.138764 0.868316
0.138805 0.868316
0.138846 0.868332
0.138877 0.868349
0.138898 0.868349
0.138928 0.868382
0.138939 0.868416
0.138949 0.868466
0.139011 0.868483
0.139021 0.868533
0.139072 0.868549
0.139082 0.868600
0.139113 0.868600
0.139113 0.868616
0.139134 0.868616
0.139154 0.868700
0.139185 0.868700
0.139236 0.868700
0.139277 0.868700
0.139308 0.868700
0.139308 0.868717
0.139328 0.868717
0.139380 0.868717
0.139421 0.868750
0.139441 0.868750
0.139462 0.868767
0.139523 0.868800
0.139595 0.868817
0.139626 0.868817
0.139626 0.868850
0.139656 0.868917
0.139667 0.868934
0.139698 0.868951
0.139718 0.868951
0.139759 0.868984
0.139831 0.869001
0.139851 0.869001
0.139882 0.869017
0.139913 0.869017
0.139954 0.869084
0.139985 0.869084
0.139995 0.869118
0.140026 0.869168
0.140036 0.869168
0.140046 0.869218
0.140056 0.869285
0.140067 0.869318
0.140077 0.869335
0.140087 0.869335
0.140097 0.869352
0.140108 0.869352
0.140159 0.869352
0.140169 0.869385
0.140210 0.869385
0.140220 0.869385
0.140231 0.869402
0.140231 0.869435
0.140282 0.869502
0.140323 0.869519
0.140374 0.869535
0.140415 0.869535
0.140426 0.869552
0.140446 0.869569
0.140508 0.869586
0.140518 0.869619
0.140538 0.869652
0.140549 0.869669
0.140559 0.869703
0.140559 0.869736
0.140590 0.869753
0.140610 0.869769
0.140610 0.869803
0.140631 0.869853
0.140682 0.869853
0.140702 0.869853
0.140784 0.869920
0.140795 0.869953
0.140795 0.869987
0.140856 0.870003
0.140866 0.870037
0.140887 0.870037
0.140928 0.870037
0.140959 0.870087
0.140969 0.870120
0.140969 0.870137
0.140989 0.870187
0.141010 0.870221
0.141010 0.870287
0.141031 0.870304
0.141082 0.870321
0.141082 0.870388
0.141082 0.870404
0.141113 0.870421
0.141154 0.870421
0.141184 0.870455
0.141215 0.870471
0.141236 0.870488
0.141266 0.870538
0.141307 0.870538
0.141318 0.870555
0.141359 0.870588
0.141369 0.870705
0.141410 0.870722
0.141441 0.870739
0.141512 0.870772
0.141543 0.870805
0.141564 0.870822
0.141564 0.870839
0.141584 0.870906
0.141605 0.870922
0.141615 0.870922
0.141635 0.870922
0.141697 0.870922
0.141738 0.870989
0.141779 0.870989
0.141820 0.871006
0.141820 0.871023
0.141841 0.871023
0.141851 0.871039
0.141892 0.871073
0.141902 0.871073
0.141912 0.871106
0.141943 0.871106
0.141953 0.871123
0.141994 0.871140
0.142005 0.871173
0.142035 0.871173
0.142076 0.871190
0.142107 0.871223
0.142117 0.871240
0.142138 0.871240
0.142189 0.871307
0.142210 0.871307
0.142271 0.871307
0.142333 0.871307
0.142384 0.871324
0.142394 0.871357
0.142405 0.871357
0.142415 0.871374
0.142435 0.871374
0.142456 0.871374
0.142476 0.871390
0.142487 0.871407
0.142548 0.871474
0.142558 0.871474
0.142599 0.871491
0.142651 0.871507
0.142681 0.871507
0.142702 0.871507
0.142712 0.871541
0.142712 0.871574
0.142774 0.871591
0.142774 0.871624
0.142794 0.871641
0.142835 0.871641
0.142835 0.871674
0.142845 0.871674
0.142866 0.871708
0.142876 0.871758
0.142897 0.871808
0.142897 0.871842
0.142927 0.871858
0.142927 0.871875
0.142938 0.871892
0.142948 0.871942
0.142989 0.871975
0.142999 0.872042
0.143030 0.872059
0.143050 0.872076
0.143061 0.872076
0.143092 0.872109
0.143102 0.872142
0.143122 0.872159
0.143133 0.872176
0.143143 0.872176
0.143174 0.872193
0.143215 0.872193
0.143225 0.872209
0.143235 0.872243
0.143256 0.872243
0.143256 0.872276
0.143266 0.872276
0.143297 0.872293
0.143338 0.872343
0.143379 0.872360
0.143430 0.872393
0.143440 0.872410
0.143450 0.872443
0.143491 0.872460
0.143502 0.872493
0.143522 0.872527
0.143553 0.872543
0.143573 0.872577
0.143584 0.872610
0.143635 0.872644
0.143666 0.872644
0.143738 0.872644
0.143779 0.872677
0.143789 0.872694
0.143809 0.872727
0.143809 0.872744
0.143840 0.872744
0.143902 0.872777
0.143922 0.872794
0.143963 0.872794
0.143984 0.872794
0.143994 0.872844
0.144004 0.872844
0.144014 0.872861
0.144045 0.872878
0.144076 0.872878
0.144096 0.872894
0.144127 0.872894
0.144148 0.872928
0.144189 0.872945
0.144230 0.872995
0.144281 0.872995
0.144322 0.873011
0.144363 0.873045
0.144394 0.873045
0.144404 0.873045
0.144425 0.873045
0.144425 0.873061
0.144445 0.873112
0.144455 0.873128
0.144486 0.873145
0.144537 0.873178
0.144558 0.873178
0.144599 0.873195
0.144630 0.873195
0.144650 0.873212
0.144660 0.873262
0.144671 0.873279
0.144691 0.873279
0.144742 0.873329
0.144753 0.873329
0.144804 0.873362
0.144804 0.873379
0.144804 0.873429
0.144814 0.873429
0.144814 0.873463
0.144824 0.873463
0.144845 0.873529
0.144865 0.873529
0.144876 0.873529
0.144917 0.873630
0.144968 0.873663
0.145019 0.873713
0.145029 0.873747
0.145050 0.873780
0.145070 0.873780
0.145091 0.873814
0.145112 0.873830
0.145153 0.873847
0.145194 0.873880
0.145214 0.873914
0.145255 0.873981
0.145286 0.873981
0.145347 0.873997
0.145368 0.873997
0.145368 0.874014
0.145368 0.874064
0.145388 0.874064
0.145419 0.874098
0.145429 0.874114
0.145450 0.874164
0.145470 0.874164
0.145491 0.874181
0.145532 0.874181
0.145583 0.874181
0.145604 0.874215
0.145645 0.874281
0.145655 0.874315
0.145686 0.874348
0.145696 0.874415
0.145706 0.874432
0.145716 0.874465
0.145716 0.874515
0.145778 0.874532
0.145809 0.874549
0.145829 0.874632
0.145860 0.874632
0.145860 0.874699
0.145870 0.874699
0.145901 0.874749
0.145932 0.874749
0.145973 0.874783
0.145993 0.874816
0.146014 0.874833
0.146014 0.874850
0.146055 0.874900
0.146065 0.874967
0.146065 0.874983
0.146096 0.875000
0.146137 0.875033
0.146147 0.875033
0.146188 0.875050
0.146198 0.875050
0.146219 0.875067
0.146229 0.875067
0.146270 0.875100
0.146291 0.875100
0.146321 0.875117
0.146362 0.875134
0.146383 0.875134
0.146383 0.875167
0.146383 0.875184
0.146403 0.875201
0.146403 0.875234
0.146434 0.875301
0.146455 0.875351
0.146496 0.875384
0.146557 0.875384
0.146598 0.875418
0.146609 0.875418
0.146629 0.875434
0.146650 0.875434
0.146670 0.875468
0.146670 0.875485
0.146680 0.875551
0.146721 0.875602
0.146742 0.875635
0.146752 0.875668
0.146783 0.875668
0.146803 0.875668
0.146814 0.875702
0.146855 0.875702
0.146926 0.875702
0.146967 0.875702
0.146998 0.875702
0.146998 0.875719
0.147019 0.875752
0.147029 0.875769
0.147049 0.875802
0.147060 0.875802
0.147090 0.875802
0.147111 0.875802
0.147162 0.875802
0.147234 0.875802
0.147255 0.875836
0.147265 0.875886
0.147296 0.875902
0.147306 0.875919
0.147347 0.875969
0.147347 0.875986
0.147378 0.875986
0.147419 0.876003
0.147429 0.876003
0.147449 0.876036
0.147470 0.876070
0.147511 0.876086
0.147542 0.876103
0.147552 0.876120
0.147593 0.876120
0.147603 0.876136
0.147624 0.876153
0.147624 0.876170
0.147706 0.876186
0.147747 0.876186
0.147747 0.876220
0.147767 0.876220
0.147798 0.876253
0.147819 0.876253
0.147860 0.876320
0.147890 0.876320
0.147931 0.876337
0.147931 0.876354
0.147962 0.876387
0.147993 0.876387
0.148034 0.876420
0.148054 0.876437
0.148065 0.876471
0.148095 0.876487
0.148126 0.876487
0.148147 0.876487
0.148167 0.876537
0.148198 0.876537
0.148229 0.876554
0.148249 0.876571
0.148270 0.876571
0.148290 0.876621
0.148311 0.876621
0.148331 0.876671
0.148362 0.876688
0.148393 0.876721
0.148434 0.876738
0.148495 0.876738
0.148516 0.876738
0.148516 0.876755
0.148526 0.876771
0.148526 0.876822
0.148557 0.876872
0.148588 0.876888
0.148618 0.876888
0.148639 0.876888
0.148659 0.876939
0.148680 0.876955
0.148711 0.876972
0.148762 0.876972
0.148793 0.876989
0.148844 0.877022
0.148864 0.877022
0.148875 0.877072
0.148885 0.877089
0.148916 0.877106
0.148946 0.877139
0.149008 0.877172
0.149039 0.877206
0.149080 0.877273
0.149100 0.877273
0.149121 0.877306
0.149141 0.877323
0.149151 0.877340
0.149182 0.877356
0.149223 0.877390
0.149285 0.877390
0.149295 0.877390
0.149316 0.877406
0.149316 0.877440
0.149336 0.877440
0.149336 0.877457
0.149377 0.877523
0.149418 0.877540
0.149439 0.877557
0.149490 0.877557
0.149490 0.877574
0.149500 0.877574
0.149521 0.877640
0.149541 0.877640
0.149582 0.877657
0.149613 0.877657
0.149623 0.877674
0.149644 0.877691
0.149644 0.877791
0.149654 0.877791
0.149664 0.877824
0.149695 0.877824
0.149705 0.877824
0.149715 0.877874
0.149797 0.877908
0.149808 0.877908
0.149839 0.877941
0.149880 0.877941
0.149900 0.877975
0.149962 0.877975
0.149962 0.877991
0.149982 0.878008
0.149992 0.878025
0.150013 0.878092
0.150054 0.878092
0.150085 0.878125
0.150095 0.878158
0.150115 0.878175
0.150146 0.878192
0.150167 0.878209
0.150208 0.878259
0.150259 0.878275
0.150300 0.878275
0.150320 0.878376
0.150351 0.878392
0.150382 0.878426
0.150402 0.878426
0.150433 0.878443
0.150464 0.878443
0.150495 0.878476
0.150526 0.878493
0.150546 0.878493
0.150546 0.878543
0.150567 0.878543
0.150628 0.878543
0.150649 0.878576
0.150669 0.878626
0.150731 0.878643
0.150761 0.878643
0.150761 0.878660
0.150782 0.878676
0.150823 0.878710
0.150864 0.878777
0.150915 0.878810
0.150925 0.878810
0.150936 0.878844
0.150977 0.878844
0.150987 0.878844
0.150987 0.878894
0.151007 0.878910
0.151018 0.878927
0.151069 0.878944
0.151100 0.878944
0.151141 0.878977
0.151141 0.879027
0.151141 0.879061
0.151171 0.879094
0.151182 0.879211
0.151264 0.879245
0.151295 0.879278
0.151325 0.879295
0.151325 0.879311
0.151346 0.879345
0.151397 0.879362
0.151418 0.879395
0.151438 0.879428
0.151469 0.879445
0.151500 0.879445
0.151510 0.879462
0.151541 0.879495
0.151571 0.879512
0.151582 0.879529
0.151612 0.879545
0.151653 0.879562
0.151674 0.879579
0.151694 0.879579
0.151735 0.879579
0.151735 0.879679
0.151776 0.879713
0.151776 0.879729
0.151797 0.879746
0.151807 0.879779
0.151817 0.879796
0.151848 0.879813
0.151858 0.879813
0.151858 0.879880
0.151858 0.879896
0.151869 0.879896
0.151900 0.879896
0.151951 0.879896
0.151992 0.879930
0.152064 0.879963
0.152064 0.879997
0.152064 0.880047
0.152074 0.880047
0.152135 0.880080
0.152156 0.880080
0.152176 0.880114
0.152207 0.880164
0.152228 0.880164
0.152258 0.880180
0.152279 0.880197
0.152340 0.880214
0.152402 0.880247
0.152412 0.880264
0.152412 0.880314
0.152474 0.880314
0.152484 0.880331
0.152504 0.880348
0.152525 0.880381
0.152546 0.880381
0.152607 0.880414
0.152669 0.880431
0.152689 0.880431
0.152751 0.880431
0.152792 0.880465
0.152802 0.880481
0.152843 0.880531
0.152853 0.880531
0.152935 0.880565
0.152966 0.880598
0.152997 0.880648
0.153027 0.880682
0.153109 0.880699
0.153130 0.880765
0.153181 0.880765
0.153202 0.880765
0.153202 0.880782
0.153243 0.880782
0.153243 0.880799
0.153284 0.880816
0.153315 0.880832
0.153345 0.880882
0.153386 0.880882
0.153407 0.880916
0.153427 0.880916
0.153438 0.880949
0.153438 0.880999
0.153468 0.880999
0.153509 0.881016
0.153571 0.881100
0.153602 0.881150
0.153632 0.881183
0.153653 0.881183
0.153714 0.881217
0.153735 0.881217
0.153745 0.881233
0.153766 0.881233
0.153786 0.881283
0.153827 0.881350
0.153858 0.881367
0.153868 0.881384
0.153909 0.881451
0.153920 0.881484
0.153940 0.881517
0.153950 0.881517
0.153971 0.881568
0.154022 0.881584
0.154063 0.881584
0.154073 0.881651
0.154135 0.881718
0.154145 0.881751
0.154155 0.881768
0.154207 0.881785
0.154237 0.881785
0.154248 0.881801
0.154330 0.881801
0.154350 0.881801
0.154350 0.881818
0.154371 0.881885
0.154381 0.881902
0.154453 0.881902
0.154494 0.881902
0.154524 0.881918
0.154555 0.881918
0.154576 0.881918
0.154658 0.881952
0.154699 0.882002
0.154699 0.882019
0.154719 0.882035
0.154771 0.882035
0.154791 0.882086
0.154873 0.882102
0.154904 0.882152
0.154914 0.882186
0.154955 0.882236
0.155017 0.882253
0.155047 0.882253
0.155099 0.882269
0.155129 0.882269
0.155150 0.882286
0.155150 0.882303
0.155150 0.882353
0.155191 0.882353
0.155191 0.882420
0.155201 0.882420
0.155222 0.882453
0.155252 0.882503
0.155283 0.882503
0.155304 0.882520
0.155335 0.882537
0.155355 0.882553
0.155376 0.882553
0.155406 0.882570
0.155437 0.882570
0.155458 0.882604
0.155458 0.882654
0.155468 0.882670
0.155468 0.882704
0.155499 0.882737
0.155519 0.882737
0.155529 0.882787
0.155560 0.882804
0.155601 0.882838
0.155611 0.882854
0.155673 0.882871
0.155714 0.882938
0.155745 0.882938
0.155786 0.882938
0.155847 0.882938
0.155888 0.882938
0.155888 0.882955
0.155898 0.882971
0.155940 0.883005
0.155970 0.883055
0.155991 0.883072
0.156001 0.883105
0.156011 0.883105
0.156032 0.883122
0.156073 0.883138
0.156073 0.883155
0.156083 0.883189
0.156083 0.883205
0.156134 0.883222
0.156145 0.883255
0.156186 0.883255
0.156206 0.883255
0.156257 0.883272
0.156319 0.883305
0.156350 0.883305
0.156360 0.883305
0.156370 0.883322
0.156411 0.883322
0.156442 0.883372
0.156462 0.883372
0.156493 0.883389
0.156534 0.883406
0.156565 0.883439
0.156585 0.883439
0.156627 0.883439
0.156647 0.883473
0.156678 0.883489
0.156698 0.883489
0.156729 0.883523
0.156750 0.883523
0.156750 0.883556
0.156770 0.883573
0.156801 0.883590
0.156821 0.883590
0.156842 0.883606
0.156883 0.883623
0.156903 0.883656
0.156924 0.883656
0.156944 0.883673
0.156975 0.883690
0.157006 0.883690
0.157006 0.883707
0.157016 0.883723
0.157037 0.883773
0.157047 0.883773
0.157047 0.883807
0.157098 0.883857
0.157129 0.883857
0.157170 0.883857
0.157180 0.883874
0.157180 0.883941
0.157190 0.883957
0.157242 0.883974
0.157262 0.883974
0.157293 0.883974
0.157314 0.884007
0.157344 0.884024
0.157375 0.884024
0.157385 0.884041
0.157406 0.884091
0.157416 0.884091
0.157437 0.884124
0.157478 0.884158
0.157508 0.884258
0.157519 0.884258
0.157549 0.884258
0.157560 0.884325
0.157621 0.884342
0.157662 0.884375
0.157672 0.884408
0.157693 0.884408
0.157724 0.884408
0.157765 0.884442
0.157795 0.884459
0.157826 0.884492
0.157888 0.884525
0.157898 0.884559
0.157918 0.884576
0.157959 0.884609
0.158001 0.884609
0.158052 0.884626
0.158052 0.884659
0.158062 0.884659
0.158083 0.884693
0.158093 0.884709
0.158113 0.884726
0.158134 0.884726
0.158165 0.884776
0.158226 0.884809
0.158257 0.884876
0.158267 0.884876
0.158308 0.884876
0.158318 0.884876
0.158339 0.884910
0.158370 0.884910
0.158411 0.884960
0.158441 0.884977
0.158441 0.885027
0.158462 0.885027
0.158472 0.885027
0.158513 0.885060
0.158534 0.885077
0.158605 0.885077
0.158636 0.885077
0.158688 0.885077
0.158698 0.885110
0.158718 0.885127
0.158729 0.885160
0.158770 0.885177
0.158800 0.885194
0.158831 0.885227
0.158872 0.885227
0.158882 0.885227
0.158903 0.885244
0.158913 0.885244
0.158913 0.885261
0.158923 0.885277
0.158954 0.885294
0.158964 0.885294
0.159005 0.885294
0.159016 0.885311
0.159057 0.885344
0.159087 0.885344
0.159098 0.885344
0.159159 0.885344
0.159200 0.885344
0.159272 0.885378
0.159323 0.885378
0.159364 0.885411
0.159395 0.885411
0.159405 0.885411
0.159467 0.885445
0.159467 0.885511
0.159477 0.885578
0.159508 0.885595
0.159518 0.885612
0.159549 0.885612
0.159590 0.885628
0.159610 0.885645
0.159621 0.885645
0.159641 0.885645
0.159692 0.885662
0.159723 0.885695
0.159733 0.885695
0.159754 0.885729
0.159754 0.885779
0.159764 0.885846
0.159805 0.885862
0.159856 0.885896
0.159908 0.885912
0.159938 0.885912
0.159979 0.885946
0.160010 0.885946
0.160041 0.885996
0.160082 0.885996
0.160103 0.885996
0.160154 0.885996
0.160174 0.886029
0.160174 0.886046
0.160205 0.886080
0.160215 0.886080
0.160246 0.886096
0.160246 0.886113
0.160277 0.886146
0.160318 0.886163
0.160328 0.886163
0.160369 0.886163
0.160431 0.886163
0.160482 0.886163
0.160492 0.886163
0.160502 0.886180
0.160533 0.886180
0.160543 0.886180
0.160595 0.886230
0.160625 0.886230
0.160677 0.886230
0.160687 0.886230
0.160738 0.886247
0.160769 0.886263
0.160790 0.886280
0.160831 0.886280
0.160841 0.886314
0.160851 0.886314
0.160872 0.886330
0.160892 0.886330
0.160923 0.886364
0.160923 0.886397
0.160923 0.886414
0.160943 0.886414
0.160954 0.886414
0.160974 0.886447
0.161097 0.886447
0.161107 0.886497
0.161148 0.886547
0.161159 0.886564
0.161210 0.886581
0.161230 0.886598
0.161261 0.886631
0.161312 0.886631
0.161343 0.886648
0.161353 0.886681
0.161374 0.886715
0.161425 0.886748
0.161446 0.886765
0.161477 0.886781
0.161507 0.886832
0.161518 0.886865
0.161538 0.886882
0.161548 0.886882
0.161559 0.886898
0.161579 0.886949
0.161600 0.886949
0.161610 0.886965
0.161630 0.887015
0.161661 0.887049
0.161682 0.887049
0.161723 0.887049
0.161743 0.887099
0.161743 0.887132
0.161753 0.887166
0.161815 0.887182
0.161835 0.887199
0.161846 0.887199
0.161876 0.887216
0.161897 0.887216
0.161948 0.887233
0.161979 0.887283
0.161999 0.887299
0.162010 0.887333
0.162030 0.887333
0.162102 0.887366
0.162112 0.887383
0.162143 0.887383
0.162194 0.887433
0.162256 0.887433
0.162287 0.887433
0.162297 0.887433
0.162338 0.887483
0.162358 0.887500
0.162379 0.887567
0.162410 0.887567
0.162430 0.887584
0.162481 0.887584
0.162502 0.887617
0.162533 0.887634
0.162574 0.887634
0.162574 0.887667
0.162584 0.887684
0.162615 0.887684
0.162625 0.887701
0.162666 0.887701
0.162728 0.887701
0.162779 0.887701
0.162861 0.887717
0.162871 0.887717
0.162922 0.887751
0.162953 0.887751
0.162974 0.887751
0.163015 0.887751
0.163025 0.887751
0.163045 0.887751
0.163045 0.887767
0.163066 0.887767
0.163076 0.887767
0.163117 0.887784
0.163138 0.887868
0.163138 0.887918
0.163158 0.887934
0.163158 0.887951
0.163199 0.887951
0.163230 0.888001
0.163271 0.888018
0.163322 0.888018
0.163363 0.888035
0.163363 0.888051
0.163404 0.888068
0.163466 0.888068
0.163476 0.888068
0.163527 0.888085
0.163538 0.888085
0.163568 0.888085
0.163579 0.888085
0.163589 0.888102
0.163589 0.888135
0.163609 0.888152
0.163620 0.888152
0.163650 0.888235
0.163691 0.888269
0.163722 0.888285
0.163753 0.888285
0.163804 0.888285
0.163835 0.888302
0.163876 0.888319
0.163886 0.888319
0.163917 0.888336
0.163937 0.888352
0.163978 0.888369
0.163999 0.888386
0.164030 0.888402
0.164030 0.888436
0.164091 0.888453
0.164122 0.888453
0.164184 0.888519
0.164194 0.888536
0.164235 0.888536
0.164266 0.888570
0.164296 0.888586
0.164317 0.888586
0.164348 0.888603
0.164358 0.888603
0.164378 0.888636
0.164389 0.888670
0.164389 0.888686
0.164399 0.888686
0.164419 0.888720
0.164471 0.888737
0.164501 0.888820
0.164563 0.888837
0.164594 0.888870
0.164604 0.888904
0.164645 0.888904
0.164676 0.888904
0.164686 0.888904
0.164686 0.888920
0.164706 0.888937
0.164727 0.888937
0.164768 0.889037
0.164789 0.889054
0.164819 0.889071
0.164860 0.889138
0.164942 0.889138
0.164973 0.889154
0.165004 0.889154
0.165035 0.889188
0.165086 0.889205
0.165127 0.889205
0.165127 0.889221
0.165147 0.889255
0.165168 0.889305
0.165188 0.889338
0.165209 0.889388
0.165229 0.889388
0.165260 0.889422
0.165291 0.889439
0.165332 0.889439
0.165393 0.889455
0.165435 0.889455
0.165435 0.889489
0.165465 0.889489
0.165506 0.889555
0.165517 0.889572
0.165537 0.889572
0.165568 0.889589
0.165568 0.889606
0.165578 0.889622
0.165619 0.889639
0.165640 0.889656
0.165660 0.889656
0.165701 0.889706
0.165722 0.889756
0.165773 0.889756
0.165773 0.889773
0.165804 0.889806
0.165845 0.889840
0.165845 0.889856
0.165865 0.889856
0.165865 0.889906
0.165875 0.889906
0.165896 0.889940
0.165906 0.889940
0.165937 0.890007
0.165988 0.890007
0.166009 0.890007
0.166050 0.890023
0.166070 0.890057
0.166111 0.890074
0.166152 0.890074
0.166173 0.890090
0.166183 0.890124
0.166204 0.890124
0.166245 0.890174
0.166275 0.890207
0.166275 0.890224
0.166286 0.890241
0.166306 0.890241
0.166327 0.890274
0.166337 0.890291
0.166347 0.890291
0.166368 0.890307
0.166378 0.890358
0.166398 0.890358
0.166409 0.890374
0.166450 0.890408
0.166480 0.890441
0.166532 0.890458
0.166542 0.890475
0.166624 0.890491
0.166634 0.890508
0.166644 0.890508
0.166675 0.890508
0.166685 0.890508
0.166716 0.890525
0.166747 0.890525
0.166757 0.890558
0.166778 0.890575
0.166809 0.890592
0.166829 0.890642
0.166850 0.890642
0.166891 0.890642
0.166891 0.890675
0.166901 0.890675
0.166942 0.890692
0.166952 0.890759
0.166962 0.890759
0.167085 0.890859
0.167106 0.890892
0.167167 0.890926
0.167178 0.890976
0.167208 0.890976
0.167219 0.891009
0.167249 0.891009
0.167372 0.891110
0.167403 0.891110
0.167444 0.891126
0.167454 0.891143
0.167475 0.891143
0.167485 0.891143
0.167537 0.891143
0.167557 0.891143
0.167578 0.891160
0.167588 0.891176
0.167588 0.891243
0.167639 0.891277
0.167731 0.891310
0.167752 0.891344
0.167783 0.891344
0.167803 0.891344
0.167813 0.891360
0.167875 0.891377
0.167885 0.891377
0.167895 0.891394
0.167895 0.891427
0.167926 0.891444
0.167977 0.891461
0.168008 0.891461
0.168008 0.891494
0.168039 0.891544
0.168059 0.891594
0.168080 0.891611
0.168111 0.891644
0.168121 0.891678
0.168121 0.891695
0.168152 0.891695
0.168162 0.891711
0.168193 0.891728
0.168224 0.891728
0.168224 0.891745
0.168234 0.891761
0.168234 0.891778
0.168254 0.891795
0.168285 0.891811
0.168285 0.891862
0.168295 0.891862
0.168316 0.891862
0.168336 0.891878
0.168367 0.891979
0.168367 0.891995
0.168377 0.892029
0.168398 0.892029
0.168439 0.892062
0.168480 0.892096
0.168511 0.892146
0.168511 0.892162
0.168582 0.892162
0.168613 0.892162
0.168623 0.892179
0.168664 0.892196
0.168695 0.892213
0.168716 0.892229
0.168726 0.892246
0.168736 0.892246
0.168746 0.892263
0.168757 0.892263
0.168818 0.892263
0.168818 0.892279
0.168880 0.892279
0.168900 0.892279
0.168952 0.892296
0.169003 0.892296
0.169044 0.892296
0.169064 0.892363
0.169075 0.892380
0.169095 0.892396
0.169136 0.892413
0.169136 0.892430
0.169157 0.892430
0.169167 0.892430
0.169187 0.892463
0.169228 0.892480
0.169259 0.892497
0.169321 0.892497
0.169341 0.892497
0.169351 0.892497
0.169403 0.892497
0.169413 0.892530
0.169433 0.892564
0.169474 0.892580
0.169526 0.892614
0.169536 0.892630
0.169567 0.892680
0.169567 0.892697
0.169577 0.892697
0.169618 0.892697
0.169649 0.892697
0.169659 0.892714
0.169659 0.892764
0.169721 0.892764
0.169741 0.892764
0.169751 0.892814
0.169762 0.892831
0.169813 0.892848
0.169854 0.892881
0.169885 0.892881
0.169895 0.892914
0.169926 0.892931
0.169936 0.893015
0.169977 0.893031
0.169987 0.893031
0.170018 0.893048
0.170079 0.893082
0.170090 0.893098
0.170110 0.893098
0.170161 0.893165
0.170192 0.893182
0.170233 0.893199
0.170326 0.893215
0.170346 0.893299
0.170377 0.893316
0.170397 0.893316
0.170408 0.893332
0.170428 0.893349
0.170469 0.893382
0.170500 0.893382
0.170520 0.893432
0.170520 0.893449
0.170541 0.893483
0.170561 0.893483
0.170643 0.893499
0.170654 0.893499
0.170695 0.893533
0.170725 0.893533
0.170736 0.893566
0.170736 0.893600
0.170756 0.893600
0.170787 0.893600
0.170828 0.893600
0.170838 0.893616
0.170879 0.893616
0.170890 0.893616
0.170920 0.893633
0.170941 0.893633
0.170951 0.893666
0.170982 0.893666
0.171002 0.893666
0.171074 0.893666
0.171115 0.893683
0.171125 0.893683
0.171125 0.893717
0.171146 0.893767
0.171156 0.893767
0.171177 0.893783
0.171207 0.893817
0.171248 0.893817
0.171259 0.893817
0.171279 0.893834
0.171300 0.893834
0.171310 0.893850
0.171351 0.893850
0.171382 0.893884
0.171402 0.893884
0.171412 0.893900
0.171464 0.893900
0.171494 0.893934
0.171515 0.893984
0.171566 0.893984
0.171566 0.894017
0.171607 0.894017
0.171638 0.894017
0.171679 0.894034
0.171700 0.894068
0.171802 0.894101
0.171843 0.894134
0.171874 0.894134
0.171915 0.894134
0.171946 0.894134
0.171987 0.894168
0.172017 0.894184
0.172017 0.894235
0.172028 0.894235
0.172069 0.894268
0.172069 0.894318
0.172089 0.894335
0.172099 0.894335
0.172120 0.894335
0.172192 0.894385
0.172202 0.894402
0.172233 0.894418
0.172274 0.894418
0.172284 0.894435
0.172305 0.894435
0.172305 0.894452
0.172315 0.894469
0.172325 0.894535
0.172346 0.894535
0.172356 0.894535
0.172387 0.894552
0.172407 0.894569
0.172448 0.894569
0.172489 0.894569
0.172551 0.894569
0.172571 0.894586
0.172581 0.894586
0.172612 0.894586
0.172633 0.894602
0.172643 0.894602
0.172674 0.894619
0.172715 0.894619
0.172735 0.894619
0.172756 0.894686
0.172756 0.894703
0.172817 0.894736
0.172838 0.894736
0.172879 0.894769
0.172910 0.894786
0.172951 0.894786
0.173012 0.894820
0.173033 0.894820
0.173043 0.894870
0.173074 0.894870
0.173084 0.894870
0.173104 0.894870
0.173135 0.894886
0.173156 0.894886
0.173176 0.894903
0.173197 0.894936
0.173207 0.894953
0.173258 0.894953
0.173279 0.894970
0.173371 0.894970
0.173391 0.895020
0.173402 0.895037
0.173402 0.895053
0.173453 0.895070
0.173484 0.895070
0.173494 0.895087
0.173555 0.895104
0.173576 0.895120
0.173586 0.895154
0.173586 0.895204
0.173607 0.895204
0.173617 0.895204
0.173638 0.895204
0.173668 0.895204
0.173679 0.895237
0.173689 0.895254
0.173750 0.895287
0.173771 0.895338
0.173822 0.895338
0.173853 0.895338
0.173904 0.895338
0.173914 0.895354
0.173966 0.895354
0.174007 0.895388
0.174027 0.895421
0.174068 0.895521
0.174089 0.895538
0.174099 0.895572
0.174130 0.895588
0.174171 0.895622
0.174212 0.895672
0.174212 0.895705
0.174232 0.895722
0.174253 0.895722
0.174273 0.895739
0.174284 0.895739
0.174304 0.895739
0.174335 0.895772
0.174355 0.895772
0.174376 0.895805
0.174407 0.895822
0.174427 0.895872
0.174458 0.895889
0.174468 0.895906
0.174499 0.895922
0.174519 0.895922
0.174550 0.895973
0.174571 0.895973
0.174601 0.895973
0.174642 0.895989
0.174642 0.896006
0.174663 0.896006
0.174683 0.896023
0.174745 0.896023
0.174817 0.896023
0.174858 0.896056
0.174878 0.896073
0.174909 0.896106
0.174940 0.896123
0.174960 0.896140
0.174991 0.896156
0.175032 0.896173
0.175073 0.896173
0.175104 0.896173
0.175186 0.896173
0.175206 0.896207
0.175237 0.896223
0.175268 0.896257
0.175319 0.896273
0.175329 0.896307
0.175340 0.896324
0.175370 0.896340
0.175370 0.896407
0.175381 0.896424
0.175422 0.896424
0.175432 0.896457
0.175473 0.896507
0.175524 0.896557
0.175545 0.896624
0.175545 0.896641
0.175575 0.896658
0.175596 0.896658
0.175627 0.896674
0.175647 0.896674
0.175688 0.896691
0.175709 0.896741
0.175719 0.896758
0.175750 0.896775
0.175801 0.896775
0.175811 0.896775
0.175832 0.896791
0.175873 0.896842
0.175924 0.896842
0.175965 0.896842
0.175996 0.896842
0.176037 0.896842
0.176068 0.896842
0.176109 0.896875
0.176109 0.896892
0.176160 0.896908
0.176211 0.896908
0.176232 0.896908
0.176293 0.896925
0.176345 0.896942
0.176386 0.896942
0.176396 0.896959
0.176416 0.896992
0.176457 0.896992
0.176488 0.896992
0.176488 0.897059
0.176498 0.897076
0.176498 0.897092
0.176529 0.897092
0.176539 0.897142
0.176570 0.897142
0.176611 0.897142
0.176642 0.897193
0.176652 0.897193
0.176662 0.897243
0.176703 0.897276
0.176734 0.897293
0.176775 0.897343
0.176806 0.897343
0.176816 0.897360
0.176826 0.897410
0.176888 0.897410
0.176939 0.897443
0.176939 0.897460
0.177021 0.897477
0.177042 0.897493
0.177052 0.897510
0.177083 0.897527
0.177114 0.897527
0.177114 0.897560
0.177165 0.897560
0.177175 0.897594
0.177175 0.897644
0.177206 0.897677
0.177216 0.897727
0.177226 0.897727
0.177226 0.897744
0.177257 0.897761
0.177298 0.897761
0.177329 0.897761
0.177339 0.897761
0.177349 0.897811
0.177360 0.897828
0.177380 0.897894
0.177431 0.897894
0.177452 0.897945
0.177483 0.897961
0.177503 0.897995
0.177534 0.898011
0.177575 0.898045
0.177616 0.898045
0.177657 0.898078
0.177657 0.898095
0.177698 0.898095
0.177770 0.898128
0.177821 0.898162
0.177842 0.898162
0.177872 0.898195
0.177903 0.898195
0.177903 0.898229
0.177934 0.898245
0.177944 0.898312
0.178016 0.898312
0.178077 0.898312
0.178108 0.898346
0.178139 0.898362
0.178211 0.898396
0.178241 0.898412
0.178241 0.898429
0.178282 0.898429
0.178303 0.898463
0.178344 0.898496
0.178354 0.898496
0.178375 0.898546
0.178395 0.898546
0.178406 0.898563
0.178447 0.898563
0.178467 0.898596
0.178498 0.898630
0.178529 0.898713
0.178559 0.898730
0.178621 0.898780
0.178652 0.898830
0.178672 0.898864
0.178703 0.898880
0.178764 0.898880
0.178775 0.898914
0.178775 0.898964
0.178775 0.898981
0.178826 0.898997
0.178836 0.899014
0.178857 0.899031
0.178887 0.899064
0.178949 0.899064
0.178959 0.899098
0.178980 0.899131
0.179000 0.899131
0.179031 0.899148
0.179082 0.899198
0.179113 0.899231
0.179164 0.899248
0.179175 0.899265
0.179205 0.899265
0.179216 0.899281
0.179226 0.899281
0.179236 0.899315
0.179277 0.899315
0.179328 0.899332
0.179349 0.899348
0.179359 0.899348
0.179390 0.899348
0.179421 0.899365
0.179431 0.899365
0.179441 0.899382
0.179472 0.899398
0.179523 0.899415
0.179554 0.899432
0.179595 0.899432
0.179636 0.899449
0.179646 0.899465
0.179646 0.899482
0.179656 0.899515
0.179677 0.899515
0.179687 0.899515
0.179708 0.899515
0.179728 0.899532
0.179780 0.899549
0.179821 0.899549
0.179862 0.899566
0.179882 0.899599
0.179913 0.899599
0.179923 0.899599
0.179944 0.899616
0.179985 0.899616
0.180015 0.899649
0.180056 0.899649
0.180067 0.899666
0.180118 0.899682
0.180159 0.899699
0.180169 0.899716
0.180200 0.899716
0.180231 0.899733
0.180251 0.899733
0.180302 0.899749
0.180323 0.899766
0.180344 0.899766
0.180385 0.899833
0.180405 0.899850
0.180436 0.899866
0.180477 0.899866
0.180497 0.899866
0.180508 0.899900
0.180579 0.899933
0.180600 0.899933
0.180631 0.899950
0.180661 0.899983
0.180723 0.899983
0.180764 0.899983
0.180795 0.900017
0.180815 0.900033
0.180846 0.900033
0.180897 0.900050
0.180948 0.900084
0.180979 0.900084
0.180989 0.900117
0.181000 0.900134
0.181031 0.900134
0.181072 0.900150
0.181092 0.900167
0.181133 0.900167
0.181164 0.900201
0.181236 0.900217
0.181266 0.900251
0.181297 0.900301
0.181389 0.900401
0.181451 0.900434
0.181533 0.900434
0.181564 0.900468
0.181584 0.900501
0.181635 0.900518
0.181646 0.900535
0.181666 0.900551
0.181697 0.900551
0.181738 0.900551
0.181759 0.900585
0.181789 0.900618
0.181810 0.900685
0.181820 0.900702
0.181841 0.900702
0.181861 0.900719
0.181861 0.900735
0.181882 0.900769
0.181902 0.900769
0.181902 0.900785
0.181923 0.900785
0.181953 0.900836
0.182005 0.900836
0.182035 0.900836
0.182056 0.900852
0.182087 0.900852
0.182138 0.900869
0.182169 0.900886
0.182189 0.900919
0.182220 0.900919
0.182281 0.900919
0.182312 0.900969
0.182363 0.901003
0.182394 0.901003
0.182415 0.901070
0.182415 0.901086
0.182446 0.901120
0.182507 0.901120
0.182517 0.901120
0.182548 0.901120
0.182589 0.901120
0.182630 0.901136
0.182651 0.901153
0.182712 0.901170
0.182722 0.901186
0.182774 0.901203
0.182794 0.901220
0.182815 0.901253
0.182825 0.901303
0.182845 0.901320
0.182876 0.901337
0.182886 0.901370
0.182907 0.901387
0.182917 0.901404
0.182927 0.901437
0.182927 0.901454
0.182938 0.901504
0.182948 0.901537
0.182979 0.901588
0.182989 0.901621
0.183020 0.901621
0.183050 0.901638
0.183102 0.901654
0.183133 0.901705
0.183174 0.901721
0.183194 0.901738
0.183194 0.901755
0.183235 0.901788
0.183266 0.901788
0.183307 0.901788
0.183327 0.901822
0.183358 0.901872
0.183368 0.901922
0.183368 0.901939
0.183409 0.901955
0.183430 0.901955
0.183450 0.901955
0.183450 0.901972
0.183481 0.901972
0.183481 0.901989
0.183491 0.902022
0.183512 0.902039
0.183522 0.902055
0.183553 0.902072
0.183594 0.902089
0.183625 0.902089
0.183696 0.902089
0.183727 0.902122
0.183748 0.902156
0.183779 0.902156
0.183789 0.902172
0.183789 0.902206
0.183799 0.902223
0.183830 0.902223
0.183850 0.902239
0.183881 0.902256
0.183912 0.902256
0.183932 0.902289
0.184004 0.902306
0.184004 0.902340
0.184025 0.902340
0.184055 0.902373
0.184086 0.902373
0.184127 0.902390
0.184148 0.902406
0.184168 0.902406
0.184189 0.902423
0.184199 0.902440
0.184219 0.902473
0.184240 0.902490
0.184271 0.902540
0.184301 0.902557
0.184322 0.902557
0.184373 0.902574
0.184404 0.902574
0.184445 0.902590
0.184466 0.902607
0.184517 0.902657
0.184599 0.902691
0.184609 0.902691
0.184640 0.902691
0.184660 0.902691
0.184671 0.902707
0.184691 0.902707
0.184742 0.902707
0.184773 0.902707
0.184773 0.902724
0.184783 0.902724
0.184794 0.902741
0.184835 0.902741
0.184876 0.902757
0.184886 0.902858
0.184937 0.902858
0.184947 0.902891
0.184947 0.902924
0.184968 0.902941
0.184978 0.902958
0.184999 0.902975
0.185029 0.902975
0.185050 0.902975
0.185060 0.903008
0.185091 0.903008
0.185091 0.903058
0.185112 0.903058
0.185163 0.903058
0.185194 0.903058
0.185235 0.903075
0.185265 0.903075
0.185306 0.903092
0.185327 0.903092
0.185388 0.903092
0.185399 0.903092
0.185419 0.903092
0.185450 0.903092
0.185511 0.903108
0.185552 0.903108
0.185573 0.903142
0.185614 0.903142
0.185645 0.903142
0.185686 0.903175
0.185747 0.903175
0.185778 0.903175
0.185809 0.903192
0.185860 0.903192
0.185911 0.903275
0.185963 0.903275
0.185973 0.903292
0.185993 0.903309
0.186024 0.903359
0.186034 0.903359
0.186075 0.903359
0.186116 0.903376
0.186127 0.903392
0.186137 0.903426
0.186178 0.903476
0.186198 0.903476
0.186219 0.903476
0.186239 0.903493
0.186239 0.903509
0.186250 0.903509
0.186311 0.903509
0.186342 0.903543
0.186352 0.903593
0.186352 0.903626
0.186383 0.903626
0.186403 0.903643
0.186414 0.903676
0.186424 0.903676
0.186424 0.903710
0.186465 0.903743
0.186486 0.903743
0.186527 0.903760
0.186557 0.903777
0.186557 0.903827
0.186588 0.903827
0.186609 0.903844
0.186609 0.903877
0.186619 0.903894
0.186660 0.903927
0.186670 0.903927
0.186721 0.903927
0.186752 0.903961
0.186752 0.903994
0.186762 0.904011
0.186793 0.904011
0.186855 0.904061
0.186875 0.904061
0.186937 0.904061
0.187019 0.904128
0.187039 0.904144
0.187049 0.904161
0.187070 0.904161
0.187101 0.904178
0.187132 0.904211
0.187152 0.904228
0.187162 0.904228
0.187193 0.904261
0.187214 0.904278
0.187244 0.904295
0.187347 0.904328
0.187367 0.904328
0.187408 0.904328
0.187449 0.904362
0.187480 0.904362
0.187511 0.904378
0.187562 0.904412
0.187603 0.904479
0.187654 0.904495
0.187675 0.904545
0.187716 0.904545
0.187726 0.904562
0.187767 0.904562
0.187788 0.904596
0.187808 0.904596
0.187829 0.904612
0.187829 0.904679
0.187849 0.904713
0.187849 0.904746
0.187860 0.904746
0.187880 0.904763
0.187901 0.904763
0.187931 0.904796
0.187972 0.904813
0.187972 0.904830
0.187972 0.904880
0.188013 0.904896
0.188044 0.904913
0.188075 0.904913
0.188095 0.904930
0.188126 0.904947
0.188147 0.904947
0.188198 0.904980
0.188208 0.905013
0.188249 0.905030
0.188311 0.905064
0.188331 0.905130
0.188341 0.905180
0.188403 0.905180
0.188413 0.905197
0.188423 0.905231
0.188434 0.905247
0.188464 0.905264
0.188485 0.905281
0.188526 0.905314
0.188557 0.905381
0.188598 0.905398
0.188649 0.905398
0.188690 0.905414
0.188721 0.905414
0.188772 0.905431
0.188782 0.905481
0.188803 0.905498
0.188823 0.905548
0.188834 0.905548
0.188875 0.905598
0.188916 0.905615
0.188987 0.905632
0.189008 0.905632
0.189028 0.905665
0.189080 0.905665
0.189121 0.905732
0.189131 0.905765
0.189131 0.905782
0.189162 0.905782
0.189223 0.905782
0.189244 0.905799
0.189275 0.905816
0.189295 0.905816
0.189336 0.905849
0.189367 0.905866
0.189439 0.905866
0.189469 0.905882
0.189531 0.905882
0.189531 0.905899
0.189582 0.905899
0.189603 0.905932
0.189644 0.905932
0.189644 0.905949
0.189654 0.905949
0.189664 0.905983
0.189715 0.906016
0.189777 0.906049
0.189808 0.906049
0.189818 0.906066
0.189849 0.906083
0.189869 0.906100
0.189869 0.906116
0.189910 0.906133
0.189972 0.906166
0.189992 0.906183
0.190054 0.906183
0.190064 0.906200
0.190146 0.906200
0.190156 0.906233
0.190218 0.906250
0.190228 0.906283
0.190259 0.906317
0.190290 0.906317
0.190300 0.906317
0.190331 0.906350
0.190361 0.906367
0.190372 0.906400
0.190382 0.906400
0.190402 0.906400
0.190443 0.906417
0.190464 0.906467
0.190495 0.906467
0.190536 0.906501
0.190577 0.906501
0.190618 0.906501
0.190628 0.906501
0.190649 0.906534
0.190669 0.906601
0.190679 0.906601
0.190731 0.906601
0.190751 0.906601
0.190813 0.906601
0.190833 0.906601
0.190843 0.906618
0.190843 0.906651
0.190884 0.906701
0.190905 0.906735
0.190946 0.906735
0.190977 0.906735
0.191018 0.906735
0.191038 0.906768
0.191048 0.906768
0.191089 0.906801
0.191120 0.906818
0.191120 0.906868
0.191130 0.906902
0.191161 0.906918
0.191192 0.906918
0.191202 0.906935
0.191264 0.906985
0.191325 0.906985
0.191366 0.907002
0.191407 0.907002
0.191428 0.907052
0.191448 0.907052
0.191448 0.907069
0.191500 0.907102
0.191541 0.907102
0.191623 0.907102
0.191633 0.907119
0.191674 0.907119
0.191694 0.907136
0.191735 0.907203
0.191766 0.907203
0.191787 0.907219
0.191807 0.907219
0.191848 0.907253
0.191879 0.907303
0.191951 0.907303
0.191971 0.907320
0.191992 0.907320
0.192002 0.907336
0.192064 0.907336
0.192084 0.907370
0.192105 0.907370
0.192146 0.907403
0.192166 0.907420
0.192207 0.907436
0.192258 0.907470
0.192310 0.907487
0.192330 0.907503
0.192402 0.907520
0.192463 0.907520
0.192484 0.907520
0.192535 0.907520
0.192638 0.907553
0.192648 0.907553
0.192699 0.907553
0.192720 0.907570
0.192792 0.907587
0.192822 0.907604
0.192853 0.907604
0.192874 0.907604
0.192904 0.907604
0.192925 0.907654
0.192956 0.907670
0.192997 0.907771
0.193058 0.907771
0.193099 0.907771
0.193109 0.907787
0.193130 0.907804
0.193171 0.907804
0.193181 0.907821
0.193243 0.907838
0.193263 0.907838
0.193345 0.907838
0.193407 0.907838
0.193468 0.907871
0.193479 0.907888
0.193499 0.907888
0.193550 0.907888
0.193571 0.907888
0.193612 0.907888
0.193632 0.907888
0.193643 0.907921
0.193663 0.907921
0.193714 0.907921
0.193735 0.907921
0.193776 0.907921
0.193817 0.907955
0.193848 0.907955
0.193858 0.907971
0.193889 0.907988
0.193899 0.907988
0.193920 0.908005
0.193950 0.908021
0.193961 0.908021
0.193981 0.908021
0.194012 0.908038
0.194063 0.908055
0.194073 0.908088
0.194084 0.908105
0.194114 0.908122
0.194145 0.908155
0.194155 0.908155
0.194196 0.908172
0.194196 0.908189
0.194207 0.908205
0.194258 0.908239
0.194299 0.908239
0.194330 0.908239
0.194371 0.908239
0.194391 0.908239
0.194412 0.908255
0.194442 0.908272
0.194463 0.908289
0.194524 0.908322
0.194586 0.908322
0.194607 0.908356
0.194658 0.908356
0.194668 0.908389
0.194678 0.908389
0.194719 0.908389
0.194750 0.908389
0.194812 0.908422
0.194822 0.908439
0.194863 0.908439
0.194883 0.908473
0.194955 0.908489
0.194955 0.908523
0.194965 0.908539
0.194996 0.908539
0.195037 0.908539
0.195068 0.908556
0.195140 0.908556
0.195191 0.908573
0.195232 0.908590
0.195263 0.908590
0.195273 0.908623
0.195294 0.908623
0.195304 0.908673
0.195324 0.908690
0.195335 0.908757
0.195345 0.908773
0.195365 0.908807
0.195406 0.908840
0.195437 0.908840
0.195478 0.908840
0.195509 0.908857
0.195519 0.908924
0.195529 0.908924
0.195550 0.908974
0.195581 0.908991
0.195601 0.909024
0.195673 0.909024
0.195693 0.909024
0.195724 0.909024
0.195734 0.909041
0.195755 0.909057
0.195816 0.909091
0.195857 0.909108
0.195878 0.909124
0.195898 0.909124
0.195919 0.909158
0.195919 0.909191
0.195919 0.909208
0.195929 0.909208
0.195950 0.909225
0.195950 0.909241
0.195981 0.909241
0.196001 0.909241
0.196032 0.909275
0.196032 0.909308
0.196063 0.909325
0.196083 0.909325
0.196093 0.909325
0.196134 0.909325
0.196145 0.909325
0.196175 0.909342
0.196216 0.909342
0.196278 0.909375
0.196339 0.909375
0.196339 0.909442
0.196391 0.909459
0.196411 0.909475
0.196442 0.909475
0.196524 0.909492
0.196534 0.909525
0.196534 0.909542
0.196544 0.909542
0.196565 0.909542
0.196575 0.909576
0.196585 0.909592
0.196627 0.909609
0.196657 0.909609
0.196698 0.909609
0.196719 0.909642
0.196739 0.909642
0.196780 0.909693
0.196842 0.909726
0.196862 0.909793
0.196873 0.909793
0.196893 0.909809
0.196903 0.909809
0.196914 0.909826
0.196934 0.909826
0.196955 0.909860
0.196996 0.909893
0.197026 0.909926
0.197037 0.909926
0.197067 0.909943
0.197119 0.909960
0.197160 0.909977
0.197190 0.910027
0.197211 0.910060
0.197231 0.910077
0.197242 0.910077
0.197272 0.910094
0.197293 0.910094
0.197303 0.910127
0.197334 0.910144
0.197365 0.910144
0.197406 0.910144
0.197447 0.910177
0.197519 0.910177
0.197529 0.910227
0.197549 0.910277
0.197549 0.910294
0.197570 0.910311
0.197611 0.910311
0.197631 0.910344
0.197662 0.910378
0.197683 0.910378
0.197713 0.910378
0.197713 0.910428
0.197754 0.910428
0.197785 0.910428
0.197795 0.910445
0.197826 0.910445
0.197836 0.910445
0.197888 0.910495
0.197929 0.910528
0.197980 0.910545
0.198001 0.910561
0.198031 0.910561
0.198042 0.910561
0.198093 0.910561
0.198093 0.910578
0.198165 0.910612
0.198185 0.910645
0.198206 0.910645
0.198216 0.910662
0.198236 0.910678
0.198298 0.910712
0.198359 0.910712
0.198370 0.910712
0.198400 0.910712
0.198482 0.910712
0.198544 0.910729
0.198554 0.910729
0.198595 0.910779
0.198626 0.910779
0.198657 0.910795
0.198657 0.910829
0.198667 0.910829
0.198667 0.910862
0.198698 0.910879
0.198718 0.910896
0.198759 0.910896
0.198770 0.910896
0.198800 0.910946
0.198862 0.910946
0.198862 0.910963
0.198872 0.910963
0.198893 0.910996
0.198975 0.910996
0.198985 0.910996
0.199067 0.911013
0.199098 0.911046
0.199169 0.911080
0.199169 0.911130
0.199200 0.911163
0.199231 0.911163
0.199251 0.911180
0.199262 0.911180
0.199292 0.911230
0.199323 0.911230
0.199364 0.911263
0.199416 0.911263
0.199446 0.911314
0.199467 0.911330
0.199477 0.911364
0.199518 0.911380
0.199539 0.911380
0.199549 0.911414
0.199569 0.911497
0.199651 0.911531
0.199682 0.911581
0.199723 0.911581
0.199744 0.911631
0.199805 0.911631
0.199856 0.911631
0.199887 0.911631
0.199918 0.911648
0.199979 0.911648
0.200000 0.911648
0.200072 0.911664
0.200092 0.911664
0.200133 0.911664
0.200164 0.911681
0.200205 0.911681
0.200205 0.911698
0.200277 0.911715
0.200297 0.911715
0.200349 0.911731
0.200349 0.911765
0.200369 0.911781
0.200410 0.911781
0.200441 0.911781
0.200472 0.911798
0.200492 0.911815
0.200492 0.911848
0.200523 0.911898
0.200564 0.911932
0.200564 0.911949
0.200595 0.911949
0.200615 0.911949
0.200666 0.911999
0.200718 0.911999
0.200738 0.912032
0.200779 0.912049
0.200820 0.912099
0.200820 0.912116
0.200820 0.912149
0.200841 0.912182
0.200851 0.912199
0.200861 0.912199
0.200882 0.912216
0.200892 0.912249
0.200923 0.912249
0.200954 0.912299
0.201036 0.912299
0.201077 0.912333
0.201077 0.912350
0.201097 0.912350
0.201107 0.912366
0.201169 0.912383
0.201200 0.912400
0.201251 0.912467
0.201292 0.912483
0.201323 0.912483
0.201343 0.912517
0.201374 0.912533
0.201415 0.912567
0.201415 0.912584
0.201436 0.912600
0.201446 0.912634
0.201456 0.912650
0.201497 0.912650
0.201518 0.912684
0.201579 0.912717
0.201589 0.912734
0.201630 0.912734
0.201661 0.912734
0.201682 0.912751
0.201692 0.912767
0.201712 0.912767
0.201743 0.912784
0.201794 0.912801
0.201815 0.912834
0.201856 0.912834
0.201876 0.912851
0.201887 0.912868
0.201907 0.912884
0.201938 0.912884
0.201938 0.912934
0.201979 0.912934
0.202010 0.912934
0.202061 0.912934
0.202092 0.912934
0.202143 0.912951
0.202143 0.912968
0.202164 0.912985
0.202194 0.912985
0.202205 0.913018
0.202246 0.913018
0.202266 0.913085
0.202307 0.913102
0.202328 0.913118
0.202338 0.913152
0.202358 0.913152
0.202369 0.913185
0.202389 0.913202
0.202430 0.913219
0.202451 0.913235
0.202481 0.913235
0.202522 0.913269
0.202584 0.913302
0.202594 0.913302
0.202656 0.913336
0.202717 0.913336
0.202728 0.913336
0.202738 0.913352
0.202748 0.913352
0.202810 0.913419
0.202830 0.913436
0.202851 0.913469
0.202881 0.913469
0.202922 0.913503
0.202953 0.913536
0.202994 0.913536
0.202994 0.913553
0.203004 0.913570
0.203045 0.913586
0.203066 0.913620
0.203076 0.913620
0.203107 0.913620
0.203138 0.913653
0.203220 0.913686
0.203261 0.913686
0.203312 0.913703
0.203343 0.913720
0.203373 0.913720
0.203384 0.913737
0.203456 0.913737
0.203497 0.913753
0.203517 0.913753
0.203517 0.913787
0.203538 0.913803
0.203620 0.913803
0.203630 0.913803
0.203650 0.913820
0.203671 0.913820
0.203712 0.913820
0.203753 0.913837
0.203763 0.913854
0.203784 0.913870
0.203814 0.913887
0.203845 0.913887
0.203927 0.913887
0.203937 0.913920
0.203958 0.913920
0.203978 0.913954
0.203989 0.913971
0.204019 0.913987
0.204030 0.914004
0.204050 0.914021
0.204071 0.914021
0.204091 0.914054
0.204102 0.914054
0.204163 0.914054
0.204204 0.914071
0.204235 0.914104
0.204317 0.914104
0.204348 0.914104
0.204389 0.914121
0.204409 0.914154
0.204430 0.914154
0.204460 0.914205
0.204471 0.914205
0.204512 0.914205
0.204563 0.914221
0.204645 0.914221
0.204676 0.914255
0.204676 0.914288
0.204737 0.914288
0.204758 0.914288
0.204768 0.914305
0.204819 0.914322
0.204830 0.914322
0.204850 0.914338
0.204901 0.914338
0.204912 0.914338
0.204963 0.914338
0.204994 0.914338
0.205055 0.914355
0.205106 0.914388
0.205147 0.914388
0.205178 0.914439
0.205209 0.914455
0.205260 0.914455
0.205260 0.914522
0.205311 0.914522
0.205342 0.914522
0.205363 0.914522
0.205383 0.914539
0.205414 0.914555
0.205537 0.914589
0.205547 0.914606
0.205578 0.914606
0.205609 0.914639
0.205629 0.914639
0.205670 0.914672
0.205691 0.914672
0.205722 0.914672
0.205773 0.914689
0.205783 0.914689
0.205793 0.914723
0.205814 0.914773
0.205824 0.914773
0.205845 0.914789
0.205855 0.914806
0.205896 0.914840
0.205957 0.914890
0.205968 0.914890
0.206029 0.914890
0.206091 0.914940
0.206101 0.914957
0.206152 0.914957
0.206152 0.914973
0.206173 0.914990
0.206183 0.914990
0.206204 0.914990
0.206214 0.914990
0.206234 0.915007
0.206286 0.915007
0.206357 0.915007
0.206378 0.915007
0.206398 0.915023
0.206491 0.915040
0.206521 0.915057
0.206532 0.915057
0.206583 0.915057
0.206603 0.915090
0.206634 0.915107
0.206685 0.915107
0.206716 0.915124
0.206747 0.915157
0.206788 0.915191
0.206839 0.915207
0.206839 0.915274
0.206870 0.915307
0.206880 0.915324
0.206891 0.915324
0.206932 0.915341
0.206952 0.915341
0.207003 0.915374
0.207024 0.915391
0.207065 0.915408
0.207106 0.915441
0.207126 0.915475
0.207157 0.915491
0.207229 0.915508
0.207249 0.915558
0.207290 0.915575
0.207301 0.915575
0.207372 0.915608
0.207393 0.915608
0.207403 0.915625
0.207424 0.915625
0.207434 0.915625
0.207465 0.915625
0.207475 0.915642
0.207516 0.915658
0.207557 0.915658
0.207588 0.915692
0.207619 0.915692
0.207670 0.915692
0.207701 0.915709
0.207742 0.915725
0.207783 0.915759
0.207813 0.915759
0.207824 0.915792
0.207875 0.915809
0.207936 0.915809
0.207957 0.915842
0.207998 0.915842
0.208039 0.915859
0.208070 0.915859
0.208080 0.915876
0.208090 0.915909
0.208100 0.915926
0.208111 0.915926
0.208152 0.915943
0.208183 0.915943
0.208213 0.915976
0.208224 0.915993
0.208234 0.915993
0.208357 0.916026
0.208398 0.916043
0.208429 0.916076
0.208511 0.916076
0.208572 0.916076
0.208603 0.916110
0.208654 0.916110
0.208675 0.916126
0.208695 0.916126
0.208746 0.916160
0.208798 0.916176
0.208870 0.916176
0.208890 0.916243
0.208941 0.916243
0.208941 0.916260
0.208982 0.916277
0.209013 0.916310
0.209054 0.916310
0.209064 0.916360
0.209064 0.916394
0.209105 0.916394
0.209167 0.916427
0.209177 0.916461
0.209198 0.916477
0.209228 0.916494
0.209269 0.916494
0.209321 0.916511
0.209351 0.916561
0.209392 0.916594
0.209454 0.916594
0.209464 0.916611
0.209495 0.916611
0.209546 0.916611
0.209567 0.916611
0.209577 0.916611
0.209628 0.916611
0.209649 0.916628
0.209669 0.916628
0.209731 0.916628
0.209741 0.916628
0.209772 0.916628
0.209782 0.916628
0.209803 0.916661
0.209844 0.916695
0.209885 0.916695
0.209905 0.916695
0.209997 0.916728
0.210008 0.916745
0.210049 0.916745
0.210079 0.916745
0.210100 0.916745
0.210141 0.916778
0.210161 0.916778
0.210203 0.916828
0.210223 0.916828
0.210223 0.916845
0.210233 0.916845
0.210233 0.916862
0.210254 0.916878
0.210274 0.916878
0.210305 0.916895
0.210356 0.916895
0.210387 0.916928
0.210449 0.916962
0.210469 0.916962
0.210531 0.916962
0.210592 0.916962
0.210613 0.917012
0.210633 0.917012
0.210715 0.917012
0.210756 0.917012
0.210766 0.917045
0.210797 0.917045
0.210828 0.917062
0.210879 0.917062
0.210920 0.917079
0.210951 0.917129
0.210992 0.917146
0.211023 0.917146
0.211033 0.917162
0.211064 0.917162
0.211136 0.917162
0.211197 0.917162
0.211207 0.917179
0.211228 0.917213
0.211248 0.917213
0.211269 0.917229
0.211300 0.917246
0.211330 0.917246
0.211382 0.917296
0.211423 0.917296
0.211474 0.917330
0.211515 0.917330
0.211525 0.917330
0.211546 0.917346
0.211587 0.917346
0.211587 0.917380
0.211648 0.917413
0.211689 0.917430
0.211720 0.917480
0.211761 0.917480
0.211771 0.917480
0.211802 0.917497
0.211823 0.917497
0.211853 0.917513
0.211905 0.917530
0.211925 0.917530
0.211956 0.917547
0.211976 0.917630
0.212038 0.917664
0.212058 0.917680
0.212089 0.917697
0.212099 0.917714
0.212192 0.917714
0.212212 0.917714
0.212233 0.917781
0.212284 0.917814
0.212305 0.917831
0.212356 0.917831
0.212387 0.917848
0.212438 0.917914
0.212489 0.917931
0.212530 0.917965
0.212602 0.917981
0.212663 0.918048
0.212694 0.918082
0.212725 0.918098
0.212745 0.918132
0.212776 0.918165
0.212786 0.918165
0.212817 0.918165
0.212868 0.918165
0.212910 0.918182
0.212920 0.918182
0.212961 0.918182
0.212971 0.918182
0.212992 0.918199
0.213012 0.918199
0.213053 0.918215
0.213063 0.918232
0.213074 0.918232
0.213104 0.918232
0.213176 0.918249
0.213197 0.918249
0.213227 0.918249
0.213258 0.918299
0.213320 0.918299
0.213381 0.918299
0.213402 0.918332
0.213443 0.918399
0.213494 0.918399
0.213525 0.918449
0.213555 0.918483
0.213586 0.918533
0.213617 0.918549
0.213648 0.918549
0.213658 0.918583
0.213689 0.918616
0.213699 0.918616
0.213709 0.918650
0.213750 0.918666
0.213761 0.918700
0.213802 0.918717
0.213863 0.918733
0.213894 0.918733
0.213925 0.918750
0.213925 0.918783
0.213966 0.918800
0.213986 0.918800
0.214027 0.918834
0.214037 0.918834
0.214048 0.918867
0.214078 0.918867
0.214109 0.918884
0.214140 0.918917
0.214160 0.918951
0.214160 0.918967
0.214191 0.918967
0.214222 0.918984
0.214232 0.918984
0.214253 0.919017
0.214304 0.919017
0.214335 0.919034
0.214407 0.919051
0.214417 0.919051
0.214499 0.919084
0.214509 0.919084
0.214550 0.919134
0.214622 0.919134
0.214653 0.919134
0.214704 0.919168
0.214724 0.919168
0.214806 0.919201
0.214858 0.919218
0.214868 0.919251
0.214899 0.919268
0.214960 0.919318
0.214991 0.919335
0.215032 0.919335
0.215083 0.919352
0.215114 0.919368
0.215176 0.919402
0.215186 0.919435
0.215206 0.919435
0.215237 0.919435
0.215299 0.919435
0.215329 0.919435
0.215340 0.919452
0.215350 0.919485
0.215411 0.919485
0.215452 0.919485
0.215504 0.919485
0.215545 0.919502
0.215586 0.919502
0.215586 0.919519
0.215606 0.919519
0.215627 0.919535
0.215637 0.919535
0.215688 0.919569
0.215760 0.919586
0.215811 0.919586
0.215822 0.919586
0.215852 0.919619
0.215924 0.919652
0.215955 0.919669
0.215986 0.919669
0.216006 0.919703
0.216016 0.919719
0.216047 0.919753
0.216047 0.919769
0.216088 0.919820
0.216098 0.919853
0.216119 0.919920
0.216170 0.919953
0.216221 0.919953
0.216283 0.919953
0.216324 0.919953
0.216416 0.919987
0.216427 0.919987
0.216478 0.920003
0.216509 0.920053
0.216529 0.920087
0.216570 0.920104
0.216580 0.920104
0.216611 0.920120
0.216621 0.920154
0.216662 0.920187
0.216673 0.920187
0.216703 0.920204
0.216703 0.920221
0.216714 0.920237
0.216724 0.920237
0.216744 0.920287
0.216775 0.920287
0.216816 0.920287
0.216826 0.920304
0.216878 0.920338
0.216898 0.920338
0.216908 0.920371
0.216919 0.920388
0.216950 0.920388
0.216970 0.920404
0.216991 0.920404
0.217042 0.920404
0.217062 0.920404
0.217103 0.920421
0.217114 0.920471
0.217165 0.920471
0.217206 0.920471
0.217216 0.920471
0.217226 0.920488
0.217247 0.920505
0.217257 0.920505
0.217298 0.920505
0.217329 0.920521
0.217360 0.920555
0.217401 0.920555
0.217421 0.920572
0.217452 0.920588
0.217493 0.920588
0.217513 0.920588
0.217524 0.920588
0.217565 0.920638
0.217595 0.920655
0.217616 0.920672
0.217626 0.920689
0.217637 0.920689
0.217647 0.920722
0.217688 0.920739
0.217719 0.920739
0.217729 0.920755
0.217770 0.920755
0.217801 0.920755
0.217821 0.920755
0.217842 0.920772
0.217883 0.920772
0.217903 0.920805
0.217975 0.920822
0.218026 0.920839
0.218129 0.920839
0.218180 0.920856
0.218211 0.920856
0.218252 0.920856
0.218262 0.920889
0.218293 0.920889
0.218303 0.920889
0.218334 0.920922
0.218385 0.920956
0.218426 0.920989
0.218457 0.920989
0.218457 0.921023
0.218518 0.921023
0.218549 0.921023
0.218559 0.921039
0.218580 0.921056
0.218590 0.921056
0.218600 0.921073
0.218652 0.921073
0.218703 0.921106
0.218734 0.921123
0.218775 0.921123
0.218826 0.921140
0.218846 0.921156
0.218857 0.921156
0.218877 0.921156
0.218898 0.921173
0.218918 0.921173
0.218939 0.921190
0.218969 0.921207
0.218990 0.921240
0.219031 0.921240
0.219062 0.921240
0.219123 0.921240
0.219144 0.921290
0.219185 0.921290
0.219205 0.921307
0.219246 0.921324
0.219257 0.921340
0.219287 0.921340
0.219308 0.921357
0.219328 0.921424
0.219339 0.921424
0.219400 0.921441
0.219451 0.921441
0.219462 0.921474
0.219462 0.921491
0.219492 0.921507
0.219513 0.921524
0.219533 0.921524
0.219585 0.921541
0.219615 0.921557
0.219656 0.921557
0.219687 0.921608
0.219759 0.921608
0.219780 0.921624
0.219810 0.921624
0.219831 0.921624
0.219923 0.921641
0.219933 0.921641
0.219964 0.921641
0.220015 0.921641
0.220067 0.921658
0.220118 0.921658
0.220149 0.921674
0.220200 0.921674
0.220220 0.921691
0.220272 0.921725
0.220323 0.921741
0.220333 0.921741
0.220344 0.921758
0.220405 0.921791
0.220456 0.921808
0.220477 0.921825
0.220487 0.921875
0.220579 0.921908
0.220600 0.921908
0.220641 0.921925
0.220661 0.921925
0.220713 0.921942
0.220733 0.921942
0.220805 0.921942
0.220846 0.921942
0.220846 0.921959
0.220887 0.921959
0.220928 0.921975
0.220969 0.922009
0.221051 0.922009
0.221082 0.922009
0.221143 0.922059
0.221184 0.922092
0.221215 0.922126
0.221246 0.922126
0.221287 0.922159
0.221318 0.922159
0.221338 0.922193
0.221359 0.922193
0.221379 0.922209
0.221410 0.922259
0.221410 0.922293
0.221420 0.922309
0.221461 0.922309
0.221471 0.922343
0.221512 0.922343
0.221512 0.922376
0.221584 0.922393
0.221615 0.922393
0.221635 0.922410
0.221676 0.922410
0.221697 0.922426
0.221738 0.922426
0.221769 0.922443
0.221779 0.922443
0.221820 0.922443
0.221851 0.922460
0.221861 0.922460
0.221902 0.922460
0.221912 0.922493
0.221943 0.922510
0.221984 0.922527
0.221994 0.922543
0.222005 0.922594
0.222025 0.922594
0.222107 0.922644
0.222148 0.922644
0.222179 0.922677
0.222199 0.922677
0.222261 0.922711
0.222261 0.922727
0.222302 0.922727
0.222333 0.922744
0.222353 0.922744
0.222353 0.922761
0.222394 0.922761
0.222466 0.922761
0.222528 0.922777
0.222569 0.922794
0.222589 0.922794
0.222620 0.922794
0.222671 0.922811
0.222681 0.922844
0.222702 0.922844
0.222774 0.922844
0.222784 0.922861
0.222825 0.922878
0.222886 0.922928
0.222897 0.922928
0.222948 0.922978
0.222979 0.922978
0.222979 0.923011
0.223040 0.923028
0.223122 0.923061
0.223153 0.923078
0.223245 0.923078
0.223286 0.923078
0.223297 0.923078
0.223358 0.923078
0.223409 0.923112
0.223450 0.923145
0.223481 0.923178
0.223522 0.923178
0.223573 0.923178
0.223584 0.923178
0.223635 0.923178
0.223676 0.923195
0.223727 0.923212
0.223758 0.923262
0.223799 0.923279
0.223830 0.923312
0.223840 0.923312
0.223963 0.923312
0.224014 0.923312
0.224035 0.923312
0.224107 0.923312
0.224158 0.923312
0.224199 0.923446
0.224209 0.923463
0.224271 0.923479
0.224312 0.923513
0.224373 0.923513
0.224414 0.923513
0.224425 0.923513
0.224445 0.923513
0.224507 0.923513
0.224517 0.923529
0.224537 0.923529
0.224578 0.923546
0.224630 0.923563
0.224630 0.923580
0.224640 0.923580
0.224671 0.923596
0.224712 0.923596
0.224773 0.923630
0.224773 0.923680
0.224804 0.923697
0.224824 0.923713
0.224865 0.923713
0.224917 0.923713
0.224937 0.923713
0.224958 0.923763
0.225009 0.923780
0.225040 0.923814
0.225091 0.923830
0.225132 0.923847
0.225204 0.923864
0.225235 0.923864
0.225255 0.923880
0.225296 0.923930
0.225296 0.923947
0.225358 0.924031
0.225429 0.924047
0.225440 0.924064
0.225470 0.924064
0.225501 0.924098
0.225542 0.924114
0.225573 0.924131
0.225593 0.924164
0.225604 0.924181
0.225645 0.924181
0.225675 0.924181
0.225706 0.924198
0.225747 0.924198
0.225757 0.924215
0.225788 0.924231
0.225799 0.924231
0.225809 0.924248
0.225840 0.924248
0.225860 0.924265
0.225891 0.924298
0.225901 0.924315
0.225952 0.924315
0.225993 0.924365
0.226004 0.924382
0.226045 0.924382
0.226055 0.924415
0.226106 0.924415
0.226178 0.924449
0.226219 0.924465
0.226219 0.924499
0.226342 0.924499
0.226362 0.924499
0.226414 0.924515
0.226455 0.924515
0.226486 0.924566
0.226516 0.924566
0.226557 0.924566
0.226598 0.924582
0.226650 0.924582
0.226691 0.924616
0.226691 0.924632
0.226732 0.924632
0.226793 0.924632
0.226834 0.924649
0.226865 0.924649
0.226906 0.924682
0.226957 0.924682
0.226998 0.924716
0.227039 0.924733
0.227090 0.924733
0.227132 0.924733
0.227162 0.924733
0.227183 0.924733
0.227214 0.924733
0.227285 0.924749
0.227326 0.924749
0.227378 0.924749
0.227408 0.924766
0.227449 0.924766
0.227470 0.924766
0.227521 0.924799
0.227542 0.924799
0.227583 0.924799
0.227593 0.924799
0.227624 0.924799
0.227644 0.924833
0.227665 0.924833
0.227726 0.924833
0.227767 0.924833
0.227788 0.924883
0.227808 0.924916
0.227849 0.924933
0.227860 0.924933
0.227931 0.924933
0.227952 0.924933
0.227972 0.924950
0.227983 0.924950
0.228013 0.924967
0.228034 0.924983
0.228075 0.924983
0.228136 0.924983
0.228188 0.924983
0.228229 0.924983
0.228259 0.925033
0.228270 0.925067
0.228300 0.925084
0.228341 0.925084
0.228372 0.925100
0.228393 0.925117
0.228454 0.925134
0.228475 0.925184
0.228547 0.925184
0.228547 0.925234
0.228557 0.925234
0.228588 0.925234
0.228608 0.925251
0.228618 0.925251
0.228639 0.925251
0.228649 0.925284
0.228659 0.925284
0.228680 0.925351
0.228711 0.925368
0.228762 0.925368
0.228782 0.925401
0.228823 0.925418
0.228844 0.925451
0.228854 0.925485
0.228875 0.925501
0.228916 0.925501
0.228916 0.925535
0.228967 0.925551
0.229039 0.925568
0.229049 0.925585
0.229121 0.925585
0.229193 0.925602
0.229203 0.925635
0.229244 0.925668
0.229254 0.925702
0.229275 0.925735
0.229346 0.925735
0.229377 0.925735
0.229428 0.925735
0.229439 0.925735
0.229449 0.925752
0.229521 0.925785
0.229541 0.925785
0.229582 0.925836
0.229582 0.925852
0.229644 0.925852
0.229674 0.925886
0.229705 0.925902
0.229746 0.925936
0.229756 0.925936
0.229828 0.925936
0.229859 0.925953
0.229880 0.925953
0.229921 0.925969
0.229931 0.925969
0.229962 0.926003
0.230013 0.926003
0.230044 0.926003
0.230126 0.926036
0.230146 0.926053
0.230177 0.926070
0.230218 0.926086
0.230269 0.926086
0.230310 0.926086
0.230361 0.926103
0.230382 0.926136
0.230454 0.926153
0.230495 0.926153
0.230526 0.926186
0.230546 0.926186
0.230556 0.926220
0.230577 0.926237
0.230618 0.926237
0.230628 0.926253
0.230659 0.926320
0.230669 0.926320
0.230710 0.926320
0.230761 0.926354
0.230792 0.926454
0.230864 0.926471
0.230895 0.926471
0.230915 0.926487
0.230966 0.926487
0.230966 0.926504
0.231007 0.926521
0.231018 0.926521
0.231048 0.926521
0.231120 0.926521
0.231141 0.926537
0.231182 0.926554
0.231202 0.926588
0.231202 0.926604
0.231223 0.926621
0.231243 0.926621
0.231254 0.926621
0.231315 0.926621
0.231356 0.926638
0.231387 0.926671
0.231428 0.926721
0.231479 0.926721
0.231541 0.926738
0.231582 0.926755
0.231592 0.926755
0.231612 0.926771
0.231633 0.926771
0.231694 0.926788
0.231715 0.926855
0.231746 0.926855
0.231787 0.926855
0.231807 0.926888
0.231817 0.926888
0.231858 0.926905
0.231930 0.926905
0.231971 0.926939
0.232002 0.926939
0.232033 0.926955
0.232084 0.926989
0.232105 0.927005
0.232115 0.927055
0.232146 0.927055
0.232197 0.927055
0.232217 0.927055
0.232279 0.927072
0.232289 0.927072
0.232310 0.927072
0.232340 0.927072
0.232381 0.927072
0.232433 0.927072
0.232443 0.927106
0.232484 0.927122
0.232515 0.927122
0.232546 0.927189
0.232566 0.927206
0.232648 0.927206
0.232689 0.927223
0.232761 0.927223
0.232792 0.927239
0.232822 0.927273
0.232853 0.927289
0.232904 0.927306
0.233007 0.927306
0.233038 0.927306
0.233038 0.927323
0.233068 0.927340
0.233109 0.927340
0.233150 0.927356
0.233150 0.927406
0.233181 0.927406
0.233243 0.927423
0.233253 0.927423
0.233315 0.927423
0.233325 0.927423
0.233366 0.927423
0.233397 0.927423
0.233417 0.927423
0.233509 0.927423
0.233561 0.927423
0.233591 0.927473
0.233622 0.927507
0.233632 0.927523
0.233673 0.927523
0.233684 0.927523
0.233745 0.927574
0.233755 0.927574
0.233776 0.927590
0.233796 0.927590
0.233837 0.927590
0.233837 0.927657
0.233878 0.927657
0.233920 0.927674
0.233981 0.927674
0.234012 0.927691
0.234022 0.927707
0.234063 0.927707
0.234084 0.927724
0.234094 0.927741
0.234104 0.927741
0.234135 0.927757
0.234155 0.927774
0.234196 0.927807
0.234299 0.927841
0.234309 0.927874
0.234340 0.927891
0.234350 0.927908
0.234381 0.927908
0.234432 0.927958
0.234473 0.927958
0.234504 0.927958
0.234545 0.927958
0.234576 0.927975
0.234648 0.927975
0.234709 0.928008
0.234730 0.928008
0.234740 0.928025
0.234771 0.928025
0.234801 0.928058
0.234842 0.928092
0.234842 0.928125
0.234873 0.928125
0.234914 0.928142
0.234914 0.928175
0.234935 0.928175
0.234965 0.928192
0.235027 0.928242
0.235088 0.928259
0.235129 0.928259
0.235201 0.928309
0.235252 0.928309
0.235314 0.928309
0.235335 0.928309
0.235376 0.928342
0.235406 0.928359
0.235427 0.928359
0.235478 0.928376
0.235529 0.928376
0.235550 0.928392
0.235570 0.928392
0.235601 0.928426
0.235611 0.928426
0.235652 0.928459
0.235673 0.928476
0.235704 0.928493
0.235786 0.928493
0.235878 0.928493
0.235919 0.928493
0.235929 0.928509
0.235940 0.928509
0.235960 0.928526
0.236011 0.928543
0.236052 0.928543
0.236114 0.928543
0.236155 0.928559
0.236155 0.928576
0.236165 0.928593
0.236216 0.928610
0.236247 0.928610
0.236288 0.928626
0.236329 0.928660
0.236411 0.928676
0.236462 0.928710
0.236493 0.928710
0.236514 0.928727
0.236596 0.928727
0.236647 0.928743
0.236688 0.928760
0.236719 0.928760
0.236739 0.928760
0.236750 0.928760
0.236791 0.928760
0.236873 0.928760
0.236955 0.928793
0.237006 0.928810
0.237037 0.928810
0.237067 0.928844
0.237119 0.928860
0.237129 0.928877
0.237149 0.928894
0.237221 0.928910
0.237231 0.928944
0.237283 0.928944
0.237303 0.928994
0.237324 0.929027
0.237447 0.929027
0.237467 0.929078
0.237498 0.929094
0.237508 0.929111
0.237539 0.929128
0.237580 0.929128
0.237590 0.929128
0.237713 0.929128
0.237724 0.929128
0.237754 0.929128
0.237816 0.929128
0.237836 0.929144
0.237877 0.929161
0.237888 0.929161
0.237949 0.929195
0.237970 0.929211
0.238021 0.929278
0.238072 0.929278
0.238103 0.929295
0.238113 0.929295
0.238134 0.929311
0.238165 0.929311
0.238185 0.929311
0.238195 0.929328
0.238257 0.929328
0.238298 0.929362
0.238308 0.929378
0.238339 0.929378
0.238380 0.929378
0.238411 0.929395
0.238482 0.929428
0.238544 0.929445
0.238616 0.929445
0.238667 0.929462
0.238677 0.929495
0.238718 0.929512
0.238759 0.929512
0.238770 0.929512
0.238811 0.929512
0.238852 0.929512
0.238872 0.929529
0.238893 0.929529
0.238913 0.929545
0.238954 0.929562
0.239005 0.929596
0.239077 0.929629
0.239118 0.929679
0.239169 0.929696
0.239180 0.929713
0.239200 0.929713
0.239210 0.929746
0.239272 0.929746
0.239292 0.929746
0.239344 0.929746
0.239364 0.929779
0.239385 0.929779
0.239446 0.929779
0.239487 0.929779
0.239518 0.929813
0.239549 0.929830
0.239631 0.929830
0.239662 0.929863
0.239723 0.929863
0.239785 0.929863
0.239826 0.929963
0.239877 0.929980
0.239897 0.929980
0.239928 0.929980
0.239969 0.930013
0.239990 0.930013
0.240021 0.930030
0.240041 0.930047
0.240123 0.930047
0.240164 0.930047
0.240174 0.930047
0.240215 0.930047
0.240246 0.930047
0.240267 0.930047
0.240318 0.930047
0.240410 0.930047
0.240431 0.930047
0.240451 0.930080
0.240513 0.930080
0.240523 0.930097
0.240543 0.930114
0.240584 0.930114
0.240646 0.930114
0.240738 0.930180
0.240759 0.930197
0.240779 0.930231
0.240820 0.930231
0.240872 0.930231
0.240892 0.930297
0.240923 0.930314
0.240933 0.930331
0.240933 0.930364
0.240964 0.930381
0.240984 0.930431
0.241005 0.930448
0.241066 0.930448
0.241128 0.930465
0.241169 0.930465
0.241179 0.930465
0.241261 0.930465
0.241333 0.930498
0.241395 0.930548
0.241446 0.930548
0.241456 0.930565
0.241487 0.930582
0.241528 0.930615
0.241610 0.930632
0.241651 0.930665
0.241661 0.930665
0.241682 0.930715
0.241764 0.930715
0.241774 0.930765
0.241856 0.930799
0.241938 0.930816
0.241989 0.930849
0.241999 0.930849
0.242030 0.930849
0.242041 0.930849
0.242092 0.930866
0.242112 0.930866
0.242123 0.930866
0.242184 0.930866
0.242184 0.930949
0.242205 0.930999
0.242246 0.931016
0.242307 0.931033
0.242399 0.931049
0.242410 0.931049
0.242471 0.931083
0.242502 0.931116
0.242553 0.931133
0.242574 0.931133
0.242604 0.931166
0.242645 0.931183
0.242666 0.931183
0.242676 0.931183
0.242748 0.931200
0.242779 0.931217
0.242830 0.931233
0.242892 0.931233
0.242922 0.931283
0.243025 0.931317
0.243076 0.931334
0.243117 0.931334
0.243138 0.931384
0.243148 0.931400
0.243168 0.931417
0.243209 0.931451
0.243230 0.931451
0.243230 0.931484
0.243250 0.931501
0.243322 0.931568
0.243343 0.931601
0.243353 0.931651
0.243404 0.931668
0.243425 0.931718
0.243466 0.931735
0.243517 0.931751
0.243558 0.931751
0.243620 0.931751
0.243630 0.931751
0.243650 0.931751
0.243661 0.931751
0.243661 0.931768
0.243691 0.931768
0.243743 0.931768
0.243763 0.931768
0.243804 0.931785
0.243825 0.931818
0.243845 0.931818
0.243907 0.931818
0.243937 0.931852
0.243958 0.931852
0.243968 0.931918
0.244009 0.931918
0.244060 0.931952
0.244112 0.931969
0.244122 0.931969
0.244122 0.931985
0.244173 0.932035
0.244194 0.932035
0.244214 0.932052
0.244245 0.932086
0.244266 0.932086
0.244296 0.932102
0.244378 0.932102
0.244399 0.932136
0.244440 0.932136
0.244450 0.932169
0.244481 0.932203
0.244512 0.932219
0.244522 0.932236
0.244553 0.932269
0.244594 0.932269
0.244604 0.932269
0.244624 0.932320
0.244665 0.932370
0.244676 0.932370
0.244727 0.932370
0.244778 0.932386
0.244789 0.932386
0.244830 0.932386
0.244850 0.932403
0.244912 0.932436
0.244932 0.932436
0.244953 0.932487
0.244983 0.932503
0.245035 0.932503
0.245065 0.932503
0.245096 0.932520
0.245117 0.932537
0.245158 0.932587
0.245168 0.932587
0.245209 0.932604
0.245209 0.932620
0.245229 0.932654
0.245311 0.932670
0.245342 0.932670
0.245342 0.932704
0.245424 0.932721
0.245465 0.932721
0.245506 0.932754
0.245527 0.932754
0.245578 0.932771
0.245599 0.932771
0.245599 0.932804
0.245609 0.932804
0.245681 0.932821
0.245783 0.932821
0.245793 0.932821
0.245834 0.932821
0.245855 0.932888
0.245916 0.932888
0.245957 0.932904
0.246039 0.932938
0.246050 0.932955
0.246122 0.932971
0.246132 0.932988
0.246173 0.932988
0.246214 0.933005
0.246245 0.933038
0.246306 0.933055
0.246368 0.933055
0.246398 0.933072
0.246470 0.933088
0.246501 0.933105
0.246521 0.933122
0.246542 0.933122
0.246573 0.933122
0.246634 0.933122
0.246644 0.933122
0.246665 0.933138
0.246706 0.933138
0.246747 0.933222
0.246747 0.933239
0.246757 0.933239
0.246788 0.933239
0.246829 0.933239
0.246860 0.933255
0.246942 0.933255
0.246983 0.933255
0.247014 0.933255
0.247065 0.933255
0.247106 0.933255
0.247126 0.933289
0.247198 0.933305
0.247260 0.933322
0.247290 0.933339
0.247352 0.933339
0.247362 0.933356
0.247403 0.933389
0.247465 0.933406
0.247485 0.933406
0.247506 0.933422
0.247578 0.933439
0.247660 0.933473
0.247690 0.933506
0.247711 0.933523
0.247742 0.933556
0.247762 0.933556
0.247793 0.933556
0.247854 0.933623
0.247875 0.933623
0.247936 0.933623
0.247947 0.933623
0.247977 0.933656
0.247998 0.933656
0.248029 0.933690
0.248070 0.933690
0.248131 0.933707
0.248162 0.933707
0.248224 0.933707
0.248254 0.933757
0.248254 0.933773
0.248275 0.933773
0.248336 0.933807
0.248439 0.933807
0.248480 0.933807
0.248521 0.933824
0.248562 0.933824
0.248593 0.933840
0.248613 0.933840
0.248675 0.933840
0.248726 0.933840
0.248746 0.933857
0.248767 0.933857
0.248808 0.933890
0.248818 0.933890
0.248839 0.933907
0.248870 0.933941
0.248952 0.933941
0.249013 0.933941
0.249044 0.933957
0.249085 0.933957
0.249116 0.933974
0.249136 0.934024
0.249167 0.934024
0.249187 0.934024
0.249269 0.934108
0.249372 0.934108
0.249413 0.934124
0.249444 0.934174
0.249516 0.934208
0.249546 0.934225
0.249608 0.934225
0.249628 0.934225
0.249639 0.934225
0.249700 0.934241
0.249751 0.934275
0.249762 0.934275
0.249823 0.934291
0.249864 0.934325
0.249895 0.934325
0.249967 0.934325
0.249997 0.934342
0.250018 0.934358
0.250038 0.934358
0.250069 0.934358
0.250110 0.934358
0.250182 0.934375
0.250213 0.934408
0.250285 0.934425
0.250326 0.934425
0.250356 0.934459
0.250367 0.934459
0.250387 0.934459
0.250449 0.934459
0.250531 0.934459
0.250602 0.934459
0.250643 0.934475
0.250684 0.934509
0.250705 0.934509
0.250766 0.934509
0.250807 0.934509
0.250849 0.934509
0.250900 0.934509
0.250931 0.934559
0.250951 0.934559
0.251013 0.934576
0.251054 0.934576
0.251074 0.934609
0.251146 0.934676
0.251166 0.934676
0.251228 0.934693
0.251248 0.934693
0.251279 0.934709
0.251310 0.934709
0.251310 0.934726
0.251371 0.934726
0.251392 0.934759
0.251402 0.934776
0.251464 0.934793
0.251484 0.934809
0.251536 0.934860
0.251587 0.934876
0.251618 0.934876
0.251648 0.934910
0.251700 0.934960
0.251730 0.934993
0.251761 0.934993
0.251792 0.935010
0.251843 0.935043
0.251853 0.935060
0.251894 0.935060
0.251905 0.935060
0.252007 0.935094
0.252038 0.935094
0.252089 0.935127
0.252192 0.935127
0.252202 0.935127
0.252243 0.935194
0.252253 0.935227
0.252315 0.935261
0.252335 0.935261
0.252335 0.935277
0.252356 0.935277
0.252428 0.935294
0.252448 0.935311
0.252458 0.935344
0.252499 0.935344
0.252530 0.935361
0.252592 0.935361
0.252653 0.935361
0.252684 0.935378
0.252704 0.935378
0.252745 0.935378
0.252766 0.935378
0.252807 0.935378
0.252827 0.935428
0.252848 0.935445
0.252879 0.935445
0.252930 0.935478
0.252940 0.935478
0.252971 0.935478
0.252992 0.935511
0.253002 0.935528
0.253022 0.935528
0.253084 0.935561
0.253125 0.935561
0.253166 0.935561
0.253197 0.935561
0.253258 0.935561
0.253309 0.935561
0.253340 0.935578
0.253350 0.935612
0.253422 0.935628
0.253453 0.935662
0.253463 0.935729
0.253504 0.935729
0.253566 0.935762
0.253638 0.935779
0.253648 0.935779
0.253689 0.935812
0.253720 0.935846
0.253730 0.935846
0.253771 0.935846
0.253802 0.935846
0.253832 0.935862
0.253843 0.935862
0.253894 0.935879
0.253904 0.935879
0.253925 0.935896
0.253976 0.935896
0.253996 0.935912
0.254007 0.935912
0.254048 0.935912
0.254109 0.935912
0.254160 0.935929
0.254181 0.935946
0.254191 0.935946
0.254222 0.935946
0.254284 0.935979
0.254335 0.935996
0.254386 0.935996
0.254407 0.936013
0.254427 0.936013
0.254468 0.936013
0.254489 0.936013
0.254519 0.936013
0.254540 0.936029
0.254550 0.936046
0.254591 0.936046
0.254653 0.936046
0.254714 0.936046
0.254745 0.936063
0.254755 0.936063
0.254796 0.936063
0.254847 0.936063
0.254888 0.936113
0.254919 0.936130
0.254940 0.936146
0.254981 0.936146
0.255022 0.936180
0.255053 0.936180
0.255094 0.936180
0.255114 0.936197
0.255135 0.936197
0.255176 0.936230
0.255227 0.936247
0.255258 0.936263
0.255299 0.936330
0.255340 0.936330
0.255401 0.936347
0.255483 0.936347
0.255545 0.936347
0.255565 0.936347
0.255575 0.936364
0.255596 0.936364
0.255637 0.936380
0.255658 0.936380
0.255699 0.936414
0.255729 0.936414
0.255791 0.936430
0.255801 0.936430
0.255832 0.936430
0.255863 0.936447
0.255883 0.936481
0.255924 0.936497
0.255955 0.936514
0.255975 0.936531
0.256016 0.936531
0.256068 0.936581
0.256109 0.936598
0.256119 0.936631
0.256129 0.936648
0.256160 0.936664
0.256180 0.936664
0.256232 0.936664
0.256304 0.936664
0.256324 0.936681
0.256365 0.936698
0.256416 0.936715
0.256437 0.936715
0.256468 0.936731
0.256488 0.936731
0.256509 0.936748
0.256509 0.936781
0.256550 0.936781
0.256560 0.936781
0.256611 0.936781
0.256642 0.936798
0.256652 0.936798
0.256683 0.936798
0.256734 0.936798
0.256755 0.936815
0.256806 0.936832
0.256816 0.936865
0.256826 0.936865
0.256888 0.936882
0.256908 0.936898
0.256919 0.936898
0.257001 0.936915
0.257032 0.936915
0.257073 0.936915
0.257083 0.936915
0.257114 0.936982
0.257134 0.936999
0.257196 0.937015
0.257267 0.937049
0.257298 0.937082
0.257360 0.937082
0.257370 0.937082
0.257442 0.937116
0.257483 0.937116
0.257513 0.937166
0.257565 0.937166
0.257585 0.937166
0.257595 0.937199
0.257647 0.937199
0.257657 0.937216
0.257739 0.937216
0.257811 0.937249
0.257852 0.937249
0.257944 0.937249
0.257985 0.937283
0.258016 0.937333
0.258047 0.937333
0.258067 0.937366
0.258077 0.937400
0.258118 0.937433
0.258180 0.937433
0.258221 0.937450
0.258241 0.937450
0.258252 0.937450
0.258262 0.937483
0.258334 0.937483
0.258334 0.937500
0.258365 0.937500
0.258406 0.937517
0.258406 0.937533
0.258426 0.937533
0.258457 0.937567
0.258488 0.937567
0.258508 0.937567
0.258549 0.937600
0.258580 0.937617
0.258631 0.937617
0.258662 0.937634
0.258672 0.937634
0.258744 0.937634
0.258846 0.937650
0.258877 0.937650
0.258949 0.937667
0.259000 0.937701
0.259021 0.937717
0.259062 0.937717
0.259082 0.937751
0.259113 0.937767
0.259164 0.937767
0.259195 0.937801
0.259246 0.937818
0.259287 0.937818
0.259318 0.937834
0.259349 0.937834
0.259369 0.937834
0.259369 0.937851
0.259421 0.937851
0.259431 0.937851
0.259482 0.937918
0.259503 0.937918
0.259513 0.937918
0.259513 0.937934
0.259564 0.937934
0.259605 0.937951
0.259626 0.937951
0.259687 0.937968
0.259718 0.937968
0.259769 0.937968
0.259821 0.938001
0.259851 0.938018
0.259882 0.938018
0.259944 0.938051
0.260036 0.938051
0.260087 0.938051
0.260097 0.938068
0.260169 0.938135
0.260169 0.938152
0.260210 0.938152
0.260220 0.938152
0.260261 0.938185
0.260302 0.938202
0.260313 0.938219
0.260333 0.938252
0.260374 0.938269
0.260426 0.938269
0.260487 0.938269
0.260528 0.938269
0.260549 0.938285
0.260600 0.938285
0.260600 0.938302
0.260620 0.938352
0.260651 0.938352
0.260743 0.938369
0.260846 0.938369
0.260856 0.938369
0.260887 0.938369
0.260979 0.938369
0.261000 0.938402
0.261041 0.938419
0.261072 0.938419
0.261195 0.938419
0.261215 0.938419
0.261256 0.938419
0.261287 0.938453
0.261307 0.938486
0.261379 0.938519
0.261430 0.938519
0.261471 0.938536
0.261543 0.938536
0.261553 0.938536
0.261615 0.938570
0.261625 0.938570
0.261707 0.938570
0.261748 0.938603
0.261769 0.938603
0.261789 0.938620
0.261820 0.938636
0.261882 0.938670
0.261902 0.938686
0.261943 0.938703
0.262005 0.938753
0.262046 0.938753
0.262066 0.938803
0.262076 0.938837
0.262097 0.938837
0.262148 0.938837
0.262189 0.938870
0.262240 0.938870
0.262261 0.938870
0.262271 0.938887
0.262322 0.938887
0.262343 0.938904
0.262384 0.938920
0.262415 0.938971
0.262446 0.938971
0.262466 0.938987
0.262517 0.939004
0.262671 0.939021
0.262722 0.939021
0.262722 0.939037
0.262743 0.939071
0.262774 0.939071
0.262815 0.939071
0.262845 0.939121
0.262866 0.939138
0.262897 0.939154
0.262927 0.939154
0.262948 0.939188
0.262989 0.939188
0.263061 0.939188
0.263061 0.939205
0.263112 0.939221
0.263143 0.939271
0.263163 0.939288
0.263215 0.939288
0.263235 0.939288
0.263266 0.939305
0.263327 0.939305
0.263379 0.939338
0.263430 0.939355
0.263450 0.939372
0.263481 0.939388
0.263522 0.939422
0.263543 0.939422
0.263573 0.939422
0.263594 0.939422
0.263635 0.939422
0.263645 0.939439
0.263676 0.939455
0.263717 0.939489
0.263758 0.939489
0.263809 0.939505
0.263912 0.939539
0.263943 0.939572
0.263973 0.939589
0.264004 0.939589
0.264045 0.939589
0.264117 0.939656
0.264148 0.939656
0.264189 0.939656
0.264281 0.939656
0.264312 0.939656
0.264373 0.939656
0.264394 0.939672
0.264455 0.939672
0.264476 0.939689
0.264507 0.939689
0.264548 0.939706
0.264578 0.939723
0.264630 0.939723
0.264671 0.939739
0.264681 0.939756
0.264701 0.939756
0.264742 0.939756
0.264773 0.939773
0.264814 0.939773
0.264835 0.939773
0.264865 0.939806
0.264876 0.939823
0.264917 0.939823
0.264958 0.939873
0.264988 0.939873
0.265060 0.939873
0.265122 0.939873
0.265132 0.939873
0.265173 0.939890
0.265276 0.939890
0.265327 0.939923
0.265347 0.939923
0.265358 0.939923
0.265388 0.939940
0.265450 0.939973
0.265501 0.939973
0.265532 0.940023
0.265542 0.940023
0.265563 0.940023
0.265604 0.940040
0.265655 0.940057
0.265696 0.940057
0.265727 0.940074
0.265768 0.940074
0.265778 0.940090
0.265799 0.940107
0.265799 0.940124
0.265799 0.940157
0.265809 0.940191
0.265829 0.940207
0.265829 0.940224
0.265860 0.940224
0.265911 0.940241
0.265942 0.940241
0.265983 0.940257
0.266045 0.940257
0.266096 0.940257
0.266116 0.940257
0.266157 0.940257
0.266239 0.940291
0.266250 0.940291
0.266311 0.940324
0.266352 0.940374
0.266383 0.940408
0.266434 0.940441
0.266475 0.940491
0.266506 0.940508
0.266547 0.940508
0.266578 0.940508
0.266598 0.940508
0.266670 0.940508
0.266701 0.940508
0.266732 0.940525
0.266803 0.940558
0.266834 0.940558
0.266844 0.940575
0.266875 0.940575
0.266916 0.940592
0.266978 0.940592
0.266998 0.940608
0.267029 0.940658
0.267090 0.940658
0.267132 0.940692
0.267152 0.940709
0.267183 0.940759
0.267203 0.940759
0.267214 0.940775
0.267255 0.940775
0.267337 0.940809
0.267357 0.940809
0.267388 0.940809
0.267398 0.940826
0.267439 0.940826
0.267470 0.940859
0.267531 0.940859
0.267613 0.940892
0.267675 0.940892
0.267695 0.940892
0.267757 0.940926
0.267798 0.940926
0.267880 0.940943
0.267942 0.940976
0.267952 0.940993
0.267993 0.940993
0.268054 0.941026
0.268147 0.941076
0.268218 0.941076
0.268239 0.941076
0.268270 0.941076
0.268300 0.941110
0.268331 0.941110
0.268423 0.941143
0.268434 0.941143
0.268475 0.941160
0.268526 0.941193
0.268557 0.941210
0.268577 0.941210
0.268639 0.941210
0.268680 0.941210
0.268711 0.941227
0.268711 0.941243
0.268731 0.941260
0.268741 0.941277
0.268782 0.941277
0.268834 0.941310
0.268864 0.941310
0.268905 0.941310
0.268926 0.941344
0.268936 0.941360
0.268957 0.941377
0.269018 0.941394
0.269049 0.941427
0.269080 0.941444
0.269090 0.941444
0.269110 0.941444
0.269110 0.941461
0.269151 0.941461
0.269182 0.941477
0.269203 0.941477
0.269244 0.941477
0.269295 0.941494
0.269295 0.941511
0.269336 0.941527
0.269367 0.941561
0.269377 0.941561
0.269398 0.941578
0.269449 0.941594
0.269480 0.941611
0.269510 0.941611
0.269531 0.941611
0.269603 0.941628
0.269633 0.941628
0.269654 0.941644
0.269664 0.941661
0.269685 0.941661
0.269715 0.941678
0.269767 0.941711
0.269797 0.941728
0.269808 0.941728
0.269828 0.941745
0.269880 0.941795
0.269900 0.941795
0.269921 0.941811
0.269941 0.941811
0.270013 0.941828
0.270033 0.941828
0.270064 0.941828
0.270064 0.941912
0.270095 0.941912
0.270136 0.941962
0.270156 0.941995
0.270228 0.941995
0.270259 0.941995
0.270279 0.942012
0.270331 0.942012
0.270351 0.942029
0.270382 0.942029
0.270433 0.942029
0.270495 0.942029
0.270526 0.942045
0.270587 0.942096
0.270608 0.942146
0.270659 0.942179
0.270700 0.942196
0.270741 0.942196
0.270772 0.942196
0.270782 0.942229
0.270833 0.942263
0.270874 0.942263
0.270925 0.942279
0.270966 0.942279
0.271028 0.942313
0.271069 0.942313
0.271120 0.942346
0.271141 0.942346
0.271202 0.942363
0.271213 0.942363
0.271233 0.942380
0.271254 0.942380
0.271264 0.942413
0.271305 0.942413
0.271366 0.942430
0.271407 0.942430
0.271469 0.942430
0.271489 0.942430
0.271500 0.942447
0.271592 0.942463
0.271623 0.942463
0.271623 0.942497
0.271633 0.942497
0.271684 0.942513
0.271705 0.942513
0.271766 0.942513
0.271776 0.942513
0.271838 0.942547
0.271858 0.942547
0.271879 0.942580
0.271910 0.942580
0.271992 0.942580
0.272064 0.942614
0.272064 0.942630
0.272115 0.942630
0.272125 0.942630
0.272156 0.942680
0.272197 0.942714
0.272258 0.942714
0.272289 0.942731
0.272310 0.942764
0.272310 0.942781
0.272371 0.942781
0.272381 0.942797
0.272443 0.942797
0.272474 0.942797
0.272535 0.942848
0.272566 0.942848
0.272587 0.942864
0.272617 0.942881
0.272658 0.942898
0.272679 0.942931
0.272710 0.942931
0.272751 0.942948
0.272812 0.942965
0.272822 0.942965
0.272874 0.942981
0.272925 0.942981
0.272935 0.942981
0.272976 0.942998
0.273007 0.943015
0.273048 0.943015
0.273079 0.943048
0.273089 0.943048
0.273109 0.943048
0.273130 0.943115
0.273150 0.943115
0.273191 0.943115
0.273212 0.943132
0.273233 0.943132
0.273263 0.943132
0.273274 0.943132
0.273356 0.943148
0.273376 0.943148
0.273417 0.943148
0.273468 0.943182
0.273540 0.943182
0.273571 0.943182
0.273581 0.943199
0.273622 0.943199
0.273622 0.943215
0.273643 0.943232
0.273673 0.943249
0.273714 0.943265
0.273766 0.943282
0.273796 0.943282
0.273807 0.943282
0.273868 0.943316
0.273889 0.943316
0.273940 0.943332
0.273950 0.943332
0.274012 0.943332
0.274094 0.943349
0.274135 0.943349
0.274196 0.943366
0.274217 0.943366
0.274268 0.943382
0.274350 0.943416
0.274371 0.943466
0.274381 0.943483
0.274422 0.943533
0.274442 0.943533
0.274463 0.943549
0.274514 0.943600
0.274545 0.943616
0.274586 0.943633
0.274627 0.943633
0.274689 0.943650
0.274709 0.943666
0.274740 0.943700
0.274812 0.943750
0.274914 0.943767
0.274945 0.943767
0.275017 0.943783
0.275047 0.943817
0.275058 0.943817
0.275099 0.943834
0.275160 0.943834
0.275181 0.943867
0.275191 0.943884
0.275294 0.943951
0.275355 0.943967
0.275406 0.943967
0.275488 0.943984
0.275499 0.943984
0.275519 0.944001
0.275560 0.944017
0.275601 0.944017
0.275683 0.944017
0.275755 0.944034
0.275847 0.944051
0.275898 0.944101
0.275950 0.944101
0.275970 0.944101
0.275981 0.944118
0.276042 0.944134
0.276073 0.944134
0.276093 0.944134
0.276155 0.944134
0.276206 0.944151
0.276237 0.944151
0.276257 0.944151
0.276288 0.944184
0.276370 0.944184
0.276421 0.944184
0.276442 0.944184
0.276493 0.944201
0.276575 0.944218
0.276606 0.944218
0.276657 0.944251
0.276719 0.944285
0.276760 0.944301
0.276832 0.944318
0.276862 0.944352
0.276955 0.944352
0.277037 0.944352
0.277078 0.944352
0.277139 0.944385
0.277170 0.944402
0.277190 0.944402
0.277231 0.944435
0.277283 0.944435
0.277344 0.944435
0.277375 0.944435
0.277385 0.944435
0.277416 0.944469
0.277426 0.944469
0.277488 0.944502
0.277539 0.944502
0.277560 0.944519
0.277570 0.944552
0.277601 0.944552
0.277631 0.944569
0.277683 0.944586
0.277754 0.944586
0.277775 0.944586
0.277816 0.944586
0.277836 0.944602
0.277888 0.944602
0.277908 0.944619
0.277980 0.944619
0.278001 0.944619
0.278052 0.944619
0.278083 0.944619
0.278134 0.944686
0.278195 0.944703
0.278206 0.944719
0.278247 0.944719
0.278288 0.944769
0.278308 0.944786
0.278339 0.944803
0.278370 0.944803
0.278452 0.944803
0.278482 0.944836
0.278513 0.944853
0.278585 0.944853
0.278616 0.944870
0.278636 0.944886
0.278677 0.944886
0.278708 0.944903
0.278811 0.944903
0.278841 0.944936
0.278903 0.944970
0.278934 0.945003
0.278954 0.945003
0.278995 0.945037
0.279046 0.945037
0.279098 0.945053
0.279118 0.945053
0.279128 0.945070
0.279169 0.945070
0.279190 0.945087
0.279251 0.945104
0.279313 0.945154
0.279354 0.945170
0.279385 0.945187
0.279426 0.945187
0.279467 0.945204
0.279528 0.945204
0.279569 0.945237
0.279621 0.945237
0.279682 0.945254
0.279703 0.945271
0.279744 0.945271
0.279774 0.945287
0.279856 0.945304
0.279908 0.945304
0.279938 0.945371
0.279979 0.945388
0.280010 0.945388
0.280010 0.945421
0.280021 0.945438
0.280041 0.945488
0.280072 0.945488
0.280133 0.945488
0.280185 0.945488
0.280215 0.945521
0.280256 0.945521
0.280287 0.945521
0.280308 0.945538
0.280359 0.945555
0.280390 0.945555
0.280492 0.945555
0.280523 0.945555
0.280574 0.945555
0.280605 0.945555
0.280625 0.945572
0.280656 0.945588
0.280677 0.945588
0.280738 0.945588
0.280759 0.945622
0.280841 0.945622
0.280851 0.945638
0.280892 0.945655
0.280943 0.945655
0.280954 0.945689
0.281005 0.945739
0.281015 0.945739
0.281046 0.945755
0.281118 0.945772
0.281179 0.945805
0.281241 0.945805
0.281292 0.945822
0.281312 0.945822
0.281353 0.945839
0.281405 0.945839
0.281466 0.945839
0.281477 0.945856
0.281528 0.945889
0.281579 0.945906
0.281600 0.945906
0.281641 0.945906
0.281784 0.945939
0.281815 0.945939
0.281856 0.945939
0.281866 0.945956
0.281928 0.945956
0.282030 0.945956
0.282061 0.945956
0.282102 0.945956
0.282174 0.945956
0.282225 0.945956
0.282246 0.945956
0.282307 0.945956
0.282348 0.945956
0.282399 0.945956
0.282471 0.945989
0.282512 0.945989
0.282533 0.945989
0.282604 0.945989
0.282656 0.945989
0.282697 0.945989
0.282707 0.945989
0.282728 0.945989
0.282758 0.946006
0.282799 0.946006
0.282840 0.946006
0.282871 0.946006
0.282892 0.946006
0.282933 0.946023
0.282963 0.946039
0.283015 0.946090
0.283035 0.946123
0.283066 0.946123
0.283117 0.946123
0.283138 0.946123
0.283168 0.946123
0.283179 0.946123
0.283209 0.946123
0.283271 0.946123
0.283415 0.946156
0.283456 0.946173
0.283476 0.946190
0.283517 0.946190
0.283589 0.946207
0.283609 0.946207
0.283650 0.946207
0.283732 0.946207
0.283794 0.946223
0.283825 0.946240
0.283855 0.946273
0.283917 0.946290
0.283968 0.946290
0.283999 0.946340
0.284009 0.946374
0.284040 0.946374
0.284071 0.946390
0.284143 0.946407
0.284184 0.946407
0.284214 0.946407
0.284225 0.946424
0.284245 0.946441
0.284276 0.946441
0.284327 0.946441
0.284337 0.946457
0.284368 0.946457
0.284399 0.946491
0.284460 0.946524
0.284512 0.946541
0.284532 0.946557
0.284553 0.946557
0.284573 0.946574
0.284604 0.946574
0.284635 0.946591
0.284676 0.946591
0.284686 0.946608
0.284748 0.946624
0.284778 0.946624
0.284799 0.946641
0.284840 0.946658
0.284881 0.946658
0.284932 0.946658
0.284963 0.946674
0.284963 0.946691
0.285004 0.946708
0.285024 0.946725
0.285035 0.946725
0.285055 0.946741
0.285086 0.946758
0.285106 0.946758
0.285147 0.946775
0.285158 0.946775
0.285199 0.946775
0.285229 0.946825
0.285291 0.946842
0.285363 0.946875
0.285414 0.946875
0.285445 0.946892
0.285486 0.946892
0.285527 0.946925
0.285599 0.946925
0.285640 0.946942
0.285701 0.946942
0.285752 0.946942
0.285752 0.946959
0.285763 0.946992
0.285814 0.946992
0.285834 0.946992
0.285845 0.947009
0.285875 0.947009
0.285937 0.947009
0.285947 0.947025
0.285998 0.947042
0.286029 0.947092
0.286060 0.947092
0.286091 0.947126
0.286152 0.947126
0.286193 0.947126
0.286204 0.947126
0.286234 0.947159
0.286296 0.947159
0.286368 0.947176
0.286398 0.947176
0.286470 0.947193
0.286573 0.947193
0.286614 0.947193
0.286644 0.947193
0.286665 0.947226
0.286685 0.947259
0.286747 0.947326
0.286778 0.947343
0.286860 0.947376
0.286901 0.947376
0.286921 0.947393
0.286993 0.947410
0.287096 0.947410
0.287116 0.947426
0.287167 0.947477
0.287219 0.947510
0.287249 0.947510
0.287311 0.947527
0.287331 0.947527
0.287352 0.947543
0.287362 0.947543
0.287362 0.947560
0.287383 0.947560
0.287444 0.947560
0.287465 0.947560
0.287516 0.947594
0.287557 0.947610
0.287567 0.947610
0.287598 0.947610
0.287680 0.947660
0.287721 0.947677
0.287742 0.947694
0.287772 0.947727
0.287813 0.947744
0.287865 0.947761
0.287885 0.947777
0.287895 0.947777
0.287957 0.947777
0.287988 0.947794
0.287998 0.947794
0.288029 0.947794
0.288070 0.947794
0.288121 0.947794
0.288162 0.947811
0.288183 0.947811
0.288234 0.947811
0.288285 0.947844
0.288316 0.947844
0.288347 0.947878
0.288367 0.947894
0.288408 0.947928
0.288480 0.947945
0.288521 0.947945
0.288541 0.947945
0.288613 0.947978
0.288675 0.947978
0.288726 0.947978
0.288767 0.947978
0.288777 0.947978
0.288787 0.948011
0.288870 0.948011
0.288911 0.948011
0.288972 0.948045
0.289003 0.948045
0.289064 0.948078
0.289075 0.948112
0.289136 0.948145
0.289187 0.948145
0.289280 0.948145
0.289300 0.948162
0.289310 0.948195
0.289321 0.948195
0.289362 0.948195
0.289392 0.948212
0.289433 0.948245
0.289474 0.948295
0.289505 0.948295
0.289505 0.948346
0.289526 0.948362
0.289567 0.948362
0.289628 0.948362
0.289628 0.948379
0.289751 0.948412
0.289782 0.948429
0.289792 0.948429
0.289874 0.948429
0.289895 0.948463
0.289946 0.948463
0.290008 0.948463
0.290059 0.948463
0.290100 0.948463
0.290120 0.948496
0.290131 0.948513
0.290172 0.948529
0.290223 0.948563
0.290285 0.948580
0.290336 0.948596
0.290397 0.948613
0.290459 0.948646
0.290541 0.948663
0.290572 0.948663
0.290602 0.948680
0.290674 0.948680
0.290684 0.948680
0.290725 0.948713
0.290746 0.948730
0.290797 0.948730
0.290879 0.948747
0.290951 0.948747
0.290972 0.948747
0.290972 0.948797
0.290992 0.948797
0.291033 0.948797
0.291105 0.948814
0.291156 0.948814
0.291166 0.948830
0.291248 0.948864
0.291269 0.948880
0.291330 0.948897
0.291392 0.948930
0.291453 0.948947
0.291464 0.948981
0.291525 0.948981
0.291566 0.948981
0.291597 0.948997
0.291679 0.949031
0.291689 0.949031
0.291751 0.949031
0.291792 0.949031
0.291853 0.949047
0.291864 0.949047
0.291915 0.949047
0.291987 0.949047
0.292048 0.949047
0.292120 0.949047
0.292140 0.949064
0.292192 0.949064
0.292274 0.949064
0.292356 0.949081
0.292407 0.949114
0.292458 0.949131
0.292499 0.949131
0.292551 0.949131
0.292612 0.949131
0.292663 0.949181
0.292684 0.949181
0.292715 0.949181
0.292756 0.949181
0.292797 0.949198
0.292848 0.949198
0.292889 0.949198
0.292951 0.949198
0.292992 0.949198
0.293053 0.949215
0.293115 0.949215
0.293125 0.949215
0.293156 0.949231
0.293186 0.949231
0.293207 0.949231
0.293227 0.949265
0.293227 0.949281
0.293268 0.949281
0.293309 0.949332
0.293330 0.949332
0.293432 0.949348
0.293494 0.949365
0.293514 0.949398
0.293555 0.949415
0.293638 0.949415
0.293658 0.949449
0.293679 0.949449
0.293709 0.949465
0.293771 0.949482
0.293853 0.949549
0.293904 0.949566
0.293925 0.949582
0.293935 0.949599
0.293996 0.949616
0.294048 0.949649
0.294078 0.949666
0.294119 0.949699
0.294140 0.949733
0.294171 0.949749
0.294253 0.949766
0.294345 0.949783
0.294366 0.949783
0.294386 0.949816
0.294427 0.949816
0.294478 0.949816
0.294530 0.949850
0.294591 0.949850
0.294612 0.949866
0.294653 0.949866
0.294714 0.949866
0.294755 0.949866
0.294806 0.949866
0.294837 0.949883
0.294899 0.949883
0.294930 0.949916
0.295022 0.949916
0.295032 0.949916
0.295094 0.949916
0.295165 0.949933
0.295176 0.949933
0.295206 0.949967
0.295258 0.949983
0.295309 0.950033
0.295340 0.950050
0.295370 0.950050
0.295401 0.950084
0.295442 0.950084
0.295493 0.950084
0.295504 0.950100
0.295555 0.950100
0.295575 0.950100
0.295658 0.950134
0.295678 0.950167
0.295740 0.950201
0.295740 0.950217
0.295770 0.950217
0.295781 0.950217
0.295842 0.950217
0.295883 0.950217
0.295934 0.950217
0.295996 0.950251
0.296057 0.950284
0.296098 0.950284
0.296129 0.950368
0.296211 0.950401
0.296252 0.950434
0.296345 0.950451
0.296375 0.950468
0.296386 0.950468
0.296447 0.950468
0.296519 0.950468
0.296560 0.950468
0.296642 0.950518
0.296673 0.950518
0.296683 0.950535
0.296734 0.950535
0.296816 0.950568
0.296888 0.950585
0.296908 0.950585
0.296929 0.950635
0.296960 0.950635
0.296970 0.950652
0.297042 0.950652
0.297083 0.950652
0.297093 0.950685
0.297103 0.950685
0.297155 0.950685
0.297185 0.950685
0.297196 0.950719
0.297237 0.950752
0.297288 0.950769
0.297308 0.950769
0.297339 0.950802
0.297411 0.950802
0.297421 0.950819
0.297452 0.950819
0.297493 0.950819
0.297554 0.950819
0.297595 0.950819
0.297647 0.950819
0.297667 0.950819
0.297719 0.950852
0.297770 0.950869
0.297790 0.950869
0.297831 0.950869
0.297903 0.950886
0.297944 0.950886
0.297954 0.950902
0.297995 0.950936
0.298077 0.950936
0.298077 0.950969
0.298088 0.951036
0.298108 0.951053
0.298159 0.951070
0.298190 0.951070
0.298252 0.951070
0.298272 0.951086
0.298334 0.951103
0.298395 0.951103
0.298467 0.951103
0.298498 0.951153
0.298529 0.951170
0.298559 0.951170
0.298580 0.951186
0.298611 0.951186
0.298662 0.951203
0.298723 0.951237
0.298764 0.951253
0.298795 0.951253
0.298846 0.951303
0.298857 0.951303
0.298898 0.951303
0.298949 0.951303
0.299011 0.951303
0.299052 0.951303
0.299113 0.951303
0.299123 0.951303
0.299144 0.951303
0.299195 0.951320
0.299257 0.951320
0.299318 0.951320
0.299369 0.951370
0.299492 0.951370
0.299513 0.951370
0.299564 0.951370
0.299585 0.951387
0.299585 0.951404
0.299636 0.951420
0.299646 0.951420
0.299667 0.951437
0.299708 0.951437
0.299739 0.951454
0.299780 0.951454
0.299810 0.951487
0.299841 0.951487
0.299862 0.951487
0.299913 0.951487
0.299944 0.951487
0.300005 0.951504
0.300046 0.951504
0.300056 0.951504
0.300200 0.951537
0.300251 0.951537
0.300323 0.951554
0.300374 0.951571
0.300405 0.951588
0.300426 0.951621
0.300456 0.951621
0.300467 0.951638
0.300518 0.951654
0.300549 0.951688
0.300590 0.951721
0.300610 0.951755
0.300641 0.951771
0.300651 0.951771
0.300651 0.951788
0.300672 0.951805
0.300713 0.951822
0.300774 0.951838
0.300846 0.951838
0.300877 0.951872
0.300877 0.951922
0.300938 0.951922
0.300959 0.951939
0.300989 0.951939
0.301031 0.951939
0.301041 0.951939
0.301102 0.951939
0.301215 0.951955
0.301266 0.951955
0.301287 0.951972
0.301318 0.951972
0.301338 0.951972
0.301338 0.951989
0.301389 0.952022
0.301400 0.952022
0.301420 0.952039
0.301471 0.952039
0.301471 0.952072
0.301502 0.952106
0.301533 0.952122
0.301553 0.952139
0.301564 0.952139
0.301584 0.952156
0.301594 0.952172
0.301635 0.952172
0.301656 0.952172
0.301687 0.952206
0.301728 0.952223
0.301789 0.952223
0.301871 0.952223
0.301933 0.952223
0.302005 0.952223
0.302015 0.952223
0.302056 0.952239
0.302107 0.952239
0.302138 0.952239
0.302189 0.952239
0.302220 0.952273
0.302230 0.952273
0.302281 0.952273
0.302353 0.952306
0.302415 0.952306
0.302435 0.952306
0.302497 0.952340
0.302558 0.952340
0.302599 0.952340
0.302620 0.952340
0.302630 0.952340
0.302661 0.952340
0.302722 0.952356
0.302804 0.952390
0.302866 0.952390
0.302886 0.952406
0.302938 0.952423
0.303020 0.952440
0.303050 0.952473
0.303061 0.952490
0.303081 0.952507
0.303122 0.952523
0.303163 0.952523
0.303215 0.952523
0.303256 0.952557
0.303276 0.952557
0.303317 0.952574
0.303368 0.952590
0.303389 0.952607
0.303430 0.952624
0.303450 0.952624
0.303512 0.952624
0.303604 0.952624
0.303666 0.952640
0.303696 0.952657
0.303748 0.952657
0.303789 0.952691
0.303861 0.952691
0.303902 0.952707
0.303963 0.952707
0.303984 0.952707
0.304045 0.952707
0.304096 0.952707
0.304137 0.952707
0.304240 0.952707
0.304301 0.952724
0.304342 0.952741
0.304363 0.952757
0.304394 0.952774
0.304455 0.952774
0.304486 0.952774
0.304527 0.952774
0.304558 0.952774
0.304630 0.952791
0.304660 0.952791
0.304691 0.952807
0.304783 0.952824
0.304835 0.952824
0.304876 0.952841
0.304896 0.952858
0.304896 0.952874
0.304927 0.952924
0.304937 0.952924
0.305050 0.952924
0.305081 0.952924
0.305183 0.952958
0.305245 0.952958
0.305265 0.952975
0.305327 0.952975
0.305337 0.952975
0.305368 0.952975
0.305388 0.952991
0.305440 0.953008
0.305460 0.953041
0.305563 0.953041
0.305604 0.953041
0.305665 0.953075
0.305686 0.953075
0.305716 0.953075
0.305788 0.953075
0.305819 0.953075
0.305870 0.953075
0.305911 0.953075
0.305932 0.953092
0.305983 0.953142
0.306045 0.953142
0.306086 0.953175
0.306137 0.953175
0.306157 0.953175
0.306219 0.953175
0.306250 0.953175
0.306270 0.953242
0.306383 0.953259
0.306445 0.953259
0.306486 0.953259
0.306527 0.953292
0.306537 0.953292
0.306557 0.953292
0.306568 0.953309
0.306619 0.953342
0.306670 0.953342
0.306691 0.953342
0.306732 0.953342
0.306783 0.953342
0.306814 0.953359
0.306824 0.953376
0.306926 0.953376
0.306988 0.953376
0.307019 0.953409
0.307060 0.953409
0.307111 0.953409
0.307142 0.953426
0.307183 0.953426
0.307203 0.953426
0.307244 0.953426
0.307306 0.953426
0.307347 0.953459
0.307531 0.953459
0.307583 0.953459
0.307613 0.953476
0.307665 0.953476
0.307706 0.953476
0.307716 0.953476
0.307726 0.953493
0.307777 0.953509
0.307829 0.953509
0.307870 0.953559
0.307921 0.953576
0.307931 0.953576
0.307993 0.953576
0.308024 0.953593
0.308044 0.953626
0.308116 0.953626
0.308147 0.953626
0.308167 0.953626
0.308208 0.953626
0.308239 0.953660
0.308280 0.953727
0.308321 0.953727
0.308341 0.953727
0.308362 0.953743
0.308372 0.953743
0.308403 0.953743
0.308464 0.953760
0.308495 0.953760
0.308516 0.953793
0.308588 0.953810
0.308618 0.953827
0.308639 0.953877
0.308670 0.953877
0.308721 0.953877
0.308731 0.953910
0.308741 0.953910
0.308772 0.953927
0.308844 0.953927
0.308905 0.953944
0.308977 0.953944
0.309028 0.953944
0.309049 0.953961
0.309100 0.953994
0.309141 0.954011
0.309213 0.954011
0.309244 0.954011
0.309285 0.954027
0.309326 0.954027
0.309367 0.954044
0.309377 0.954044
0.309398 0.954044
0.309418 0.954094
0.309439 0.954094
0.309480 0.954094
0.309551 0.954094
0.309582 0.954128
0.309592 0.954128
0.309623 0.954128
0.309644 0.954128
0.309695 0.954128
0.309695 0.954178
0.309736 0.954211
0.309787 0.954245
0.309818 0.954261
0.309921 0.954261
0.309992 0.954278
0.310033 0.954278
0.310105 0.954295
0.310126 0.954295
0.310156 0.954328
0.310197 0.954328
0.310218 0.954362
0.310228 0.954362
0.310279 0.954362
0.310341 0.954378
0.310372 0.954395
0.310423 0.954395
0.310464 0.954412
0.310474 0.954412
0.310577 0.954445
0.310618 0.954445
0.310669 0.954462
0.310710 0.954462
0.310731 0.954462
0.310761 0.954462
0.310782 0.954479
0.310843 0.954479
0.310925 0.954479
0.310956 0.954479
0.311028 0.954479
0.311079 0.954479
0.311141 0.954479
0.311171 0.954529
0.311192 0.954545
0.311223 0.954562
0.311274 0.954562
0.311305 0.954596
0.311356 0.954612
0.311418 0.954629
0.311418 0.954646
0.311500 0.954662
0.311520 0.954662
0.311582 0.954662
0.311633 0.954662
0.311694 0.954679
0.311776 0.954679
0.311797 0.954679
0.311838 0.954696
0.311848 0.954696
0.311900 0.954713
0.311920 0.954729
0.311961 0.954729
0.311982 0.954729
0.312043 0.954779
0.312064 0.954779
0.312105 0.954796
0.312166 0.954796
0.312217 0.954796
0.312258 0.954796
0.312320 0.954796
0.312330 0.954796
0.312361 0.954796
0.312433 0.954796
0.312453 0.954830
0.312525 0.954863
0.312587 0.954863
0.312607 0.954863
0.312710 0.954896
0.312740 0.954896
0.312833 0.954947
0.312863 0.954963
0.312935 0.954963
0.312986 0.954963
0.313027 0.954963
0.313048 0.954980
0.313079 0.954980
0.313109 0.954997
0.313171 0.955030
0.313233 0.955030
0.313284 0.955030
0.313356 0.955030
0.313366 0.955030
0.313448 0.955030
0.313489 0.955030
0.313540 0.955047
0.313581 0.955064
0.313725 0.955064
0.313735 0.955064
0.313766 0.955064
0.313786 0.955064
0.313848 0.955064
0.313878 0.955064
0.313920 0.955097
0.313981 0.955147
0.314032 0.955164
0.314084 0.955164
0.314094 0.955164
0.314145 0.955164
0.314166 0.955164
0.314227 0.955197
0.314330 0.955197
0.314340 0.955197
0.314453 0.955197
0.314514 0.955197
0.314565 0.955197
0.314596 0.955214
0.314637 0.955214
0.314668 0.955214
0.314719 0.955231
0.314750 0.955231
0.314801 0.955231
0.314873 0.955247
0.314904 0.955264
0.314945 0.955264
0.314996 0.955281
0.315058 0.955281
0.315119 0.955297
0.315140 0.955297
0.315181 0.955297
0.315211 0.955297
0.315232 0.955331
0.315304 0.955364
0.315345 0.955364
0.315417 0.955398
0.315458 0.955398
0.315478 0.955414
0.315509 0.955448
0.315540 0.955448
0.315560 0.955448
0.315591 0.955448
0.315652 0.955448
0.315724 0.955465
0.315796 0.955531
0.315806 0.955531
0.315909 0.955531
0.315991 0.955531
0.316042 0.955531
0.316052 0.955531
0.316073 0.955531
0.316124 0.955531
0.316186 0.955565
0.316247 0.955582
0.316288 0.955598
0.316329 0.955598
0.316380 0.955615
0.316411 0.955632
0.316432 0.955632
0.316473 0.955632
0.316524 0.955632
0.316575 0.955648
0.316627 0.955648
0.316647 0.955648
0.316657 0.955648
0.316719 0.955665
0.316780 0.955665
0.316832 0.955665
0.316903 0.955665
0.316975 0.955682
0.317006 0.955699
0.317067 0.955699
0.317088 0.955732
0.317139 0.955732
0.317170 0.955765
0.317221 0.955799
0.317252 0.955849
0.317283 0.955849
0.317365 0.955849
0.317426 0.955899
0.317467 0.955899
0.317488 0.955932
0.317560 0.955949
0.317590 0.955949
0.317601 0.955949
0.317621 0.955949
0.317672 0.955983
0.317775 0.955983
0.317816 0.955983
0.317980 0.955983
0.318031 0.955999
0.318052 0.955999
0.318113 0.955999
0.318144 0.956033
0.318185 0.956049
0.318236 0.956049
0.318247 0.956049
0.318257 0.956083
0.318267 0.956083
0.318339 0.956083
0.318441 0.956083
0.318462 0.956083
0.318513 0.956083
0.318544 0.956100
0.318605 0.956100
0.318657 0.956116
0.318729 0.956116
0.318790 0.956116
0.318811 0.956116
0.318811 0.956150
0.318841 0.956150
0.318923 0.956150
0.318985 0.956166
0.319026 0.956166
0.319046 0.956183
0.319108 0.956183
0.319149 0.956183
0.319190 0.956217
0.319241 0.956233
0.319292 0.956233
0.319323 0.956233
0.319405 0.956233
0.319416 0.956250
0.319436 0.956283
0.319467 0.956300
0.319518 0.956300
0.319559 0.956300
0.319569 0.956300
0.319600 0.956300
0.319641 0.956300
0.319651 0.956300
0.319713 0.956300
0.319744 0.956300
0.319785 0.956300
0.319805 0.956300
0.319887 0.956300
0.319938 0.956317
0.320031 0.956334
0.320072 0.956334
0.320164 0.956334
0.320205 0.956334
0.320226 0.956334
0.320267 0.956350
0.320277 0.956384
0.320349 0.956400
0.320410 0.956400
0.320451 0.956400
0.320482 0.956417
0.320564 0.956417
0.320595 0.956417
0.320615 0.956434
0.320646 0.956434
0.320708 0.956434
0.320738 0.956451
0.320779 0.956451
0.320831 0.956451
0.320892 0.956451
0.320974 0.956451
0.321046 0.956467
0.321056 0.956467
0.321107 0.956501
0.321189 0.956501
0.321220 0.956501
0.321312 0.956534
0.321353 0.956534
0.321395 0.956534
0.321466 0.956551
0.321528 0.956551
0.321579 0.956551
0.321671 0.956568
0.321712 0.956584
0.321743 0.956584
0.321784 0.956584
0.321856 0.956584
0.321876 0.956601
0.321958 0.956634
0.321989 0.956651
0.322020 0.956651
0.322041 0.956668
0.322051 0.956668
0.322112 0.956684
0.322153 0.956684
0.322174 0.956684
0.322235 0.956701
0.322307 0.956701
0.322358 0.956701
0.322369 0.956735
0.322410 0.956751
0.322492 0.956768
0.322543 0.956785
0.322615 0.956785
0.322666 0.956835
0.322728 0.956852
0.322820 0.956852
0.322830 0.956868
0.322861 0.956868
0.322881 0.956885
0.322963 0.956885
0.322994 0.956902
0.323076 0.956902
0.323179 0.956952
0.323281 0.956952
0.323322 0.956985
0.323394 0.956985
0.323425 0.957019
0.323486 0.957019
0.323548 0.957035
0.323568 0.957035
0.323640 0.957035
0.323702 0.957069
0.323743 0.957069
0.323794 0.957069
0.323825 0.957069
0.323927 0.957069
0.323948 0.957102
0.323989 0.957152
0.324071 0.957152
0.324102 0.957169
0.324122 0.957203
0.324184 0.957253
0.324225 0.957253
0.324276 0.957286
0.324317 0.957303
0.324348 0.957320
0.324389 0.957320
0.324409 0.957320
0.324450 0.957320
0.324491 0.957336
0.324532 0.957336
0.324553 0.957353
0.324594 0.957353
0.324665 0.957353
0.324696 0.957353
0.324799 0.957353
0.324830 0.957370
0.324881 0.957386
0.324912 0.957386
0.324932 0.957386
0.324953 0.957403
0.324963 0.957403
0.324983 0.957420
0.325024 0.957436
0.325045 0.957453
0.325076 0.957470
0.325086 0.957470
0.325117 0.957487
0.325158 0.957487
0.325178 0.957487
0.325229 0.957487
0.325250 0.957487
0.325291 0.957503
0.325342 0.957503
0.325383 0.957503
0.325465 0.957503
0.325486 0.957520
0.325517 0.957537
0.325568 0.957537
0.325609 0.957553
0.325670 0.957570
0.325701 0.957570
0.325763 0.957587
0.325783 0.957604
0.325845 0.957604
0.325916 0.957604
0.325957 0.957620
0.326019 0.957620
0.326029 0.957620
0.326050 0.957620
0.326101 0.957637
0.326122 0.957654
0.326163 0.957654
0.326183 0.957654
0.326214 0.957654
0.326275 0.957654
0.326316 0.957670
0.326368 0.957704
0.326388 0.957704
0.326439 0.957737
0.326470 0.957737
0.326511 0.957737
0.326562 0.957737
0.326644 0.957737
0.326665 0.957737
0.326726 0.957737
0.326767 0.957754
0.326819 0.957754
0.326860 0.957771
0.326921 0.957787
0.326952 0.957787
0.326993 0.957821
0.327055 0.957821
0.327055 0.957854
0.327106 0.957871
0.327157 0.957871
0.327229 0.957871
0.327270 0.957871
0.327331 0.957871
0.327403 0.957921
0.327413 0.957921
0.327444 0.957938
0.327475 0.957938
0.327537 0.957955
0.327567 0.957955
0.327629 0.957955
0.327680 0.957955
0.327721 0.957988
0.327762 0.957988
0.327854 0.957988
0.327895 0.957988
0.327947 0.957988
0.328008 0.957988
0.328039 0.957988
0.328070 0.958005
0.328100 0.958005
0.328162 0.958005
0.328203 0.958021
0.328213 0.958038
0.328244 0.958038
0.328285 0.958038
0.328347 0.958055
0.328377 0.958055
0.328429 0.958072
0.328449 0.958105
0.328552 0.958105
0.328552 0.958138
0.328593 0.958138
0.328623 0.958155
0.328644 0.958155
0.328746 0.958172
0.328787 0.958172
0.328808 0.958172
0.328859 0.958172
0.328880 0.958189
0.328900 0.958189
0.328941 0.958205
0.329003 0.958205
0.329075 0.958205
0.329187 0.958222
0.329208 0.958222
0.329249 0.958255
0.329300 0.958255
0.329341 0.958272
0.329362 0.958289
0.329444 0.958289
0.329454 0.958305
0.329526 0.958305
0.329546 0.958339
0.329577 0.958339
0.329598 0.958339
0.329628 0.958356
0.329680 0.958372
0.329690 0.958372
0.329710 0.958372
0.329762 0.958372
0.329803 0.958372
0.329813 0.958406
0.329854 0.958439
0.329885 0.958439
0.329895 0.958456
0.329956 0.958456
0.329977 0.958456
0.330028 0.958473
0.330049 0.958473
0.330079 0.958473
0.330161 0.958489
0.330223 0.958489
0.330274 0.958489
0.330305 0.958506
0.330346 0.958506
0.330428 0.958523
0.330459 0.958539
0.330592 0.958539
0.330633 0.958539
0.330684 0.958539
0.330725 0.958539
0.330777 0.958539
0.330807 0.958539
0.330849 0.958556
0.330920 0.958556
0.330982 0.958556
0.331054 0.958556
0.331136 0.958556
0.331156 0.958573
0.331187 0.958606
0.331207 0.958606
0.331248 0.958606
0.331300 0.958606
0.331320 0.958623
0.331351 0.958673
0.331382 0.958707
0.331464 0.958707
0.331505 0.958723
0.331597 0.958723
0.331628 0.958723
0.331689 0.958723
0.331761 0.958723
0.331812 0.958723
0.331843 0.958723
0.331874 0.958757
0.331925 0.958773
0.332028 0.958790
0.332079 0.958790
0.332099 0.958807
0.332161 0.958840
0.332233 0.958840
0.332243 0.958840
0.332264 0.958840
0.332335 0.958840
0.332366 0.958874
0.332428 0.958890
0.332479 0.958890
0.332510 0.958890
0.332561 0.958924
0.332571 0.958924
0.332612 0.958974
0.332663 0.958991
0.332694 0.959007
0.332715 0.959024
0.332807 0.959024
0.332868 0.959024
0.332951 0.959024
0.332992 0.959024
0.333033 0.959057
0.333084 0.959074
0.333176 0.959074
0.333217 0.959091
0.333258 0.959091
0.333320 0.959091
0.333340 0.959108
0.333402 0.959124
0.333504 0.959124
0.333514 0.959124
0.333545 0.959141
0.333627 0.959158
0.333648 0.959174
0.333699 0.959174
0.333781 0.959174
0.333853 0.959191
0.333904 0.959208
0.333955 0.959258
0.334037 0.959258
0.334078 0.959258
0.334089 0.959258
0.334191 0.959275
0.334212 0.959275
0.334243 0.959275
0.334273 0.959308
0.334345 0.959308
0.334407 0.959325
0.334478 0.959342
0.334540 0.959342
0.334581 0.959342
0.334622 0.959375
0.334694 0.959392
0.334776 0.959425
0.334827 0.959425
0.334847 0.959459
0.334847 0.959475
0.334940 0.959475
0.335001 0.959542
0.335063 0.959542
0.335094 0.959542
0.335186 0.959542
0.335227 0.959576
0.335268 0.959576
0.335288 0.959609
0.335309 0.959626
0.335340 0.959626
0.335370 0.959642
0.335432 0.959693
0.335473 0.959693
0.335524 0.959693
0.335606 0.959693
0.335709 0.959693
0.335719 0.959726
0.335822 0.959726
0.335852 0.959726
0.335914 0.959726
0.335955 0.959726
0.335996 0.959759
0.336047 0.959809
0.336088 0.959809
0.336242 0.959826
0.336283 0.959826
0.336334 0.959826
0.336355 0.959826
0.336396 0.959843
0.336457 0.959860
0.336498 0.959893
0.336560 0.959910
0.336601 0.959926
0.336652 0.959926
0.336724 0.959943
0.336775 0.959943
0.336816 0.959977
0.336847 0.959993
0.336950 0.959993
0.337001 0.960027
0.337042 0.960077
0.337114 0.960110
0.337196 0.960110
0.337216 0.960110
0.337247 0.960110
0.337278 0.960144
0.337308 0.960160
0.337370 0.960160
0.337380 0.960177
0.337421 0.960177
0.337483 0.960194
0.337575 0.960194
0.337626 0.960194
0.337667 0.960194
0.337729 0.960194
0.337852 0.960194
0.337934 0.960211
0.337954 0.960227
0.337975 0.960227
0.338026 0.960244
0.338088 0.960294
0.338098 0.960311
0.338129 0.960311
0.338252 0.960344
0.338282 0.960344
0.338395 0.960361
0.338426 0.960361
0.338436 0.960394
0.338498 0.960411
0.338539 0.960428
0.338600 0.960445
0.338611 0.960478
0.338621 0.960478
0.338652 0.960495
0.338713 0.960511
0.338775 0.960561
0.338805 0.960561
0.338857 0.960561
0.338877 0.960578
0.338918 0.960595
0.338990 0.960628
0.339000 0.960628
0.339082 0.960628
0.339134 0.960628
0.339154 0.960628
0.339205 0.960628
0.339277 0.960645
0.339308 0.960662
0.339359 0.960678
0.339441 0.960695
0.339482 0.960695
0.339533 0.960712
0.339533 0.960729
0.339574 0.960729
0.339646 0.960745
0.339667 0.960762
0.339687 0.960762
0.339749 0.960762
0.339821 0.960779
0.339872 0.960795
0.339892 0.960812
0.339954 0.960812
0.340005 0.960812
0.340046 0.960812
0.340108 0.960846
0.340169 0.960846
0.340220 0.960896
0.340251 0.960912
0.340282 0.960946
0.340323 0.960946
0.340436 0.960946
0.340487 0.960963
0.340528 0.960979
0.340631 0.960996
0.340723 0.961013
0.340784 0.961029
0.340825 0.961029
0.340836 0.961029
0.340928 0.961029
0.341000 0.961063
0.341031 0.961063
0.341082 0.961080
0.341113 0.961113
0.341174 0.961113
0.341246 0.961113
0.341266 0.961163
0.341318 0.961213
0.341348 0.961213
0.341389 0.961230
0.341441 0.961247
0.341482 0.961263
0.341492 0.961280
0.341574 0.961314
0.341625 0.961330
0.341646 0.961330
0.341687 0.961347
0.341718 0.961347
0.341738 0.961380
0.341830 0.961397
0.341923 0.961397
0.341964 0.961414
0.341974 0.961430
0.342056 0.961430
0.342087 0.961430
0.342128 0.961447
0.342158 0.961447
0.342220 0.961447
0.342261 0.961481
0.342322 0.961481
0.342374 0.961481
0.342394 0.961481
0.342435 0.961481
0.342507 0.961514
0.342528 0.961514
0.342569 0.961531
0.342599 0.961531
0.342610 0.961531
0.342630 0.961531
0.342692 0.961531
0.342712 0.961531
0.342794 0.961547
0.342856 0.961547
0.342938 0.961547
0.342968 0.961564
0.343040 0.961564
0.343071 0.961564
0.343122 0.961581
0.343174 0.961614
0.343225 0.961614
0.343286 0.961614
0.343338 0.961631
0.343399 0.961631
0.343440 0.961631
0.343450 0.961631
0.343491 0.961648
0.343532 0.961648
0.343543 0.961664
0.343594 0.961664
0.343625 0.961664
0.343666 0.961681
0.343717 0.961681
0.343768 0.961715
0.343799 0.961765
0.343871 0.961815
0.343912 0.961832
0.343943 0.961832
0.344014 0.961848
0.344035 0.961848
0.344096 0.961865
0.344117 0.961865
0.344127 0.961882
0.344178 0.961882
0.344230 0.961915
0.344312 0.961915
0.344394 0.961915
0.344414 0.961915
0.344476 0.961915
0.344527 0.961949
0.344558 0.961965
0.344599 0.962015
0.344640 0.962015
0.344722 0.962032
0.344783 0.962032
0.344814 0.962032
0.344845 0.962049
0.344906 0.962049
0.344937 0.962049
0.344988 0.962049
0.345050 0.962082
0.345050 0.962116
0.345091 0.962116
0.345091 0.962149
0.345142 0.962166
0.345183 0.962166
0.345214 0.962166
0.345235 0.962166
0.345296 0.962182
0.345337 0.962199
0.345388 0.962199
0.345399 0.962199
0.345491 0.962216
0.345542 0.962216
0.345593 0.962233
0.345634 0.962266
0.345665 0.962266
0.345716 0.962266
0.345778 0.962283
0.345799 0.962283
0.345819 0.962299
0.345850 0.962333
0.345870 0.962333
0.345942 0.962333
0.345983 0.962333
0.346045 0.962333
0.346096 0.962333
0.346137 0.962333
0.346188 0.962333
0.346209 0.962400
0.346260 0.962400
0.346383 0.962400
0.346424 0.962400
0.346486 0.962450
0.346547 0.962467
0.346588 0.962467
0.346650 0.962467
0.346732 0.962483
0.346783 0.962483
0.346824 0.962500
0.346834 0.962500
0.346865 0.962500
0.346947 0.962500
0.346967 0.962500
0.346978 0.962500
0.347019 0.962517
0.347101 0.962517
0.347142 0.962550
0.347183 0.962567
0.347244 0.962600
0.347296 0.962617
0.347347 0.962617
0.347408 0.962617
0.347470 0.962634
0.347511 0.962634
0.347572 0.962650
0.347603 0.962650
0.347665 0.962650
0.347757 0.962667
0.347767 0.962667
0.347860 0.962667
0.347931 0.962701
0.347983 0.962701
0.348013 0.962717
0.348044 0.962717
0.348054 0.962734
0.348075 0.962751
0.348085 0.962767
0.348095 0.962767
0.348136 0.962784
0.348177 0.962784
0.348208 0.962801
0.348290 0.962801
0.348300 0.962801
0.348321 0.962801
0.348372 0.962801
0.348464 0.962834
0.348557 0.962834
0.348567 0.962834
0.348608 0.962851
0.348639 0.962851
0.348659 0.962884
0.348680 0.962884
0.348721 0.962884
0.348762 0.962918
0.348844 0.962968
0.348895 0.962968
0.348957 0.962968
0.349018 0.962985
0.349049 0.962985
0.349069 0.963001
0.349141 0.963001
0.349172 0.963001
0.349234 0.963035
0.349244 0.963035
0.349254 0.963102
0.349295 0.963102
0.349367 0.963102
0.349428 0.963102
0.349449 0.963102
0.349459 0.963152
0.349510 0.963152
0.349572 0.963152
0.349582 0.963168
0.349592 0.963202
0.349623 0.963202
0.349746 0.963269
0.349787 0.963269
0.349818 0.963302
0.349849 0.963302
0.349910 0.963302
0.349931 0.963302
0.349972 0.963302
0.350003 0.963302
0.350033 0.963336
0.350064 0.963386
0.350126 0.963386
0.350167 0.963386
0.350249 0.963402
0.350290 0.963419
0.350341 0.963419
0.350372 0.963436
0.350433 0.963453
0.350454 0.963469
0.350495 0.963469
0.350556 0.963469
0.350618 0.963503
0.350659 0.963503
0.350823 0.963503
0.350854 0.963536
0.350925 0.963536
0.350966 0.963536
0.350987 0.963536
0.351059 0.963570
0.351130 0.963570
0.351182 0.963570
0.351254 0.963586
0.351295 0.963603
0.351418 0.963620
0.351541 0.963620
0.351592 0.963620
0.351623 0.963636
0.351684 0.963653
0.351705 0.963653
0.351766 0.963653
0.351869 0.963653
0.351961 0.963653
0.351992 0.963686
0.352012 0.963686
0.352053 0.963686
0.352105 0.963720
0.352156 0.963720
0.352228 0.963737
0.352279 0.963753
0.352320 0.963753
0.352381 0.963753
0.352402 0.963753
0.352443 0.963753
0.352463 0.963753
0.352515 0.963753
0.352556 0.963753
0.352607 0.963787
0.352628 0.963787
0.352669 0.963820
0.352720 0.963854
0.352771 0.963870
0.352833 0.963870
0.352884 0.963870
0.352915 0.963904
0.352966 0.963904
0.353027 0.963904
0.353068 0.963904
0.353099 0.963920
0.353171 0.963987
0.353212 0.963987
0.353263 0.963987
0.353294 0.964004
0.353304 0.964004
0.353345 0.964054
0.353407 0.964088
0.353499 0.964088
0.353602 0.964088
0.353612 0.964088
0.353632 0.964121
0.353714 0.964171
0.353745 0.964188
0.353817 0.964205
0.353837 0.964221
0.353940 0.964221
0.353950 0.964221
0.353981 0.964238
0.354022 0.964255
0.354053 0.964288
0.354084 0.964305
0.354125 0.964355
0.354155 0.964372
0.354196 0.964372
0.354258 0.964372
0.354268 0.964372
0.354289 0.964388
0.354299 0.964388
0.354360 0.964405
0.354412 0.964405
0.354483 0.964455
0.354494 0.964455
0.354545 0.964472
0.354565 0.964472
0.354596 0.964489
0.354637 0.964489
0.354648 0.964505
0.354678 0.964505
0.354730 0.964522
0.354740 0.964539
0.354771 0.964555
0.354822 0.964572
0.354842 0.964606
0.354894 0.964606
0.354945 0.964639
0.355006 0.964689
0.355017 0.964689
0.355068 0.964689
0.355129 0.964739
0.355211 0.964739
0.355314 0.964773
0.355458 0.964773
0.355458 0.964789
0.355468 0.964789
0.355540 0.964789
0.355622 0.964789
0.355683 0.964789
0.355745 0.964806
0.355796 0.964840
0.355857 0.964840
0.355898 0.964840
0.355929 0.964856
0.355970 0.964873
0.355991 0.964873
0.356001 0.964873
0.356093 0.964873
0.356155 0.964890
0.356165 0.964923
0.356237 0.964973
0.356298 0.965023
0.356391 0.965057
0.356473 0.965090
0.356503 0.965090
0.356534 0.965124
0.356534 0.965157
0.356544 0.965157
0.356575 0.965174
0.356627 0.965174
0.356698 0.965191
0.356709 0.965191
0.356750 0.965191
0.356811 0.965191
0.356914 0.965191
0.356955 0.965191
0.357037 0.965207
0.357078 0.965207
0.357108 0.965224
0.357180 0.965241
0.357221 0.965241
0.357283 0.965241
0.357324 0.965241
0.357447 0.965241
0.357467 0.965257
0.357498 0.965257
0.357580 0.965257
0.357611 0.965257
0.357652 0.965257
0.357703 0.965257
0.357744 0.965257
0.357795 0.965291
0.357806 0.965291
0.357888 0.965291
0.357939 0.965291
0.357970 0.965291
0.358031 0.965307
0.358072 0.965307
0.358134 0.965307
0.358185 0.965324
0.358236 0.965324
0.358288 0.965341
0.358308 0.965341
0.358318 0.965358
0.358359 0.965374
0.358441 0.965374
0.358462 0.965391
0.358493 0.965391
0.358564 0.965408
0.358585 0.965408
0.358626 0.965408
0.358636 0.965408
0.358688 0.965408
0.358749 0.965408
0.358800 0.965408
0.358841 0.965408
0.358882 0.965408
0.358913 0.965408
0.358913 0.965424
0.358944 0.965458
0.358985 0.965491
0.359016 0.965508
0.359036 0.965508
0.359087 0.965525
0.359159 0.965541
0.359190 0.965541
0.359272 0.965541
0.359323 0.965592
0.359344 0.965592
0.359416 0.965592
0.359426 0.965608
0.359498 0.965608
0.359549 0.965625
0.359621 0.965642
0.359662 0.965642
0.359733 0.965658
0.359764 0.965709
0.359795 0.965725
0.359836 0.965759
0.359856 0.965759
0.359949 0.965759
0.359979 0.965775
0.360031 0.965792
0.360092 0.965809
0.360123 0.965809
0.360174 0.965809
0.360215 0.965809
0.360236 0.965809
0.360256 0.965809
0.360287 0.965826
0.360451 0.965826
0.360472 0.965842
0.360513 0.965842
0.360543 0.965876
0.360564 0.965876
0.360636 0.965909
0.360646 0.965926
0.360666 0.965926
0.360718 0.965959
0.360728 0.965959
0.360810 0.965976
0.360841 0.965993
0.360861 0.965993
0.360861 0.966009
0.360913 0.966009
0.360984 0.966026
0.361107 0.966026
0.361179 0.966026
0.361261 0.966043
0.361343 0.966043
0.361353 0.966059
0.361374 0.966076
0.361425 0.966110
0.361446 0.966110
0.361456 0.966110
0.361487 0.966110
0.361528 0.966110
0.361589 0.966110
0.361641 0.966110
0.361682 0.966110
0.361764 0.966143
0.361825 0.966176
0.361897 0.966227
0.361958 0.966227
0.362030 0.966227
0.362092 0.966243
0.362123 0.966310
0.362184 0.966310
0.362235 0.966310
0.362276 0.966310
0.362358 0.966327
0.362461 0.966394
0.362512 0.966394
0.362584 0.966394
0.362635 0.966394
0.362676 0.966410
0.362758 0.966410
0.362769 0.966410
0.362789 0.966444
0.362820 0.966461
0.362902 0.966461
0.362922 0.966461
0.362953 0.966461
0.362994 0.966461
0.363025 0.966477
0.363076 0.966477
0.363127 0.966511
0.363158 0.966511
0.363199 0.966511
0.363220 0.966511
0.363261 0.966511
0.363291 0.966527
0.363415 0.966527
0.363476 0.966544
0.363527 0.966544
0.363558 0.966544
0.363568 0.966544
0.363661 0.966544
0.363732 0.966561
0.363794 0.966561
0.363804 0.966561
0.363866 0.966561
0.363876 0.966578
0.363907 0.966578
0.363999 0.966594
0.364060 0.966611
0.364102 0.966611
0.364173 0.966611
0.364266 0.966644
0.364327 0.966661
0.364389 0.966661
0.364450 0.966695
0.364460 0.966711
0.364553 0.966711
0.364583 0.966711
0.364614 0.966745
0.364645 0.966745
0.364686 0.966745
0.364717 0.966745
0.364809 0.966745
0.364881 0.966761
0.364932 0.966778
0.364963 0.966828
0.365055 0.966828
0.365168 0.966828
0.365188 0.966828
0.365240 0.966845
0.365250 0.966845
0.365311 0.966845
0.365414 0.966862
0.365486 0.966912
0.365558 0.966912
0.365578 0.966928
0.365691 0.966945
0.365732 0.966962
0.365773 0.967045
0.365783 0.967045
0.365793 0.967062
0.365814 0.967062
0.365875 0.967062
0.365927 0.967062
0.366029 0.967112
0.366070 0.967146
0.366142 0.967179
0.366214 0.967179
0.366224 0.967229
0.366255 0.967246
0.366306 0.967263
0.366316 0.967263
0.366398 0.967263
0.366460 0.967263
0.366470 0.967263
0.366562 0.967279
0.366603 0.967279
0.366716 0.967279
0.366788 0.967279
0.366860 0.967296
0.366870 0.967313
0.366880 0.967313
0.366901 0.967313
0.366952 0.967330
0.366993 0.967363
0.367096 0.967363
0.367147 0.967380
0.367157 0.967396
0.367229 0.967413
0.367280 0.967413
0.367311 0.967447
0.367413 0.967463
0.367444 0.967480
0.367526 0.967497
0.367598 0.967497
0.367619 0.967513
0.367649 0.967513
0.367711 0.967530
0.367721 0.967547
0.367752 0.967547
0.367813 0.967564
0.367865 0.967564
0.367885 0.967564
0.367936 0.967580
0.368029 0.967580
0.368070 0.967580
0.368121 0.967597
0.368152 0.967597
0.368203 0.967597
0.368316 0.967614
0.368367 0.967614
0.368449 0.967614
0.368511 0.967647
0.368552 0.967664
0.368562 0.967680
0.368623 0.967680
0.368726 0.967680
0.368777 0.967697
0.368839 0.967697
0.368859 0.967697
0.368890 0.967714
0.368952 0.967731
0.368982 0.967797
0.369023 0.967797
0.369075 0.967797
0.369167 0.967831
0.369208 0.967831
0.369269 0.967831
0.369351 0.967864
0.369464 0.967864
0.369516 0.967898
0.369536 0.967914
0.369557 0.967914
0.369577 0.967931
0.369587 0.967981
0.369659 0.967981
0.369700 0.967981
0.369782 0.967981
0.369813 0.967981
0.369854 0.967998
0.369905 0.968015
0.369967 0.968015
0.370049 0.968031
0.370079 0.968031
0.370151 0.968048
0.370203 0.968065
0.370203 0.968098
0.370264 0.968115
0.370285 0.968132
0.370346 0.968148
0.370377 0.968165
0.370408 0.968165
0.370490 0.968165
0.370520 0.968182
0.370541 0.968182
0.370592 0.968199
0.370643 0.968199
0.370684 0.968199
0.370777 0.968199
0.370818 0.968199
0.370849 0.968215
0.370941 0.968249
0.371023 0.968249
0.371064 0.968265
0.371105 0.968299
0.371136 0.968299
0.371207 0.968299
0.371269 0.968299
0.371330 0.968299
0.371382 0.968316
0.371453 0.968316
0.371536 0.968316
0.371597 0.968316
0.371638 0.968316
0.371710 0.968349
0.371710 0.968366
0.371782 0.968366
0.371833 0.968366
0.371905 0.968366
0.371946 0.968366
0.372028 0.968366
0.372069 0.968366
0.372130 0.968366
0.372171 0.968366
0.372192 0.968399
0.372253 0.968416
0.372294 0.968416
0.372346 0.968416
0.372428 0.968416
0.372469 0.968416
0.372561 0.968416
0.372622 0.968416
0.372663 0.968432
0.372694 0.968432
0.372735 0.968449
0.372776 0.968449
0.372797 0.968466
0.372848 0.968466
0.372920 0.968466
0.372951 0.968499
0.373053 0.968516
0.373094 0.968516
0.373145 0.968533
0.373176 0.968566
0.373217 0.968583
0.373248 0.968650
0.373279 0.968666
0.373361 0.968666
0.373432 0.968666
0.373484 0.968666
0.373525 0.968683
0.373555 0.968683
0.373555 0.968700
0.373566 0.968733
0.373576 0.968750
0.373658 0.968750
0.373720 0.968783
0.373761 0.968817
0.373812 0.968850
0.373832 0.968884
0.373894 0.968917
0.373976 0.968917
0.374089 0.968951
0.374109 0.968951
0.374171 0.968951
0.374232 0.968967
0.374314 0.968984
0.374335 0.968984
0.374437 0.968984
0.374519 0.968984
0.374591 0.969001
0.374612 0.969001
0.374642 0.969001
0.374683 0.969017
0.374714 0.969017
0.374755 0.969017
0.374776 0.969017
0.374827 0.969034
0.374837 0.969051
0.374858 0.969051
0.374868 0.969084
0.374899 0.969084
0.375042 0.969101
0.375135 0.969118
0.375176 0.969134
0.375319 0.969134
0.375381 0.969151
0.375442 0.969151
0.375442 0.969168
0.375463 0.969168
0.375504 0.969184
0.375565 0.969184
0.375617 0.969251
0.375647 0.969268
0.375729 0.969285
0.375770 0.969301
0.375822 0.969301
0.375842 0.969301
0.375873 0.969301
0.375934 0.969318
0.375955 0.969318
0.376047 0.969335
0.376109 0.969335
0.376139 0.969335
0.376232 0.969352
0.376262 0.969352
0.376304 0.969385
0.376355 0.969402
0.376386 0.969402
0.376447 0.969402
0.376488 0.969402
0.376539 0.969402
0.376570 0.969402
0.376632 0.969418
0.376673 0.969452
0.376703 0.969452
0.376734 0.969485
0.376816 0.969519
0.376867 0.969519
0.376908 0.969535
0.376970 0.969552
0.376991 0.969552
0.377093 0.969586
0.377175 0.969586
0.377226 0.969602
0.377278 0.969602
0.377278 0.969636
0.377298 0.969636
0.377329 0.969669
0.377349 0.969703
0.377452 0.969703
0.377524 0.969703
0.377565 0.969719
0.377647 0.969736
0.377719 0.969736
0.377749 0.969736
0.377801 0.969736
0.377893 0.969769
0.377965 0.969786
0.378026 0.969786
0.378067 0.969786
0.378098 0.969803
0.378159 0.969803
0.378231 0.969803
0.378272 0.969803
0.378303 0.969803
0.378354 0.969803
0.378436 0.969803
0.378508 0.969820
0.378611 0.969820
0.378723 0.969820
0.378734 0.969820
0.378795 0.969820
0.378836 0.969870
0.378877 0.969870
0.378918 0.969886
0.378980 0.969886
0.379021 0.969886
0.379052 0.969886
0.379123 0.969903
0.379164 0.969920
0.379185 0.969920
0.379226 0.969920
0.379226 0.969936
0.379298 0.969936
0.379318 0.969953
0.379349 0.969953
0.379390 0.969953
0.379503 0.969953
0.379533 0.969953
0.379544 0.969953
0.379585 0.969987
0.379626 0.969987
0.379667 0.970020
0.379759 0.970037
0.379810 0.970070
0.379862 0.970087
0.379882 0.970087
0.379923 0.970087
0.379964 0.970104
0.380067 0.970137
0.380118 0.970187
0.380169 0.970221
0.380200 0.970254
0.380261 0.970271
0.380282 0.970271
0.380323 0.970271
0.380395 0.970287
0.380426 0.970287
0.380456 0.970304
0.380569 0.970304
0.380631 0.970304
0.380743 0.970304
0.380805 0.970354
0.380866 0.970354
0.380877 0.970354
0.380907 0.970354
0.380948 0.970371
0.381061 0.970371
0.381113 0.970371
0.381184 0.970371
0.381236 0.970371
0.381277 0.970371
0.381369 0.970388
0.381400 0.970388
0.381482 0.970388
0.381533 0.970404
0.381543 0.970404
0.381635 0.970404
0.381687 0.970404
0.381769 0.970404
0.381820 0.970404
0.381943 0.970438
0.381994 0.970455
0.382025 0.970455
0.382066 0.970455
0.382097 0.970455
0.382117 0.970455
0.382169 0.970471
0.382220 0.970471
0.382281 0.970505
0.382292 0.970521
0.382343 0.970538
0.382394 0.970538
0.382435 0.970538
0.382507 0.970555
0.382579 0.970555
0.382630 0.970555
0.382671 0.970572
0.382712 0.970605
0.382763 0.970622
0.382856 0.970655
0.382927 0.970689
0.383040 0.970689
0.383102 0.970689
0.383235 0.970689
0.383358 0.970705
0.383379 0.970705
0.383440 0.970755
0.383532 0.970755
0.383563 0.970822
0.383594 0.970822
0.383655 0.970856
0.383748 0.970872
0.383809 0.970906
0.383871 0.970973
0.383912 0.970973
0.383984 0.970973
0.384076 0.970989
0.384107 0.970989
0.384189 0.970989
0.384301 0.971006
0.384363 0.971056
0.384394 0.971056
0.384455 0.971056
0.384496 0.971056
0.384568 0.971090
0.384640 0.971090
0.384681 0.971123
0.384763 0.971123
0.384783 0.971156
0.384835 0.971173
0.384906 0.971173
0.384978 0.971190
0.385029 0.971190
0.385101 0.971207
0.385183 0.971223
0.385224 0.971223
0.385255 0.971240
0.385306 0.971273
0.385388 0.971273
0.385470 0.971290
0.385542 0.971324
0.385593 0.971357
0.385675 0.971390
0.385737 0.971390
0.385799 0.971407
0.385829 0.971441
0.385860 0.971457
0.385963 0.971491
0.385983 0.971491
0.386065 0.971491
0.386106 0.971491
0.386178 0.971491
0.386209 0.971507
0.386239 0.971507
0.386270 0.971524
0.386321 0.971524
0.386342 0.971541
0.386455 0.971541
0.386486 0.971541
0.386506 0.971557
0.386557 0.971557
0.386629 0.971591
0.386701 0.971608
0.386742 0.971624
0.386834 0.971624
0.386875 0.971658
0.386926 0.971674
0.386988 0.971674
0.387008 0.971674
0.387070 0.971674
0.387152 0.971674
0.387193 0.971674
0.387285 0.971691
0.387316 0.971741
0.387408 0.971741
0.387521 0.971758
0.387552 0.971758
0.387644 0.971808
0.387675 0.971808
0.387736 0.971808
0.387819 0.971842
0.387860 0.971842
0.387972 0.971842
0.388003 0.971842
0.388044 0.971858
0.388095 0.971892
0.388157 0.971908
0.388198 0.971925
0.388249 0.971925
0.388259 0.971942
0.388290 0.971942
0.388454 0.971942
0.388495 0.971942
0.388629 0.971942
0.388711 0.971959
0.388752 0.971975
0.388772 0.971975
0.388813 0.971992
0.388875 0.971992
0.388916 0.972009
0.388977 0.972025
0.389039 0.972025
0.389131 0.972025
0.389162 0.972025
0.389234 0.972092
0.389254 0.972109
0.389377 0.972126
0.389480 0.972126
0.389500 0.972126
0.389623 0.972126
0.389685 0.972142
0.389715 0.972159
0.389808 0.972159
0.389880 0.972176
0.389951 0.972209
0.389992 0.972226
0.390064 0.972226
0.390187 0.972226
0.390197 0.972226
0.390259 0.972293
0.390331 0.972293
0.390382 0.972326
0.390423 0.972343
0.390454 0.972343
0.390505 0.972376
0.390608 0.972376
0.390659 0.972376
0.390679 0.972393
0.390741 0.972393
0.390874 0.972393
0.390936 0.972426
0.390946 0.972426
0.390966 0.972426
0.391018 0.972426
0.391079 0.972477
0.391120 0.972510
0.391151 0.972543
0.391171 0.972560
0.391182 0.972577
0.391233 0.972577
0.391274 0.972594
0.391325 0.972594
0.391377 0.972610
0.391428 0.972610
0.391479 0.972627
0.391530 0.972660
0.391571 0.972660
0.391643 0.972660
0.391684 0.972677
0.391725 0.972711
0.391766 0.972711
0.391807 0.972727
0.391817 0.972727
0.391910 0.972727
0.391982 0.972727
0.392043 0.972727
0.392156 0.972727
0.392207 0.972727
0.392238 0.972744
0.392279 0.972761
0.392330 0.972761
0.392361 0.972777
0.392371 0.972777
0.392422 0.972777
0.392504 0.972777
0.392607 0.972777
0.392658 0.972794
0.392710 0.972794
0.392730 0.972811
0.392792 0.972828
0.392833 0.972828
0.392874 0.972844
0.392904 0.972844
0.392915 0.972844
0.392976 0.972844
0.393048 0.972844
0.393099 0.972844
0.393130 0.972844
0.393212 0.972861
0.393294 0.972861
0.393335 0.972861
0.393386 0.972861
0.393427 0.972878
0.393438 0.972911
0.393489 0.972945
0.393581 0.972978
0.393673 0.973028
0.393714 0.973078
0.393766 0.973112
0.393796 0.973128
0.393889 0.973145
0.393930 0.973162
0.393991 0.973162
0.394032 0.973162
0.394104 0.973162
0.394135 0.973162
0.394258 0.973162
0.394319 0.973195
0.394412 0.973212
0.394463 0.973229
0.394524 0.973229
0.394565 0.973262
0.394596 0.973279
0.394781 0.973279
0.394863 0.973312
0.394894 0.973346
0.394935 0.973379
0.395006 0.973379
0.395068 0.973379
0.395099 0.973379
0.395191 0.973396
0.395222 0.973412
0.395294 0.973446
0.395314 0.973463
0.395355 0.973463
0.395560 0.973463
0.395632 0.973479
0.395683 0.973496
0.395755 0.973546
0.395827 0.973546
0.395991 0.973546
0.396042 0.973546
0.396063 0.973563
0.396145 0.973580
0.396247 0.973580
0.396288 0.973596
0.396391 0.973596
0.396483 0.973596
0.396503 0.973596
0.396575 0.973630
0.396627 0.973630
0.396688 0.973630
0.396739 0.973630
0.396770 0.973630
0.396832 0.973630
0.396862 0.973663
0.396903 0.973663
0.396955 0.973680
0.396985 0.973713
0.397006 0.973713
0.397047 0.973730
0.397088 0.973780
0.397119 0.973780
0.397160 0.973814
0.397180 0.973814
0.397231 0.973814
0.397293 0.973830
0.397365 0.973830
0.397447 0.973830
0.397508 0.973830
0.397560 0.973847
0.397611 0.973880
0.397642 0.973880
0.397703 0.973897
0.397703 0.973930
0.397744 0.973947
0.397826 0.973964
0.397898 0.973981
0.397980 0.973981
0.398042 0.973981
0.398124 0.973981
0.398165 0.973997
0.398277 0.973997
0.398298 0.974031
0.398349 0.974031
0.398400 0.974047
0.398472 0.974047
0.398575 0.974047
0.398616 0.974047
0.398718 0.974064
0.398759 0.974064
0.398790 0.974064
0.398862 0.974064
0.398944 0.974081
0.399016 0.974081
0.399046 0.974081
0.399098 0.974081
0.399139 0.974081
0.399139 0.974098
0.399241 0.974114
0.399303 0.974114
0.399334 0.974114
0.399385 0.974114
0.399477 0.974114
0.399487 0.974164
0.399539 0.974164
0.399621 0.974181
0.399662 0.974181
0.399692 0.974181
0.399754 0.974198
0.399826 0.974215
0.399846 0.974215
0.399938 0.974215
0.400021 0.974215
0.400072 0.974215
0.400144 0.974215
0.400195 0.974215
0.400256 0.974215
0.400318 0.974231
0.400379 0.974231
0.400431 0.974248
0.400533 0.974248
0.400646 0.974248
0.400728 0.974248
0.400779 0.974248
0.400800 0.974248
0.400913 0.974281
0.400984 0.974281
0.401036 0.974281
0.401066 0.974281
0.401118 0.974281
0.401159 0.974315
0.401200 0.974315
0.401241 0.974332
0.401302 0.974332
0.401384 0.974332
0.401456 0.974348
0.401559 0.974348
0.401610 0.974348
0.401682 0.974348
0.401825 0.974398
0.401917 0.974398
0.401999 0.974398
0.402061 0.974398
0.402092 0.974432
0.402092 0.974449
0.402133 0.974449
0.402205 0.974482
0.402256 0.974482
0.402297 0.974499
0.402317 0.974499
0.402420 0.974515
0.402451 0.974532
0.402492 0.974532
0.402553 0.974582
0.402656 0.974582
0.402748 0.974582
0.402830 0.974599
0.402974 0.974616
0.403004 0.974616
0.403045 0.974616
0.403076 0.974632
0.403107 0.974632
0.403179 0.974666
0.403189 0.974666
0.403240 0.974666
0.403322 0.974682
0.403363 0.974699
0.403425 0.974699
0.403445 0.974699
0.403476 0.974699
0.403568 0.974716
0.403609 0.974733
0.403691 0.974749
0.403784 0.974766
0.403794 0.974766
0.403835 0.974766
0.403855 0.974799
0.403937 0.974799
0.403999 0.974816
0.404071 0.974816
0.404153 0.974816
0.404173 0.974833
0.404214 0.974833
0.404266 0.974833
0.404327 0.974850
0.404399 0.974850
0.404583 0.974850
0.404635 0.974850
0.404696 0.974850
0.404819 0.974883
0.404912 0.974883
0.404973 0.974900
0.405024 0.974900
0.405055 0.974933
0.405106 0.974950
0.405147 0.974983
0.405188 0.974983
0.405240 0.974983
0.405311 0.975033
0.405373 0.975033
0.405476 0.975033
0.405517 0.975067
0.405578 0.975100
0.405640 0.975117
0.405681 0.975117
0.405742 0.975117
0.405814 0.975117
0.405875 0.975117
0.405886 0.975117
0.405906 0.975150
0.405957 0.975150
0.406039 0.975150
0.406111 0.975150
0.406163 0.975150
0.406255 0.975167
0.406265 0.975184
0.406337 0.975234
0.406388 0.975234
0.406521 0.975251
0.406573 0.975251
0.406634 0.975267
0.406737 0.975267
0.406860 0.975267
0.406901 0.975284
0.406921 0.975301
0.406993 0.975301
0.407075 0.975301
0.407137 0.975301
0.407198 0.975318
0.407219 0.975318
0.407280 0.975318
0.407331 0.975318
0.407383 0.975334
0.407485 0.975334
0.407526 0.975351
0.407690 0.975368
0.407772 0.975368
0.407875 0.975384
0.407916 0.975384
0.407967 0.975384
0.407998 0.975384
0.408049 0.975384
0.408070 0.975401
0.408142 0.975418
0.408254 0.975418
0.408357 0.975451
0.408418 0.975451
0.408470 0.975451
0.408490 0.975468
0.408603 0.975485
0.408654 0.975485
0.408716 0.975501
0.408736 0.975501
0.408829 0.975535
0.408900 0.975551
0.408941 0.975568
0.409054 0.975568
0.409126 0.975568
0.409167 0.975585
0.409239 0.975602
0.409321 0.975602
0.409372 0.975635
0.409433 0.975652
0.409474 0.975652
0.409495 0.975685
0.409557 0.975702
0.409598 0.975702
0.409618 0.975702
0.409690 0.975719
0.409751 0.975719
0.409854 0.975719
0.409936 0.975719
0.410018 0.975735
0.410090 0.975735
0.410151 0.975752
0.410254 0.975752
0.410264 0.975769
0.410295 0.975785
0.410336 0.975785
0.410346 0.975785
0.410428 0.975819
0.410469 0.975819
0.410500 0.975819
0.410531 0.975852
0.410613 0.975886
0.410695 0.975902
0.410736 0.975902
0.410828 0.975902
0.410890 0.975919
0.410900 0.975936
0.410920 0.975936
0.411013 0.975953
0.411095 0.975969
0.411207 0.975986
0.411259 0.975986
0.411300 0.975986
0.411371 0.976003
0.411443 0.976003
0.411494 0.976003
0.411618 0.976003
0.411679 0.976003
0.411710 0.976003
0.411771 0.976003
0.411843 0.976036
0.411894 0.976053
0.411987 0.976053
0.412058 0.976053
0.412181 0.976070
0.412243 0.976070
0.412274 0.976070
0.412315 0.976070
0.412325 0.976070
0.412417 0.976070
0.412499 0.976103
0.412561 0.976103
0.412633 0.976120
0.412735 0.976120
0.412786 0.976153
0.412838 0.976153
0.412910 0.976186
0.412981 0.976203
0.413033 0.976203
0.413094 0.976220
0.413279 0.976220
0.413309 0.976220
0.413371 0.976237
0.413432 0.976237
0.413555 0.976253
0.413597 0.976253
0.413617 0.976253
0.413679 0.976270
0.413771 0.976303
0.413843 0.976337
0.413894 0.976337
0.413955 0.976337
0.413996 0.976354
0.414048 0.976354
0.414109 0.976370
0.414130 0.976370
0.414160 0.976387
0.414273 0.976387
0.414345 0.976387
0.414437 0.976387
0.414468 0.976387
0.414509 0.976404
0.414581 0.976404
0.414663 0.976404
0.414776 0.976420
0.414847 0.976420
0.414899 0.976420
0.414971 0.976420
0.415063 0.976420
0.415114 0.976437
0.415155 0.976454
0.415227 0.976471
0.415299 0.976471
0.415309 0.976471
0.415370 0.976471
0.415442 0.976471
0.415524 0.976487
0.415555 0.976487
0.415596 0.976487
0.415668 0.976487
0.415709 0.976487
0.415729 0.976521
0.415781 0.976521
0.415863 0.976521
0.415965 0.976521
0.416088 0.976554
0.416180 0.976571
0.416273 0.976571
0.416324 0.976588
0.416396 0.976604
0.416437 0.976621
0.416478 0.976654
0.416509 0.976671
0.416632 0.976671
0.416714 0.976688
0.416816 0.976705
0.416898 0.976705
0.416991 0.976705
0.417011 0.976721
0.417052 0.976721
0.417124 0.976738
0.417216 0.976738
0.417247 0.976738
0.417308 0.976755
0.417390 0.976755
0.417401 0.976788
0.417431 0.976788
0.417595 0.976788
0.417667 0.976838
0.417790 0.976855
0.417862 0.976855
0.417893 0.976872
0.418026 0.976905
0.418077 0.976905
0.418108 0.976922
0.418149 0.976939
0.418231 0.976955
0.418282 0.976972
0.418303 0.976989
0.418354 0.977005
0.418467 0.977005
0.418529 0.977039
0.418672 0.977039
0.418734 0.977072
0.418805 0.977089
0.418877 0.977089
0.418949 0.977122
0.418980 0.977122
0.419000 0.977139
0.419031 0.977139
0.419062 0.977156
0.419154 0.977172
0.419195 0.977172
0.419298 0.977172
0.419359 0.977189
0.419410 0.977206
0.419482 0.977206
0.419585 0.977256
0.419615 0.977256
0.419667 0.977256
0.419708 0.977273
0.419780 0.977289
0.419862 0.977323
0.419903 0.977323
0.419954 0.977323
0.419985 0.977340
0.420077 0.977340
0.420118 0.977340
0.420149 0.977373
0.420292 0.977373
0.420354 0.977373
0.420395 0.977373
0.420508 0.977390
0.420579 0.977406
0.420641 0.977423
0.420692 0.977423
0.420815 0.977423
0.420856 0.977440
0.420897 0.977473
0.420959 0.977473
0.420989 0.977473
0.421041 0.977523
0.421082 0.977523
0.421143 0.977523
0.421174 0.977540
0.421277 0.977540
0.421389 0.977540
0.421410 0.977540
0.421502 0.977540
0.421553 0.977540
0.421656 0.977540
0.421718 0.977574
0.421759 0.977590
0.421871 0.977590
0.421943 0.977607
0.422005 0.977607
0.422025 0.977607
0.422046 0.977624
0.422128 0.977640
0.422189 0.977674
0.422271 0.977674
0.422343 0.977674
0.422384 0.977691
0.422456 0.977707
0.422466 0.977707
0.422528 0.977707
0.422620 0.977707
0.422671 0.977707
0.422743 0.977724
0.422835 0.977724
0.422876 0.977724
0.422938 0.977724
0.423020 0.977724
0.423071 0.977724
0.423102 0.977757
0.423133 0.977757
0.423225 0.977774
0.423256 0.977774
0.423348 0.977791
0.423389 0.977791
0.423440 0.977791
0.423512 0.977791
0.423614 0.977824
0.423696 0.977824
0.423840 0.977824
0.423922 0.977824
0.423973 0.977824
0.424014 0.977841
0.424025 0.977841
0.424148 0.977841
0.424168 0.977858
0.424219 0.977874
0.424240 0.977874
0.424312 0.977874
0.424363 0.977891
0.424445 0.977891
0.424568 0.977891
0.424599 0.977891
0.424650 0.977908
0.424681 0.977908
0.424742 0.977924
0.424814 0.977924
0.424835 0.977924
0.424855 0.977941
0.424896 0.977975
0.424978 0.977975
0.424988 0.977975
0.425040 0.977975
0.425101 0.977975
0.425132 0.977975
0.425214 0.977975
0.425255 0.977991
0.425317 0.977991
0.425368 0.977991
0.425419 0.978008
0.425511 0.978008
0.425583 0.978025
0.425624 0.978025
0.425706 0.978041
0.425819 0.978075
0.425860 0.978075
0.425911 0.978075
0.425983 0.978108
0.426004 0.978108
0.426055 0.978108
0.426096 0.978125
0.426157 0.978142
0.426260 0.978142
0.426301 0.978158
0.426424 0.978158
0.426465 0.978158
0.426496 0.978158
0.426547 0.978158
0.426619 0.978158
0.426680 0.978175
0.426721 0.978175
0.426844 0.978175
0.426937 0.978192
0.426988 0.978192
0.427111 0.978225
0.427203 0.978225
0.427275 0.978242
0.427337 0.978242
0.427388 0.978242
0.427449 0.978259
0.427511 0.978292
0.427583 0.978309
0.427634 0.978309
0.427665 0.978376
0.427695 0.978376
0.427808 0.978376
0.427890 0.978376
0.427962 0.978392
0.428075 0.978409
0.428157 0.978426
0.428218 0.978443
0.428280 0.978443
0.428341 0.978476
0.428475 0.978476
0.428547 0.978493
0.428639 0.978493
0.428680 0.978509
0.428752 0.978559
0.428803 0.978559
0.428844 0.978576
0.428885 0.978576
0.428936 0.978576
0.429008 0.978593
0.429049 0.978593
0.429100 0.978593
0.429131 0.978593
0.429254 0.978593
0.429316 0.978593
0.429336 0.978593
0.429428 0.978626
0.429521 0.978643
0.429623 0.978643
0.429654 0.978643
0.429695 0.978643
0.429746 0.978676
0.429787 0.978676
0.429839 0.978693
0.429869 0.978693
0.429921 0.978693
0.429962 0.978710
0.430013 0.978710
0.430085 0.978710
0.430115 0.978743
0.430126 0.978743
0.430177 0.978743
0.430208 0.978743
0.430290 0.978743
0.430341 0.978760
0.430464 0.978777
0.430536 0.978793
0.430577 0.978793
0.430659 0.978810
0.430731 0.978810
0.430813 0.978810
0.430874 0.978810
0.430966 0.978810
0.431018 0.978827
0.431069 0.978827
0.431202 0.978844
0.431254 0.978860
0.431325 0.978860
0.431336 0.978877
0.431428 0.978877
0.431448 0.978910
0.431530 0.978910
0.431623 0.978910
0.431684 0.978910
0.431725 0.978944
0.431797 0.978944
0.431817 0.978944
0.431848 0.978944
0.431920 0.978944
0.431951 0.978961
0.431992 0.978977
0.432064 0.978977
0.432105 0.978994
0.432166 0.978994
0.432248 0.978994
0.432351 0.978994
0.432392 0.979011
0.432463 0.979011
0.432494 0.979011
0.432515 0.979011
0.432546 0.979044
0.432576 0.979044
0.432617 0.979061
0.432720 0.979061
0.432781 0.979111
0.432874 0.979128
0.432915 0.979144
0.432986 0.979144
0.433007 0.979161
0.433079 0.979161
0.433130 0.979178
0.433202 0.979195
0.433243 0.979195
0.433284 0.979211
0.433345 0.979211
0.433417 0.979211
0.433499 0.979211
0.433591 0.979211
0.433653 0.979211
0.433745 0.979211
0.433776 0.979228
0.433837 0.979228
0.433858 0.979228
0.433961 0.979228
0.433991 0.979228
0.434063 0.979228
0.434073 0.979245
0.434104 0.979245
0.434155 0.979245
0.434278 0.979261
0.434350 0.979261
0.434401 0.979261
0.434473 0.979261
0.434524 0.979261
0.434586 0.979278
0.434596 0.979278
0.434637 0.979295
0.434678 0.979295
0.434750 0.979295
0.434791 0.979311
0.434863 0.979311
0.434955 0.979345
0.435058 0.979345
0.435140 0.979362
0.435222 0.979362
0.435335 0.979362
0.435376 0.979378
0.435478 0.979395
0.435601 0.979395
0.435632 0.979412
0.435683 0.979412
0.435745 0.979428
0.435775 0.979428
0.435898 0.979428
0.436001 0.979428
0.436073 0.979428
0.436114 0.979428
0.436145 0.979428
0.436237 0.979428
0.436339 0.979428
0.436411 0.979479
0.436575 0.979479
0.436606 0.979479
0.436678 0.979479
0.436760 0.979495
0.436791 0.979495
0.436903 0.979495
0.436955 0.979495
0.437026 0.979512
0.437057 0.979529
0.437098 0.979529
0.437149 0.979529
0.437170 0.979529
0.437211 0.979529
0.437221 0.979545
0.437283 0.979562
0.437344 0.979562
0.437375 0.979579
0.437457 0.979596
0.437549 0.979596
0.437642 0.979612
0.437703 0.979612
0.437754 0.979612
0.437806 0.979629
0.437857 0.979629
0.437929 0.979662
0.437980 0.979662
0.438001 0.979679
0.438103 0.979679
0.438195 0.979679
0.438226 0.979696
0.438308 0.979696
0.438411 0.979696
0.438472 0.979696
0.438534 0.979746
0.438657 0.979763
0.438739 0.979779
0.438811 0.979779
0.438862 0.979830
0.438913 0.979846
0.439036 0.979846
0.439057 0.979863
0.439128 0.979863
0.439169 0.979880
0.439241 0.979896
0.439375 0.979896
0.439426 0.979913
0.439457 0.979913
0.439518 0.979913
0.439549 0.979930
0.439621 0.979930
0.439703 0.979930
0.439744 0.979947
0.439826 0.979963
0.439928 0.979980
0.440021 0.979980
0.440051 0.979997
0.440062 0.979997
0.440185 0.979997
0.440215 0.980013
0.440256 0.980013
0.440349 0.980013
0.440431 0.980013
0.440482 0.980013
0.440543 0.980013
0.440584 0.980047
0.440636 0.980064
0.440666 0.980064
0.440749 0.980080
0.440841 0.980080
0.440892 0.980080
0.440995 0.980080
0.441036 0.980080
0.441066 0.980080
0.441148 0.980147
0.441230 0.980147
0.441251 0.980164
0.441323 0.980164
0.441425 0.980164
0.441456 0.980164
0.441559 0.980180
0.441600 0.980180
0.441723 0.980180
0.441815 0.980180
0.441887 0.980197
0.441948 0.980214
0.441999 0.980247
0.442123 0.980264
0.442133 0.980264
0.442184 0.980281
0.442205 0.980281
0.442287 0.980281
0.442338 0.980297
0.442440 0.980297
0.442502 0.980331
0.442604 0.980331
0.442656 0.980348
0.442697 0.980348
0.442738 0.980381
0.442810 0.980381
0.442912 0.980381
0.443056 0.980398
0.443127 0.980414
0.443168 0.980414
0.443271 0.980414
0.443394 0.980431
0.443517 0.980431
0.443640 0.980448
0.443671 0.980465
0.443732 0.980481
0.443825 0.980498
0.443876 0.980498
0.443989 0.980498
0.444081 0.980498
0.444122 0.980515
0.444153 0.980515
0.444235 0.980515
0.444276 0.980531
0.444399 0.980531
0.444471 0.980531
0.444522 0.980548
0.444624 0.980548
0.444665 0.980565
0.444696 0.980565
0.444799 0.980565
0.444881 0.980582
0.444922 0.980598
0.444973 0.980598
0.445045 0.980598
0.445158 0.980598
0.445219 0.980598
0.445240 0.980615
0.445301 0.980632
0.445342 0.980632
0.445435 0.980632
0.445506 0.980632
0.445588 0.980632
0.445660 0.980632
0.445722 0.980632
0.445824 0.980632
0.445896 0.980632
0.445947 0.980632
0.446019 0.980648
0.446060 0.980665
0.446142 0.980665
0.446183 0.980665
0.446327 0.980665
0.446347 0.980699
0.446429 0.980699
0.446542 0.980699
0.446634 0.980715
0.446675 0.980732
0.446726 0.980732
0.446839 0.980732
0.446901 0.980749
0.446921 0.980749
0.447024 0.980749
0.447075 0.980749
0.447157 0.980782
0.447229 0.980799
0.447301 0.980799
0.447342 0.980799
0.447372 0.980799
0.447434 0.980799
0.447465 0.980799
0.447537 0.980799
0.447660 0.980799
0.447721 0.980799
0.447783 0.980799
0.447885 0.980799
0.447916 0.980799
0.448018 0.980799
0.448111 0.980799
0.448121 0.980832
0.448172 0.980832
0.448254 0.980832
0.448265 0.980832
0.448347 0.980832
0.448449 0.980832
0.448572 0.980832
0.448664 0.980832
0.448726 0.980849
0.448757 0.980849
0.448808 0.980849
0.448911 0.980849
0.448972 0.980849
0.449064 0.980849
0.449105 0.980866
0.449177 0.980866
0.449300 0.980866
0.449341 0.980866
0.449433 0.980866
0.449516 0.980866
0.449546 0.980866
0.449557 0.980882
0.449680 0.980882
0.449762 0.980882
0.449823 0.980882
0.449874 0.980882
0.449987 0.980899
0.450049 0.980899
0.450213 0.980899
0.450223 0.980899
0.450264 0.980932
0.450336 0.980949
0.450449 0.980949
0.450531 0.980949
0.450592 0.980949
0.450623 0.980949
0.450643 0.980949
0.450715 0.980949
0.450828 0.980966
0.450879 0.980983
0.450900 0.980983
0.450951 0.980983
0.451033 0.980983
0.451054 0.980999
0.451095 0.980999
0.451146 0.980999
0.451207 0.980999
0.451289 0.981016
0.451341 0.981016
0.451371 0.981016
0.451443 0.981016
0.451474 0.981016
0.451505 0.981033
0.451566 0.981033
0.451607 0.981049
0.451700 0.981049
0.451720 0.981049
0.451782 0.981049
0.451833 0.981083
0.451874 0.981083
0.451915 0.981100
0.452048 0.981100
0.452099 0.981116
0.452171 0.981116
0.452212 0.981116
0.452284 0.981116
0.452407 0.981116
0.452438 0.981116
0.452510 0.981133
0.452694 0.981133
0.452735 0.981133
0.452817 0.981133
0.452879 0.981133
0.452930 0.981133
0.453002 0.981150
0.453074 0.981150
0.453104 0.981183
0.453156 0.981183
0.453217 0.981183
0.453258 0.981183
0.453268 0.981200
0.453340 0.981217
0.453402 0.981217
0.453412 0.981217
0.453494 0.981217
0.453566 0.981217
0.453627 0.981233
0.453740 0.981250
0.453802 0.981267
0.453853 0.981283
0.453884 0.981300
0.453945 0.981300
0.454109 0.981300
0.454171 0.981300
0.454232 0.981317
0.454273 0.981350
0.454325 0.981350
0.454366 0.981350
0.454458 0.981367
0.454530 0.981384
0.454581 0.981384
0.454663 0.981384
0.454724 0.981384
0.454827 0.981384
0.454868 0.981384
0.454899 0.981384
0.454971 0.981400
0.455042 0.981400
0.455094 0.981434
0.455176 0.981434
0.455206 0.981434
0.455288 0.981451
0.455309 0.981451
0.455360 0.981451
0.455422 0.981451
0.455442 0.981451
0.455493 0.981451
0.455606 0.981451
0.455647 0.981451
0.455709 0.981451
0.455750 0.981451
0.455760 0.981451
0.455893 0.981451
0.456016 0.981451
0.456037 0.981467
0.456129 0.981467
0.456201 0.981467
0.456252 0.981467
0.456314 0.981467
0.456355 0.981501
0.456416 0.981501
0.456519 0.981517
0.456580 0.981517
0.456673 0.981517
0.456724 0.981517
0.456847 0.981534
0.456888 0.981568
0.456919 0.981568
0.456939 0.981568
0.457042 0.981584
0.457083 0.981601
0.457144 0.981601
0.457196 0.981601
0.457226 0.981601
0.457288 0.981634
0.457308 0.981634
0.457401 0.981634
0.457503 0.981651
0.457534 0.981684
0.457575 0.981684
0.457678 0.981701
0.457760 0.981701
0.457811 0.981701
0.457893 0.981701
0.457985 0.981718
0.458057 0.981751
0.458180 0.981768
0.458231 0.981768
0.458293 0.981768
0.458375 0.981785
0.458447 0.981818
0.458529 0.981818
0.458621 0.981818
0.458652 0.981818
0.458713 0.981818
0.458775 0.981835
0.458846 0.981835
0.458877 0.981835
0.458928 0.981835
0.458990 0.981852
0.459103 0.981868
0.459134 0.981868
0.459267 0.981868
0.459287 0.981868
0.459328 0.981868
0.459359 0.981868
0.459421 0.981885
0.459451 0.981885
0.459492 0.981885
0.459554 0.981885
0.459636 0.981885
0.459677 0.981885
0.459739 0.981885
0.459831 0.981885
0.459862 0.981885
0.459933 0.981885
0.459964 0.981902
0.460046 0.981902
0.460128 0.981918
0.460190 0.981918
0.460241 0.981935
0.460344 0.981935
0.460405 0.981935
0.460549 0.981935
0.460600 0.981935
0.460682 0.981969
0.460774 0.981969
0.460825 0.982002
0.460856 0.982002
0.460907 0.982002
0.460928 0.982019
0.461010 0.982035
0.461092 0.982035
0.461164 0.982052
0.461184 0.982052
0.461215 0.982069
0.461266 0.982069
0.461307 0.982069
0.461338 0.982069
0.461461 0.982069
0.461482 0.982086
0.461523 0.982086
0.461584 0.982086
0.461625 0.982086
0.461676 0.982086
0.461738 0.982102
0.461820 0.982102
0.461861 0.982119
0.461943 0.982119
0.461994 0.982119
0.462066 0.982119
0.462107 0.982119
0.462189 0.982119
0.462210 0.982119
0.462302 0.982136
0.462487 0.982136
0.462569 0.982136
0.462610 0.982136
0.462640 0.982152
0.462661 0.982169
0.462702 0.982169
0.462784 0.982203
0.462835 0.982203
0.462897 0.982203
0.462938 0.982236
0.462999 0.982253
0.463071 0.982253
0.463092 0.982286
0.463143 0.982286
0.463307 0.982286
0.463338 0.982286
0.463389 0.982286
0.463430 0.982286
0.463553 0.982286
0.463584 0.982303
0.463666 0.982303
0.463717 0.982303
0.463820 0.982303
0.463871 0.982303
0.463943 0.982320
0.463994 0.982336
0.464035 0.982336
0.464117 0.982336
0.464137 0.982336
0.464189 0.982336
0.464219 0.982336
0.464322 0.982336
0.464373 0.982336
0.464394 0.982353
0.464455 0.982353
0.464496 0.982353
0.464568 0.982386
0.464630 0.982386
0.464712 0.982386
0.464773 0.982403
0.464824 0.982403
0.464896 0.982403
0.464937 0.982403
0.464958 0.982436
0.464988 0.982436
0.465040 0.982436
0.465101 0.982436
0.465142 0.982453
0.465194 0.982453
0.465224 0.982487
0.465317 0.982487
0.465368 0.982487
0.465409 0.982520
0.465511 0.982520
0.465552 0.982520
0.465634 0.982537
0.465665 0.982537
0.465737 0.982537
0.465799 0.982537
0.465850 0.982553
0.465891 0.982570
0.465963 0.982570
0.466065 0.982570
0.466137 0.982587
0.466198 0.982587
0.466219 0.982587
0.466239 0.982604
0.466321 0.982604
0.466362 0.982620
0.466465 0.982654
0.466537 0.982654
0.466578 0.982670
0.466691 0.982687
0.466721 0.982687
0.466773 0.982737
0.466844 0.982737
0.466896 0.982737
0.467008 0.982737
0.467049 0.982737
0.467152 0.982754
0.467306 0.982754
0.467326 0.982787
0.467357 0.982821
0.467460 0.982821
0.467511 0.982821
0.467552 0.982838
0.467624 0.982871
0.467654 0.982871
0.467736 0.982871
0.467767 0.982871
0.467808 0.982888
0.467849 0.982888
0.467921 0.982888
0.467952 0.982888
0.468013 0.982888
0.468054 0.982888
0.468147 0.982888
0.468208 0.982888
0.468239 0.982888
0.468290 0.982888
0.468393 0.982904
0.468454 0.982921
0.468516 0.982921
0.468618 0.982921
0.468782 0.982955
0.468823 0.982955
0.468864 0.982971
0.468998 0.982971
0.469059 0.983005
0.469182 0.983021
0.469203 0.983055
0.469264 0.983072
0.469346 0.983088
0.469387 0.983105
0.469408 0.983122
0.469480 0.983138
0.469500 0.983138
0.469592 0.983138
0.469654 0.983155
0.469726 0.983155
0.469777 0.983172
0.469849 0.983172
0.469900 0.983172
0.469982 0.983172
0.470023 0.983172
0.470064 0.983172
0.470156 0.983172
0.470208 0.983172
0.470300 0.983172
0.470423 0.983172
0.470505 0.983172
0.470577 0.983205
0.470659 0.983222
0.470782 0.983222
0.470813 0.983222
0.470854 0.983222
0.470956 0.983222
0.471028 0.983222
0.471100 0.983272
0.471141 0.983272
0.471171 0.983272
0.471223 0.983289
0.471264 0.983289
0.471366 0.983289
0.471377 0.983289
0.471448 0.983289
0.471551 0.983289
0.471612 0.983289
0.471633 0.983289
0.471746 0.983289
0.471787 0.983339
0.471848 0.983356
0.471889 0.983372
0.471971 0.983389
0.472023 0.983389
0.472084 0.983406
0.472135 0.983406
0.472228 0.983422
0.472248 0.983422
0.472289 0.983439
0.472330 0.983439
0.472412 0.983456
0.472474 0.983456
0.472576 0.983456
0.472628 0.983456
0.472751 0.983456
0.472802 0.983473
0.472833 0.983473
0.472904 0.983489
0.472966 0.983489
0.473038 0.983489
0.473068 0.983489
0.473079 0.983489
0.473109 0.983489
0.473161 0.983489
0.473191 0.983489
0.473263 0.983489
0.473325 0.983489
0.473448 0.983489
0.473499 0.983489
0.473540 0.983506
0.473581 0.983506
0.473663 0.983506
0.473725 0.983523
0.473786 0.983523
0.473837 0.983523
0.473868 0.983523
0.473971 0.983523
0.474022 0.983539
0.474063 0.983539
0.474114 0.983539
0.474207 0.983573
0.474248 0.983590
0.474278 0.983590
0.474391 0.983590
0.474442 0.983590
0.474483 0.983623
0.474514 0.983623
0.474586 0.983656
0.474719 0.983656
0.474791 0.983656
0.474801 0.983656
0.474863 0.983656
0.474894 0.983656
0.474935 0.983673
0.474976 0.983673
0.475006 0.983673
0.475058 0.983673
0.475150 0.983673
0.475191 0.983673
0.475294 0.983673
0.475304 0.983673
0.475345 0.983673
0.475427 0.983673
0.475499 0.983673
0.475540 0.983673
0.475611 0.983673
0.475652 0.983707
0.475683 0.983707
0.475755 0.983707
0.475786 0.983707
0.475827 0.983707
0.475888 0.983707
0.476052 0.983707
0.476083 0.983707
0.476093 0.983707
0.476134 0.983740
0.476196 0.983757
0.476298 0.983790
0.476329 0.983790
0.476411 0.983790
0.476462 0.983790
0.476524 0.983790
0.476575 0.983790
0.476637 0.983807
0.476668 0.983807
0.476729 0.983807
0.476780 0.983807
0.476821 0.983807
0.476893 0.983824
0.476944 0.983824
0.476955 0.983840
0.476996 0.983840
0.477057 0.983840
0.477098 0.983840
0.477129 0.983840
0.477160 0.983857
0.477221 0.983857
0.477242 0.983857
0.477283 0.983874
0.477324 0.983874
0.477406 0.983874
0.477467 0.983907
0.477519 0.983907
0.477590 0.983907
0.477631 0.983924
0.477672 0.983924
0.477744 0.983924
0.477775 0.983924
0.477816 0.983941
0.477929 0.983941
0.478031 0.983941
0.478062 0.983941
0.478103 0.983941
0.478175 0.983941
0.478226 0.983941
0.478267 0.983941
0.478288 0.983941
0.478349 0.983957
0.478359 0.983974
0.478431 0.983974
0.478472 0.983974
0.478513 0.983991
0.478523 0.983991
0.478564 0.984007
0.478595 0.984007
0.478647 0.984007
0.478667 0.984007
0.478770 0.984057
0.478821 0.984057
0.478852 0.984057
0.478893 0.984074
0.478923 0.984074
0.478975 0.984074
0.479036 0.984074
0.479108 0.984091
0.479180 0.984091
0.479262 0.984108
0.479272 0.984108
0.479375 0.984108
0.479436 0.984108
0.479477 0.984108
0.479549 0.984108
0.479600 0.984108
0.479723 0.984124
0.479774 0.984124
0.479785 0.984141
0.479856 0.984141
0.479887 0.984141
0.479990 0.984141
0.480010 0.984141
0.480103 0.984158
0.480113 0.984174
0.480205 0.984174
0.480277 0.984191
0.480328 0.984191
0.480359 0.984191
0.480441 0.984191
0.480502 0.984191
0.480615 0.984208
0.480697 0.984208
0.480749 0.984225
0.480820 0.984225
0.480872 0.984225
0.480933 0.984225
0.480964 0.984225
0.481005 0.984225
0.481015 0.984241
0.481066 0.984241
0.481107 0.984275
0.481148 0.984275
0.481179 0.984275
0.481251 0.984275
0.481271 0.984275
0.481312 0.984291
0.481343 0.984308
0.481395 0.984308
0.481477 0.984308
0.481579 0.984325
0.481630 0.984325
0.481692 0.984342
0.481764 0.984342
0.481825 0.984342
0.481907 0.984342
0.481938 0.984358
0.481979 0.984358
0.482071 0.984375
0.482123 0.984375
0.482164 0.984392
0.482246 0.984392
0.482276 0.984392
0.482287 0.984392
0.482338 0.984392
0.482410 0.984392
0.482420 0.984425
0.482502 0.984425
0.482594 0.984425
0.482635 0.984442
0.482656 0.984442
0.482738 0.984442
0.482881 0.984442
0.482912 0.984442
0.482943 0.984475
0.482974 0.984475
0.482984 0.984475
0.483025 0.984475
0.483045 0.984475
0.483107 0.984475
0.483127 0.984475
0.483209 0.984475
0.483312 0.984475
0.483353 0.984475
0.483404 0.984475
0.483445 0.984475
0.483476 0.984475
0.483568 0.984475
0.483630 0.984475
0.483702 0.984475
0.483753 0.984475
0.483784 0.984475
0.483835 0.984475
0.483907 0.984475
0.483948 0.984475
0.483999 0.984475
0.484071 0.984475
0.484153 0.984475
0.484184 0.984492
0.484266 0.984492
0.484307 0.984492
0.484317 0.984509
0.484358 0.984509
0.484409 0.984509
0.484440 0.984525
0.484460 0.984525
0.484471 0.984525
0.484532 0.984525
0.484583 0.984525
0.484665 0.984542
0.484727 0.984542
0.484778 0.984542
0.484830 0.984559
0.484881 0.984559
0.484922 0.984559
0.484994 0.984559
0.485014 0.984559
0.485045 0.984559
0.485096 0.984559
0.485168 0.984559
0.485188 0.984559
0.485229 0.984559
0.485342 0.984559
0.485393 0.984576
0.485476 0.984576
0.485517 0.984576
0.485763 0.984576
0.485773 0.984576
0.485957 0.984576
0.485988 0.984576
0.486039 0.984576
0.486080 0.984576
0.486091 0.984576
0.486142 0.984576
0.486224 0.984576
0.486296 0.984592
0.486316 0.984592
0.486347 0.984609
0.486398 0.984609
0.486470 0.984609
0.486501 0.984609
0.486521 0.984609
0.486583 0.984626
0.486706 0.984626
0.486788 0.984626
0.486839 0.984626
0.486870 0.984642
0.486911 0.984659
0.486952 0.984659
0.487024 0.984659
0.487085 0.984659
0.487096 0.984676
0.487198 0.984676
0.487208 0.984676
0.487249 0.984693
0.487290 0.984693
0.487301 0.984693
0.487362 0.984709
0.487413 0.984709
0.487485 0.984709
0.487506 0.984726
0.487567 0.984726
0.487649 0.984759
0.487701 0.984776
0.487731 0.984776
0.487762 0.984809
0.487865 0.984809
0.487916 0.984809
0.487936 0.984826
0.488018 0.984826
0.488049 0.984843
0.488070 0.984843
0.488111 0.984860
0.488131 0.984876
0.488183 0.984876
0.488224 0.984876
0.488295 0.984876
0.488347 0.984876
0.488367 0.984893
0.488408 0.984893
0.488418 0.984893
0.488480 0.984893
0.488531 0.984893
0.488562 0.984893
0.488603 0.984893
0.488603 0.984926
0.488623 0.984926
0.488685 0.984926
0.488705 0.984926
0.488757 0.984926
0.488808 0.984943
0.488900 0.984943
0.488962 0.984943
0.489013 0.984960
0.489064 0.984960
0.489126 0.984960
0.489136 0.984960
0.489167 0.984960
0.489218 0.984977
0.489249 0.984977
0.489269 0.984977
0.489331 0.984977
0.489382 0.984977
0.489454 0.984977
0.489505 0.984977
0.489546 0.984977
0.489598 0.984977
0.489628 0.984977
0.489710 0.984977
0.489762 0.984977
0.489772 0.984977
0.489844 0.984977
0.489895 0.984977
0.489915 0.984977
0.489997 0.984977
0.490059 0.984993
0.490079 0.984993
0.490141 0.984993
0.490192 0.984993
0.490336 0.984993
0.490377 0.984993
0.490438 0.984993
0.490510 0.985027
0.490541 0.985027
0.490602 0.985027
0.490643 0.985027
0.490715 0.985027
0.490777 0.985043
0.490807 0.985043
0.490849 0.985043
0.490869 0.985043
0.490961 0.985043
0.491043 0.985043
0.491115 0.985043
0.491166 0.985043
0.491197 0.985043
0.491279 0.985077
0.491300 0.985094
0.491361 0.985094
0.491412 0.985110
0.491433 0.985110
0.491474 0.985110
0.491494 0.985110
0.491546 0.985110
0.491638 0.985127
0.491689 0.985127
0.491771 0.985127
0.491843 0.985127
0.491925 0.985127
0.491956 0.985144
0.491997 0.985160
0.492079 0.985160
0.492140 0.985160
0.492161 0.985160
0.492212 0.985160
0.492274 0.985160
0.492356 0.985160
0.492397 0.985177
0.492438 0.985177
0.492489 0.985177
0.492520 0.985177
0.492612 0.985194
0.492684 0.985194
0.492715 0.985194
0.492725 0.985194
0.492776 0.985194
0.492858 0.985194
0.492889 0.985211
0.493012 0.985211
0.493084 0.985211
0.493186 0.985211
0.493207 0.985211
0.493238 0.985211
0.493279 0.985227
0.493299 0.985227
0.493371 0.985227
0.493402 0.985244
0.493443 0.985244
0.493504 0.985244
0.493545 0.985244
0.493627 0.985261
0.493648 0.985261
0.493699 0.985261
0.493709 0.985261
0.493781 0.985261
0.493822 0.985261
0.493873 0.985277
0.493945 0.985277
0.494037 0.985294
0.494119 0.985294
0.494150 0.985294
0.494212 0.985311
0.494232 0.985311
0.494273 0.985311
0.494335 0.985311
0.494366 0.985311
0.494417 0.985311
0.494448 0.985361
0.494509 0.985361
0.494560 0.985361
0.494673 0.985361
0.494714 0.985361
0.494776 0.985361
0.494858 0.985361
0.494909 0.985361
0.494930 0.985378
0.494991 0.985394
0.495053 0.985394
0.495104 0.985394
0.495186 0.985394
0.495288 0.985394
0.495299 0.985394
0.495340 0.985394
0.495360 0.985394
0.495370 0.985411
0.495391 0.985411
0.495463 0.985411
0.495504 0.985445
0.495514 0.985445
0.495555 0.985445
0.495627 0.985445
0.495688 0.985445
0.495729 0.985461
0.495770 0.985461
0.495822 0.985461
0.495852 0.985461
0.495863 0.985461
0.495934 0.985461
0.495975 0.985461
0.496006 0.985461
0.496047 0.985461
0.496150 0.985461
0.496170 0.985461
0.496211 0.985461
0.496283 0.985461
0.496334 0.985461
0.496406 0.985461
0.496416 0.985461
0.496488 0.985461
0.496529 0.985461
0.496580 0.985461
0.496611 0.985461
0.496621 0.985461
0.496714 0.985461
0.496744 0.985461
0.496755 0.985461
0.496806 0.985461
0.496847 0.985478
0.496878 0.985478
0.496919 0.985478
0.496950 0.985478
0.497021 0.985478
0.497124 0.985478
0.497134 0.985478
0.497206 0.985478
0.497288 0.985478
0.497319 0.985478
0.497411 0.985478
0.497483 0.985478
0.497534 0.985495
0.497575 0.985511
0.497637 0.985511
0.497657 0.985511
0.497678 0.985528
0.497739 0.985528
0.497760 0.985528
0.497790 0.985528
0.497852 0.985545
0.497872 0.985545
0.497913 0.985545
0.497985 0.985545
0.498036 0.985545
0.498129 0.985545
0.498159 0.985545
0.498231 0.985561
0.498252 0.985561
0.498262 0.985561
0.498324 0.985561
0.498375 0.985561
0.498416 0.985561
0.498426 0.985561
0.498447 0.985561
0.498477 0.985578
0.498518 0.985578
0.498559 0.985578
0.498621 0.985578
0.498682 0.985595
0.498703 0.985595
0.498713 0.985595
0.498734 0.985612
0.498816 0.985612
0.498836 0.985612
0.498877 0.985612
0.498908 0.985612
0.498959 0.985612
0.498980 0.985628
0.499011 0.985645
0.499041 0.985645
0.499082 0.985645
0.499103 0.985645
0.499185 0.985645
0.499246 0.985645
0.499287 0.985645
0.499318 0.985645
0.499400 0.985645
0.499410 0.985645
0.499451 0.985678
0.499503 0.985678
0.499626 0.985678
0.499677 0.985678
0.499718 0.985678
0.499780 0.985678
0.499800 0.985678
0.499841 0.985678
0.499923 0.985678
0.499964 0.985678
0.500067 0.985678
0.500108 0.985695
0.500169 0.985695
0.500220 0.985695
0.500231 0.985712
0.500241 0.985745
0.500272 0.985762
0.500323 0.985762
0.500405 0.985762
0.500528 0.985762
0.500610 0.985762
0.500682 0.985762
0.500713 0.985762
0.500733 0.985762
0.500795 0.985762
0.500866 0.985762
0.500907 0.985762
0.500928 0.985762
0.500959 0.985762
0.501000 0.985762
0.501061 0.985762
0.501123 0.985762
0.501174 0.985762
0.501184 0.985762
0.501225 0.985762
0.501277 0.985762
0.501297 0.985762
0.501348 0.985762
0.501441 0.985762
0.501451 0.985762
0.501492 0.985762
0.501553 0.985762
0.501605 0.985779
0.501635 0.985779
0.501728 0.985795
0.501748 0.985795
0.501759 0.985795
0.501841 0.985812
0.501943 0.985812
0.502035 0.985812
0.502097 0.985812
0.502138 0.985812
0.502189 0.985812
0.502199 0.985812
0.502220 0.985812
0.502240 0.985829
0.502271 0.985829
0.502322 0.985846
0.502353 0.985846
0.502353 0.985862
0.502384 0.985862
0.502425 0.985862
0.502507 0.985862
0.502528 0.985862
0.502569 0.985862
0.502630 0.985879
0.502681 0.985879
0.502712 0.985879
0.502763 0.985879
0.502774 0.985879
0.502825 0.985879
0.502866 0.985896
0.502907 0.985896
0.502938 0.985896
0.502989 0.985896
0.503030 0.985896
0.503061 0.985896
0.503184 0.985896
0.503194 0.985896
0.503225 0.985896
0.503297 0.985896
0.503327 0.985896
0.503338 0.985896
0.503389 0.985896
0.503409 0.985912
0.503481 0.985912
0.503532 0.985912
0.503594 0.985912
0.503635 0.985912
0.503686 0.985912
0.503738 0.985929
0.503881 0.985929
0.503902 0.985929
0.503963 0.985929
0.503994 0.985929
0.504025 0.985946
0.504055 0.985946
0.504076 0.985946
0.504127 0.985946
0.504158 0.985946
0.504219 0.985946
0.504250 0.985946
0.504291 0.985946
0.504332 0.985963
0.504353 0.985963
0.504414 0.985963
0.504496 0.985963
0.504527 0.985963
0.504578 0.985963
0.504599 0.985963
0.504640 0.985963
0.504660 0.985963
0.504671 0.985963
0.504794 0.985963
0.504804 0.985963
0.504845 0.985963
0.504896 0.985963
0.504978 0.985963
0.504999 0.985963
0.505060 0.985979
0.505070 0.985979
0.505091 0.985996
0.505132 0.986013
0.505142 0.986013
0.505163 0.986013
0.505183 0.986046
0.505235 0.986046
0.505245 0.986046
0.505286 0.986046
0.505317 0.986046
0.505368 0.986046
0.505440 0.986046
0.505470 0.986046
0.505491 0.986046
0.505532 0.986046
0.505593 0.986046
0.505716 0.986046
0.505727 0.986046
0.505727 0.986063
0.505768 0.986063
0.505840 0.986063
0.505922 0.986063
0.505983 0.986063
0.506024 0.986080
0.506065 0.986080
0.506116 0.986080
0.506219 0.986080
0.506301 0.986080
0.506321 0.986080
0.506403 0.986080
0.506455 0.986096
0.506475 0.986096
0.506568 0.986096
0.506578 0.986096
0.506629 0.986096
0.506650 0.986096
0.506670 0.986163
0.506691 0.986163
0.506742 0.986163
0.506762 0.986163
0.506855 0.986163
0.506906 0.986163
0.506916 0.986163
0.506988 0.986163
0.507049 0.986163
0.507070 0.986163
0.507142 0.986163
0.507152 0.986163
0.507173 0.986180
0.507244 0.986180
0.507285 0.986180
0.507306 0.986180
0.507367 0.986180
0.507408 0.986180
0.507470 0.986180
0.507542 0.986180
0.507644 0.986180
0.507685 0.986180
0.507695 0.986180
0.507736 0.986180
0.507767 0.986230
0.507808 0.986230
0.507860 0.986230
0.507931 0.986230
0.507972 0.986247
0.507983 0.986263
0.508003 0.986263
0.508054 0.986280
0.508085 0.986280
0.508106 0.986280
0.508116 0.986280
0.508167 0.986280
0.508229 0.986280
0.508331 0.986280
0.508362 0.986297
0.508434 0.986314
0.508444 0.986314
0.508464 0.986314
0.508485 0.986314
0.508536 0.986314
0.508557 0.986314
0.508598 0.986314
0.508598 0.986330
0.508629 0.986347
0.508639 0.986347
0.508731 0.986347
0.508813 0.986347
0.508854 0.986347
0.508875 0.986347
0.508905 0.986347
0.508926 0.986347
0.508957 0.986347
0.508998 0.986347
0.509049 0.986347
0.509121 0.986347
0.509162 0.986364
0.509223 0.986364
0.509254 0.986380
0.509305 0.986397
0.509336 0.986397
0.509439 0.986397
0.509480 0.986397
0.509500 0.986397
0.509582 0.986397
0.509664 0.986430
0.509705 0.986430
0.509736 0.986430
0.509777 0.986430
0.509818 0.986430
0.509880 0.986430
0.509890 0.986430
0.509921 0.986430
0.509972 0.986430
0.510033 0.986430
0.510074 0.986447
0.510095 0.986447
0.510105 0.986447
0.510167 0.986447
0.510238 0.986447
0.510279 0.986447
0.510361 0.986481
0.510402 0.986481
0.510474 0.986481
0.510556 0.986481
0.510638 0.986481
0.510659 0.986481
0.510720 0.986481
0.510772 0.986481
0.510813 0.986481
0.510823 0.986481
0.510884 0.986481
0.510905 0.986481
0.510977 0.986481
0.511028 0.986481
0.511059 0.986481
0.511079 0.986481
0.511110 0.986481
0.511182 0.986481
0.511213 0.986481
0.511223 0.986497
0.511254 0.986514
0.511264 0.986514
0.511295 0.986514
0.511315 0.986514
0.511377 0.986514
0.511407 0.986514
0.511448 0.986514
0.511479 0.986514
0.511489 0.986514
0.511510 0.986514
0.511582 0.986531
0.511602 0.986531
0.511633 0.986531
0.511643 0.986531
0.511664 0.986547
0.511705 0.986547
0.511725 0.986581
0.511776 0.986581
0.511900 0.986581
0.511930 0.986598
0.511951 0.986598
0.511982 0.986598
0.512043 0.986598
0.512094 0.986598
0.512115 0.986598
0.512187 0.986614
0.512207 0.986614
0.512258 0.986614
0.512279 0.986614
0.512361 0.986614
0.512381 0.986614
0.512392 0.986614
0.512422 0.986614
0.512504 0.986614
0.512546 0.986614
0.512607 0.986614
0.512617 0.986614
0.512628 0.986631
0.512730 0.986631
0.512751 0.986631
0.512761 0.986631
0.512802 0.986631
0.512833 0.986631
0.512884 0.986631
0.513048 0.986631
0.513079 0.986631
0.513089 0.986631
0.513140 0.986631
0.513171 0.986631
0.513222 0.986648
0.513274 0.986648
0.513304 0.986648
0.513356 0.986648
0.513397 0.986648
0.513468 0.986664
0.513520 0.986664
0.513540 0.986664
0.513591 0.986664
0.513602 0.986664
0.513653 0.986664
0.513653 0.986681
0.513725 0.986681
0.513755 0.986681
0.513807 0.986698
0.513858 0.986698
0.513868 0.986698
0.513899 0.986698
0.513950 0.986698
0.513961 0.986698
0.513991 0.986698
0.514032 0.986698
0.514073 0.986698
0.514084 0.986698
0.514114 0.986698
0.514166 0.986698
0.514227 0.986698
0.514237 0.986698
0.514258 0.986698
0.514309 0.986715
0.514381 0.986715
0.514422 0.986715
0.514453 0.986715
0.514535 0.986715
0.514565 0.986715
0.514617 0.986731
0.514637 0.986731
0.514678 0.986748
0.514709 0.986748
0.514750 0.986748
0.514812 0.986748
0.514842 0.986765
0.514873 0.986765
0.514914 0.986765
0.514955 0.986765
0.515006 0.986765
0.515037 0.986765
0.515068 0.986798
0.515078 0.986798
0.515119 0.986798
0.515150 0.986798
0.515181 0.986815
0.515232 0.986832
0.515314 0.986832
0.515335 0.986832
0.515365 0.986832
0.515386 0.986832
0.515447 0.986832
0.515468 0.986832
0.515519 0.986848
0.515519 0.986865
0.515550 0.986865
0.515601 0.986865
0.515642 0.986865
0.515663 0.986865
0.515704 0.986865
0.515724 0.986865
0.515745 0.986882
0.515775 0.986882
0.515816 0.986882
0.515827 0.986882
0.515909 0.986882
0.515929 0.986915
0.515981 0.986915
0.515991 0.986915
0.516073 0.986915
0.516134 0.986915
0.516165 0.986915
0.516216 0.986932
0.516247 0.986932
0.516268 0.986932
0.516319 0.986932
0.516339 0.986932
0.516380 0.986949
0.516391 0.986965
0.516421 0.986965
0.516503 0.986965
0.516503 0.986982
0.516544 0.986982
0.516565 0.986982
0.516616 0.986982
0.516698 0.986982
0.516760 0.986982
0.516780 0.986982
0.516842 0.986982
0.516862 0.987015
0.516934 0.987015
0.516955 0.987032
0.517016 0.987066
0.517057 0.987066
0.517088 0.987066
0.517160 0.987066
0.517170 0.987066
0.517242 0.987066
0.517262 0.987082
0.517314 0.987082
0.517375 0.987082
0.517416 0.987082
0.517478 0.987082
0.517508 0.987082
0.517529 0.987082
0.517580 0.987082
0.517611 0.987082
0.517631 0.987082
0.517642 0.987082
0.517744 0.987082
0.517795 0.987082
0.517857 0.987082
0.517867 0.987099
0.517877 0.987099
0.517918 0.987149
0.518001 0.987149
0.518052 0.987149
0.518113 0.987149
0.518134 0.987149
0.518195 0.987166
0.518206 0.987199
0.518247 0.987199
0.518288 0.987199
0.518298 0.987199
0.518370 0.987199
0.518390 0.987199
0.518431 0.987199
0.518462 0.987199
0.518503 0.987199
0.518595 0.987199
0.518626 0.987199
0.518677 0.987199
0.518698 0.987199
0.518729 0.987199
0.518770 0.987199
0.518800 0.987199
0.518831 0.987216
0.518893 0.987216
0.518934 0.987233
0.519005 0.987233
0.519026 0.987249
0.519067 0.987249
0.519077 0.987249
0.519118 0.987249
0.519139 0.987249
0.519169 0.987249
0.519231 0.987249
0.519241 0.987249
0.519272 0.987249
0.519354 0.987249
0.519375 0.987249
0.519405 0.987249
0.519426 0.987249
0.519436 0.987249
0.519457 0.987249
0.519467 0.987249
0.519487 0.987249
0.519528 0.987249
0.519559 0.987249
0.519600 0.987249
0.519621 0.987249
0.519692 0.987266
0.519733 0.987266
0.519744 0.987266
0.519744 0.987283
0.519795 0.987283
0.519856 0.987283
0.519867 0.987283
0.519887 0.987283
0.519928 0.987299
0.519959 0.987299
0.519979 0.987299
0.520010 0.987316
0.520021 0.987316
0.520051 0.987316
0.520082 0.987333
0.520092 0.987333
0.520123 0.987333
0.520185 0.987333
0.520277 0.987333
0.520297 0.987333
0.520308 0.987350
0.520328 0.987350
0.520369 0.987383
0.520431 0.987383
0.520451 0.987383
0.520482 0.987400
0.520502 0.987416
0.520533 0.987416
0.520543 0.987416
0.520564 0.987416
0.520595 0.987416
0.520615 0.987416
0.520636 0.987433
0.520646 0.987433
0.520666 0.987433
0.520708 0.987433
0.520728 0.987433
0.520769 0.987433
0.520779 0.987433
0.520861 0.987433
0.520913 0.987433
0.520984 0.987433
0.521005 0.987433
0.521097 0.987450
0.521128 0.987450
0.521169 0.987450
0.521189 0.987450
0.521261 0.987450
0.521312 0.987450
0.521333 0.987450
0.521364 0.987450
0.521415 0.987450
0.521425 0.987467
0.521446 0.987483
0.521487 0.987483
0.521559 0.987500
0.521630 0.987500
0.521661 0.987517
0.521682 0.987517
0.521743 0.987517
0.521764 0.987533
0.521784 0.987533
0.521815 0.987550
0.521856 0.987550
0.521917 0.987550
0.521948 0.987567
0.521948 0.987617
0.521979 0.987617
0.522030 0.987617
0.522092 0.987634
0.522102 0.987634
0.522133 0.987650
0.522164 0.987650
0.522205 0.987650
0.522215 0.987650
0.522266 0.987650
0.522276 0.987650
0.522307 0.987650
0.522328 0.987650
0.522379 0.987667
0.522399 0.987667
0.522440 0.987667
0.522451 0.987667
0.522512 0.987667
0.522553 0.987684
0.522584 0.987701
0.522604 0.987701
0.522656 0.987701
0.522666 0.987717
0.522728 0.987717
0.522748 0.987717
0.522799 0.987717
0.522830 0.987717
0.522912 0.987717
0.522933 0.987717
0.523086 0.987717
0.523148 0.987717
0.523189 0.987717
0.523240 0.987717
0.523271 0.987717
0.523281 0.987717
0.523373 0.987717
0.523435 0.987717
0.523507 0.987717
0.523548 0.987717
0.523609 0.987717
0.523650 0.987717
0.523671 0.987717
0.523712 0.987717
0.523743 0.987734
0.523763 0.987751
0.523794 0.987751
0.523855 0.987751
0.523896 0.987767
0.523958 0.987767
0.523978 0.987767
0.523989 0.987767
0.524009 0.987767
0.524040 0.987767
0.524081 0.987767
0.524102 0.987767
0.524184 0.987767
0.524194 0.987767
0.524235 0.987767
0.524276 0.987767
0.524317 0.987801
0.524337 0.987801
0.524368 0.987834
0.524389 0.987834
0.524430 0.987834
0.524460 0.987834
0.524481 0.987834
0.524553 0.987868
0.524583 0.987868
0.524594 0.987868
0.524655 0.987868
0.524696 0.987868
0.524706 0.987868
0.524737 0.987868
0.524778 0.987868
0.524809 0.987884
0.524860 0.987884
0.524891 0.987884
0.524932 0.987884
0.524994 0.987918
0.525024 0.987918
0.525086 0.987918
0.525147 0.987918
0.525168 0.987918
0.525188 0.987934
0.525219 0.987951
0.525281 0.987951
0.525311 0.987951
0.525352 0.987951
0.525414 0.987951
0.525517 0.987951
0.525558 0.987951
0.525578 0.987951
0.525619 0.987951
0.525640 0.987968
0.525660 0.987968
0.525711 0.987985
0.525742 0.987985
0.525763 0.987985
0.525804 0.987985
0.525865 0.987985
0.525906 0.987985
0.525927 0.987985
0.525957 0.987985
0.526009 0.987985
0.526019 0.987985
0.526039 0.987985
0.526080 0.987985
0.526152 0.988001
0.526193 0.988001
0.526214 0.988018
0.526224 0.988018
0.526265 0.988018
0.526296 0.988035
0.526398 0.988035
0.526419 0.988035
0.526450 0.988035
0.526501 0.988035
0.526573 0.988051
0.526614 0.988068
0.526737 0.988068
0.526757 0.988085
0.526778 0.988085
0.526788 0.988102
0.526839 0.988102
0.526880 0.988118
0.526901 0.988118
0.526952 0.988118
0.526993 0.988118
0.527055 0.988118
0.527116 0.988118
0.527167 0.988118
0.527208 0.988118
0.527260 0.988118
0.527280 0.988118
0.527321 0.988118
0.527342 0.988135
0.527362 0.988135
0.527424 0.988185
0.527454 0.988185
0.527516 0.988185
0.527567 0.988185
0.527629 0.988185
0.527690 0.988202
0.527701 0.988202
0.527742 0.988202
0.527783 0.988202
0.527813 0.988202
0.527875 0.988202
0.527906 0.988202
0.527926 0.988202
0.527967 0.988202
0.527998 0.988202
0.528018 0.988202
0.528039 0.988202
0.528080 0.988202
0.528090 0.988219
0.528121 0.988219
0.528142 0.988235
0.528162 0.988235
0.528203 0.988235
0.528234 0.988235
0.528254 0.988235
0.528285 0.988235
0.528316 0.988252
0.528336 0.988252
0.528357 0.988252
0.528418 0.988252
0.528449 0.988252
0.528500 0.988252
0.528541 0.988252
0.528552 0.988252
0.528572 0.988252
0.528613 0.988252
0.528664 0.988252
0.528685 0.988252
0.528726 0.988252
0.528746 0.988252
0.528757 0.988252
0.528787 0.988252
0.528839 0.988252
0.528870 0.988252
0.528911 0.988252
0.528921 0.988252
0.528952 0.988252
0.529075 0.988252
0.529136 0.988252
0.529177 0.988252
0.529187 0.988252
0.529228 0.988252
0.529239 0.988252
0.529269 0.988252
0.529290 0.988269
0.529310 0.988269
0.529321 0.988269
0.529362 0.988269
0.529372 0.988269
0.529433 0.988269
0.529444 0.988269
0.529495 0.988269
0.529577 0.988269
0.529639 0.988269
0.529659 0.988285
0.529669 0.988285
0.529721 0.988285
0.529741 0.988285
0.529751 0.988285
0.529782 0.988285
0.529803 0.988285
0.529844 0.988285
0.529905 0.988285
0.529956 0.988302
0.529987 0.988319
0.529997 0.988319
0.530008 0.988336
0.530049 0.988352
0.530090 0.988352
0.530151 0.988352
0.530192 0.988352
0.530213 0.988352
0.530274 0.988352
0.530315 0.988369
0.530356 0.988369
0.530377 0.988369
0.530438 0.988369
0.530449 0.988369
0.530500 0.988369
0.530531 0.988369
0.530551 0.988369
0.530561 0.988369
0.530613 0.988369
0.530633 0.988369
0.530684 0.988369
0.530725 0.988369
0.530807 0.988369
0.530859 0.988369
0.530869 0.988369
0.530910 0.988369
0.530920 0.988369
0.530972 0.988369
0.531013 0.988386
0.531033 0.988386
0.531115 0.988386
0.531136 0.988402
0.531187 0.988402
0.531197 0.988419
0.531238 0.988419
0.531269 0.988419
0.531300 0.988436
0.531361 0.988436
0.531371 0.988436
0.531412 0.988436
0.531433 0.988436
0.531443 0.988453
0.531464 0.988453
0.531505 0.988453
0.531515 0.988469
0.531556 0.988469
0.531587 0.988469
0.531648 0.988486
0.531669 0.988486
0.531730 0.988486
0.531741 0.988486
0.531771 0.988486
0.531853 0.988486
0.531874 0.988486
0.531915 0.988486
0.531946 0.988486
0.532007 0.988486
0.532028 0.988486
0.532028 0.988503
0.532058 0.988503
0.532110 0.988503
0.532140 0.988503
0.532151 0.988503
0.532161 0.988519
0.532202 0.988519
0.532253 0.988536
0.532284 0.988570
0.532305 0.988586
0.532346 0.988586
0.532356 0.988586
0.532387 0.988603
0.532428 0.988603
0.532438 0.988603
0.532479 0.988620
0.532540 0.988620
0.532551 0.988620
0.532592 0.988620
0.532622 0.988620
0.532643 0.988620
0.532704 0.988620
0.532756 0.988620
0.532838 0.988636
0.532858 0.988636
0.532889 0.988636
0.532930 0.988636
0.533002 0.988636
0.533012 0.988636
0.533043 0.988636
0.533063 0.988636
0.533094 0.988636
0.533135 0.988636
0.533145 0.988636
0.533176 0.988636
0.533217 0.988636
0.533268 0.988636
0.533279 0.988653
0.533371 0.988653
0.533432 0.988653
0.533484 0.988653
0.533525 0.988653
0.533555 0.988653
0.533597 0.988653
0.533658 0.988653
0.533668 0.988653
0.533750 0.988653
0.533761 0.988653
0.533802 0.988653
0.533863 0.988670
0.533873 0.988686
0.533884 0.988686
0.533904 0.988686
0.533955 0.988686
0.533986 0.988686
0.534089 0.988686
0.534119 0.988686
0.534181 0.988686
0.534191 0.988703
0.534212 0.988703
0.534253 0.988703
0.534273 0.988703
0.534335 0.988703
0.534345 0.988703
0.534396 0.988703
0.534417 0.988703
0.534427 0.988703
0.534468 0.988703
0.534499 0.988703
0.534550 0.988703
0.534591 0.988703
0.534612 0.988703
0.534622 0.988703
0.534673 0.988703
0.534714 0.988703
0.534765 0.988703
0.534796 0.988703
0.534817 0.988703
0.534899 0.988703
0.534971 0.988703
0.535001 0.988703
0.535063 0.988720
0.535094 0.988720
0.535176 0.988720
0.535186 0.988720
0.535217 0.988720
0.535288 0.988720
0.535319 0.988720
0.535360 0.988720
0.535411 0.988720
0.535432 0.988720
0.535442 0.988720
0.535463 0.988720
0.535534 0.988720
0.535555 0.988720
0.535586 0.988720
0.535647 0.988720
0.535709 0.988737
0.535760 0.988737
0.535770 0.988737
0.535852 0.988737
0.535863 0.988737
0.535883 0.988737
0.535914 0.988753
0.535934 0.988753
0.535986 0.988753
0.536016 0.988753
0.536068 0.988753
0.536098 0.988753
0.536129 0.988770
0.536160 0.988770
0.536180 0.988770
0.536191 0.988770
0.536273 0.988770
0.536293 0.988787
0.536314 0.988787
0.536355 0.988787
0.536386 0.988787
0.536437 0.988787
0.536457 0.988803
0.536468 0.988803
0.536498 0.988803
0.536529 0.988820
0.536539 0.988837
0.536570 0.988837
0.536591 0.988837
0.536673 0.988837
0.536703 0.988837
0.536734 0.988837
0.536806 0.988837
0.536826 0.988837
0.536898 0.988837
0.536991 0.988837
0.537042 0.988837
0.537052 0.988837
0.537083 0.988837
0.537124 0.988837
0.537165 0.988837
0.537226 0.988837
0.537308 0.988837
0.537329 0.988837
0.537380 0.988854
0.537411 0.988887
0.537421 0.988887
0.537462 0.988887
0.537534 0.988887
0.537565 0.988904
0.537575 0.988920
0.537595 0.988920
0.537698 0.988920
0.537729 0.988920
0.537739 0.988920
0.537770 0.988920
0.537852 0.988920
0.537903 0.988937
0.537944 0.988937
0.538006 0.988937
0.538067 0.988971
0.538067 0.988987
0.538139 0.989004
0.538149 0.989004
0.538200 0.989004
0.538221 0.989004
0.538303 0.989004
0.538334 0.989004
0.538334 0.989021
0.538354 0.989037
0.538406 0.989037
0.538457 0.989054
0.538477 0.989071
0.538508 0.989071
0.538539 0.989071
0.538559 0.989071
0.538590 0.989071
0.538631 0.989071
0.538641 0.989071
0.538693 0.989071
0.538734 0.989071
0.538764 0.989071
0.538775 0.989071
0.538826 0.989071
0.538887 0.989071
0.538990 0.989071
0.539062 0.989071
0.539113 0.989071
0.539134 0.989071
0.539185 0.989071
0.539226 0.989071
0.539277 0.989088
0.539298 0.989088
0.539359 0.989088
0.539421 0.989088
0.539431 0.989088
0.539503 0.989088
0.539523 0.989088
0.539554 0.989088
0.539636 0.989121
0.539698 0.989121
0.539718 0.989121
0.539749 0.989121
0.539831 0.989121
0.539872 0.989121
0.539903 0.989121
0.539923 0.989121
0.539954 0.989121
0.539995 0.989121
0.540046 0.989121
0.540067 0.989121
0.540097 0.989121
0.540149 0.989121
0.540169 0.989121
0.540220 0.989121
0.540261 0.989121
0.540292 0.989121
0.540302 0.989121
0.540385 0.989121
0.540395 0.989121
0.540415 0.989121
0.540446 0.989121
0.540467 0.989121
0.540508 0.989121
0.540569 0.989121
0.540620 0.989138
0.540641 0.989138
0.540651 0.989138
0.540733 0.989138
0.540764 0.989138
0.540795 0.989154
0.540805 0.989171
0.540825 0.989188
0.540877 0.989188
0.540887 0.989188
0.540928 0.989188
0.540938 0.989205
0.541000 0.989205
0.541020 0.989205
0.541113 0.989205
0.541195 0.989221
0.541215 0.989221
0.541256 0.989221
0.541307 0.989221
0.541338 0.989221
0.541359 0.989221
0.541389 0.989221
0.541420 0.989238
0.541441 0.989238
0.541492 0.989238
0.541553 0.989238
0.541564 0.989255
0.541635 0.989255
0.541656 0.989255
0.541676 0.989255
0.541707 0.989255
0.541748 0.989305
0.541759 0.989305
0.541820 0.989305
0.541841 0.989322
0.541923 0.989322
0.541953 0.989322
0.541964 0.989322
0.541984 0.989322
0.542046 0.989338
0.542066 0.989338
0.542117 0.989338
0.542128 0.989355
0.542210 0.989355
0.542240 0.989355
0.542261 0.989372
0.542292 0.989372
0.542302 0.989372
0.542363 0.989372
0.542405 0.989372
0.542466 0.989372
0.542497 0.989372
0.542558 0.989372
0.542579 0.989372
0.542620 0.989372
0.542640 0.989372
0.542671 0.989372
0.542712 0.989405
0.542794 0.989405
0.542804 0.989405
0.542866 0.989405
0.542897 0.989405
0.542907 0.989405
0.542979 0.989405
0.542989 0.989405
0.543030 0.989405
0.543092 0.989405
0.543133 0.989422
0.543153 0.989422
0.543256 0.989422
0.543327 0.989422
0.543389 0.989422
0.543399 0.989422
0.543420 0.989422
0.543430 0.989422
0.543461 0.989422
0.543512 0.989422
0.543532 0.989422
0.543563 0.989422
0.543625 0.989422
0.543645 0.989422
0.543727 0.989422
0.543748 0.989422
0.543789 0.989422
0.543840 0.989439
0.543871 0.989439
0.543881 0.989439
0.543912 0.989439
0.543922 0.989439
0.543953 0.989439
0.543963 0.989439
0.544045 0.989439
0.544055 0.989439
0.544096 0.989439
0.544127 0.989439
0.544168 0.989439
0.544230 0.989439
0.544281 0.989439
0.544312 0.989439
0.544373 0.989439
0.544383 0.989439
0.544435 0.989472
0.544445 0.989472
0.544486 0.989472
0.544507 0.989489
0.544537 0.989489
0.544558 0.989489
0.544568 0.989489
0.544630 0.989505
0.544640 0.989505
0.544691 0.989505
0.544712 0.989505
0.544773 0.989505
0.544794 0.989505
0.544824 0.989505
0.544845 0.989505
0.544906 0.989505
0.544927 0.989522
0.545029 0.989522
0.545050 0.989522
0.545112 0.989522
0.545132 0.989539
0.545163 0.989539
0.545183 0.989539
0.545214 0.989539
0.545255 0.989539
0.545265 0.989539
0.545296 0.989539
0.545317 0.989555
0.545378 0.989555
0.545429 0.989555
0.545470 0.989555
0.545501 0.989555
0.545552 0.989555
0.545563 0.989555
0.545604 0.989555
0.545614 0.989555
0.545655 0.989555
0.545675 0.989572
0.545737 0.989572
0.545747 0.989572
0.545768 0.989572
0.545778 0.989572
0.545809 0.989572
0.545860 0.989572
0.545870 0.989572
0.545891 0.989572
0.545932 0.989572
0.545942 0.989589
0.545973 0.989589
0.545983 0.989589
0.546014 0.989606
0.546034 0.989606
0.546065 0.989606
0.546086 0.989606
0.546127 0.989606
0.546137 0.989606
0.546157 0.989622
0.546168 0.989622
0.546198 0.989622
0.546219 0.989622
0.546219 0.989639
0.546270 0.989639
0.546311 0.989639
0.546393 0.989639
0.546424 0.989639
0.546475 0.989639
0.546537 0.989639
0.546660 0.989639
0.546701 0.989639
0.546721 0.989639
0.546742 0.989656
0.546803 0.989656
0.546855 0.989656
0.546865 0.989656
0.546906 0.989656
0.546926 0.989656
0.546937 0.989672
0.546978 0.989672
0.547008 0.989672
0.547060 0.989672
0.547090 0.989672
0.547111 0.989672
0.547162 0.989672
0.547193 0.989672
0.547214 0.989672
0.547244 0.989672
0.547285 0.989689
0.547337 0.989689
0.547429 0.989689
0.547439 0.989689
0.547490 0.989689
0.547511 0.989689
0.547542 0.989689
0.547613 0.989689
0.547624 0.989689
0.547644 0.989689
0.547665 0.989689
0.547695 0.989689
0.547706 0.989689
0.547747 0.989689
0.547757 0.989689
0.547788 0.989689
0.547798 0.989689
0.547808 0.989723
0.547880 0.989723
0.547931 0.989723
0.547952 0.989723
0.547983 0.989723
0.547993 0.989723
0.548034 0.989723
0.548075 0.989723
0.548095 0.989723
0.548157 0.989723
0.548167 0.989723
0.548208 0.989739
0.548229 0.989739
0.548270 0.989739
0.548270 0.989756
0.548280 0.989756
0.548300 0.989756
0.548311 0.989756
0.548372 0.989756
0.548403 0.989756
0.548413 0.989789
0.548423 0.989789
0.548464 0.989789
0.548495 0.989789
0.548516 0.989806
0.548577 0.989806
0.548618 0.989806
0.548649 0.989806
0.548731 0.989806
0.548741 0.989806
0.548762 0.989806
0.548823 0.989806
0.548854 0.989806
0.548875 0.989806
0.548885 0.989823
0.548895 0.989823
0.548936 0.989823
0.548957 0.989823
0.548998 0.989823
0.549008 0.989823
0.549028 0.989823
0.549039 0.989823
0.549059 0.989823
0.549090 0.989823
0.549110 0.989823
0.549131 0.989840
0.549172 0.989840
0.549203 0.989840
0.549234 0.989856
0.549264 0.989856
0.549275 0.989856
0.549336 0.989856
0.549377 0.989856
0.549398 0.989856
0.549418 0.989873
0.549428 0.989873
0.549551 0.989873
0.549603 0.989873
0.549633 0.989873
0.549654 0.989873
0.549705 0.989873
0.549715 0.989873
0.549756 0.989873
0.549808 0.989873
0.549818 0.989873
0.549859 0.989873
0.549869 0.989873
0.549921 0.989873
0.549951 0.989873
0.549962 0.989873
0.549982 0.989873
0.550013 0.989873
0.550033 0.989873
0.550074 0.989906
0.550085 0.989906
0.550146 0.989906
0.550197 0.989906
0.550218 0.989906
0.550259 0.989906
0.550290 0.989906
0.550310 0.989906
0.550372 0.989906
0.550382 0.989906
0.550413 0.989906
0.550495 0.989906
0.550505 0.989923
0.550536 0.989923
0.550577 0.989923
0.550628 0.989923
0.550649 0.989940
0.550659 0.989940
0.550710 0.989940
0.550751 0.989940
0.550782 0.989940
0.550823 0.989940
0.550915 0.989940
0.550946 0.989940
0.550956 0.989940
0.550977 0.989940
0.550987 0.989940
0.551048 0.989940
0.551069 0.989940
0.551110 0.989940
0.551141 0.989940
0.551151 0.989940
0.551182 0.989940
0.551192 0.989940
0.551213 0.989940
0.551243 0.989940
0.551264 0.989940
0.551315 0.989940
0.551377 0.989940
0.551407 0.989940
0.551459 0.989940
0.551479 0.989940
0.551520 0.989940
0.551582 0.989940
0.551592 0.989940
0.551602 0.989957
0.551664 0.989957
0.551705 0.989957
0.551766 0.989957
0.551787 0.989957
0.551848 0.989957
0.551879 0.989957
0.551941 0.989957
0.551961 0.989957
0.551971 0.989957
0.552033 0.989957
0.552064 0.989957
0.552094 0.989973
0.552105 0.989973
0.552146 0.989973
0.552187 0.989973
0.552228 0.989973
0.552289 0.989973
0.552330 0.989973
0.552351 0.989973
0.552392 0.989973
0.552443 0.989973
0.552474 0.989973
0.552494 0.989973
0.552556 0.989973
0.552597 0.989973
0.552628 0.989973
0.552648 0.989973
0.552669 0.989973
0.552679 0.989990
0.552720 0.990007
0.552740 0.990007
0.552771 0.990007
0.552792 0.990007
0.552863 0.990007
0.552884 0.990007
0.552904 0.990007
0.552997 0.990007
0.553038 0.990007
0.553058 0.990007
0.553079 0.990007
0.553140 0.990007
0.553181 0.990007
0.553233 0.990023
0.553274 0.990023
0.553325 0.990023
0.553335 0.990023
0.553366 0.990023
0.553407 0.990023
0.553427 0.990023
0.553468 0.990040
0.553550 0.990040
0.553581 0.990040
0.553591 0.990040
0.553591 0.990057
0.553602 0.990074
0.553612 0.990074
0.553632 0.990074
0.553663 0.990074
0.553684 0.990074
0.553714 0.990074
0.553755 0.990074
0.553848 0.990074
0.553889 0.990074
0.553909 0.990074
0.553920 0.990090
0.553950 0.990090
0.554002 0.990090
0.554043 0.990090
0.554073 0.990090
0.554155 0.990090
0.554207 0.990090
0.554217 0.990107
0.554258 0.990107
0.554289 0.990107
0.554299 0.990107
0.554350 0.990107
0.554442 0.990107
0.554483 0.990107
0.554494 0.990107
0.554555 0.990107
0.554637 0.990107
0.554699 0.990107
0.554719 0.990107
0.554730 0.990107
0.554750 0.990107
0.554781 0.990107
0.554863 0.990107
0.554873 0.990107
0.554914 0.990107
0.554924 0.990107
0.554986 0.990107
0.555006 0.990107
0.555037 0.990124
0.555078 0.990140
0.555119 0.990140
0.555160 0.990140
0.555201 0.990140
0.555222 0.990140
0.555252 0.990140
0.555273 0.990140
0.555283 0.990140
0.555304 0.990140
0.555355 0.990140
0.555376 0.990140
0.555406 0.990140
0.555478 0.990140
0.555550 0.990157
0.555560 0.990157
0.555591 0.990157
0.555632 0.990157
0.555642 0.990157
0.555683 0.990157
0.555693 0.990157
0.555724 0.990157
0.555745 0.990157
0.555775 0.990157
0.555786 0.990157
0.555816 0.990174
0.555857 0.990174
0.555888 0.990174
0.555950 0.990174
0.556032 0.990174
0.556052 0.990174
0.556063 0.990191
0.556063 0.990207
0.556114 0.990207
0.556145 0.990207
0.556165 0.990207
0.556186 0.990207
0.556227 0.990207
0.556288 0.990207
0.556319 0.990224
0.556339 0.990224
0.556370 0.990241
0.556380 0.990241
0.556411 0.990257
0.556452 0.990257
0.556483 0.990274
0.556503 0.990274
0.556514 0.990274
0.556555 0.990274
0.556585 0.990274
0.556709 0.990274
0.556719 0.990291
0.556770 0.990291
0.556801 0.990307
0.556862 0.990307
0.556873 0.990324
0.556924 0.990324
0.556965 0.990324
0.556975 0.990324
0.557006 0.990324
0.557026 0.990324
0.557037 0.990324
0.557067 0.990324
0.557088 0.990324
0.557119 0.990324
0.557180 0.990324
0.557190 0.990324
0.557221 0.990324
0.557242 0.990324
0.557252 0.990341
0.557272 0.990341
0.557283 0.990341
0.557314 0.990358
0.557375 0.990358
0.557416 0.990358
0.557447 0.990358
0.557508 0.990358
0.557539 0.990374
0.557549 0.990374
0.557580 0.990374
0.557601 0.990374
0.557662 0.990374
0.557672 0.990374
0.557724 0.990374
0.557785 0.990374
0.557806 0.990374
0.557867 0.990391
0.557898 0.990391
0.557908 0.990391
0.557939 0.990391
0.557959 0.990391
0.557990 0.990391
0.558011 0.990391
0.558052 0.990391
0.558062 0.990391
0.558093 0.990391
0.558113 0.990391
0.558165 0.990391
0.558206 0.990391
0.558216 0.990391
0.558247 0.990391
0.558257 0.990391
0.558288 0.990391
0.558298 0.990391
0.558318 0.990424
0.558380 0.990441
0.558390 0.990441
0.558431 0.990441
0.558441 0.990441
0.558462 0.990441
0.558503 0.990458
0.558513 0.990458
0.558575 0.990458
0.558616 0.990458
0.558636 0.990458
0.558647 0.990475
0.558657 0.990475
0.558698 0.990475
0.558718 0.990491
0.558749 0.990491
0.558800 0.990491
0.558811 0.990491
0.558852 0.990491
0.558872 0.990491
0.558882 0.990491
0.558934 0.990508
0.558944 0.990508
0.558985 0.990508
0.559005 0.990508
0.559016 0.990508
0.559046 0.990508
0.559128 0.990508
0.559139 0.990508
0.559159 0.990508
0.559190 0.990508
0.559210 0.990508
0.559251 0.990508
0.559303 0.990508
0.559344 0.990508
0.559354 0.990508
0.559457 0.990508
0.559498 0.990508
0.559518 0.990525
0.559600 0.990525
0.559662 0.990525
0.559682 0.990525
0.559723 0.990525
0.559764 0.990525
0.559826 0.990525
0.559846 0.990525
0.559887 0.990525
0.559918 0.990525
0.560000 0.990525
0.560021 0.990525
0.560051 0.990525
0.560072 0.990525
0.560123 0.990525
0.560154 0.990525
0.560205 0.990525
0.560236 0.990541
0.560297 0.990541
0.560308 0.990541
0.560349 0.990541
0.560441 0.990541
0.560461 0.990541
0.560492 0.990541
0.560502 0.990541
0.560554 0.990541
0.560595 0.990541
0.560605 0.990558
0.560646 0.990558
0.560656 0.990558
0.560687 0.990575
0.560697 0.990592
0.560708 0.990592
0.560769 0.990592
0.560831 0.990592
0.560841 0.990592
0.560882 0.990592
0.560892 0.990592
0.560933 0.990592
0.560943 0.990608
0.560984 0.990608
0.560984 0.990625
0.561005 0.990625
0.561015 0.990625
0.561036 0.990625
0.561056 0.990642
0.561097 0.990658
0.561138 0.990658
0.561159 0.990658
0.561179 0.990658
0.561210 0.990658
0.561230 0.990658
0.561241 0.990675
0.561282 0.990709
0.561282 0.990725
0.561353 0.990725
0.561374 0.990725
0.561415 0.990725
0.561436 0.990725
0.561446 0.990725
0.561466 0.990725
0.561497 0.990725
0.561518 0.990725
0.561600 0.990725
0.561620 0.990725
0.561671 0.990725
0.561702 0.990725
0.561723 0.990725
0.561743 0.990725
0.561794 0.990725
0.561805 0.990742
0.561887 0.990759
0.561938 0.990759
0.561958 0.990759
0.561958 0.990775
0.561999 0.990775
0.562020 0.990775
0.562071 0.990775
0.562102 0.990775
0.562123 0.990775
0.562164 0.990775
0.562205 0.990775
0.562225 0.990775
0.562235 0.990775
0.562266 0.990775
0.562276 0.990775
0.562297 0.990775
0.562307 0.990775
0.562338 0.990775
0.562379 0.990775
0.562389 0.990775
0.562420 0.990775
0.562440 0.990775
0.562502 0.990775
0.562594 0.990775
0.562615 0.990775
0.562625 0.990792
0.562676 0.990826
0.562686 0.990826
0.562717 0.990826
0.562779 0.990826
0.562810 0.990826
0.562851 0.990826
0.562851 0.990842
0.562943 0.990842
0.562963 0.990842
0.562994 0.990842
0.563015 0.990842
0.563035 0.990842
0.563076 0.990859
0.563086 0.990859
0.563097 0.990876
0.563138 0.990876
0.563189 0.990876
0.563220 0.990876
0.563240 0.990876
0.563271 0.990876
0.563281 0.990876
0.563332 0.990876
0.563373 0.990876
0.563404 0.990876
0.563486 0.990876
0.563497 0.990876
0.563558 0.990876
0.563609 0.990892
0.563630 0.990892
0.563702 0.990892
0.563763 0.990892
0.563773 0.990892
0.563794 0.990892
0.563845 0.990909
0.563876 0.990909
0.563917 0.990909
0.563937 0.990909
0.563989 0.990909
0.563999 0.990926
0.564030 0.990926
0.564102 0.990943
0.564143 0.990943
0.564194 0.990943
0.564255 0.990943
0.564276 0.990943
0.564327 0.990959
0.564337 0.990959
0.564368 0.990959
0.564389 0.990959
0.564450 0.990959
0.564471 0.990959
0.564553 0.990959
0.564594 0.990959
0.564645 0.990959
0.564686 0.990959
0.564727 0.990959
0.564758 0.990959
0.564799 0.990959
0.564860 0.990959
0.564901 0.990959
0.564983 0.990976
0.565014 0.990976
0.565055 0.990976
0.565117 0.990976
0.565127 0.990976
0.565127 0.990993
0.565199 0.990993
0.565229 0.990993
0.565250 0.990993
0.565281 0.990993
0.565301 0.990993
0.565332 0.990993
0.565352 0.991009
0.565363 0.991009
0.565435 0.991009
0.565455 0.991009
0.565486 0.991026
0.565537 0.991043
0.565588 0.991043
0.565629 0.991043
0.565660 0.991043
0.565701 0.991043
0.565732 0.991043
0.565783 0.991043
0.565845 0.991059
0.565886 0.991059
0.565906 0.991059
0.565957 0.991059
0.565998 0.991076
0.566029 0.991093
0.566050 0.991093
0.566060 0.991093
0.566101 0.991093
0.566132 0.991093
0.566163 0.991143
0.566183 0.991143
0.566214 0.991143
0.566255 0.991143
0.566286 0.991176
0.566357 0.991176
0.566368 0.991176
0.566388 0.991176
0.566450 0.991176
0.566491 0.991176
0.566501 0.991176
0.566583 0.991176
0.566603 0.991176
0.566624 0.991193
0.566655 0.991193
0.566675 0.991210
0.566716 0.991210
0.566737 0.991227
0.566747 0.991243
0.566778 0.991243
0.566798 0.991243
0.566819 0.991260
0.566850 0.991260
0.566891 0.991260
0.566911 0.991260
0.566952 0.991260
0.566983 0.991260
0.567024 0.991260
0.567044 0.991277
0.567085 0.991277
0.567157 0.991277
0.567188 0.991277
0.567249 0.991277
0.567260 0.991277
0.567280 0.991277
0.567301 0.991293
0.567311 0.991293
0.567331 0.991293
0.567383 0.991293
0.567403 0.991293
0.567413 0.991293
0.567475 0.991293
0.567475 0.991310
0.567496 0.991310
0.567537 0.991310
0.567578 0.991310
0.567660 0.991310
0.567670 0.991310
0.567690 0.991310
0.567721 0.991310
0.567731 0.991310
0.567752 0.991310
0.567793 0.991310
0.567824 0.991310
0.567834 0.991310
0.567885 0.991310
0.567906 0.991310
0.567936 0.991310
0.567947 0.991310
0.567977 0.991310
0.567998 0.991310
0.568039 0.991310
0.568080 0.991310
0.568090 0.991310
0.568131 0.991327
0.568162 0.991327
0.568183 0.991327
0.568213 0.991327
0.568295 0.991327
0.568326 0.991327
0.568347 0.991327
0.568357 0.991327
0.568377 0.991327
0.568388 0.991327
0.568439 0.991327
0.568449 0.991344
0.568480 0.991344
0.568500 0.991344
0.568511 0.991344
0.568552 0.991344
0.568593 0.991344
0.568623 0.991344
0.568685 0.991344
0.568716 0.991344
0.568736 0.991344
0.568746 0.991344
0.568757 0.991360
0.568767 0.991360
0.568808 0.991360
0.568870 0.991360
0.568890 0.991360
0.568921 0.991377
0.568952 0.991377
0.568972 0.991377
0.568972 0.991394
0.569003 0.991394
0.569023 0.991394
0.569085 0.991394
0.569126 0.991394
0.569136 0.991410
0.569157 0.991410
0.569239 0.991410
0.569259 0.991410
0.569269 0.991410
0.569300 0.991410
0.569310 0.991410
0.569351 0.991410
0.569382 0.991410
0.569392 0.991410
0.569433 0.991410
0.569444 0.991410
0.569464 0.991410
0.569505 0.991410
0.569536 0.991410
0.569577 0.991410
0.569587 0.991410
0.569639 0.991410
0.569680 0.991410
0.569710 0.991410
0.569782 0.991410
0.569803 0.991410
0.569833 0.991410
0.569874 0.991410
0.569885 0.991410
0.569936 0.991410
0.569967 0.991410
0.569997 0.991410
0.570018 0.991410
0.570049 0.991410
0.570069 0.991410
0.570120 0.991410
0.570151 0.991410
0.570151 0.991427
0.570213 0.991427
0.570264 0.991427
0.570274 0.991427
0.570315 0.991427
0.570346 0.991427
0.570356 0.991427
0.570377 0.991427
0.570408 0.991427
0.570428 0.991461
0.570459 0.991461
0.570479 0.991461
0.570520 0.991461
0.570541 0.991461
0.570602 0.991461
0.570654 0.991461
0.570664 0.991461
0.570664 0.991477
0.570684 0.991477
0.570725 0.991477
0.570736 0.991477
0.570797 0.991477
0.570859 0.991477
0.570869 0.991477
0.570910 0.991477
0.570941 0.991477
0.570951 0.991477
0.570972 0.991477
0.571033 0.991477
0.571043 0.991477
0.571105 0.991477
0.571146 0.991477
0.571156 0.991477
0.571187 0.991477
0.571228 0.991477
0.571238 0.991477
0.571269 0.991477
0.571289 0.991494
0.571300 0.991494
0.571320 0.991494
0.571351 0.991511
0.571361 0.991511
0.571402 0.991511
0.571433 0.991511
0.571474 0.991511
0.571546 0.991511
0.571556 0.991511
0.571618 0.991511
0.571648 0.991511
0.571659 0.991511
0.571700 0.991527
0.571710 0.991544
0.571751 0.991544
0.571761 0.991544
0.571802 0.991544
0.571853 0.991544
0.571874 0.991561
0.571925 0.991578
0.571935 0.991578
0.571966 0.991578
0.571976 0.991578
0.572028 0.991578
0.572089 0.991578
0.572110 0.991578
0.572161 0.991578
0.572192 0.991578
0.572233 0.991594
0.572264 0.991611
0.572325 0.991611
0.572346 0.991628
0.572366 0.991628
0.572387 0.991628
0.572407 0.991628
0.572438 0.991628
0.572448 0.991628
0.572469 0.991628
0.572499 0.991628
0.572540 0.991628
0.572602 0.991628
0.572622 0.991628
0.572653 0.991628
0.572715 0.991628
0.572756 0.991628
0.572817 0.991628
0.572910 0.991628
0.572930 0.991628
0.572992 0.991628
0.573084 0.991628
0.573186 0.991628
0.573217 0.991628
0.573238 0.991644
0.573258 0.991644
0.573299 0.991661
0.573320 0.991661
0.573350 0.991661
0.573371 0.991661
0.573453 0.991661
0.573494 0.991661
0.573514 0.991661
0.573586 0.991661
0.573648 0.991661
0.573658 0.991678
0.573679 0.991678
0.573689 0.991678
0.573771 0.991678
0.573781 0.991678
0.573843 0.991678
0.573873 0.991678
0.573894 0.991678
0.573904 0.991678
0.573955 0.991678
0.573996 0.991678
0.574017 0.991678
0.574078 0.991678
0.574089 0.991678
0.574150 0.991678
0.574160 0.991678
0.574201 0.991678
0.574232 0.991678
0.574243 0.991695
0.574263 0.991695
0.574304 0.991695
0.574335 0.991695
0.574355 0.991695
0.574386 0.991695
0.574396 0.991695
0.574427 0.991711
0.574448 0.991711
0.574478 0.991711
0.574509 0.991711
0.574530 0.991711
0.574540 0.991711
0.574571 0.991711
0.574591 0.991711
0.574632 0.991711
0.574653 0.991711
0.574653 0.991745
0.574683 0.991745
0.574724 0.991745
0.574786 0.991745
0.574796 0.991761
0.574827 0.991761
0.574847 0.991761
0.574878 0.991761
0.574919 0.991761
0.574940 0.991761
0.574950 0.991761
0.574981 0.991761
0.575032 0.991761
0.575063 0.991761
0.575083 0.991761
0.575094 0.991761
0.575135 0.991761
0.575186 0.991761
0.575227 0.991761
0.575247 0.991761
0.575288 0.991761
0.575299 0.991761
0.575319 0.991761
0.575370 0.991761
0.575381 0.991761
0.575401 0.991761
0.575422 0.991778
0.575463 0.991778
0.575524 0.991778
0.575586 0.991778
0.575596 0.991778
0.575627 0.991778
0.575688 0.991778
0.575729 0.991778
0.575740 0.991778
0.575822 0.991778
0.575883 0.991778
0.575924 0.991795
0.575934 0.991795
0.576016 0.991795
0.576027 0.991795
0.576088 0.991795
0.576109 0.991795
0.576119 0.991795
0.576150 0.991795
0.576160 0.991795
0.576191 0.991811
0.576232 0.991811
0.576252 0.991811
0.576283 0.991811
0.576324 0.991811
0.576355 0.991811
0.576365 0.991811
0.576416 0.991811
0.576478 0.991811
0.576539 0.991811
0.576580 0.991811
0.576591 0.991811
0.576621 0.991828
0.576652 0.991828
0.576683 0.991845
0.576744 0.991845
0.576755 0.991845
0.576775 0.991862
0.576796 0.991862
0.576806 0.991862
0.576826 0.991862
0.576867 0.991862
0.576919 0.991862
0.576939 0.991878
0.576950 0.991878
0.577001 0.991878
0.577042 0.991878
0.577052 0.991878
0.577093 0.991878
0.577103 0.991878
0.577144 0.991878
0.577175 0.991878
0.577185 0.991878
0.577196 0.991895
0.577216 0.991895
0.577226 0.991895
0.577267 0.991928
0.577308 0.991962
0.577329 0.991962
0.577380 0.991962
0.577421 0.991962
0.577503 0.991962
0.577513 0.991979
0.577554 0.991979
0.577637 0.991979
0.577657 0.991979
0.577708 0.991979
0.577770 0.991979
0.577780 0.991979
0.577811 0.991979
0.577821 0.991979
0.577852 0.991979
0.577872 0.991995
0.577883 0.991995
0.577924 0.991995
0.577944 0.991995
0.577965 0.992029
0.577985 0.992029
0.578026 0.992029
0.578047 0.992029
0.578077 0.992029
0.578088 0.992029
0.578139 0.992029
0.578180 0.992029
0.578200 0.992029
0.578221 0.992045
0.578303 0.992045
0.578334 0.992045
0.578385 0.992045
0.578426 0.992045
0.578436 0.992045
0.578457 0.992045
0.578467 0.992045
0.578488 0.992045
0.578518 0.992045
0.578580 0.992045
0.578611 0.992045
0.578631 0.992045
0.578641 0.992045
0.578682 0.992045
0.578703 0.992045
0.578734 0.992045
0.578754 0.992045
0.578795 0.992045
0.578805 0.992045
0.578857 0.992045
0.578898 0.992045
0.578928 0.992045
0.578939 0.992045
0.578980 0.992045
0.579000 0.992045
0.579021 0.992045
0.579031 0.992045
0.579072 0.992045
0.579082 0.992062
0.579123 0.992062
0.579185 0.992062
0.579226 0.992062
0.579267 0.992062
0.579298 0.992079
0.579308 0.992079
0.579339 0.992096
0.579359 0.992096
0.579410 0.992096
0.579431 0.992112
0.579441 0.992112
0.579472 0.992112
0.579482 0.992129
0.579503 0.992129
0.579513 0.992129
0.579533 0.992129
0.579533 0.992146
0.579564 0.992162
0.579585 0.992162
0.579595 0.992162
0.579605 0.992179
0.579636 0.992179
0.579646 0.992179
0.579718 0.992179
0.579749 0.992179
0.579851 0.992179
0.579882 0.992179
0.579923 0.992179
0.579933 0.992179
0.579985 0.992196
0.580015 0.992196
0.580056 0.992196
0.580077 0.992196
0.580108 0.992196
0.580118 0.992196
0.580149 0.992196
0.580200 0.992196
0.580241 0.992196
0.580261 0.992196
0.580272 0.992196
0.580302 0.992196
0.580302 0.992213
0.580313 0.992213
0.580395 0.992213
0.580436 0.992213
0.580456 0.992213
0.580487 0.992213
0.580528 0.992213
0.580538 0.992229
0.580590 0.992229
0.580600 0.992229
0.580620 0.992246
0.580631 0.992246
0.580692 0.992246
0.580733 0.992246
0.580764 0.992246
0.580774 0.992246
0.580815 0.992279
0.580815 0.992296
0.580877 0.992296
0.580897 0.992296
0.580907 0.992296
0.580948 0.992296
0.581020 0.992296
0.581020 0.992313
0.581061 0.992313
0.581102 0.992313
0.581113 0.992313
0.581143 0.992313
0.581164 0.992313
0.581225 0.992313
0.581256 0.992313
0.581277 0.992313
0.581338 0.992313
0.581348 0.992313
0.581359 0.992330
0.581379 0.992330
0.581389 0.992330
0.581420 0.992330
0.581441 0.992330
0.581471 0.992330
0.581492 0.992330
0.581502 0.992330
0.581564 0.992330
0.581584 0.992330
0.581594 0.992330
0.581646 0.992330
0.581666 0.992330
0.581676 0.992330
0.581697 0.992346
0.581707 0.992346
0.581759 0.992346
0.581779 0.992346
0.581810 0.992346
0.581820 0.992346
0.581851 0.992346
0.581861 0.992363
0.581882 0.992363
0.581912 0.992363
0.581933 0.992363
0.581953 0.992363
0.581974 0.992363
0.582015 0.992363
0.582035 0.992363
0.582076 0.992363
0.582097 0.992363
0.582158 0.992363
0.582179 0.992363
0.582240 0.992363
0.582261 0.992363
0.582292 0.992363
0.582312 0.992363
0.582394 0.992363
0.582425 0.992363
0.582476 0.992363
0.582497 0.992363
0.582538 0.992363
0.582569 0.992380
0.582620 0.992380
0.582651 0.992380
0.582661 0.992380
0.582692 0.992380
0.582712 0.992380
0.582743 0.992396
0.582763 0.992396
0.582815 0.992396
0.582856 0.992396
0.582866 0.992396
0.582886 0.992396
0.582897 0.992396
0.582927 0.992396
0.582968 0.992396
0.583050 0.992396
0.583061 0.992430
0.583122 0.992430
0.583163 0.992430
0.583174 0.992447
0.583194 0.992447
0.583225 0.992447
0.583235 0.992447
0.583297 0.992463
0.583317 0.992463
0.583338 0.992463
0.583389 0.992463
0.583420 0.992463
0.583440 0.992463
0.583450 0.992463
0.583491 0.992463
0.583522 0.992463
0.583543 0.992480
0.583573 0.992480
0.583635 0.992480
0.583645 0.992480
0.583686 0.992480
0.583717 0.992480
0.583768 0.992480
0.583809 0.992480
0.583861 0.992480
0.583881 0.992480
0.583932 0.992480
0.583994 0.992480
0.584025 0.992480
0.584025 0.992497
0.584086 0.992497
0.584107 0.992497
0.584127 0.992497
0.584148 0.992513
0.584158 0.992530
0.584189 0.992530
0.584230 0.992564
0.584271 0.992564
0.584291 0.992564
0.584353 0.992564
0.584394 0.992564
0.584425 0.992564
0.584435 0.992564
0.584455 0.992564
0.584476 0.992564
0.584527 0.992564
0.584548 0.992564
0.584578 0.992564
0.584609 0.992564
0.584650 0.992564
0.584681 0.992564
0.584722 0.992564
0.584742 0.992564
0.584804 0.992564
0.584824 0.992564
0.584855 0.992564
0.584876 0.992580
0.584937 0.992580
0.584958 0.992580
0.584999 0.992597
0.585050 0.992597
0.585070 0.992597
0.585101 0.992597
0.585122 0.992597
0.585132 0.992597
0.585173 0.992597
0.585194 0.992597
0.585214 0.992597
0.585224 0.992614
0.585245 0.992614
0.585286 0.992614
0.585296 0.992614
0.585317 0.992614
0.585327 0.992614
0.585347 0.992614
0.585358 0.992614
0.585378 0.992614
0.585388 0.992630
0.585409 0.992630
0.585481 0.992630
0.585522 0.992630
0.585583 0.992630
0.585593 0.992630
0.585645 0.992630
0.585655 0.992630
0.585696 0.992630
0.585737 0.992630
0.585757 0.992630
0.585768 0.992630
0.585799 0.992630
0.585809 0.992630
0.585840 0.992647
0.585860 0.992647
0.585901 0.992647
0.585932 0.992647
0.585973 0.992647
0.585993 0.992647
0.586034 0.992647
0.586075 0.992647
0.586147 0.992647
0.586178 0.992647
0.586239 0.992647
0.586270 0.992647
0.586291 0.992647
0.586321 0.992647
0.586362 0.992647
0.586373 0.992647
0.586414 0.992647
0.586455 0.992647
0.586455 0.992664
0.586475 0.992680
0.586516 0.992680
0.586537 0.992680
0.586547 0.992680
0.586578 0.992680
0.586588 0.992680
0.586650 0.992680
0.586701 0.992680
0.586762 0.992680
0.586855 0.992680
0.586916 0.992680
0.586937 0.992680
0.586978 0.992680
0.586988 0.992680
0.587029 0.992680
0.587049 0.992680
0.587080 0.992680
0.587101 0.992680
0.587142 0.992680
0.587152 0.992680
0.587214 0.992680
0.587234 0.992680
0.587265 0.992680
0.587275 0.992680
0.587285 0.992714
0.587306 0.992714
0.587337 0.992714
0.587378 0.992714
0.587439 0.992714
0.587480 0.992714
0.587501 0.992714
0.587521 0.992714
0.587583 0.992714
0.587603 0.992714
0.587665 0.992714
0.587706 0.992714
0.587716 0.992714
0.587716 0.992731
0.587747 0.992731
0.587788 0.992731
0.587798 0.992731
0.587829 0.992731
0.587849 0.992731
0.587860 0.992731
0.587880 0.992731
0.587901 0.992747
0.587931 0.992747
0.587983 0.992747
0.588003 0.992747
0.588024 0.992747
0.588044 0.992781
0.588075 0.992781
0.588085 0.992781
0.588147 0.992781
0.588157 0.992781
0.588198 0.992781
0.588229 0.992781
0.588249 0.992781
0.588270 0.992781
0.588290 0.992781
0.588311 0.992814
0.588362 0.992814
0.588362 0.992831
0.588372 0.992831
0.588393 0.992831
0.588413 0.992848
0.588444 0.992848
0.588485 0.992848
0.588495 0.992848
0.588598 0.992848
0.588629 0.992848
0.588639 0.992848
0.588700 0.992848
0.588711 0.992848
0.588711 0.992864
0.588721 0.992864
0.588752 0.992864
0.588772 0.992864
0.588803 0.992864
0.588813 0.992864
0.588854 0.992864
0.588854 0.992881
0.588895 0.992881
0.588916 0.992881
0.588926 0.992881
0.588946 0.992881
0.588977 0.992914
0.588987 0.992914
0.589018 0.992914
0.589059 0.992914
0.589090 0.992914
0.589172 0.992914
0.589203 0.992914
0.589254 0.992914
0.589264 0.992914
0.589285 0.992914
0.589316 0.992914
0.589336 0.992931
0.589377 0.992931
0.589428 0.992931
0.589449 0.992931
0.589480 0.992931
0.589521 0.992931
0.589541 0.992931
0.589562 0.992931
0.589572 0.992931
0.589613 0.992931
0.589674 0.992931
0.589695 0.992931
0.589705 0.992931
0.589746 0.992931
0.589746 0.992965
0.589746 0.992981
0.589756 0.992981
0.589797 0.992981
0.589839 0.992998
0.589849 0.992998
0.589890 0.992998
0.589931 0.992998
0.589951 0.993015
0.590013 0.993015
0.590054 0.993015
0.590074 0.993015
0.590115 0.993015
0.590136 0.993015
0.590187 0.993015
0.590208 0.993015
0.590228 0.993015
0.590259 0.993015
0.590269 0.993015
0.590310 0.993031
0.590320 0.993031
0.590361 0.993031
0.590402 0.993031
0.590413 0.993031
0.590454 0.993031
0.590515 0.993031
0.590526 0.993031
0.590556 0.993031
0.590597 0.993031
0.590608 0.993031
0.590649 0.993031
0.590669 0.993031
0.590690 0.993031
0.590710 0.993031
0.590731 0.993031
0.590782 0.993031
0.590792 0.993031
0.590823 0.993031
0.590854 0.993031
0.590895 0.993031
0.590915 0.993031
0.590946 0.993031
0.590956 0.993031
0.591018 0.993031
0.591038 0.993031
0.591059 0.993048
0.591120 0.993048
0.591141 0.993048
0.591161 0.993048
0.591182 0.993048
0.591202 0.993048
0.591213 0.993065
0.591233 0.993065
0.591377 0.993065
0.591418 0.993065
0.591448 0.993065
0.591469 0.993065
0.591510 0.993065
0.591520 0.993065
0.591541 0.993065
0.591561 0.993082
0.591571 0.993082
0.591623 0.993082
0.591633 0.993082
0.591674 0.993082
0.591725 0.993082
0.591766 0.993082
0.591787 0.993082
0.591797 0.993082
0.591828 0.993082
0.591869 0.993098
0.591910 0.993098
0.591941 0.993098
0.591982 0.993098
0.592002 0.993098
0.592043 0.993098
0.592064 0.993098
0.592084 0.993098
0.592105 0.993115
0.592115 0.993115
0.592135 0.993115
0.592176 0.993115
0.592217 0.993115
0.592238 0.993115
0.592269 0.993115
0.592289 0.993115
0.592330 0.993115
0.592361 0.993115
0.592371 0.993148
0.592381 0.993148
0.592402 0.993148
0.592422 0.993148
0.592515 0.993148
0.592546 0.993165
0.592566 0.993165
0.592587 0.993165
0.592617 0.993165
0.592628 0.993165
0.592658 0.993165
0.592679 0.993182
0.592689 0.993182
0.592730 0.993182
0.592792 0.993182
0.592822 0.993182
0.592863 0.993199
0.592874 0.993199
0.592894 0.993215
0.592935 0.993215
0.592956 0.993215
0.592997 0.993215
0.593089 0.993215
0.593099 0.993215
0.593120 0.993215
0.593191 0.993232
0.593243 0.993232
0.593284 0.993232
0.593315 0.993249
0.593376 0.993249
0.593386 0.993249
0.593417 0.993249
0.593427 0.993249
0.593458 0.993249
0.593468 0.993249
0.593530 0.993249
0.593540 0.993249
0.593581 0.993249
0.593602 0.993249
0.593622 0.993265
0.593632 0.993265
0.593673 0.993265
0.593684 0.993265
0.593704 0.993265
0.593714 0.993265
0.593735 0.993265
0.593745 0.993265
0.593807 0.993265
0.593868 0.993265
0.593878 0.993265
0.593899 0.993265
0.593961 0.993265
0.593971 0.993265
0.593991 0.993282
0.594022 0.993282
0.594043 0.993282
0.594084 0.993282
0.594104 0.993282
0.594114 0.993282
0.594135 0.993282
0.594145 0.993282
0.594166 0.993282
0.594207 0.993282
0.594227 0.993282
0.594237 0.993282
0.594268 0.993282
0.594289 0.993282
0.594299 0.993282
0.594350 0.993282
0.594371 0.993282
0.594391 0.993316
0.594422 0.993316
0.594463 0.993316
0.594473 0.993316
0.594524 0.993316
0.594545 0.993316
0.594545 0.993332
0.594555 0.993332
0.594596 0.993332
0.594617 0.993332
0.594668 0.993332
0.594730 0.993332
0.594740 0.993332
0.594760 0.993332
0.594781 0.993332
0.594801 0.993332
0.594842 0.993332
0.594883 0.993332
0.594945 0.993332
0.594955 0.993332
0.594996 0.993332
0.595027 0.993332
0.595068 0.993332
0.595109 0.993332
0.595129 0.993332
0.595181 0.993332
0.595211 0.993332
0.595232 0.993332
0.595283 0.993332
0.595355 0.993332
0.595376 0.993349
0.595417 0.993349
0.595437 0.993349
0.595447 0.993366
0.595458 0.993366
0.595499 0.993366
0.595519 0.993366
0.595581 0.993366
0.595591 0.993366
0.595632 0.993366
0.595673 0.993366
0.595693 0.993366
0.595724 0.993366
0.595745 0.993366
0.595755 0.993366
0.595755 0.993382
0.595765 0.993382
0.595806 0.993382
0.595837 0.993382
0.595857 0.993382
0.595878 0.993382
0.595898 0.993382
0.595940 0.993382
0.595960 0.993382
0.596011 0.993382
0.596032 0.993382
0.596155 0.993382
0.596165 0.993382
0.596186 0.993382
0.596196 0.993382
0.596237 0.993382
0.596298 0.993382
0.596298 0.993399
0.596309 0.993399
0.596350 0.993399
0.596370 0.993399
0.596391 0.993416
0.596411 0.993416
0.596442 0.993416
0.596452 0.993416
0.596473 0.993416
0.596503 0.993416
0.596555 0.993416
0.596585 0.993416
0.596627 0.993432
0.596647 0.993432
0.596678 0.993432
0.596688 0.993432
0.596709 0.993432
0.596739 0.993432
0.596760 0.993432
0.596780 0.993432
0.596821 0.993432
0.596852 0.993432
0.596873 0.993432
0.596893 0.993432
0.596914 0.993449
0.596965 0.993449
0.596985 0.993449
0.597016 0.993449
0.597037 0.993449
0.597078 0.993449
0.597098 0.993449
0.597119 0.993449
0.597149 0.993449
0.597160 0.993449
0.597201 0.993449
0.597231 0.993449
0.597252 0.993449
0.597262 0.993466
0.597272 0.993466
0.597293 0.993483
0.597303 0.993483
0.597365 0.993483
0.597375 0.993483
0.597396 0.993483
0.597447 0.993483
0.597467 0.993483
0.597529 0.993483
0.597549 0.993483
0.597570 0.993483
0.597590 0.993499
0.597611 0.993499
0.597652 0.993499
0.597683 0.993499
0.597713 0.993499
0.597734 0.993499
0.597765 0.993499
0.597785 0.993499
0.597795 0.993516
0.597847 0.993516
0.597857 0.993516
0.597888 0.993516
0.597908 0.993516
0.597918 0.993516
0.597959 0.993516
0.597990 0.993516
0.598011 0.993516
0.598021 0.993516
0.598042 0.993516
0.598052 0.993516
0.598103 0.993533
0.598113 0.993533
0.598134 0.993533
0.598144 0.993533
0.598175 0.993533
0.598185 0.993533
0.598226 0.993533
0.598288 0.993533
0.598329 0.993533
0.598359 0.993533
0.598380 0.993533
0.598400 0.993533
0.598411 0.993533
0.598431 0.993533
0.598493 0.993533
0.598534 0.993533
0.598564 0.993533
0.598585 0.993533
0.598616 0.993533
0.598636 0.993533
0.598688 0.993533
0.598698 0.993533
0.598780 0.993533
0.598841 0.993533
0.598862 0.993533
0.598862 0.993549
0.598903 0.993549
0.598944 0.993549
0.599005 0.993549
0.599036 0.993549
0.599077 0.993549
0.599098 0.993549
0.599139 0.993549
0.599169 0.993566
0.599200 0.993566
0.599262 0.993566
0.599303 0.993566
0.599344 0.993566
0.599375 0.993566
0.599385 0.993566
0.599446 0.993566
0.599487 0.993566
0.599508 0.993566
0.599518 0.993566
0.599539 0.993566
0.599549 0.993566
0.599569 0.993600
0.599590 0.993600
0.599621 0.993600
0.599662 0.993600
0.599682 0.993600
0.599713 0.993600
0.599733 0.993600
0.599744 0.993600
0.599754 0.993616
0.599774 0.993616
0.599815 0.993616
0.599856 0.993616
0.599867 0.993616
0.599918 0.993616
0.599959 0.993616
0.599969 0.993616
0.599990 0.993616
0.600000 0.993616
0.600031 0.993616
0.600062 0.993616
0.600113 0.993616
0.600123 0.993616
0.600174 0.993616
0.600205 0.993616
0.600246 0.993616
0.600256 0.993616
0.600277 0.993616
0.600287 0.993616
0.600359 0.993616
0.600379 0.993616
0.600410 0.993616
0.600420 0.993616
0.600461 0.993616
0.600502 0.993616
0.600513 0.993616
0.600564 0.993616
0.600574 0.993616
0.600595 0.993616
0.600625 0.993616
0.600687 0.993616
0.600708 0.993616
0.600738 0.993633
0.600749 0.993633
0.600800 0.993666
0.600810 0.993666
0.600841 0.993666
0.600861 0.993666
0.600913 0.993666
0.600974 0.993666
0.600984 0.993683
0.600995 0.993683
0.601015 0.993683
0.601077 0.993683
0.601148 0.993683
0.601159 0.993683
0.601220 0.993683
0.601261 0.993683
0.601302 0.993683
0.601312 0.993683
0.601333 0.993700
0.601353 0.993700
0.601374 0.993700
0.601425 0.993700
0.601446 0.993700
0.601507 0.993700
0.601528 0.993700
0.601569 0.993700
0.601589 0.993700
0.601620 0.993700
0.601661 0.993700
0.601692 0.993700
0.601733 0.993700
0.601764 0.993700
0.601784 0.993700
0.601794 0.993700
0.601825 0.993700
0.601825 0.993717
0.601835 0.993717
0.601846 0.993733
0.601856 0.993733
0.601887 0.993733
0.601907 0.993733
0.601928 0.993733
0.601979 0.993733
0.601989 0.993733
0.602020 0.993733
0.602071 0.993733
0.602133 0.993733
0.602153 0.993733
0.602235 0.993733
0.602276 0.993750
0.602287 0.993750
0.602328 0.993783
0.602369 0.993783
0.602379 0.993800
0.602389 0.993800
0.602430 0.993800
0.602440 0.993800
0.602451 0.993817
0.602471 0.993817
0.602512 0.993817
0.602522 0.993817
0.602543 0.993817
0.602543 0.993834
0.602553 0.993834
0.602574 0.993834
0.602635 0.993834
0.602697 0.993834
0.602707 0.993850
0.602758 0.993850
0.602820 0.993850
0.602830 0.993850
0.602892 0.993850
0.602902 0.993850
0.602943 0.993850
0.602963 0.993850
0.602994 0.993867
0.603004 0.993867
0.603035 0.993867
0.603045 0.993867
0.603066 0.993867
0.603117 0.993867
0.603127 0.993884
0.603138 0.993884
0.603179 0.993884
0.603199 0.993884
0.603220 0.993900
0.603250 0.993900
0.603271 0.993900
0.603302 0.993900
0.603322 0.993900
0.603353 0.993900
0.603373 0.993900
0.603415 0.993900
0.603435 0.993900
0.603456 0.993900
0.603497 0.993900
0.603527 0.993900
0.603527 0.993917
0.603568 0.993917
0.603599 0.993917
0.603620 0.993917
0.603630 0.993917
0.603671 0.993917
0.603691 0.993917
0.603753 0.993917
0.603773 0.993917
0.603804 0.993917
0.603825 0.993917
0.603845 0.993917
0.603876 0.993917
0.603896 0.993934
0.603917 0.993934
0.603948 0.993934
0.603958 0.993934
0.603978 0.993934
0.603989 0.993934
0.604009 0.993934
0.604019 0.993934
0.604040 0.993934
0.604050 0.993934
0.604091 0.993934
0.604112 0.993934
0.604143 0.993967
0.604153 0.993967
0.604173 0.993967
0.604184 0.993967
0.604235 0.993967
0.604255 0.993967
0.604307 0.993967
0.604337 0.993984
0.604368 0.993984
0.604378 0.993984
0.604419 0.993984
0.604460 0.993984
0.604532 0.993984
0.604532 0.994001
0.604573 0.994001
0.604594 0.994001
0.604655 0.994001
0.604676 0.994001
0.604717 0.994001
0.604737 0.994001
0.604819 0.994001
0.604860 0.994001
0.604983 0.994001
0.604994 0.994001
0.605014 0.994001
0.605076 0.994001
0.605086 0.994001
0.605096 0.994017
0.605106 0.994017
0.605137 0.994017
0.605199 0.994017
0.605229 0.994017
0.605250 0.994017
0.605260 0.994017
0.605322 0.994017
0.605332 0.994017
0.605373 0.994017
0.605383 0.994017
0.605404 0.994017
0.605414 0.994017
0.605435 0.994017
0.605465 0.994017
0.605517 0.994017
0.605558 0.994017
0.605568 0.994017
0.605629 0.994017
0.605660 0.994017
0.605681 0.994017
0.605722 0.994017
0.605742 0.994017
0.605773 0.994017
0.605793 0.994017
0.605804 0.994017
0.605824 0.994017
0.605865 0.994017
0.605886 0.994017
0.605927 0.994034
0.605937 0.994034
0.605968 0.994034
0.605978 0.994034
0.605998 0.994034
0.606060 0.994034
0.606070 0.994034
0.606091 0.994034
0.606122 0.994034
0.606142 0.994034
0.606152 0.994034
0.606234 0.994034
0.606255 0.994034
0.606306 0.994034
0.606388 0.994034
0.606398 0.994034
0.606419 0.994034
0.606450 0.994034
0.606460 0.994034
0.606491 0.994051
0.606521 0.994051
0.606542 0.994051
0.606603 0.994051
0.606624 0.994068
0.606655 0.994068
0.606716 0.994068
0.606737 0.994068
0.606747 0.994101
0.606767 0.994101
0.606798 0.994101
0.606839 0.994101
0.606880 0.994101
0.606911 0.994101
0.606973 0.994101
0.606983 0.994101
0.607024 0.994101
0.607085 0.994101
0.607106 0.994101
0.607147 0.994101
0.607167 0.994101
0.607219 0.994101
0.607229 0.994101
0.607260 0.994101
0.607270 0.994101
0.607290 0.994118
0.607311 0.994118
0.607342 0.994118
0.607372 0.994118
0.607413 0.994118
0.607444 0.994134
0.607454 0.994134
0.607475 0.994134
0.607526 0.994134
0.607588 0.994134
0.607608 0.994134
0.607619 0.994134
0.607660 0.994134
0.607690 0.994134
0.607731 0.994134
0.607752 0.994134
0.607772 0.994134
0.607803 0.994151
0.607865 0.994151
0.607875 0.994151
0.607957 0.994151
0.608018 0.994151
0.608080 0.994151
0.608090 0.994151
0.608131 0.994151
0.608142 0.994151
0.608152 0.994168
0.608193 0.994168
0.608193 0.994184
0.608224 0.994184
0.608244 0.994201
0.608275 0.994201
0.608295 0.994201
0.608316 0.994201
0.608377 0.994201
0.608408 0.994218
0.608439 0.994218
0.608449 0.994218
0.608511 0.994218
0.608531 0.994218
0.608562 0.994218
0.608582 0.994218
0.608644 0.994218
0.608685 0.994218
0.608705 0.994218
0.608746 0.994218
0.608839 0.994218
0.608880 0.994218
0.608900 0.994218
0.608962 0.994218
0.608982 0.994218
0.608993 0.994218
0.609034 0.994235
0.609085 0.994235
0.609126 0.994235
0.609249 0.994235
0.609259 0.994235
0.609290 0.994235
0.609341 0.994235
0.609372 0.994235
0.609392 0.994235
0.609433 0.994235
0.609495 0.994235
0.609526 0.994235
0.609557 0.994268
0.609587 0.994268
0.609659 0.994268
0.609710 0.994268
0.609741 0.994268
0.609762 0.994268
0.609813 0.994268
0.609854 0.994285
0.609915 0.994285
0.609915 0.994318
0.609956 0.994318
0.609977 0.994318
0.610008 0.994318
0.610038 0.994318
0.610059 0.994318
0.610100 0.994318
0.610120 0.994318
0.610131 0.994318
0.610172 0.994318
0.610213 0.994318
0.610244 0.994318
0.610264 0.994318
0.610274 0.994318
0.610295 0.994318
0.610315 0.994318
0.610336 0.994318
0.610346 0.994335
0.610387 0.994335
0.610408 0.994352
0.610449 0.994352
0.610551 0.994352
0.610572 0.994352
0.610592 0.994352
0.610623 0.994352
0.610633 0.994352
0.610654 0.994352
0.610695 0.994352
0.610736 0.994352
0.610756 0.994352
0.610777 0.994352
0.610787 0.994352
0.610807 0.994352
0.610879 0.994352
0.610900 0.994368
0.610931 0.994368
0.610961 0.994368
0.610982 0.994368
0.611023 0.994368
0.611033 0.994368
0.611064 0.994368
0.611084 0.994368
0.611115 0.994368
0.611125 0.994385
0.611146 0.994385
0.611156 0.994385
0.611187 0.994385
0.611207 0.994385
0.611238 0.994385
0.611300 0.994385
0.611330 0.994385
0.611382 0.994385
0.611423 0.994385
0.611464 0.994385
0.611474 0.994385
0.611515 0.994385
0.611546 0.994385
0.611607 0.994385
0.611628 0.994385
0.611659 0.994385
0.611720 0.994385
0.611751 0.994385
0.611761 0.994385
0.611782 0.994385
0.611792 0.994385
0.611833 0.994385
0.611874 0.994385
0.611884 0.994385
0.611905 0.994385
0.611935 0.994385
0.611966 0.994385
0.612007 0.994385
0.612058 0.994385
0.612099 0.994385
0.612120 0.994385
0.612130 0.994402
0.612171 0.994402
0.612202 0.994402
0.612243 0.994402
0.612253 0.994402
0.612284 0.994402
0.612315 0.994402
0.612325 0.994418
0.612335 0.994418
0.612376 0.994418
0.612387 0.994418
0.612407 0.994418
0.612438 0.994418
0.612469 0.994418
0.612510 0.994418
0.612551 0.994435
0.612581 0.994435
0.612592 0.994435
0.612612 0.994435
0.612653 0.994435
0.612684 0.994435
0.612694 0.994435
0.612715 0.994435
0.612766 0.994452
0.612786 0.994452
0.612797 0.994452
0.612817 0.994452
0.612827 0.994469
0.612868 0.994485
0.612899 0.994485
0.612920 0.994485
0.612971 0.994485
0.612992 0.994485
0.613022 0.994485
0.613053 0.994485
0.613084 0.994485
0.613104 0.994485
0.613186 0.994485
0.613207 0.994485
0.613248 0.994485
0.613258 0.994502
0.613279 0.994502
0.613289 0.994519
0.613320 0.994519
0.613340 0.994552
0.613402 0.994552
0.613412 0.994552
0.613443 0.994552
0.613453 0.994552
0.613473 0.994569
0.613494 0.994569
0.613525 0.994569
0.613566 0.994569
0.613597 0.994586
0.613607 0.994586
0.613658 0.994586
0.613699 0.994586
0.613771 0.994586
0.613791 0.994586
0.613812 0.994586
0.613853 0.994586
0.613873 0.994586
0.613884 0.994586
0.613904 0.994586
0.613914 0.994586
0.613935 0.994586
0.613945 0.994602
0.613955 0.994602
0.613996 0.994602
0.614058 0.994602
0.614068 0.994602
0.614099 0.994602
0.614119 0.994602
0.614140 0.994602
0.614181 0.994602
0.614191 0.994602
0.614212 0.994602
0.614253 0.994602
0.614294 0.994602
0.614355 0.994602
0.614376 0.994602
0.614427 0.994602
0.614448 0.994602
0.614489 0.994602
0.614509 0.994602
0.614550 0.994602
0.614581 0.994602
0.614642 0.994619
0.614683 0.994619
0.614704 0.994619
0.614755 0.994619
0.614786 0.994636
0.614827 0.994636
0.614847 0.994636
0.614878 0.994636
0.614899 0.994636
0.614930 0.994636
0.614940 0.994636
0.614960 0.994652
0.614981 0.994652
0.615012 0.994652
0.615032 0.994652
0.615073 0.994652
0.615094 0.994652
0.615114 0.994652
0.615135 0.994669
0.615176 0.994669
0.615176 0.994703
0.615186 0.994703
0.615206 0.994719
0.615227 0.994719
0.615319 0.994719
0.615329 0.994719
0.615360 0.994736
0.615381 0.994736
0.615391 0.994736
0.615452 0.994736
0.615473 0.994736
0.615514 0.994736
0.615545 0.994736
0.615596 0.994736
0.615606 0.994736
0.615647 0.994736
0.615668 0.994736
0.615688 0.994736
0.615719 0.994736
0.615740 0.994736
0.615770 0.994736
0.615791 0.994736
0.615801 0.994736
0.615822 0.994753
0.615883 0.994753
0.615893 0.994753
0.615924 0.994753
0.615945 0.994753
0.615986 0.994753
0.616047 0.994753
0.616068 0.994753
0.616109 0.994753
0.616109 0.994769
0.616150 0.994769
0.616242 0.994769
0.616252 0.994769
0.616314 0.994769
0.616324 0.994769
0.616355 0.994769
0.616396 0.994769
0.616406 0.994769
0.616447 0.994769
0.616457 0.994769
0.616488 0.994786
0.616498 0.994786
0.616519 0.994786
0.616529 0.994786
0.616550 0.994786
0.616560 0.994803
0.616601 0.994803
0.616621 0.994803
0.616642 0.994803
0.616683 0.994803
0.616693 0.994803
0.616724 0.994803
0.616734 0.994803
0.616755 0.994803
0.616765 0.994803
0.616806 0.994803
0.616826 0.994803
0.616837 0.994820
0.616857 0.994820
0.616919 0.994820
0.616939 0.994820
0.616960 0.994820
0.616991 0.994820
0.617052 0.994820
0.617114 0.994820
0.617124 0.994820
0.617124 0.994836
0.617165 0.994836
0.617185 0.994836
0.617226 0.994853
0.617247 0.994853
0.617288 0.994870
0.617308 0.994870
0.617339 0.994870
0.617360 0.994870
0.617370 0.994870
0.617401 0.994870
0.617411 0.994870
0.617411 0.994886
0.617431 0.994903
0.617442 0.994903
0.617462 0.994903
0.617472 0.994903
0.617503 0.994903
0.617585 0.994903
0.617606 0.994936
0.617637 0.994936
0.617667 0.994936
0.617708 0.994936
0.617719 0.994936
0.617729 0.994970
0.617739 0.994970
0.617770 0.994970
0.617790 0.994970
0.617801 0.994970
0.617842 0.994970
0.617842 0.994987
0.617862 0.995003
0.617903 0.995003
0.617913 0.995003
0.617965 0.995003
0.617995 0.995003
0.618036 0.995003
0.618057 0.995003
0.618067 0.995003
0.618088 0.995003
0.618108 0.995003
0.618129 0.995003
0.618139 0.995003
0.618180 0.995003
0.618241 0.995003
0.618252 0.995003
0.618282 0.995003
0.618293 0.995003
0.618354 0.995003
0.618375 0.995003
0.618406 0.995003
0.618426 0.995003
0.618457 0.995003
0.618498 0.995003
0.618508 0.995020
0.618549 0.995020
0.618570 0.995037
0.618580 0.995037
0.618682 0.995037
0.618734 0.995037
0.618764 0.995037
0.618775 0.995037
0.618795 0.995037
0.618805 0.995037
0.618836 0.995037
0.618857 0.995037
0.618887 0.995037
0.618908 0.995037
0.618918 0.995053
0.618928 0.995053
0.618949 0.995053
0.618969 0.995053
0.618990 0.995053
0.619041 0.995053
0.619062 0.995053
0.619072 0.995053
0.619113 0.995053
0.619123 0.995053
0.619185 0.995053
0.619195 0.995053
0.619277 0.995053
0.619298 0.995053
0.619308 0.995053
0.619328 0.995053
0.619359 0.995053
0.619400 0.995053
0.619482 0.995053
0.619503 0.995053
0.619544 0.995053
0.619554 0.995053
0.619595 0.995053
0.619636 0.995053
0.619698 0.995053
0.619739 0.995053
0.619769 0.995053
0.619800 0.995053
0.619841 0.995053
0.619851 0.995053
0.619882 0.995053
0.619923 0.995053
0.619944 0.995053
0.619964 0.995053
0.619974 0.995053
0.619995 0.995053
0.620036 0.995053
0.620128 0.995053
0.620138 0.995053
0.620200 0.995053
0.620292 0.995053
0.620302 0.995053
0.620323 0.995053
0.620364 0.995053
0.620415 0.995053
0.620477 0.995053
0.620518 0.995053
0.620549 0.995053
0.620569 0.995053
0.620579 0.995053
0.620600 0.995053
0.620641 0.995053
0.620672 0.995053
0.620682 0.995070
0.620702 0.995070
0.620784 0.995070
0.620825 0.995070
0.620887 0.995070
0.620907 0.995070
0.620928 0.995070
0.620948 0.995070
0.620969 0.995070
0.621000 0.995070
0.621061 0.995070
0.621102 0.995070
0.621164 0.995070
0.621205 0.995070
0.621225 0.995070
0.621256 0.995070
0.621318 0.995070
0.621328 0.995070
0.621328 0.995087
0.621348 0.995087
0.621369 0.995087
0.621389 0.995087
0.621410 0.995087
0.621430 0.995087
0.621451 0.995087
0.621492 0.995087
0.621523 0.995087
0.621564 0.995087
0.621574 0.995087
0.621635 0.995087
0.621646 0.995087
0.621656 0.995104
0.621718 0.995104
0.621738 0.995104
0.621800 0.995104
0.621820 0.995104
0.621851 0.995104
0.621871 0.995104
0.621871 0.995120
0.621882 0.995120
0.621902 0.995120
0.621933 0.995120
0.621943 0.995120
0.621964 0.995120
0.621974 0.995120
0.622005 0.995120
0.622046 0.995120
0.622076 0.995120
0.622117 0.995120
0.622138 0.995120
0.622169 0.995120
0.622199 0.995120
0.622261 0.995120
0.622281 0.995120
0.622312 0.995120
0.622353 0.995120
0.622363 0.995120
0.622425 0.995120
0.622435 0.995120
0.622466 0.995120
0.622476 0.995120
0.622528 0.995120
0.622548 0.995120
0.622579 0.995120
0.622620 0.995120
0.622630 0.995120
0.622651 0.995137
0.622671 0.995137
0.622722 0.995137
0.622753 0.995137
0.622794 0.995137
0.622845 0.995137
0.622866 0.995137
0.622866 0.995154
0.622897 0.995170
0.622938 0.995170
0.622979 0.995170
0.623040 0.995170
0.623050 0.995170
0.623071 0.995170
0.623102 0.995170
0.623143 0.995170
0.623174 0.995170
0.623184 0.995170
0.623245 0.995170
0.623276 0.995187
0.623317 0.995187
0.623338 0.995187
0.623348 0.995204
0.623358 0.995204
0.623389 0.995204
0.623471 0.995204
0.623491 0.995204
0.623502 0.995204
0.623522 0.995204
0.623563 0.995204
0.623584 0.995204
0.623635 0.995204
0.623655 0.995204
0.623696 0.995204
0.623717 0.995204
0.623727 0.995204
0.623758 0.995204
0.623768 0.995204
0.623809 0.995204
0.623809 0.995221
0.623830 0.995221
0.623861 0.995221
0.623902 0.995221
0.623922 0.995221
0.623943 0.995221
0.624004 0.995221
0.624014 0.995254
0.624035 0.995254
0.624076 0.995254
0.624127 0.995254
0.624158 0.995254
0.624168 0.995254
0.624209 0.995254
0.624260 0.995254
0.624281 0.995254
0.624291 0.995271
0.624322 0.995271
0.624353 0.995271
0.624363 0.995271
0.624383 0.995271
0.624445 0.995271
0.624476 0.995271
0.624496 0.995271
0.624507 0.995271
0.624537 0.995271
0.624558 0.995271
0.624589 0.995271
0.624599 0.995271
0.624630 0.995271
0.624671 0.995271
0.624701 0.995271
0.624712 0.995271
0.624742 0.995271
0.624783 0.995271
0.624794 0.995271
0.624835 0.995271
0.624855 0.995271
0.624886 0.995287
0.624906 0.995287
0.624968 0.995287
0.624978 0.995287
0.625040 0.995287
0.625081 0.995287
0.625112 0.995287
0.625132 0.995287
0.625153 0.995287
0.625183 0.995287
0.625255 0.995287
0.625317 0.995287
0.625378 0.995287
0.625388 0.995304
0.625409 0.995304
0.625419 0.995304
0.625440 0.995304
0.625450 0.995304
0.625511 0.995304
0.625522 0.995304
0.625542 0.995304
0.625552 0.995304
0.625573 0.995304
0.625624 0.995304
0.625645 0.995304
0.625655 0.995304
0.625696 0.995304
0.625706 0.995304
0.625727 0.995304
0.625747 0.995321
0.625757 0.995321
0.625778 0.995321
0.625809 0.995321
0.625819 0.995338
0.625840 0.995338
0.625870 0.995338
0.625891 0.995338
0.625911 0.995338
0.625922 0.995338
0.625942 0.995338
0.625952 0.995338
0.625973 0.995338
0.626014 0.995338
0.626024 0.995338
0.626086 0.995338
0.626147 0.995338
0.626147 0.995371
0.626209 0.995371
0.626250 0.995371
0.626270 0.995371
0.626270 0.995388
0.626280 0.995388
0.626311 0.995388
0.626332 0.995404
0.626373 0.995404
0.626393 0.995404
0.626414 0.995404
0.626455 0.995404
0.626475 0.995404
0.626496 0.995404
0.626506 0.995404
0.626537 0.995404
0.626557 0.995404
0.626568 0.995404
0.626588 0.995421
0.626598 0.995421
0.626639 0.995438
0.626680 0.995438
0.626701 0.995438
0.626721 0.995438
0.626742 0.995438
0.626803 0.995438
0.626803 0.995488
0.626814 0.995488
0.626855 0.995488
0.626896 0.995488
0.626937 0.995488
0.626947 0.995488
0.626967 0.995488
0.626998 0.995488
0.627008 0.995488
0.627019 0.995505
0.627080 0.995505
0.627090 0.995505
0.627132 0.995505
0.627132 0.995521
0.627152 0.995521
0.627183 0.995521
0.627203 0.995538
0.627265 0.995538
0.627316 0.995538
0.627367 0.995538
0.627398 0.995538
0.627439 0.995538
0.627460 0.995538
0.627521 0.995538
0.627562 0.995538
0.627593 0.995538
0.627613 0.995538
0.627644 0.995538
0.627665 0.995538
0.627675 0.995538
0.627695 0.995538
0.627747 0.995538
0.627767 0.995538
0.627788 0.995538
0.627808 0.995538
0.627860 0.995538
0.627870 0.995538
0.627901 0.995538
0.627921 0.995538
0.627952 0.995538
0.627972 0.995538
0.628003 0.995538
0.628013 0.995538
0.628044 0.995538
0.628054 0.995538
0.628075 0.995538
0.628106 0.995538
0.628136 0.995538
0.628157 0.995538
0.628198 0.995538
0.628239 0.995538
0.628249 0.995538
0.628290 0.995538
0.628352 0.995538
0.628372 0.995538
0.628413 0.995538
0.628444 0.995538
0.628506 0.995538
0.628547 0.995538
0.628557 0.995538
0.628598 0.995538
0.628639 0.995538
0.628649 0.995538
0.628711 0.995538
0.628752 0.995538
0.628772 0.995538
0.628782 0.995538
0.628823 0.995538
0.628844 0.995538
0.628854 0.995538
0.628905 0.995538
0.628926 0.995538
0.628936 0.995555
0.628967 0.995555
0.629008 0.995572
0.629028 0.995572
0.629069 0.995572
0.629090 0.995572
0.629131 0.995572
0.629151 0.995572
0.629172 0.995588
0.629193 0.995588
0.629203 0.995588
0.629234 0.995588
0.629275 0.995588
0.629316 0.995588
0.629346 0.995588
0.629367 0.995588
0.629387 0.995588
0.629439 0.995588
0.629480 0.995588
0.629521 0.995588
0.629541 0.995588
0.629623 0.995588
0.629674 0.995588
0.629685 0.995588
0.629705 0.995588
0.629726 0.995588
0.629746 0.995588
0.629787 0.995588
0.629818 0.995588
0.629849 0.995588
0.629859 0.995588
0.629880 0.995588
0.629910 0.995588
0.629931 0.995588
0.629962 0.995588
0.629972 0.995588
0.629992 0.995588
0.630044 0.995588
0.630054 0.995588
0.630085 0.995588
0.630095 0.995588
0.630115 0.995588
0.630197 0.995588
0.630218 0.995588
0.630249 0.995588
0.630269 0.995588
0.630310 0.995588
0.630320 0.995588
0.630341 0.995588
0.630351 0.995588
0.630372 0.995588
0.630433 0.995588
0.630454 0.995588
0.630474 0.995588
0.630505 0.995588
0.630526 0.995588
0.630556 0.995588
0.630597 0.995588
0.630608 0.995588
0.630638 0.995588
0.630659 0.995588
0.630679 0.995588
0.630720 0.995588
0.630761 0.995588
0.630772 0.995588
0.630792 0.995588
0.630802 0.995588
0.630843 0.995588
0.630936 0.995588
0.630956 0.995588
0.630977 0.995605
0.630987 0.995605
0.631038 0.995605
0.631048 0.995605
0.631089 0.995605
0.631100 0.995605
0.631120 0.995605
0.631130 0.995622
0.631141 0.995622
0.631161 0.995638
0.631171 0.995638
0.631192 0.995638
0.631202 0.995638
0.631243 0.995638
0.631264 0.995638
0.631295 0.995638
0.631305 0.995638
0.631336 0.995638
0.631346 0.995638
0.631366 0.995638
0.631377 0.995655
0.631438 0.995655
0.631469 0.995672
0.631479 0.995672
0.631500 0.995672
0.631510 0.995672
0.631530 0.995672
0.631551 0.995672
0.631571 0.995672
0.631582 0.995672
0.631612 0.995672
0.631623 0.995672
0.631643 0.995689
0.631674 0.995689
0.631684 0.995689
0.631725 0.995689
0.631735 0.995689
0.631776 0.995689
0.631817 0.995689
0.631828 0.995689
0.631848 0.995689
0.631858 0.995689
0.631951 0.995689
0.631971 0.995689
0.632012 0.995689
0.632033 0.995689
0.632074 0.995689
0.632084 0.995689
0.632146 0.995689
0.632176 0.995689
0.632217 0.995689
0.632228 0.995705
0.632269 0.995705
0.632299 0.995705
0.632361 0.995705
0.632392 0.995705
0.632412 0.995705
0.632422 0.995705
0.632453 0.995705
0.632515 0.995705
0.632515 0.995722
0.632525 0.995722
0.632556 0.995722
0.632576 0.995722
0.632597 0.995722
0.632617 0.995722
0.632628 0.995722
0.632679 0.995722
0.632699 0.995722
0.632710 0.995722
0.632751 0.995722
0.632761 0.995722
0.632822 0.995722
0.632843 0.995722
0.632863 0.995722
0.632874 0.995722
0.632915 0.995722
0.632945 0.995722
0.632976 0.995722
0.633017 0.995722
0.633058 0.995739
0.633089 0.995739
0.633171 0.995739
0.633191 0.995739
0.633222 0.995739
0.633233 0.995739
0.633274 0.995739
0.633284 0.995739
0.633294 0.995755
0.633315 0.995755
0.633345 0.995755
0.633376 0.995755
0.633386 0.995755
0.633427 0.995755
0.633509 0.995755
0.633591 0.995755
0.633602 0.995755
0.633622 0.995772
0.633643 0.995772
0.633653 0.995772
0.633694 0.995772
0.633714 0.995772
0.633735 0.995772
0.633745 0.995772
0.633766 0.995789
0.633786 0.995789
0.633817 0.995789
0.633827 0.995789
0.633858 0.995789
0.633868 0.995789
0.633889 0.995789
0.633909 0.995789
0.633930 0.995789
0.633940 0.995789
0.634022 0.995789
0.634043 0.995789
0.634073 0.995789
0.634094 0.995789
0.634135 0.995789
0.634155 0.995789
0.634196 0.995789
0.634217 0.995789
0.634237 0.995805
0.634248 0.995805
0.634289 0.995805
0.634371 0.995805
0.634381 0.995805
0.634422 0.995805
0.634432 0.995805
0.634453 0.995805
0.634483 0.995805
0.634514 0.995805
0.634596 0.995805
0.634607 0.995822
0.634627 0.995822
0.634678 0.995839
0.634730 0.995839
0.634740 0.995839
0.634760 0.995839
0.634771 0.995839
0.634812 0.995839
0.634832 0.995839
0.634863 0.995856
0.634873 0.995856
0.634914 0.995856
0.634945 0.995872
0.634955 0.995872
0.634976 0.995872
0.634996 0.995872
0.635047 0.995872
0.635088 0.995872
0.635150 0.995872
0.635160 0.995872
0.635191 0.995872
0.635201 0.995872
0.635242 0.995872
0.635252 0.995872
0.635314 0.995872
0.635324 0.995872
0.635365 0.995872
0.635386 0.995872
0.635396 0.995872
0.635437 0.995872
0.635468 0.995872
0.635499 0.995906
0.635560 0.995906
0.635601 0.995906
0.635622 0.995906
0.635632 0.995906
0.635683 0.995906
0.635724 0.995906
0.635734 0.995906
0.635755 0.995906
0.635765 0.995906
0.635786 0.995906
0.635796 0.995906
0.635837 0.995906
0.635857 0.995906
0.635868 0.995906
0.635888 0.995906
0.635929 0.995906
0.635991 0.995906
0.636042 0.995906
0.636073 0.995922
0.636104 0.995922
0.636124 0.995922
0.636165 0.995922
0.636186 0.995922
0.636206 0.995922
0.636237 0.995922
0.636257 0.995922
0.636268 0.995922
0.636278 0.995956
0.636288 0.995973
0.636309 0.995973
0.636309 0.995989
0.636370 0.995989
0.636401 0.995989
0.636411 0.995989
0.636462 0.996006
0.636473 0.996006
0.636493 0.996006
0.636544 0.996006
0.636555 0.996006
0.636575 0.996006
0.636585 0.996006
0.636616 0.996023
0.636678 0.996023
0.636688 0.996023
0.636739 0.996023
0.636760 0.996023
0.636770 0.996023
0.636832 0.996023
0.636873 0.996023
0.636883 0.996023
0.636965 0.996023
0.636996 0.996023
0.637006 0.996039
0.637088 0.996039
0.637149 0.996056
0.637160 0.996056
0.637180 0.996056
0.637211 0.996056
0.637231 0.996056
0.637262 0.996056
0.637283 0.996056
0.637314 0.996056
0.637355 0.996056
0.637365 0.996056
0.637385 0.996073
0.637416 0.996090
0.637457 0.996090
0.637488 0.996090
0.637519 0.996090
0.637570 0.996090
0.637590 0.996090
0.637631 0.996090
0.637662 0.996090
0.637662 0.996106
0.637683 0.996106
0.637703 0.996106
0.637724 0.996123
0.637744 0.996123
0.637775 0.996123
0.637795 0.996123
0.637806 0.996140
0.637826 0.996140
0.637847 0.996140
0.637857 0.996140
0.637898 0.996140
0.637918 0.996140
0.637929 0.996156
0.637959 0.996156
0.637990 0.996156
0.638021 0.996156
0.638031 0.996156
0.638052 0.996156
0.638062 0.996156
0.638083 0.996156
0.638124 0.996156
0.638144 0.996156
0.638175 0.996156
0.638195 0.996156
0.638247 0.996156
0.638267 0.996156
0.638329 0.996156
0.638349 0.996173
0.638359 0.996173
0.638411 0.996173
0.638431 0.996173
0.638462 0.996173
0.638493 0.996173
0.638513 0.996173
0.638523 0.996173
0.638544 0.996173
0.638575 0.996173
0.638595 0.996173
0.638677 0.996173
0.638698 0.996173
0.638739 0.996173
0.638770 0.996173
0.638780 0.996173
0.638800 0.996173
0.638831 0.996173
0.638852 0.996173
0.638903 0.996173
0.638923 0.996173
0.638964 0.996173
0.639005 0.996173
0.639046 0.996173
0.639077 0.996173
0.639098 0.996173
0.639128 0.996173
0.639139 0.996173
0.639159 0.996173
0.639190 0.996173
0.639210 0.996173
0.639251 0.996173
0.639282 0.996173
0.639364 0.996173
0.639405 0.996173
0.639436 0.996173
0.639436 0.996190
0.639446 0.996190
0.639467 0.996190
0.639498 0.996190
0.639580 0.996190
0.639590 0.996190
0.639651 0.996190
0.639713 0.996190
0.639754 0.996190
0.639774 0.996207
0.639785 0.996207
0.639846 0.996207
0.639867 0.996223
0.639897 0.996223
0.639938 0.996223
0.639949 0.996223
0.640010 0.996223
0.640021 0.996223
0.640051 0.996223
0.640072 0.996223
0.640072 0.996240
0.640092 0.996240
0.640103 0.996240
0.640133 0.996240
0.640154 0.996240
0.640185 0.996240
0.640205 0.996240
0.640236 0.996240
0.640308 0.996240
0.640318 0.996240
0.640338 0.996240
0.640359 0.996240
0.640441 0.996240
0.640472 0.996240
0.640482 0.996240
0.640523 0.996240
0.640554 0.996240
0.640584 0.996240
0.640605 0.996240
0.640646 0.996240
0.640677 0.996240
0.640687 0.996240
0.640728 0.996240
0.640749 0.996240
0.640769 0.996240
0.640790 0.996240
0.640810 0.996240
0.640841 0.996240
0.640861 0.996240
0.640902 0.996240
0.640913 0.996240
0.640943 0.996240
0.640954 0.996240
0.640984 0.996240
0.641005 0.996240
0.641015 0.996240
0.641036 0.996240
0.641077 0.996240
0.641107 0.996240
0.641148 0.996240
0.641159 0.996240
0.641179 0.996240
0.641189 0.996240
0.641230 0.996240
0.641251 0.996240
0.641302 0.996240
0.641312 0.996240
0.641343 0.996240
0.641353 0.996240
0.641374 0.996240
0.641395 0.996240
0.641436 0.996240
0.641466 0.996240
0.641477 0.996240
0.641497 0.996240
0.641528 0.996240
0.641569 0.996240
0.641579 0.996240
0.641620 0.996240
0.641630 0.996240
0.641661 0.996240
0.641682 0.996240
0.641702 0.996240
0.641743 0.996240
0.641764 0.996240
0.641774 0.996240
0.641794 0.996240
0.641805 0.996240
0.641866 0.996240
0.641887 0.996240
0.641917 0.996240
0.641938 0.996240
0.641958 0.996240
0.641989 0.996240
0.642020 0.996240
0.642041 0.996240
0.642071 0.996240
0.642133 0.996240
0.642143 0.996240
0.642174 0.996240
0.642225 0.996240
0.642235 0.996240
0.642235 0.996257
0.642276 0.996257
0.642307 0.996257
0.642338 0.996257
0.642399 0.996257
0.642420 0.996257
0.642461 0.996257
0.642492 0.996257
0.642512 0.996257
0.642543 0.996257
0.642625 0.996257
0.642645 0.996257
0.642676 0.996257
0.642697 0.996257
0.642707 0.996257
0.642748 0.996257
0.642758 0.996257
0.642779 0.996257
0.642799 0.996257
0.642820 0.996257
0.642861 0.996257
0.642892 0.996257
0.642902 0.996273
0.642912 0.996273
0.642974 0.996273
0.642984 0.996273
0.643025 0.996273
0.643066 0.996273
0.643086 0.996273
0.643138 0.996273
0.643148 0.996273
0.643168 0.996273
0.643199 0.996290
0.643220 0.996290
0.643250 0.996290
0.643312 0.996290
0.643332 0.996290
0.643343 0.996290
0.643363 0.996290
0.643394 0.996290
0.643404 0.996290
0.643435 0.996290
0.643456 0.996290
0.643527 0.996290
0.643558 0.996290
0.643579 0.996290
0.643609 0.996290
0.643620 0.996307
0.643630 0.996307
0.643671 0.996307
0.643702 0.996307
0.643722 0.996324
0.643753 0.996324
0.643773 0.996324
0.643784 0.996324
0.643814 0.996340
0.643825 0.996340
0.643845 0.996340
0.643876 0.996340
0.643907 0.996340
0.643927 0.996340
0.643968 0.996340
0.644009 0.996340
0.644030 0.996357
0.644050 0.996357
0.644081 0.996357
0.644102 0.996357
0.644122 0.996374
0.644153 0.996374
0.644163 0.996374
0.644204 0.996374
0.644214 0.996374
0.644235 0.996374
0.644266 0.996374
0.644286 0.996374
0.644317 0.996374
0.644358 0.996374
0.644389 0.996374
0.644440 0.996390
0.644450 0.996390
0.644491 0.996390
0.644501 0.996390
0.644522 0.996390
0.644553 0.996407
0.644563 0.996407
0.644583 0.996407
0.644624 0.996407
0.644665 0.996407
0.644676 0.996407
0.644706 0.996407
0.644717 0.996407
0.644737 0.996407
0.644768 0.996407
0.644789 0.996407
0.644809 0.996407
0.644871 0.996407
0.644973 0.996407
0.644994 0.996407
0.645014 0.996407
0.645024 0.996407
0.645035 0.996424
0.645045 0.996424
0.645045 0.996441
0.645076 0.996441
0.645086 0.996441
0.645117 0.996457
0.645168 0.996457
0.645188 0.996474
0.645209 0.996474
0.645219 0.996474
0.645250 0.996474
0.645270 0.996474
0.645281 0.996474
0.645301 0.996474
0.645332 0.996474
0.645352 0.996474
0.645404 0.996474
0.645424 0.996474
0.645476 0.996474
0.645517 0.996474
0.645547 0.996474
0.645568 0.996474
0.645578 0.996474
0.645619 0.996474
0.645660 0.996474
0.645681 0.996474
0.645691 0.996474
0.645763 0.996474
0.645804 0.996474
0.645814 0.996474
0.645824 0.996507
0.645845 0.996507
0.645855 0.996507
0.645875 0.996524
0.645896 0.996524
0.645906 0.996524
0.645927 0.996524
0.645957 0.996524
0.645968 0.996524
0.645988 0.996524
0.646029 0.996524
0.646029 0.996541
0.646050 0.996541
0.646060 0.996541
0.646122 0.996541
0.646152 0.996541
0.646163 0.996541
0.646173 0.996557
0.646193 0.996557
0.646224 0.996557
0.646265 0.996557
0.646275 0.996557
0.646296 0.996557
0.646327 0.996557
0.646368 0.996557
0.646398 0.996557
0.646419 0.996557
0.646460 0.996557
0.646470 0.996557
0.646501 0.996557
0.646542 0.996557
0.646583 0.996557
0.646634 0.996557
0.646644 0.996557
0.646665 0.996557
0.646696 0.996557
0.646716 0.996557
0.646726 0.996574
0.646747 0.996574
0.646757 0.996574
0.646819 0.996574
0.646829 0.996574
0.646850 0.996574
0.646860 0.996574
0.646901 0.996574
0.646911 0.996574
0.646952 0.996574
0.646962 0.996574
0.646983 0.996574
0.647003 0.996591
0.647024 0.996591
0.647055 0.996591
0.647096 0.996591
0.647106 0.996591
0.647137 0.996591
0.647157 0.996591
0.647198 0.996591
0.647229 0.996591
0.647249 0.996591
0.647270 0.996591
0.647280 0.996608
0.647301 0.996608
0.647342 0.996608
0.647352 0.996608
0.647434 0.996608
0.647444 0.996608
0.647465 0.996624
0.647485 0.996624
0.647496 0.996624
0.647557 0.996624
0.647608 0.996624
0.647649 0.996624
0.647690 0.996624
0.647711 0.996624
0.647721 0.996624
0.647742 0.996624
0.647772 0.996624
0.647793 0.996624
0.647803 0.996624
0.647824 0.996641
0.647854 0.996658
0.647875 0.996658
0.647936 0.996658
0.647947 0.996658
0.647977 0.996674
0.648018 0.996674
0.648059 0.996674
0.648070 0.996674
0.648090 0.996674
0.648100 0.996674
0.648121 0.996674
0.648131 0.996674
0.648172 0.996674
0.648203 0.996674
0.648213 0.996674
0.648234 0.996674
0.648244 0.996674
0.648265 0.996674
0.648285 0.996674
0.648347 0.996674
0.648388 0.996674
0.648418 0.996674
0.648500 0.996674
0.648521 0.996674
0.648552 0.996674
0.648572 0.996674
0.648582 0.996674
0.648613 0.996674
0.648623 0.996674
0.648664 0.996674
0.648675 0.996674
0.648736 0.996674
0.648767 0.996691
0.648777 0.996691
0.648798 0.996691
0.648808 0.996691
0.648839 0.996691
0.648859 0.996691
0.648870 0.996691
0.648900 0.996691
0.648911 0.996691
0.648952 0.996691
0.648993 0.996691
0.649034 0.996691
0.649044 0.996691
0.649064 0.996691
0.649085 0.996691
0.649105 0.996691
0.649116 0.996691
0.649136 0.996691
0.649146 0.996691
0.649167 0.996691
0.649177 0.996691
0.649208 0.996691
0.649249 0.996691
0.649290 0.996691
0.649300 0.996691
0.649321 0.996691
0.649341 0.996691
0.649372 0.996691
0.649382 0.996691
0.649423 0.996691
0.649444 0.996691
0.649464 0.996691
0.649485 0.996691
0.649495 0.996691
0.649536 0.996691
0.649546 0.996691
0.649587 0.996691
0.649608 0.996691
0.649649 0.996691
0.649669 0.996691
0.649690 0.996691
0.649721 0.996691
0.649731 0.996691
0.649762 0.996691
0.649772 0.996691
0.649792 0.996691
0.649803 0.996691
0.649823 0.996691
0.649854 0.996691
0.649885 0.996691
0.649905 0.996691
0.649936 0.996691
0.649946 0.996691
0.650028 0.996691
0.650038 0.996691
0.650059 0.996691
0.650069 0.996691
0.650100 0.996691
0.650141 0.996691
0.650151 0.996691
0.650182 0.996691
0.650192 0.996691
0.650274 0.996691
0.650315 0.996691
0.650346 0.996708
0.650367 0.996708
0.650418 0.996708
0.650438 0.996708
0.650490 0.996708
0.650531 0.996708
0.650551 0.996708
0.650582 0.996708
0.650602 0.996708
0.650613 0.996708
0.650643 0.996708
0.650664 0.996708
0.650684 0.996708
0.650725 0.996708
0.650746 0.996708
0.650766 0.996708
0.650787 0.996708
0.650838 0.996708
0.650859 0.996708
0.650890 0.996708
0.650910 0.996708
0.650941 0.996708
0.651002 0.996708
0.651043 0.996708
0.651074 0.996708
0.651095 0.996708
0.651125 0.996708
0.651146 0.996708
0.651156 0.996708
0.651177 0.996708
0.651187 0.996725
0.651197 0.996725
0.651218 0.996725
0.651248 0.996725
0.651248 0.996741
0.651259 0.996741
0.651289 0.996741
0.651341 0.996741
0.651382 0.996741
0.651392 0.996741
0.651412 0.996741
0.651443 0.996741
0.651484 0.996741
0.651515 0.996741
0.651556 0.996741
0.651577 0.996741
0.651597 0.996741
0.651618 0.996741
0.651648 0.996741
0.651659 0.996741
0.651720 0.996741
0.651730 0.996741
0.651823 0.996741
0.651833 0.996741
0.651925 0.996741
0.651935 0.996741
0.651956 0.996741
0.651966 0.996741
0.651997 0.996741
0.652017 0.996741
0.652048 0.996741
0.652079 0.996741
0.652099 0.996741
0.652110 0.996758
0.652140 0.996758
0.652151 0.996775
0.652171 0.996775
0.652181 0.996775
0.652243 0.996775
0.652264 0.996791
0.652274 0.996791
0.652366 0.996791
0.652376 0.996791
0.652397 0.996791
0.652407 0.996808
0.652428 0.996808
0.652448 0.996808
0.652458 0.996808
0.652510 0.996808
0.652551 0.996808
0.652561 0.996825
0.652581 0.996825
0.652622 0.996825
0.652633 0.996825
0.652653 0.996825
0.652663 0.996825
0.652725 0.996825
0.652745 0.996825
0.652776 0.996825
0.652786 0.996825
0.652807 0.996825
0.652838 0.996825
0.652868 0.996842
0.652879 0.996842
0.652910 0.996842
0.652930 0.996842
0.652961 0.996875
0.653002 0.996875
0.653033 0.996875
0.653074 0.996875
0.653115 0.996875
0.653135 0.996875
0.653145 0.996892
0.653166 0.996892
0.653176 0.996892
0.653197 0.996892
0.653268 0.996892
0.653289 0.996892
0.653299 0.996892
0.653320 0.996892
0.653330 0.996892
0.653350 0.996892
0.653371 0.996892
0.653432 0.996892
0.653443 0.996892
0.653463 0.996892
0.653463 0.996908
0.653484 0.996908
0.653494 0.996925
0.653535 0.996942
0.653566 0.996942
0.653586 0.996942
0.653627 0.996942
0.653689 0.996942
0.653720 0.996942
0.653761 0.996959
0.653822 0.996959
0.653853 0.996959
0.653863 0.996959
0.653904 0.996959
0.653925 0.996959
0.653955 0.996959
0.653976 0.996959
0.653986 0.996959
0.654037 0.996959
0.654068 0.996959
0.654078 0.996959
0.654109 0.996959
0.654119 0.996959
0.654160 0.996959
0.654191 0.996959
0.654191 0.996975
0.654222 0.996975
0.654232 0.996975
0.654253 0.996975
0.654284 0.996975
0.654304 0.996975
0.654314 0.996992
0.654335 0.996992
0.654345 0.996992
0.654386 0.996992
0.654417 0.996992
0.654448 0.996992
0.654468 0.996992
0.654478 0.996992
0.654509 0.997009
0.654550 0.997009
0.654581 0.997009
0.654591 0.997009
0.654622 0.997009
0.654663 0.997009
0.654714 0.997009
0.654724 0.997009
0.654745 0.997025
0.654776 0.997025
0.654796 0.997025
0.654806 0.997025
0.654837 0.997025
0.654847 0.997042
0.654868 0.997042
0.654899 0.997042
0.654930 0.997059
0.654981 0.997059
0.655022 0.997059
0.655042 0.997059
0.655042 0.997076
0.655053 0.997076
0.655073 0.997076
0.655083 0.997076
0.655114 0.997076
0.655124 0.997092
0.655145 0.997092
0.655186 0.997092
0.655196 0.997092
0.655258 0.997092
0.655288 0.997092
0.655299 0.997092
0.655329 0.997092
0.655401 0.997092
0.655422 0.997092
0.655452 0.997092
0.655483 0.997092
0.655514 0.997092
0.655596 0.997092
0.655627 0.997092
0.655637 0.997092
0.655678 0.997092
0.655719 0.997092
0.655740 0.997092
0.655750 0.997092
0.655791 0.997092
0.655832 0.997092
0.655893 0.997092
0.655904 0.997092
0.655986 0.997092
0.656006 0.997092
0.656027 0.997092
0.656057 0.997092
0.656109 0.997092
0.656150 0.997092
0.656180 0.997092
0.656201 0.997092
0.656211 0.997092
0.656242 0.997092
0.656252 0.997092
0.656324 0.997092
0.656447 0.997092
0.656488 0.997092
0.656498 0.997092
0.656539 0.997092
0.656550 0.997092
0.656591 0.997092
0.656601 0.997092
0.656621 0.997092
0.656632 0.997092
0.656683 0.997092
0.656714 0.997092
0.656734 0.997092
0.656744 0.997092
0.656796 0.997092
0.656837 0.997092
0.656867 0.997092
0.656919 0.997092
0.656939 0.997092
0.656980 0.997092
0.657011 0.997092
0.657032 0.997092
0.657062 0.997092
0.657083 0.997092
0.657165 0.997092
0.657185 0.997092
0.657237 0.997092
0.657247 0.997109
0.657288 0.997109
0.657319 0.997109
0.657329 0.997109
0.657370 0.997109
0.657421 0.997109
0.657442 0.997109
0.657462 0.997109
0.657503 0.997109
0.657565 0.997109
0.657606 0.997109
0.657637 0.997109
0.657647 0.997109
0.657667 0.997109
0.657678 0.997109
0.657719 0.997109
0.657780 0.997109
0.657790 0.997109
0.657811 0.997109
0.657842 0.997109
0.657852 0.997126
0.657883 0.997126
0.657903 0.997126
0.657954 0.997126
0.657975 0.997126
0.657985 0.997126
0.658016 0.997126
0.658016 0.997142
0.658026 0.997142
0.658057 0.997142
0.658077 0.997142
0.658088 0.997142
0.658108 0.997142
0.658118 0.997142
0.658149 0.997142
0.658190 0.997142
0.658211 0.997142
0.658221 0.997142
0.658282 0.997142
0.658313 0.997142
0.658334 0.997142
0.658354 0.997142
0.658365 0.997159
0.658395 0.997176
0.658426 0.997176
0.658447 0.997176
0.658488 0.997176
0.658518 0.997176
0.658559 0.997176
0.658570 0.997176
0.658590 0.997176
0.658600 0.997176
0.658662 0.997176
0.658672 0.997176
0.658703 0.997176
0.658723 0.997176
0.658754 0.997176
0.658775 0.997176
0.658785 0.997176
0.658805 0.997176
0.658816 0.997176
0.658836 0.997176
0.658846 0.997176
0.658887 0.997176
0.658908 0.997176
0.658939 0.997176
0.658980 0.997176
0.659011 0.997176
0.659031 0.997176
0.659062 0.997176
0.659123 0.997176
0.659134 0.997176
0.659154 0.997176
0.659185 0.997176
0.659226 0.997176
0.659246 0.997176
0.659257 0.997209
0.659277 0.997209
0.659339 0.997209
0.659359 0.997209
0.659380 0.997209
0.659390 0.997209
0.659410 0.997209
0.659421 0.997209
0.659462 0.997209
0.659472 0.997209
0.659482 0.997226
0.659513 0.997243
0.659533 0.997243
0.659564 0.997243
0.659574 0.997243
0.659595 0.997243
0.659605 0.997243
0.659636 0.997243
0.659646 0.997243
0.659708 0.997243
0.659780 0.997243
0.659800 0.997243
0.659810 0.997243
0.659821 0.997259
0.659831 0.997259
0.659851 0.997259
0.659862 0.997259
0.659882 0.997259
0.659913 0.997259
0.659933 0.997259
0.659974 0.997259
0.660015 0.997259
0.660036 0.997259
0.660056 0.997259
0.660067 0.997259
0.660108 0.997259
0.660118 0.997259
0.660149 0.997259
0.660190 0.997259
0.660200 0.997259
0.660241 0.997259
0.660261 0.997259
0.660292 0.997259
0.660313 0.997259
0.660344 0.997259
0.660354 0.997259
0.660374 0.997259
0.660385 0.997259
0.660405 0.997276
0.660436 0.997276
0.660446 0.997276
0.660477 0.997276
0.660518 0.997276
0.660579 0.997276
0.660610 0.997276
0.660631 0.997276
0.660641 0.997276
0.660682 0.997276
0.660692 0.997276
0.660713 0.997276
0.660743 0.997276
0.660764 0.997276
0.660825 0.997276
0.660856 0.997276
0.660877 0.997276
0.660907 0.997276
0.660918 0.997276
0.660938 0.997276
0.660948 0.997276
0.660969 0.997276
0.660979 0.997276
0.661010 0.997276
0.661010 0.997293
0.661072 0.997293
0.661154 0.997293
0.661205 0.997293
0.661225 0.997293
0.661225 0.997309
0.661236 0.997309
0.661277 0.997309
0.661318 0.997309
0.661348 0.997309
0.661379 0.997309
0.661420 0.997309
0.661471 0.997326
0.661482 0.997343
0.661523 0.997343
0.661553 0.997343
0.661574 0.997343
0.661574 0.997360
0.661615 0.997360
0.661635 0.997360
0.661656 0.997360
0.661676 0.997360
0.661687 0.997360
0.661707 0.997360
0.661728 0.997360
0.661728 0.997376
0.661748 0.997376
0.661779 0.997393
0.661810 0.997393
0.661830 0.997393
0.661851 0.997393
0.661882 0.997393
0.661923 0.997393
0.661953 0.997393
0.661974 0.997393
0.661984 0.997393
0.662035 0.997393
0.662046 0.997393
0.662066 0.997393
0.662128 0.997393
0.662148 0.997393
0.662169 0.997393
0.662189 0.997393
0.662220 0.997393
0.662240 0.997393
0.662251 0.997393
0.662271 0.997393
0.662281 0.997393
0.662363 0.997393
0.662384 0.997393
0.662384 0.997410
0.662405 0.997410
0.662415 0.997410
0.662435 0.997410
0.662446 0.997426
0.662466 0.997426
0.662476 0.997426
0.662538 0.997426
0.662569 0.997426
0.662589 0.997426
0.662620 0.997426
0.662651 0.997426
0.662692 0.997426
0.662753 0.997426
0.662774 0.997426
0.662784 0.997426
0.662845 0.997426
0.662876 0.997426
0.662886 0.997426
0.662907 0.997443
0.662927 0.997443
0.662938 0.997443
0.662958 0.997443
0.662958 0.997460
0.662999 0.997460
0.663030 0.997460
0.663040 0.997460
0.663061 0.997460
0.663081 0.997460
0.663122 0.997460
0.663153 0.997460
0.663215 0.997460
0.663225 0.997460
0.663245 0.997460
0.663286 0.997460
0.663348 0.997460
0.663358 0.997460
0.663409 0.997460
0.663430 0.997460
0.663471 0.997460
0.663481 0.997460
0.663522 0.997460
0.663553 0.997460
0.663573 0.997460
0.663573 0.997477
0.663584 0.997477
0.663625 0.997477
0.663645 0.997477
0.663655 0.997493
0.663696 0.997493
0.663738 0.997493
0.663779 0.997493
0.663809 0.997493
0.663840 0.997493
0.663861 0.997493
0.663881 0.997493
0.663902 0.997493
0.663943 0.997493
0.663943 0.997510
0.663953 0.997510
0.663973 0.997510
0.663984 0.997510
0.664004 0.997510
0.664096 0.997510
0.664117 0.997510
0.664137 0.997510
0.664168 0.997510
0.664178 0.997510
0.664219 0.997510
0.664230 0.997510
0.664271 0.997510
0.664291 0.997510
0.664312 0.997510
0.664322 0.997510
0.664342 0.997510
0.664353 0.997510
0.664373 0.997510
0.664404 0.997527
0.664435 0.997527
0.664455 0.997527
0.664476 0.997527
0.664496 0.997543
0.664517 0.997543
0.664578 0.997543
0.664609 0.997543
0.664630 0.997543
0.664640 0.997543
0.664671 0.997543
0.664701 0.997543
0.664732 0.997543
0.664753 0.997543
0.664783 0.997543
0.664804 0.997543
0.664835 0.997543
0.664845 0.997543
0.664886 0.997543
0.664927 0.997543
0.664937 0.997543
0.664978 0.997543
0.664999 0.997543
0.665029 0.997543
0.665050 0.997543
0.665081 0.997543
0.665112 0.997543
0.665132 0.997543
0.665194 0.997543
0.665235 0.997543
0.665265 0.997543
0.665286 0.997543
0.665286 0.997560
0.665296 0.997560
0.665317 0.997560
0.665378 0.997560
0.665388 0.997560
0.665409 0.997560
0.665450 0.997560
0.665470 0.997560
0.665522 0.997560
0.665532 0.997577
0.665563 0.997577
0.665583 0.997577
0.665604 0.997577
0.665624 0.997577
0.665675 0.997577
0.665706 0.997577
0.665727 0.997577
0.665747 0.997577
0.665768 0.997577
0.665809 0.997577
0.665840 0.997577
0.665870 0.997594
0.665881 0.997594
0.665901 0.997594
0.665932 0.997594
0.665973 0.997594
0.665993 0.997594
0.666004 0.997594
0.666024 0.997594
0.666045 0.997594
0.666096 0.997594
0.666157 0.997594
0.666178 0.997594
0.666229 0.997594
0.666229 0.997610
0.666250 0.997610
0.666260 0.997610
0.666301 0.997610
0.666311 0.997610
0.666342 0.997610
0.666352 0.997610
0.666455 0.997610
0.666486 0.997610
0.666588 0.997610
0.666598 0.997610
0.666619 0.997610
0.666629 0.997610
0.666629 0.997627
0.666660 0.997627
0.666721 0.997627
0.666742 0.997627
0.666783 0.997627
0.666824 0.997627
0.666844 0.997627
0.666875 0.997627
0.666896 0.997627
0.666926 0.997627
0.666957 0.997627
0.666978 0.997644
0.666998 0.997644
0.667049 0.997644
0.667060 0.997660
0.667101 0.997660
0.667111 0.997660
0.667142 0.997660
0.667162 0.997660
0.667173 0.997660
0.667203 0.997660
0.667244 0.997660
0.667265 0.997660
0.667285 0.997660
0.667326 0.997660
0.667347 0.997660
0.667357 0.997660
0.667378 0.997660
0.667388 0.997660
0.667470 0.997660
0.667480 0.997660
0.667511 0.997660
0.667572 0.997660
0.667593 0.997660
0.667634 0.997660
0.667644 0.997677
0.667654 0.997677
0.667716 0.997677
0.667726 0.997677
0.667757 0.997677
0.667839 0.997677
0.667870 0.997677
0.667880 0.997677
0.667901 0.997677
0.667901 0.997694
0.667921 0.997694
0.667942 0.997694
0.667952 0.997694
0.667983 0.997694
0.667993 0.997694
0.668024 0.997694
0.668065 0.997694
0.668085 0.997694
0.668116 0.997694
0.668157 0.997694
0.668177 0.997694
0.668229 0.997694
0.668239 0.997694
0.668259 0.997694
0.668311 0.997694
0.668341 0.997694
0.668362 0.997694
0.668393 0.997694
0.668413 0.997694
0.668434 0.997694
0.668475 0.997694
0.668506 0.997694
0.668547 0.997694
0.668557 0.997694
0.668598 0.997694
0.668629 0.997694
0.668649 0.997694
0.668690 0.997694
0.668731 0.997694
0.668741 0.997694
0.668772 0.997694
0.668793 0.997694
0.668813 0.997694
0.668823 0.997694
0.668854 0.997694
0.668895 0.997694
0.668946 0.997694
0.668957 0.997711
0.668967 0.997711
0.669008 0.997711
0.669018 0.997711
0.669059 0.997711
0.669069 0.997711
0.669110 0.997711
0.669121 0.997711
0.669182 0.997711
0.669193 0.997711
0.669254 0.997711
0.669264 0.997711
0.669295 0.997711
0.669336 0.997711
0.669398 0.997711
0.669428 0.997711
0.669449 0.997711
0.669490 0.997711
0.669521 0.997711
0.669521 0.997727
0.669551 0.997727
0.669562 0.997727
0.669592 0.997727
0.669603 0.997727
0.669633 0.997727
0.669674 0.997727
0.669695 0.997727
0.669726 0.997727
0.669746 0.997727
0.669767 0.997727
0.669808 0.997727
0.669818 0.997727
0.669849 0.997727
0.669859 0.997727
0.669921 0.997727
0.669941 0.997727
0.669982 0.997727
0.670003 0.997727
0.670023 0.997727
0.670074 0.997727
0.670095 0.997727
0.670146 0.997727
0.670156 0.997744
0.670167 0.997744
0.670197 0.997744
0.670249 0.997744
0.670259 0.997744
0.670279 0.997761
0.670290 0.997761
0.670310 0.997761
0.670341 0.997761
0.670361 0.997761
0.670382 0.997761
0.670443 0.997761
0.670474 0.997761
0.670484 0.997761
0.670567 0.997761
0.670587 0.997761
0.670608 0.997761
0.670618 0.997761
0.670659 0.997761
0.670690 0.997761
0.670710 0.997761
0.670741 0.997761
0.670772 0.997761
0.670782 0.997761
0.670813 0.997761
0.670823 0.997761
0.670854 0.997761
0.670864 0.997761
0.670905 0.997761
0.670936 0.997761
0.671007 0.997761
0.671018 0.997761
0.671059 0.997761
0.671089 0.997761
0.671100 0.997761
0.671130 0.997761
0.671151 0.997761
0.671182 0.997761
0.671233 0.997761
0.671264 0.997761
0.671284 0.997761
0.671305 0.997761
0.671346 0.997761
0.671377 0.997761
0.671407 0.997761
0.671428 0.997761
0.671438 0.997761
0.671459 0.997761
0.671489 0.997761
0.671520 0.997761
0.671530 0.997777
0.671551 0.997777
0.671551 0.997794
0.671592 0.997811
0.671612 0.997811
0.671664 0.997811
0.671694 0.997828
0.671705 0.997828
0.671797 0.997828
0.671817 0.997828
0.671838 0.997828
0.671879 0.997828
0.671910 0.997828
0.671920 0.997828
0.671951 0.997828
0.671992 0.997828
0.672033 0.997828
0.672043 0.997828
0.672064 0.997844
0.672094 0.997844
0.672115 0.997844
0.672135 0.997844
0.672207 0.997844
0.672238 0.997844
0.672279 0.997844
0.672330 0.997844
0.672351 0.997844
0.672361 0.997861
0.672392 0.997861
0.672412 0.997861
0.672433 0.997861
0.672443 0.997878
0.672453 0.997878
0.672484 0.997878
0.672504 0.997878
0.672556 0.997878
0.672587 0.997878
0.672628 0.997878
0.672648 0.997878
0.672669 0.997878
0.672679 0.997878
0.672699 0.997878
0.672730 0.997878
0.672792 0.997878
0.672802 0.997878
0.672833 0.997878
0.672874 0.997878
0.672904 0.997878
0.672925 0.997878
0.672945 0.997894
0.672966 0.997894
0.673027 0.997894
0.673058 0.997894
0.673079 0.997894
0.673089 0.997894
0.673130 0.997894
0.673161 0.997894
0.673171 0.997894
0.673202 0.997894
0.673243 0.997894
0.673263 0.997894
0.673284 0.997894
0.673294 0.997894
0.673315 0.997894
0.673325 0.997894
0.673356 0.997894
0.673376 0.997894
0.673397 0.997894
0.673427 0.997894
0.673438 0.997894
0.673458 0.997894
0.673468 0.997894
0.673530 0.997894
0.673540 0.997894
0.673540 0.997911
0.673581 0.997911
0.673602 0.997911
0.673643 0.997911
0.673663 0.997928
0.673673 0.997928
0.673714 0.997928
0.673735 0.997928
0.673796 0.997928
0.673817 0.997928
0.673848 0.997928
0.673868 0.997928
0.673889 0.997928
0.673920 0.997928
0.673981 0.997928
0.673991 0.997928
0.674012 0.997928
0.674032 0.997928
0.674053 0.997928
0.674104 0.997928
0.674135 0.997928
0.674145 0.997928
0.674207 0.997928
0.674227 0.997928
0.674289 0.997928
0.674319 0.997928
0.674319 0.997945
0.674340 0.997945
0.674360 0.997945
0.674422 0.997945
0.674453 0.997945
0.674494 0.997945
0.674514 0.997945
0.674576 0.997945
0.674586 0.997945
0.674627 0.997945
0.674637 0.997945
0.674658 0.997945
0.674668 0.997945
0.674689 0.997945
0.674719 0.997945
0.674771 0.997945
0.674781 0.997945
0.674801 0.997945
0.674832 0.997945
0.674853 0.997945
0.674894 0.997945
0.674914 0.997945
0.674924 0.997945
0.674965 0.997945
0.674976 0.997945
0.675017 0.997945
0.675037 0.997945
0.675078 0.997945
0.675109 0.997961
0.675129 0.997961
0.675160 0.997961
0.675201 0.997961
0.675232 0.997961
0.675242 0.997961
0.675263 0.997961
0.675314 0.997961
0.675355 0.997961
0.675376 0.997961
0.675396 0.997961
0.675417 0.997978
0.675458 0.997978
0.675468 0.997978
0.675529 0.997978
0.675550 0.997978
0.675581 0.997978
0.675591 0.997978
0.675611 0.997995
0.675632 0.997995
0.675642 0.997995
0.675683 0.997995
0.675693 0.997995
0.675714 0.997995
0.675724 0.997995
0.675765 0.997995
0.675775 0.997995
0.675806 0.997995
0.675827 0.997995
0.675868 0.997995
0.675888 0.997995
0.675898 0.997995
0.675940 0.997995
0.675950 0.997995
0.675981 0.997995
0.675991 0.997995
0.676022 0.997995
0.676032 0.997995
0.676052 0.997995
0.676114 0.997995
0.676134 0.997995
0.676145 0.997995
0.676165 0.997995
0.676175 0.998011
0.676186 0.998011
0.676206 0.998011
0.676227 0.998011
0.676247 0.998011
0.676278 0.998011
0.676339 0.998011
0.676350 0.998011
0.676391 0.998011
0.676411 0.998011
0.676473 0.998011
0.676514 0.998011
0.676534 0.998011
0.676555 0.998011
0.676606 0.998011
0.676627 0.998011
0.676688 0.998011
0.676698 0.998011
0.676750 0.998011
0.676801 0.998011
0.676821 0.998011
0.676821 0.998028
0.676842 0.998028
0.676883 0.998028
0.676924 0.998028
0.676944 0.998028
0.676975 0.998028
0.676985 0.998028
0.677016 0.998028
0.677037 0.998028
0.677057 0.998028
0.677078 0.998028
0.677119 0.998028
0.677129 0.998028
0.677160 0.998028
0.677201 0.998028
0.677221 0.998028
0.677221 0.998045
0.677231 0.998045
0.677262 0.998045
0.677314 0.998045
0.677334 0.998045
0.677344 0.998045
0.677365 0.998045
0.677365 0.998061
0.677396 0.998061
0.677406 0.998061
0.677426 0.998061
0.677447 0.998061
0.677488 0.998061
0.677508 0.998061
0.677529 0.998061
0.677549 0.998061
0.677580 0.998061
0.677590 0.998061
0.677611 0.998061
0.677621 0.998061
0.677652 0.998061
0.677672 0.998061
0.677734 0.998061
0.677754 0.998061
0.677765 0.998061
0.677785 0.998061
0.677806 0.998061
0.677867 0.998061
0.677877 0.998061
0.677898 0.998061
0.677949 0.998061
0.677959 0.998061
0.677980 0.998061
0.678072 0.998061
0.678124 0.998061
0.678154 0.998061
0.678226 0.998061
0.678267 0.998061
0.678277 0.998078
0.678339 0.998078
0.678390 0.998078
0.678400 0.998078
0.678421 0.998078
0.678462 0.998078
0.678482 0.998078
0.678503 0.998078
0.678534 0.998078
0.678544 0.998078
0.678564 0.998078
0.678595 0.998078
0.678616 0.998078
0.678636 0.998095
0.678667 0.998095
0.678677 0.998095
0.678698 0.998095
0.678708 0.998112
0.678729 0.998112
0.678749 0.998112
0.678770 0.998112
0.678790 0.998112
0.678872 0.998112
0.678893 0.998112
0.678923 0.998112
0.678944 0.998112
0.678954 0.998112
0.679016 0.998112
0.679026 0.998112
0.679057 0.998112
0.679159 0.998112
0.679180 0.998112
0.679221 0.998112
0.679251 0.998112
0.679282 0.998112
0.679303 0.998112
0.679334 0.998112
0.679364 0.998112
0.679395 0.998112
0.679426 0.998112
0.679446 0.998112
0.679549 0.998112
0.679580 0.998112
0.679600 0.998112
0.679610 0.998112
0.679631 0.998112
0.679631 0.998128
0.679651 0.998128
0.679703 0.998128
0.679733 0.998128
0.679754 0.998128
0.679805 0.998128
0.679826 0.998128
0.679836 0.998128
0.679856 0.998128
0.679908 0.998128
0.679938 0.998128
0.679959 0.998128
0.680010 0.998128
0.680041 0.998128
0.680082 0.998128
0.680103 0.998128
0.680123 0.998128
0.680144 0.998145
0.680185 0.998145
0.680205 0.998145
0.680226 0.998145
0.680256 0.998145
0.680277 0.998145
0.680287 0.998145
0.680338 0.998145
0.680359 0.998145
0.680390 0.998145
0.680400 0.998145
0.680420 0.998145
0.680420 0.998162
0.680431 0.998162
0.680451 0.998162
0.680461 0.998162
0.680513 0.998162
0.680543 0.998162
0.680605 0.998162
0.680646 0.998162
0.680677 0.998162
0.680708 0.998162
0.680749 0.998162
0.680759 0.998162
0.680790 0.998162
0.680800 0.998162
0.680841 0.998162
0.680851 0.998178
0.680892 0.998178
0.680902 0.998178
0.680933 0.998178
0.680954 0.998178
0.680984 0.998178
0.681025 0.998178
0.681066 0.998178
0.681077 0.998195
0.681097 0.998195
0.681138 0.998195
0.681169 0.998195
0.681230 0.998195
0.681251 0.998212
0.681292 0.998212
0.681353 0.998212
0.681374 0.998212
0.681405 0.998212
0.681405 0.998229
0.681436 0.998229
0.681477 0.998229
0.681528 0.998229
0.681548 0.998229
0.681569 0.998229
0.681589 0.998245
0.681600 0.998245
0.681630 0.998245
0.681641 0.998245
0.681661 0.998245
0.681671 0.998245
0.681702 0.998245
0.681743 0.998245
0.681753 0.998245
0.681815 0.998245
0.681825 0.998245
0.681866 0.998245
0.681876 0.998245
0.681897 0.998245
0.681917 0.998262
0.681969 0.998262
0.682010 0.998262
0.682051 0.998262
0.682071 0.998262
0.682102 0.998262
0.682123 0.998262
0.682143 0.998279
0.682184 0.998279
0.682205 0.998279
0.682225 0.998279
0.682235 0.998279
0.682256 0.998279
0.682276 0.998279
0.682317 0.998279
0.682328 0.998279
0.682358 0.998279
0.682369 0.998279
0.682410 0.998279
0.682420 0.998279
0.682471 0.998279
0.682492 0.998279
0.682553 0.998279
0.682563 0.998279
0.682584 0.998279
0.682594 0.998279
0.682615 0.998279
0.682645 0.998279
0.682676 0.998279
0.682686 0.998279
0.682707 0.998279
0.682717 0.998279
0.682738 0.998279
0.682769 0.998279
0.682799 0.998279
0.682799 0.998295
0.682830 0.998295
0.682851 0.998295
0.682912 0.998295
0.682943 0.998295
0.682963 0.998295
0.683004 0.998295
0.683056 0.998295
0.683086 0.998295
0.683117 0.998295
0.683138 0.998295
0.683148 0.998295
0.683168 0.998295
0.683179 0.998295
0.683199 0.998295
0.683220 0.998295
0.683261 0.998295
0.683281 0.998295
0.683322 0.998295
0.683332 0.998295
0.683373 0.998295
0.683394 0.998312
0.683435 0.998312
0.683497 0.998312
0.683517 0.998312
0.683527 0.998312
0.683548 0.998312
0.683558 0.998312
0.683599 0.998312
0.683609 0.998312
0.683630 0.998312
0.683650 0.998312
0.683691 0.998312
0.683732 0.998312
0.683773 0.998312
0.683814 0.998312
0.683845 0.998312
0.683876 0.998312
0.683917 0.998312
0.683937 0.998312
0.683958 0.998312
0.683968 0.998312
0.684009 0.998312
0.684019 0.998312
0.684040 0.998312
0.684081 0.998312
0.684102 0.998312
0.684122 0.998312
0.684153 0.998312
0.684173 0.998312
0.684204 0.998312
0.684214 0.998312
0.684235 0.998312
0.684255 0.998312
0.684276 0.998312
0.684296 0.998312
0.684317 0.998312
0.684348 0.998312
0.684358 0.998312
0.684399 0.998312
0.684419 0.998312
0.684460 0.998312
0.684481 0.998312
0.684512 0.998312
0.684553 0.998312
0.684573 0.998312
0.684583 0.998312
0.684624 0.998312
0.684645 0.998312
0.684706 0.998312
0.684727 0.998312
0.684768 0.998312
0.684809 0.998312
0.684819 0.998312
0.684860 0.998312
0.684901 0.998312
0.684922 0.998312
0.684932 0.998312
0.684973 0.998312
0.685004 0.998312
0.685086 0.998312
0.685106 0.998312
0.685127 0.998312
0.685147 0.998312
0.685168 0.998312
0.685178 0.998312
0.685199 0.998312
0.685240 0.998312
0.685260 0.998312
0.685291 0.998312
0.685322 0.998312
0.685332 0.998312
0.685373 0.998312
0.685383 0.998312
0.685404 0.998312
0.685424 0.998312
0.685424 0.998329
0.685455 0.998329
0.685496 0.998329
0.685506 0.998329
0.685537 0.998329
0.685547 0.998329
0.685588 0.998329
0.685619 0.998329
0.685640 0.998329
0.685681 0.998329
0.685701 0.998329
0.685742 0.998329
0.685763 0.998329
0.685783 0.998329
0.685804 0.998329
0.685845 0.998329
0.685886 0.998329
0.685916 0.998329
0.685927 0.998346
0.685937 0.998346
0.685978 0.998346
0.686009 0.998346
0.686050 0.998346
0.686060 0.998346
0.686101 0.998346
0.686142 0.998346
0.686152 0.998346
0.686173 0.998346
0.686183 0.998346
0.686265 0.998346
0.686306 0.998346
0.686327 0.998346
0.686357 0.998346
0.686378 0.998346
0.686398 0.998362
0.686419 0.998362
0.686480 0.998362
0.686501 0.998362
0.686511 0.998362
0.686552 0.998362
0.686573 0.998362
0.686593 0.998362
0.686634 0.998362
0.686675 0.998362
0.686716 0.998362
0.686737 0.998362
0.686747 0.998362
0.686819 0.998362
0.686839 0.998362
0.686870 0.998362
0.686952 0.998362
0.686983 0.998362
0.687024 0.998362
0.687055 0.998362
0.687085 0.998362
0.687147 0.998362
0.687188 0.998362
0.687249 0.998362
0.687311 0.998362
0.687321 0.998362
0.687362 0.998362
0.687403 0.998362
0.687413 0.998362
0.687434 0.998362
0.687454 0.998362
0.687475 0.998362
0.687506 0.998362
0.687547 0.998362
0.687567 0.998362
0.687598 0.998362
0.687608 0.998362
0.687629 0.998362
0.687639 0.998362
0.687680 0.998362
0.687711 0.998362
0.687731 0.998362
0.687762 0.998362
0.687772 0.998362
0.687793 0.998362
0.687803 0.998379
0.687834 0.998379
0.687854 0.998379
0.687885 0.998379
0.687926 0.998379
0.687947 0.998379
0.687967 0.998379
0.687998 0.998379
0.688039 0.998379
0.688049 0.998379
0.688080 0.998379
0.688100 0.998379
0.688131 0.998379
0.688152 0.998379
0.688162 0.998379
0.688224 0.998379
0.688244 0.998379
0.688285 0.998379
0.688306 0.998396
0.688326 0.998396
0.688336 0.998396
0.688357 0.998412
0.688367 0.998412
0.688429 0.998412
0.688439 0.998412
0.688470 0.998412
0.688480 0.998412
0.688500 0.998412
0.688511 0.998412
0.688552 0.998412
0.688572 0.998412
0.688593 0.998412
0.688623 0.998412
0.688644 0.998412
0.688654 0.998412
0.688695 0.998412
0.688746 0.998412
0.688767 0.998412
0.688798 0.998412
0.688839 0.998412
0.688870 0.998412
0.688890 0.998412
0.688921 0.998412
0.689023 0.998412
0.689054 0.998412
0.689064 0.998412
0.689105 0.998412
0.689146 0.998412
0.689177 0.998412
0.689198 0.998412
0.689228 0.998412
0.689239 0.998412
0.689259 0.998412
0.689269 0.998412
0.689290 0.998412
0.689321 0.998412
0.689341 0.998412
0.689351 0.998412
0.689372 0.998412
0.689392 0.998412
0.689413 0.998412
0.689444 0.998412
0.689464 0.998412
0.689495 0.998412
0.689505 0.998429
0.689536 0.998429
0.689546 0.998429
0.689567 0.998429
0.689608 0.998429
0.689618 0.998429
0.689659 0.998429
0.689669 0.998429
0.689690 0.998429
0.689700 0.998429
0.689741 0.998429
0.689792 0.998429
0.689813 0.998429
0.689823 0.998429
0.689854 0.998429
0.689874 0.998429
0.689874 0.998463
0.689936 0.998463
0.689946 0.998463
0.689987 0.998463
0.690028 0.998463
0.690038 0.998463
0.690079 0.998463
0.690110 0.998463
0.690131 0.998463
0.690141 0.998463
0.690161 0.998463
0.690172 0.998463
0.690192 0.998463
0.690213 0.998463
0.690233 0.998463
0.690285 0.998463
0.690295 0.998463
0.690336 0.998463
0.690377 0.998463
0.690397 0.998463
0.690449 0.998463
0.690490 0.998463
0.690500 0.998463
0.690541 0.998463
0.690582 0.998463
0.690633 0.998463
0.690643 0.998463
0.690674 0.998463
0.690695 0.998463
0.690725 0.998463
0.690777 0.998463
0.690807 0.998463
0.690828 0.998463
0.690869 0.998463
0.690879 0.998463
0.690900 0.998463
0.690951 0.998463
0.690972 0.998463
0.691013 0.998463
0.691023 0.998463
0.691054 0.998463
0.691064 0.998463
0.691084 0.998463
0.691095 0.998463
0.691125 0.998463
0.691146 0.998463
0.691166 0.998463
0.691197 0.998463
0.691207 0.998463
0.691269 0.998463
0.691279 0.998463
0.691300 0.998463
0.691310 0.998463
0.691341 0.998463
0.691351 0.998463
0.691371 0.998463
0.691371 0.998479
0.691392 0.998479
0.691412 0.998479
0.691443 0.998479
0.691474 0.998479
0.691484 0.998496
0.691525 0.998496
0.691556 0.998496
0.691577 0.998496
0.691587 0.998496
0.691628 0.998496
0.691659 0.998496
0.691669 0.998496
0.691689 0.998496
0.691700 0.998496
0.691741 0.998496
0.691761 0.998496
0.691782 0.998496
0.691792 0.998496
0.691833 0.998496
0.691894 0.998496
0.691925 0.998496
0.691956 0.998496
0.691966 0.998496
0.692007 0.998496
0.692017 0.998496
0.692048 0.998496
0.692069 0.998496
0.692099 0.998496
0.692120 0.998496
0.692161 0.998496
0.692171 0.998496
0.692192 0.998496
0.692192 0.998513
0.692212 0.998513
0.692253 0.998513
0.692274 0.998513
0.692305 0.998513
0.692325 0.998513
0.692366 0.998513
0.692397 0.998513
0.692438 0.998513
0.692458 0.998513
0.692489 0.998513
0.692499 0.998513
0.692520 0.998513
0.692551 0.998513
0.692571 0.998513
0.692694 0.998513
0.692735 0.998513
0.692756 0.998513
0.692797 0.998513
0.692827 0.998513
0.692848 0.998513
0.692858 0.998513
0.692889 0.998513
0.692910 0.998513
0.692940 0.998513
0.692961 0.998513
0.693053 0.998513
0.693063 0.998513
0.693084 0.998513
0.693104 0.998513
0.693145 0.998513
0.693156 0.998513
0.693197 0.998513
0.693217 0.998513
0.693248 0.998513
0.693289 0.998513
0.693330 0.998513
0.693350 0.998513
0.693361 0.998513
0.693391 0.998513
0.693412 0.998513
0.693463 0.998513
0.693484 0.998513
0.693494 0.998513
0.693525 0.998513
0.693576 0.998513
0.693597 0.998513
0.693627 0.998513
0.693668 0.998513
0.693668 0.998529
0.693709 0.998529
0.693730 0.998529
0.693771 0.998529
0.693781 0.998546
0.693802 0.998546
0.693832 0.998546
0.693843 0.998546
0.693863 0.998546
0.693914 0.998546
0.693935 0.998546
0.693976 0.998546
0.694007 0.998546
0.694017 0.998546
0.694027 0.998563
0.694048 0.998563
0.694068 0.998563
0.694089 0.998563
0.694119 0.998563
0.694171 0.998563
0.694181 0.998563
0.694243 0.998563
0.694263 0.998563
0.694325 0.998563
0.694355 0.998563
0.694376 0.998563
0.694396 0.998563
0.694407 0.998563
0.694448 0.998563
0.694458 0.998563
0.694499 0.998563
0.694509 0.998563
0.694560 0.998563
0.694601 0.998563
0.694632 0.998563
0.694663 0.998563
0.694683 0.998563
0.694714 0.998563
0.694745 0.998563
0.694755 0.998563
0.694786 0.998563
0.694796 0.998563
0.694827 0.998563
0.694847 0.998563
0.694858 0.998580
0.694919 0.998580
0.694940 0.998580
0.694991 0.998580
0.695001 0.998580
0.695001 0.998596
0.695022 0.998596
0.695022 0.998613
0.695042 0.998613
0.695053 0.998613
0.695083 0.998613
0.695094 0.998613
0.695135 0.998613
0.695155 0.998613
0.695186 0.998613
0.695206 0.998613
0.695217 0.998613
0.695237 0.998613
0.695278 0.998613
0.695319 0.998613
0.695340 0.998613
0.695370 0.998613
0.695381 0.998613
0.695401 0.998613
0.695432 0.998613
0.695452 0.998613
0.695473 0.998613
0.695493 0.998613
0.695524 0.998613
0.695545 0.998613
0.695575 0.998613
0.695586 0.998613
0.695617 0.998613
0.695637 0.998613
0.695658 0.998613
0.695699 0.998613
0.695729 0.998613
0.695750 0.998613
0.695781 0.998613
0.695781 0.998630
0.695822 0.998630
0.695832 0.998630
0.695863 0.998630
0.695893 0.998630
0.695914 0.998630
0.695924 0.998630
0.695945 0.998630
0.695955 0.998630
0.695986 0.998630
0.696006 0.998630
0.696016 0.998646
0.696047 0.998646
0.696068 0.998646
0.696129 0.998646
0.696150 0.998646
0.696211 0.998646
0.696232 0.998646
0.696242 0.998646
0.696262 0.998646
0.696273 0.998646
0.696293 0.998646
0.696324 0.998646
0.696345 0.998646
0.696375 0.998646
0.696457 0.998646
0.696498 0.998646
0.696529 0.998646
0.696550 0.998646
0.696560 0.998646
0.696591 0.998646
0.696611 0.998646
0.696632 0.998646
0.696652 0.998646
0.696683 0.998646
0.696714 0.998646
0.696744 0.998646
0.696785 0.998646
0.696826 0.998646
0.696847 0.998646
0.696878 0.998663
0.696888 0.998663
0.696908 0.998663
0.696929 0.998663
0.696950 0.998663
0.696991 0.998663
0.697032 0.998663
0.697052 0.998663
0.697073 0.998663
0.697093 0.998663
0.697124 0.998663
0.697165 0.998663
0.697175 0.998663
0.697216 0.998663
0.697257 0.998663
0.697267 0.998663
0.697298 0.998663
0.697308 0.998663
0.697329 0.998663
0.697339 0.998663
0.697401 0.998663
0.697431 0.998663
0.697483 0.998663
0.697503 0.998663
0.697524 0.998663
0.697544 0.998663
0.697554 0.998663
0.697585 0.998663
0.697606 0.998663
0.697626 0.998663
0.697626 0.998680
0.697667 0.998680
0.697698 0.998680
0.697708 0.998680
0.697760 0.998680
0.697790 0.998680
0.697852 0.998680
0.697862 0.998697
0.697872 0.998697
0.697893 0.998697
0.697924 0.998697
0.697934 0.998697
0.697965 0.998697
0.697985 0.998697
0.697995 0.998697
0.698036 0.998697
0.698067 0.998697
0.698088 0.998697
0.698118 0.998697
0.698129 0.998697
0.698159 0.998697
0.698180 0.998697
0.698190 0.998697
0.698221 0.998697
0.698282 0.998697
0.698293 0.998697
0.698313 0.998697
0.698324 0.998713
0.698344 0.998713
0.698354 0.998713
0.698385 0.998713
0.698406 0.998713
0.698436 0.998713
0.698457 0.998713
0.698498 0.998713
0.698518 0.998713
0.698549 0.998713
0.698559 0.998713
0.698580 0.998713
0.698590 0.998713
0.698621 0.998713
0.698631 0.998713
0.698672 0.998713
0.698713 0.998713
0.698754 0.998713
0.698764 0.998713
0.698805 0.998713
0.698816 0.998713
0.698836 0.998713
0.698867 0.998713
0.698887 0.998713
0.698898 0.998713
0.698939 0.998713
0.698980 0.998713
0.699021 0.998713
0.699072 0.998713
0.699134 0.998713
0.699144 0.998713
0.699164 0.998713
0.699185 0.998713
0.699226 0.998713
0.699287 0.998713
0.699298 0.998713
0.699318 0.998713
0.699328 0.998713
0.699349 0.998713
0.699380 0.998713
0.699421 0.998713
0.699462 0.998713
0.699482 0.998713
0.699533 0.998713
0.699564 0.998713
0.699585 0.998713
0.699615 0.998713
0.699636 0.998713
0.699646 0.998713
0.699687 0.998713
0.699708 0.998713
0.699728 0.998713
0.699739 0.998713
0.699759 0.998713
0.699769 0.998713
0.699831 0.998713
0.699841 0.998713
0.699862 0.998713
0.699872 0.998713
0.699903 0.998713
0.699923 0.998713
0.699944 0.998713
0.699964 0.998713
0.699985 0.998713
0.700026 0.998713
0.700056 0.998713
0.700077 0.998713
0.700097 0.998713
0.700118 0.998713
0.700128 0.998713
0.700128 0.998730
0.700169 0.998730
0.700210 0.998730
0.700231 0.998730
0.700261 0.998730
0.700272 0.998730
0.700292 0.998730
0.700333 0.998730
0.700344 0.998730
0.700364 0.998730
0.700374 0.998730
0.700395 0.998730
0.700405 0.998730
0.700426 0.998730
0.700436 0.998730
0.700477 0.998730
0.700497 0.998730
0.700528 0.998730
0.700549 0.998730
0.700579 0.998730
0.700610 0.998730
0.700641 0.998730
0.700723 0.998730
0.700754 0.998730
0.700774 0.998730
0.700805 0.998730
0.700815 0.998730
0.700836 0.998747
0.700856 0.998747
0.700918 0.998747
0.700948 0.998747
0.700989 0.998747
0.701000 0.998747
0.701031 0.998747
0.701072 0.998747
0.701082 0.998763
0.701133 0.998763
0.701195 0.998763
0.701205 0.998763
0.701236 0.998763
0.701266 0.998763
0.701297 0.998763
0.701307 0.998763
0.701369 0.998763
0.701379 0.998763
0.701441 0.998763
0.701482 0.998763
0.701502 0.998763
0.701512 0.998763
0.701543 0.998763
0.701564 0.998763
0.701605 0.998763
0.701666 0.998763
0.701676 0.998763
0.701697 0.998763
0.701728 0.998763
0.701748 0.998763
0.701769 0.998763
0.701800 0.998763
0.701820 0.998763
0.701820 0.998780
0.701841 0.998780
0.701871 0.998780
0.701933 0.998780
0.701943 0.998780
0.701964 0.998780
0.701994 0.998780
0.702015 0.998780
0.702015 0.998797
0.702076 0.998797
0.702097 0.998797
0.702128 0.998797
0.702138 0.998797
0.702158 0.998797
0.702169 0.998797
0.702199 0.998797
0.702240 0.998797
0.702281 0.998797
0.702312 0.998797
0.702353 0.998797
0.702374 0.998797
0.702405 0.998797
0.702425 0.998797
0.702446 0.998797
0.702507 0.998797
0.702548 0.998797
0.702589 0.998797
0.702620 0.998797
0.702681 0.998797
0.702681 0.998830
0.702743 0.998830
0.702753 0.998830
0.702753 0.998847
0.702794 0.998847
0.702804 0.998847
0.702866 0.998847
0.702886 0.998847
0.702927 0.998847
0.702938 0.998847
0.703020 0.998847
0.703050 0.998847
0.703071 0.998847
0.703092 0.998847
0.703112 0.998847
0.703174 0.998847
0.703194 0.998847
0.703225 0.998847
0.703235 0.998847
0.703266 0.998847
0.703286 0.998847
0.703327 0.998847
0.703389 0.998847
0.703430 0.998847
0.703450 0.998847
0.703471 0.998847
0.703512 0.998847
0.703522 0.998847
0.703553 0.998847
0.703563 0.998847
0.703584 0.998847
0.703614 0.998847
0.703645 0.998847
0.703666 0.998847
0.703686 0.998847
0.703707 0.998847
0.703748 0.998847
0.703779 0.998847
0.703789 0.998847
0.703830 0.998847
0.703861 0.998847
0.703891 0.998847
0.703902 0.998847
0.703943 0.998847
0.703973 0.998847
0.703994 0.998847
0.704035 0.998847
0.704055 0.998847
0.704086 0.998847
0.704117 0.998847
0.704137 0.998847
0.704158 0.998847
0.704168 0.998847
0.704189 0.998847
0.704219 0.998847
0.704250 0.998847
0.704260 0.998847
0.704301 0.998847
0.704353 0.998847
0.704373 0.998847
0.704394 0.998847
0.704414 0.998847
0.704455 0.998847
0.704476 0.998847
0.704486 0.998847
0.704527 0.998847
0.704548 0.998847
0.704589 0.998847
0.704609 0.998847
0.704619 0.998847
0.704640 0.998847
0.704650 0.998847
0.704681 0.998847
0.704722 0.998847
0.704742 0.998847
0.704763 0.998847
0.704794 0.998847
0.704814 0.998847
0.704835 0.998847
0.704855 0.998847
0.704906 0.998847
0.704917 0.998847
0.704937 0.998847
0.704958 0.998847
0.704978 0.998847
0.704988 0.998847
0.705009 0.998847
0.705009 0.998864
0.705040 0.998864
0.705060 0.998864
0.705081 0.998864
0.705122 0.998864
0.705142 0.998864
0.705163 0.998864
0.705183 0.998864
0.705224 0.998864
0.705265 0.998864
0.705296 0.998864
0.705317 0.998864
0.705347 0.998864
0.705368 0.998864
0.705409 0.998864
0.705429 0.998864
0.705532 0.998864
0.705593 0.998864
0.705655 0.998864
0.705737 0.998864
0.705778 0.998864
0.705819 0.998864
0.705860 0.998864
0.705881 0.998864
0.705901 0.998864
0.705993 0.998864
0.706075 0.998864
0.706075 0.998880
0.706096 0.998880
0.706116 0.998880
0.706147 0.998880
0.706168 0.998880
0.706209 0.998880
0.706239 0.998880
0.706250 0.998880
0.706280 0.998880
0.706291 0.998880
0.706321 0.998880
0.706332 0.998880
0.706352 0.998880
0.706383 0.998880
0.706424 0.998880
0.706455 0.998880
0.706475 0.998880
0.706516 0.998880
0.706547 0.998880
0.706557 0.998880
0.706578 0.998880
0.706588 0.998880
0.706619 0.998880
0.706660 0.998880
0.706670 0.998880
0.706701 0.998880
0.706711 0.998880
0.706773 0.998880
0.706793 0.998880
0.706824 0.998880
0.706865 0.998880
0.706906 0.998880
0.706937 0.998880
0.706947 0.998880
0.706967 0.998880
0.706978 0.998880
0.707019 0.998880
0.707039 0.998880
0.707060 0.998880
0.707080 0.998880
0.707111 0.998880
0.707173 0.998880
0.707193 0.998880
0.707224 0.998880
0.707244 0.998880
0.707244 0.998897
0.707265 0.998897
0.707265 0.998914
0.707285 0.998914
0.707326 0.998914
0.707347 0.998914
0.707357 0.998914
0.707388 0.998914
0.707408 0.998914
0.707419 0.998914
0.707439 0.998914
0.707480 0.998914
0.707511 0.998914
0.707531 0.998914
0.707572 0.998914
0.707593 0.998914
0.707613 0.998914
0.707634 0.998914
0.707665 0.998914
0.707675 0.998914
0.707695 0.998914
0.707747 0.998914
0.707798 0.998914
0.707819 0.998914
0.707849 0.998914
0.707911 0.998914
0.707921 0.998914
0.707942 0.998914
0.707972 0.998914
0.707993 0.998914
0.708013 0.998914
0.708075 0.998914
0.708106 0.998914
0.708116 0.998914
0.708136 0.998914
0.708157 0.998914
0.708177 0.998914
0.708208 0.998930
0.708229 0.998930
0.708249 0.998930
0.708270 0.998930
0.708290 0.998930
0.708321 0.998930
0.708341 0.998930
0.708382 0.998930
0.708413 0.998930
0.708434 0.998930
0.708464 0.998930
0.708485 0.998930
0.708516 0.998930
0.708547 0.998930
0.708567 0.998930
0.708577 0.998947
0.708618 0.998947
0.708629 0.998947
0.708649 0.998947
0.708659 0.998947
0.708680 0.998947
0.708700 0.998947
0.708731 0.998947
0.708752 0.998947
0.708772 0.998947
0.708813 0.998947
0.708834 0.998947
0.708864 0.998947
0.708875 0.998947
0.708905 0.998947
0.708946 0.998947
0.708957 0.998947
0.708987 0.998947
0.709018 0.998947
0.709039 0.998947
0.709059 0.998947
0.709080 0.998947
0.709090 0.998947
0.709110 0.998947
0.709162 0.998947
0.709182 0.998947
0.709193 0.998947
0.709223 0.998947
0.709244 0.998947
0.709285 0.998947
0.709305 0.998947
0.709336 0.998947
0.709357 0.998947
0.709367 0.998947
0.709398 0.998947
0.709449 0.998947
0.709469 0.998947
0.709490 0.998947
0.709531 0.998947
0.709551 0.998947
0.709562 0.998947
0.709582 0.998947
0.709592 0.998947
0.709613 0.998947
0.709654 0.998947
0.709674 0.998947
0.709705 0.998947
0.709726 0.998947
0.709756 0.998947
0.709767 0.998947
0.709797 0.998947
0.709808 0.998947
0.709859 0.998947
0.709900 0.998947
0.709951 0.998947
0.709992 0.998947
0.710023 0.998947
0.710054 0.998947
0.710095 0.998947
0.710115 0.998947
0.710136 0.998947
0.710156 0.998947
0.710177 0.998947
0.710197 0.998947
0.710208 0.998947
0.710238 0.998947
0.710249 0.998947
0.710269 0.998947
0.710279 0.998947
0.710320 0.998947
0.710331 0.998947
0.710361 0.998947
0.710382 0.998947
0.710402 0.998947
0.710433 0.998947
0.710454 0.998947
0.710484 0.998947
0.710546 0.998947
0.710567 0.998947
0.710628 0.998947
0.710669 0.998947
0.710690 0.998947
0.710741 0.998947
0.710782 0.998947
0.710792 0.998947
0.710813 0.998947
0.710864 0.998947
0.710915 0.998947
0.710925 0.998947
0.710946 0.998947
0.710987 0.998947
0.711007 0.998947
0.711059 0.998947
0.711069 0.998947
0.711130 0.998947
0.711171 0.998947
0.711192 0.998947
0.711213 0.998947
0.711305 0.998947
0.711346 0.998947
0.711356 0.998947
0.711377 0.998947
0.711407 0.998947
0.711428 0.998947
0.711448 0.998947
0.711520 0.998947
0.711541 0.998947
0.711561 0.998947
0.711582 0.998947
0.711602 0.998947
0.711643 0.998947
0.711653 0.998947
0.711674 0.998947
0.711684 0.998947
0.711705 0.998947
0.711715 0.998947
0.711735 0.998947
0.711776 0.998947
0.711797 0.998947
0.711828 0.998947
0.711869 0.998947
0.711910 0.998947
0.711941 0.998947
0.711951 0.998947
0.712002 0.998947
0.712033 0.998947
0.712033 0.998964
0.712043 0.998964
0.712125 0.998964
0.712166 0.998964
0.712187 0.998964
0.712197 0.998964
0.712279 0.998964
0.712310 0.998964
0.712361 0.998964
0.712381 0.998964
0.712392 0.998964
0.712412 0.998964
0.712433 0.998964
0.712515 0.998964
0.712546 0.998964
0.712566 0.998964
0.712576 0.998964
0.712597 0.998964
0.712607 0.998964
0.712669 0.998964
0.712710 0.998964
0.712792 0.998964
0.712802 0.998964
0.712822 0.998964
0.712833 0.998964
0.712853 0.998964
0.712884 0.998964
0.712925 0.998964
0.712935 0.998964
0.712956 0.998964
0.712966 0.998964
0.712986 0.998964
0.713027 0.998964
0.713048 0.998964
0.713058 0.998964
0.713099 0.998964
0.713109 0.998964
0.713130 0.998964
0.713140 0.998964
0.713161 0.998964
0.713191 0.998964
0.713222 0.998964
0.713263 0.998964
0.713304 0.998964
0.713325 0.998964
0.713356 0.998964
0.713397 0.998964
0.713438 0.998964
0.713479 0.998964
0.713499 0.998964
0.713509 0.998964
0.713550 0.998964
0.713612 0.998964
0.713653 0.998964
0.713663 0.998964
0.713704 0.998964
0.713745 0.998964
0.713766 0.998964
0.713786 0.998964
0.713848 0.998964
0.713889 0.998964
0.713909 0.998964
0.713940 0.998964
0.713971 0.998964
0.714012 0.998964
0.714032 0.998964
0.714063 0.998964
0.714084 0.998964
0.714125 0.998964
0.714145 0.998964
0.714176 0.998964
0.714176 0.998981
0.714217 0.998981
0.714227 0.998981
0.714268 0.998981
0.714350 0.998981
0.714371 0.998981
0.714432 0.998981
0.714463 0.998981
0.714494 0.998981
0.714524 0.998981
0.714565 0.998981
0.714627 0.998981
0.714668 0.998981
0.714678 0.998981
0.714699 0.998981
0.714740 0.998981
0.714781 0.998981
0.714791 0.998981
0.714812 0.998981
0.714894 0.998981
0.714904 0.998997
0.714914 0.998997
0.714935 0.998997
0.714965 0.998997
0.714976 0.998997
0.715058 0.998997
0.715088 0.998997
0.715129 0.998997
0.715170 0.998997
0.715201 0.998997
0.715211 0.998997
0.715232 0.999014
0.715252 0.999014
0.715294 0.999014
0.715335 0.999014
0.715365 0.999014
0.715376 0.999014
0.715396 0.999014
0.715417 0.999014
0.715437 0.999014
0.715447 0.999014
0.715488 0.999014
0.715550 0.999014
0.715581 0.999014
0.715601 0.999014
0.715611 0.999014
0.715632 0.999014
0.715642 0.999014
0.715663 0.999014
0.715683 0.999014
0.715724 0.999014
0.715734 0.999014
0.715755 0.999014
0.715765 0.999014
0.715796 0.999014
0.715816 0.999014
0.715857 0.999014
0.715898 0.999014
0.715919 0.999014
0.715940 0.999014
0.715960 0.999014
0.715981 0.999014
0.716011 0.999014
0.716022 0.999014
0.716052 0.999014
0.716083 0.999014
0.716104 0.999014
0.716114 0.999014
0.716134 0.999014
0.716145 0.999014
0.716165 0.999014
0.716175 0.999014
0.716206 0.999014
0.716216 0.999014
0.716268 0.999014
0.716309 0.999014
0.716360 0.999014
0.716391 0.999014
0.716432 0.999014
0.716452 0.999014
0.716483 0.999014
0.716544 0.999014
0.716565 0.999014
0.716585 0.999014
0.716606 0.999014
0.716627 0.999014
0.716647 0.999014
0.716657 0.999014
0.716688 0.999014
0.716709 0.999014
0.716729 0.999014
0.716760 0.999014
0.716821 0.999014
0.716852 0.999014
0.716883 0.999014
0.716903 0.999014
0.716924 0.999014
0.716985 0.999014
0.717006 0.999014
0.717047 0.999014
0.717047 0.999031
0.717088 0.999031
0.717119 0.999031
0.717129 0.999031
0.717190 0.999031
0.717201 0.999031
0.717231 0.999031
0.717272 0.999031
0.717283 0.999031
0.717314 0.999031
0.717344 0.999031
0.717365 0.999031
0.717385 0.999031
0.717406 0.999031
0.717416 0.999031
0.717447 0.999031
0.717488 0.999031
0.717529 0.999031
0.717539 0.999031
0.717580 0.999031
0.717590 0.999031
0.717621 0.999031
0.717642 0.999031
0.717652 0.999031
0.717672 0.999031
0.717734 0.999031
0.717765 0.999031
0.717826 0.999031
0.717847 0.999031
0.717857 0.999031
0.717877 0.999031
0.717918 0.999031
0.717939 0.999031
0.717959 0.999031
0.717980 0.999031
0.717990 0.999031
0.718011 0.999031
0.718021 0.999031
0.718062 0.999031
0.718072 0.999031
0.718093 0.999031
0.718134 0.999031
0.718175 0.999031
0.718185 0.999031
0.718206 0.999031
0.718206 0.999064
0.718236 0.999064
0.718257 0.999064
0.718267 0.999064
0.718288 0.999064
0.718318 0.999064
0.718349 0.999064
0.718411 0.999064
0.718441 0.999064
0.718452 0.999081
0.718482 0.999081
0.718523 0.999081
0.718534 0.999081
0.718595 0.999081
0.718616 0.999081
0.718657 0.999081
0.718677 0.999081
0.718698 0.999081
0.718739 0.999081
0.718770 0.999081
0.718790 0.999081
0.718831 0.999081
0.718882 0.999081
0.718944 0.999081
0.718964 0.999081
0.719005 0.999081
0.719016 0.999081
0.719036 0.999081
0.719046 0.999081
0.719077 0.999081
0.719098 0.999081
0.719139 0.999081
0.719159 0.999081
0.719180 0.999081
0.719210 0.999081
0.719251 0.999081
0.719272 0.999081
0.719303 0.999081
0.719344 0.999081
0.719375 0.999081
0.719395 0.999081
0.719426 0.999081
0.719446 0.999081
0.719477 0.999081
0.719498 0.999081
0.719539 0.999081
0.719569 0.999081
0.719580 0.999081
0.719621 0.999081
0.719631 0.999098
0.719651 0.999098
0.719662 0.999098
0.719703 0.999098
0.719733 0.999098
0.719754 0.999098
0.719795 0.999098
0.719805 0.999098
0.719815 0.999114
0.719826 0.999114
0.719846 0.999114
0.719867 0.999114
0.719908 0.999114
0.719918 0.999114
0.719949 0.999114
0.719969 0.999114
0.720010 0.999114
0.720031 0.999114
0.720082 0.999114
0.720092 0.999114
0.720113 0.999114
0.720164 0.999114
0.720185 0.999114
0.720205 0.999114
0.720226 0.999114
0.720236 0.999114
0.720256 0.999114
0.720267 0.999114
0.720287 0.999114
0.720318 0.999114
0.720328 0.999114
0.720349 0.999114
0.720369 0.999114
0.720390 0.999114
0.720400 0.999114
0.720420 0.999114
0.720451 0.999114
0.720461 0.999114
0.720492 0.999114
0.720533 0.999114
0.720543 0.999114
0.720574 0.999114
0.720615 0.999114
0.720677 0.999114
0.720687 0.999114
0.720718 0.999114
0.720738 0.999114
0.720759 0.999114
0.720841 0.999114
0.720851 0.999114
0.720872 0.999114
0.720892 0.999114
0.720913 0.999114
0.720923 0.999114
0.720943 0.999114
0.720964 0.999114
0.720984 0.999114
0.721005 0.999114
0.721025 0.999114
0.721056 0.999114
0.721097 0.999114
0.721118 0.999114
0.721159 0.999114
0.721220 0.999114
0.721251 0.999114
0.721312 0.999114
0.721323 0.999114
0.721343 0.999114
0.721364 0.999114
0.721395 0.999114
0.721436 0.999114
0.721477 0.999114
0.721538 0.999114
0.721559 0.999114
0.721569 0.999114
0.721589 0.999114
0.721600 0.999114
0.721620 0.999114
0.721641 0.999114
0.721661 0.999114
0.721682 0.999148
0.721692 0.999148
0.721712 0.999148
0.721723 0.999164
0.721753 0.999164
0.721764 0.999164
0.721805 0.999164
0.721835 0.999164
0.721897 0.999164
0.721917 0.999164
0.721958 0.999164
0.722061 0.999164
0.722102 0.999164
0.722133 0.999164
0.722153 0.999164
0.722174 0.999164
0.722194 0.999164
0.722205 0.999164
0.722235 0.999164
0.722317 0.999164
0.722358 0.999164
0.722379 0.999164
0.722410 0.999164
0.722430 0.999164
0.722451 0.999164
0.722481 0.999164
0.722492 0.999164
0.722512 0.999164
0.722522 0.999164
0.722563 0.999164
0.722594 0.999164
0.722625 0.999164
0.722645 0.999164
0.722676 0.999164
0.722717 0.999164
0.722738 0.999164
0.722758 0.999164
0.722769 0.999164
0.722810 0.999164
0.722840 0.999164
0.722851 0.999164
0.722902 0.999164
0.722933 0.999164
0.722963 0.999164
0.723004 0.999164
0.723066 0.999164
0.723107 0.999164
0.723127 0.999164
0.723148 0.999164
0.723168 0.999164
0.723189 0.999164
0.723250 0.999164
0.723271 0.999164
0.723291 0.999164
0.723312 0.999164
0.723332 0.999164
0.723363 0.999164
0.723384 0.999164
0.723394 0.999164
0.723425 0.999164
0.723435 0.999164
0.723456 0.999164
0.723497 0.999164
0.723527 0.999164
0.723538 0.999164
0.723558 0.999164
0.723620 0.999164
0.723640 0.999164
0.723681 0.999164
0.723712 0.999164
0.723743 0.999164
0.723753 0.999164
0.723794 0.999164
0.723855 0.999164
0.723866 0.999164
0.723896 0.999164
0.723927 0.999164
0.723968 0.999164
0.723978 0.999164
0.724019 0.999164
0.724060 0.999164
0.724081 0.999164
0.724112 0.999164
0.724163 0.999164
0.724173 0.999164
0.724194 0.999164
0.724204 0.999164
0.724225 0.999164
0.724255 0.999164
0.724276 0.999164
0.724317 0.999164
0.724337 0.999164
0.724348 0.999164
0.724368 0.999164
0.724409 0.999164
0.724450 0.999164
0.724460 0.999164
0.724512 0.999164
0.724553 0.999164
0.724563 0.999164
0.724614 0.999164
0.724645 0.999164
0.724665 0.999164
0.724676 0.999164
0.724737 0.999164
0.724768 0.999164
0.724809 0.999164
0.724819 0.999164
0.724850 0.999164
0.724891 0.999164
0.724922 0.999164
0.724942 0.999164
0.724963 0.999164
0.724994 0.999164
0.725014 0.999164
0.725045 0.999164
0.725086 0.999164
0.725106 0.999164
0.725127 0.999164
0.725137 0.999164
0.725158 0.999164
0.725188 0.999164
0.725209 0.999164
0.725229 0.999164
0.725240 0.999164
0.725270 0.999164
0.725281 0.999181
0.725291 0.999181
0.725322 0.999181
0.725342 0.999181
0.725363 0.999181
0.725404 0.999181
0.725435 0.999181
0.725445 0.999181
0.725455 0.999198
0.725465 0.999198
0.725496 0.999198
0.725517 0.999198
0.725517 0.999215
0.725537 0.999215
0.725558 0.999215
0.725619 0.999215
0.725640 0.999215
0.725660 0.999215
0.725681 0.999215
0.725722 0.999215
0.725752 0.999215
0.725793 0.999215
0.725804 0.999215
0.725845 0.999215
0.725865 0.999215
0.725886 0.999215
0.725927 0.999215
0.725947 0.999215
0.725957 0.999215
0.726009 0.999215
0.726029 0.999215
0.726039 0.999215
0.726060 0.999215
0.726070 0.999215
0.726091 0.999215
0.726122 0.999215
0.726142 0.999215
0.726183 0.999215
0.726204 0.999215
0.726234 0.999215
0.726255 0.999215
0.726275 0.999215
0.726316 0.999215
0.726378 0.999215
0.726398 0.999215
0.726419 0.999215
0.726419 0.999231
0.726460 0.999231
0.726470 0.999231
0.726532 0.999231
0.726552 0.999231
0.726573 0.999231
0.726614 0.999231
0.726634 0.999231
0.726655 0.999231
0.726665 0.999231
0.726685 0.999231
0.726716 0.999231
0.726737 0.999231
0.726778 0.999231
0.726798 0.999231
0.726809 0.999248
0.726829 0.999248
0.726850 0.999248
0.726880 0.999248
0.726901 0.999248
0.726942 0.999248
0.726962 0.999248
0.726983 0.999248
0.727003 0.999248
0.727044 0.999248
0.727065 0.999248
0.727075 0.999248
0.727096 0.999248
0.727126 0.999248
0.727188 0.999248
0.727208 0.999248
0.727208 0.999265
0.727249 0.999265
0.727301 0.999265
0.727342 0.999265
0.727362 0.999265
0.727383 0.999265
0.727393 0.999265
0.727413 0.999265
0.727424 0.999265
0.727506 0.999265
0.727526 0.999265
0.727547 0.999265
0.727578 0.999265
0.727598 0.999265
0.727608 0.999265
0.727639 0.999265
0.727660 0.999265
0.727680 0.999265
0.727721 0.999265
0.727772 0.999265
0.727854 0.999265
0.727865 0.999265
0.727885 0.999265
0.727936 0.999265
0.727957 0.999265
0.727988 0.999265
0.728029 0.999265
0.728049 0.999265
0.728059 0.999265
0.728090 0.999265
0.728100 0.999265
0.728142 0.999265
0.728203 0.999265
0.728224 0.999265
0.728244 0.999265
0.728285 0.999265
0.728306 0.999265
0.728316 0.999265
0.728357 0.999265
0.728388 0.999265
0.728418 0.999265
0.728459 0.999265
0.728480 0.999265
0.728500 0.999265
0.728562 0.999265
0.728582 0.999265
0.728593 0.999265
0.728613 0.999265
0.728654 0.999265
0.728705 0.999265
0.728726 0.999265
0.728736 0.999265
0.728767 0.999265
0.728798 0.999265
0.728829 0.999265
0.728849 0.999265
0.728859 0.999265
0.728880 0.999265
0.728890 0.999265
0.728952 0.999265
0.728962 0.999265
0.728982 0.999265
0.729023 0.999265
0.729075 0.999265
0.729095 0.999265
0.729126 0.999265
0.729146 0.999265
0.729187 0.999265
0.729208 0.999265
0.729228 0.999265
0.729259 0.999265
0.729290 0.999265
0.729321 0.999265
0.729392 0.999265
0.729403 0.999265
0.729423 0.999265
0.729433 0.999265
0.729464 0.999265
0.729485 0.999265
0.729495 0.999265
0.729516 0.999265
0.729526 0.999265
0.729546 0.999265
0.729587 0.999265
0.729608 0.999265
0.729639 0.999265
0.729659 0.999265
0.729690 0.999265
0.729731 0.999265
0.729741 0.999265
0.729782 0.999265
0.729844 0.999265
0.729905 0.999265
0.729915 0.999281
0.729956 0.999281
0.729977 0.999281
0.729987 0.999281
0.730028 0.999281
0.730038 0.999281
0.730069 0.999281
0.730090 0.999281
0.730120 0.999281
0.730161 0.999281
0.730172 0.999281
0.730192 0.999281
0.730233 0.999281
0.730254 0.999281
0.730285 0.999281
0.730305 0.999281
0.730315 0.999281
0.730377 0.999281
0.730418 0.999281
0.730428 0.999281
0.730459 0.999281
0.730479 0.999281
0.730520 0.999281
0.730572 0.999281
0.730602 0.999281
0.730643 0.999281
0.730674 0.999281
0.730705 0.999281
0.730725 0.999281
0.730756 0.999281
0.730777 0.999281
0.730787 0.999281
0.730828 0.999281
0.730838 0.999281
0.730859 0.999281
0.730879 0.999281
0.730900 0.999281
0.730920 0.999281
0.730961 0.999281
0.730992 0.999281
0.731002 0.999298
0.731013 0.999298
0.731074 0.999298
0.731095 0.999298
0.731125 0.999298
0.731146 0.999298
0.731177 0.999298
0.731197 0.999298
0.731207 0.999298
0.731289 0.999298
0.731320 0.999298
0.731341 0.999298
0.731361 0.999298
0.731382 0.999298
0.731392 0.999298
0.731443 0.999298
0.731474 0.999298
0.731484 0.999298
0.731515 0.999298
0.731525 0.999315
0.731536 0.999315
0.731566 0.999315
0.731607 0.999315
0.731638 0.999315
0.731679 0.999315
0.731720 0.999315
0.731730 0.999315
0.731751 0.999315
0.731792 0.999315
0.731812 0.999315
0.731833 0.999315
0.731864 0.999315
0.731874 0.999315
0.731894 0.999315
0.731915 0.999315
0.731956 0.999315
0.731987 0.999315
0.732007 0.999315
0.732069 0.999315
0.732099 0.999315
0.732140 0.999315
0.732202 0.999315
0.732212 0.999315
0.732233 0.999315
0.732233 0.999332
0.732253 0.999332
0.732253 0.999365
0.732284 0.999365
0.732305 0.999365
0.732346 0.999365
0.732356 0.999365
0.732376 0.999365
0.732469 0.999365
0.732510 0.999365
0.732551 0.999365
0.732571 0.999365
0.732622 0.999365
0.732663 0.999365
0.732694 0.999365
0.732715 0.999365
0.732838 0.999365
0.732879 0.999365
0.732940 0.999365
0.732961 0.999365
0.732992 0.999365
0.733002 0.999365
0.733033 0.999365
0.733043 0.999365
0.733063 0.999365
0.733125 0.999365
0.733156 0.999365
0.733176 0.999365
0.733197 0.999365
0.733217 0.999365
0.733299 0.999365
0.733340 0.999365
0.733350 0.999365
0.733371 0.999365
0.733402 0.999365
0.733422 0.999365
0.733432 0.999365
0.733453 0.999365
0.733473 0.999365
0.733494 0.999365
0.733504 0.999365
0.733525 0.999365
0.733555 0.999382
0.733597 0.999382
0.733607 0.999382
0.733668 0.999382
0.733689 0.999382
0.733709 0.999382
0.733740 0.999382
0.733761 0.999382
0.733791 0.999382
0.733802 0.999382
0.733863 0.999382
0.733884 0.999382
0.733914 0.999382
0.733996 0.999382
0.734017 0.999382
0.734027 0.999398
0.734068 0.999398
0.734099 0.999398
0.734191 0.999398
0.734212 0.999398
0.734243 0.999398
0.734263 0.999398
0.734294 0.999398
0.734335 0.999398
0.734345 0.999398
0.734366 0.999398
0.734386 0.999398
0.734427 0.999398
0.734458 0.999398
0.734499 0.999398
0.734519 0.999398
0.734550 0.999398
0.734591 0.999398
0.734612 0.999398
0.734642 0.999398
0.734653 0.999398
0.734673 0.999398
0.734714 0.999398
0.734735 0.999398
0.734755 0.999398
0.734786 0.999398
0.734806 0.999398
0.734827 0.999398
0.734868 0.999398
0.734899 0.999398
0.734971 0.999398
0.734991 0.999398
0.735001 0.999398
0.735022 0.999398
0.735032 0.999398
0.735063 0.999398
0.735094 0.999398
0.735124 0.999398
0.735165 0.999398
0.735186 0.999398
0.735217 0.999398
0.735237 0.999398
0.735268 0.999398
0.735278 0.999398
0.735319 0.999398
0.735329 0.999398
0.735411 0.999398
0.735463 0.999398
0.735524 0.999398
0.735565 0.999398
0.735617 0.999398
0.735678 0.999398
0.735699 0.999398
0.735729 0.999398
0.735750 0.999398
0.735770 0.999398
0.735811 0.999398
0.735832 0.999398
0.735842 0.999398
0.735883 0.999398
0.735914 0.999398
0.735955 0.999398
0.735986 0.999398
0.735996 0.999398
0.735996 0.999415
0.736016 0.999415
0.736027 0.999432
0.736047 0.999432
0.736109 0.999432
0.736119 0.999432
0.736150 0.999432
0.736170 0.999432
0.736191 0.999432
0.736211 0.999432
0.736232 0.999432
0.736262 0.999432
0.736283 0.999432
0.736324 0.999432
0.736345 0.999432
0.736355 0.999432
0.736396 0.999432
0.736427 0.999432
0.736468 0.999432
0.736478 0.999432
0.736498 0.999432
0.736519 0.999432
0.736539 0.999432
0.736570 0.999432
0.736642 0.999432
0.736673 0.999432
0.736683 0.999432
0.736703 0.999432
0.736755 0.999432
0.736796 0.999432
0.736816 0.999432
0.736867 0.999432
0.736898 0.999432
0.736980 0.999432
0.736991 0.999432
0.737011 0.999432
0.737032 0.999432
0.737052 0.999432
0.737062 0.999432
0.737073 0.999449
0.737103 0.999449
0.737124 0.999449
0.737144 0.999449
0.737175 0.999449
0.737216 0.999449
0.737226 0.999449
0.737257 0.999449
0.737267 0.999449
0.737288 0.999449
0.737298 0.999449
0.737339 0.999449
0.737360 0.999449
0.737380 0.999449
0.737380 0.999465
0.737411 0.999465
0.737431 0.999465
0.737442 0.999465
0.737462 0.999465
0.737493 0.999465
0.737503 0.999465
0.737524 0.999465
0.737565 0.999465
0.737585 0.999465
0.737606 0.999465
0.737647 0.999465
0.737678 0.999465
0.737698 0.999465
0.737729 0.999465
0.737739 0.999465
0.737760 0.999465
0.737780 0.999465
0.737811 0.999465
0.737842 0.999465
0.737872 0.999465
0.737883 0.999465
0.737903 0.999465
0.737944 0.999465
0.737975 0.999465
0.737985 0.999482
0.737995 0.999482
0.738047 0.999482
0.738077 0.999482
0.738098 0.999482
0.738108 0.999482
0.738149 0.999482
0.738159 0.999482
0.738180 0.999482
0.738190 0.999482
0.738231 0.999482
0.738293 0.999482
0.738385 0.999482
0.738406 0.999482
0.738416 0.999482
0.738457 0.999482
0.738477 0.999482
0.738498 0.999482
0.738518 0.999482
0.738539 0.999482
0.738559 0.999482
0.738590 0.999482
0.738600 0.999482
0.738621 0.999482
0.738693 0.999482
0.738703 0.999482
0.738734 0.999482
0.738764 0.999482
0.738785 0.999482
0.738795 0.999482
0.738816 0.999482
0.738846 0.999482
0.738908 0.999482
0.738918 0.999482
0.738939 0.999482
0.738949 0.999482
0.738969 0.999482
0.738990 0.999482
0.739031 0.999482
0.739052 0.999482
0.739072 0.999482
0.739103 0.999482
0.739123 0.999482
0.739134 0.999482
0.739154 0.999482
0.739164 0.999482
0.739195 0.999482
0.739205 0.999482
0.739246 0.999482
0.739287 0.999482
0.739328 0.999482
0.739339 0.999482
0.739369 0.999482
0.739390 0.999482
0.739451 0.999482
0.739492 0.999482
0.739523 0.999482
0.739564 0.999482
0.739595 0.999482
0.739615 0.999482
0.739646 0.999482
0.739677 0.999482
0.739687 0.999482
0.739728 0.999482
0.739739 0.999482
0.739759 0.999482
0.739790 0.999482
0.739810 0.999482
0.739903 0.999482
0.739923 0.999482
0.739964 0.999482
0.739995 0.999482
0.740026 0.999482
0.740046 0.999482
0.740067 0.999482
0.740077 0.999482
0.740097 0.999482
0.740108 0.999482
0.740169 0.999482
0.740231 0.999482
0.740261 0.999482
0.740292 0.999482
0.740313 0.999482
0.740344 0.999482
0.740364 0.999482
0.740395 0.999482
0.740415 0.999482
0.740487 0.999482
0.740549 0.999482
0.740569 0.999482
0.740631 0.999482
0.740651 0.999482
0.740672 0.999482
0.740692 0.999499
0.740713 0.999499
0.740733 0.999499
0.740754 0.999499
0.740774 0.999499
0.740784 0.999499
0.740825 0.999499
0.740887 0.999499
0.740938 0.999499
0.740959 0.999499
0.740969 0.999499
0.741031 0.999499
0.741051 0.999499
0.741092 0.999499
0.741123 0.999499
0.741133 0.999499
0.741215 0.999499
0.741246 0.999499
0.741256 0.999499
0.741318 0.999499
0.741338 0.999499
0.741369 0.999499
0.741410 0.999499
0.741430 0.999499
0.741451 0.999499
0.741492 0.999499
0.741523 0.999499
0.741553 0.999499
0.741584 0.999499
0.741605 0.999499
0.741635 0.999499
0.741676 0.999499
0.741697 0.999499
0.741728 0.999499
0.741769 0.999499
0.741789 0.999499
0.741830 0.999499
0.741861 0.999499
0.741902 0.999499
0.741923 0.999499
0.741943 0.999499
0.742005 0.999499
0.742025 0.999499
0.742046 0.999499
0.742056 0.999499
0.742076 0.999499
0.742097 0.999499
0.742097 0.999515
0.742128 0.999515
0.742158 0.999515
0.742169 0.999515
0.742199 0.999515
0.742220 0.999515
0.742251 0.999515
0.742322 0.999515
0.742353 0.999515
0.742374 0.999515
0.742394 0.999515
0.742415 0.999515
0.742425 0.999515
0.742466 0.999515
0.742476 0.999515
0.742517 0.999515
0.742538 0.999515
0.742569 0.999515
0.742599 0.999515
0.742630 0.999515
0.742651 0.999515
0.742671 0.999515
0.742692 0.999515
0.742722 0.999515
0.742753 0.999515
0.742784 0.999515
0.742815 0.999515
0.742815 0.999532
0.742825 0.999532
0.742886 0.999532
0.742897 0.999532
0.742917 0.999532
0.742938 0.999532
0.743020 0.999532
0.743040 0.999532
0.743061 0.999532
0.743143 0.999532
0.743163 0.999532
0.743215 0.999532
0.743245 0.999532
0.743286 0.999532
0.743327 0.999532
0.743348 0.999532
0.743358 0.999532
0.743420 0.999532
0.743430 0.999532
0.743450 0.999532
0.743512 0.999532
0.743543 0.999532
0.743563 0.999532
0.743584 0.999532
0.743625 0.999532
0.743666 0.999532
0.743696 0.999532
0.743779 0.999532
0.743789 0.999532
0.743830 0.999532
0.743861 0.999532
0.743891 0.999532
0.743912 0.999532
0.743932 0.999532
0.743994 0.999532
0.744014 0.999532
0.744025 0.999532
0.744045 0.999532
0.744066 0.999532
0.744086 0.999532
0.744117 0.999532
0.744148 0.999532
0.744168 0.999532
0.744219 0.999532
0.744240 0.999532
0.744322 0.999532
0.744342 0.999532
0.744435 0.999532
0.744486 0.999532
0.744507 0.999532
0.744527 0.999532
0.744548 0.999532
0.744609 0.999532
0.744619 0.999532
0.744640 0.999532
0.744660 0.999532
0.744701 0.999532
0.744722 0.999532
0.744722 0.999549
0.744753 0.999549
0.744773 0.999549
0.744794 0.999549
0.744824 0.999549
0.744876 0.999549
0.744896 0.999549
0.744927 0.999549
0.744947 0.999549
0.744958 0.999549
0.744978 0.999549
0.745050 0.999549
0.745091 0.999549
0.745142 0.999549
0.745163 0.999549
0.745173 0.999549
0.745204 0.999549
0.745214 0.999549
0.745245 0.999549
0.745265 0.999549
0.745327 0.999549
0.745337 0.999549
0.745358 0.999549
0.745378 0.999549
0.745419 0.999549
0.745429 0.999549
0.745450 0.999549
0.745481 0.999549
0.745491 0.999549
0.745511 0.999549
0.745522 0.999549
0.745552 0.999549
0.745593 0.999549
0.745604 0.999549
0.745634 0.999549
0.745655 0.999549
0.745675 0.999549
0.745706 0.999549
0.745737 0.999549
0.745757 0.999549
0.745778 0.999549
0.745840 0.999549
0.745860 0.999549
0.745870 0.999549
0.745891 0.999549
0.745952 0.999549
0.745973 0.999549
0.745993 0.999549
0.746034 0.999549
0.746045 0.999549
0.746168 0.999549
0.746178 0.999549
0.746198 0.999549
0.746219 0.999549
0.746250 0.999549
0.746270 0.999549
0.746291 0.999549
0.746332 0.999549
0.746362 0.999549
0.746393 0.999549
0.746424 0.999549
0.746445 0.999549
0.746455 0.999549
0.746496 0.999549
0.746506 0.999549
0.746506 0.999566
0.746516 0.999566
0.746547 0.999566
0.746588 0.999566
0.746619 0.999566
0.746680 0.999566
0.746711 0.999566
0.746732 0.999566
0.746773 0.999566
0.746793 0.999566
0.746814 0.999566
0.746844 0.999566
0.746865 0.999566
0.746896 0.999566
0.746916 0.999566
0.746937 0.999566
0.746957 0.999566
0.746967 0.999566
0.746988 0.999566
0.747019 0.999566
0.747060 0.999566
0.747080 0.999566
0.747101 0.999566
0.747132 0.999566
0.747183 0.999566
0.747193 0.999566
0.747224 0.999566
0.747265 0.999566
0.747285 0.999566
0.747306 0.999566
0.747347 0.999566
0.747357 0.999566
0.747388 0.999566
0.747398 0.999566
0.747449 0.999566
0.747460 0.999566
0.747480 0.999566
0.747511 0.999566
0.747531 0.999566
0.747562 0.999566
0.747613 0.999566
0.747654 0.999566
0.747665 0.999566
0.747685 0.999566
0.747716 0.999566
0.747726 0.999566
0.747747 0.999566
0.747757 0.999566
0.747767 0.999582
0.747798 0.999582
0.747819 0.999582
0.747860 0.999582
0.747890 0.999582
0.747911 0.999582
0.747931 0.999582
0.747942 0.999582
0.747962 0.999582
0.747993 0.999582
0.748024 0.999582
0.748085 0.999582
0.748126 0.999582
0.748157 0.999582
0.748177 0.999582
0.748198 0.999582
0.748229 0.999582
0.748249 0.999582
0.748311 0.999582
0.748341 0.999582
0.748352 0.999582
0.748382 0.999582
0.748413 0.999582
0.748444 0.999582
0.748485 0.999582
0.748526 0.999582
0.748547 0.999582
0.748557 0.999582
0.748598 0.999582
0.748608 0.999582
0.748629 0.999582
0.748639 0.999582
0.748680 0.999582
0.748772 0.999582
0.748803 0.999582
0.748844 0.999582
0.748875 0.999582
0.748885 0.999582
0.748916 0.999582
0.748946 0.999582
0.748977 0.999582
0.748998 0.999582
0.749039 0.999582
0.749049 0.999582
0.749069 0.999582
0.749100 0.999582
0.749110 0.999582
0.749131 0.999582
0.749172 0.999582
0.749254 0.999582
0.749295 0.999582
0.749305 0.999582
0.749326 0.999582
0.749346 0.999582
0.749367 0.999582
0.749418 0.999582
0.749459 0.999582
0.749500 0.999582
0.749521 0.999582
0.749562 0.999582
0.749572 0.999582
0.749613 0.999582
0.749644 0.999582
0.749685 0.999582
0.749685 0.999599
0.749746 0.999599
0.749787 0.999599
0.749808 0.999599
0.749828 0.999599
0.749839 0.999599
0.749859 0.999599
0.749890 0.999599
0.749910 0.999599
0.749931 0.999599
0.749951 0.999599
0.749972 0.999599
0.750003 0.999599
0.750023 0.999599
0.750054 0.999599
0.750064 0.999599
0.750085 0.999599
0.750095 0.999599
0.750136 0.999599
0.750146 0.999599
0.750177 0.999599
0.750279 0.999599
0.750320 0.999599
0.750351 0.999599
0.750392 0.999599
0.750402 0.999599
0.750423 0.999599
0.750433 0.999599
0.750454 0.999599
0.750567 0.999599
0.750608 0.999599
0.750649 0.999599
0.750679 0.999599
0.750700 0.999599
0.750741 0.999599
0.750782 0.999599
0.750802 0.999599
0.750813 0.999599
0.750854 0.999599
0.750884 0.999599
0.750946 0.999599
0.750987 0.999599
0.751007 0.999599
0.751048 0.999599
0.751069 0.999599
0.751079 0.999599
0.751120 0.999599
0.751141 0.999599
0.751171 0.999599
0.751192 0.999599
0.751202 0.999599
0.751264 0.999599
0.751274 0.999599
0.751295 0.999599
0.751315 0.999599
0.751336 0.999599
0.751377 0.999599
0.751387 0.999599
0.751418 0.999599
0.751459 0.999599
0.751479 0.999599
0.751500 0.999599
0.751520 0.999599
0.751530 0.999599
0.751571 0.999599
0.751582 0.999599
0.751602 0.999599
0.751653 0.999599
0.751694 0.999599
0.751705 0.999599
0.751725 0.999599
0.751746 0.999599
0.751787 0.999599
0.751807 0.999599
0.751858 0.999599
0.751869 0.999599
0.751910 0.999599
0.751951 0.999599
0.751971 0.999616
0.751992 0.999616
0.752023 0.999616
0.752033 0.999616
0.752064 0.999616
0.752074 0.999616
0.752115 0.999616
0.752125 0.999616
0.752146 0.999616
0.752166 0.999616
0.752187 0.999616
0.752207 0.999616
0.752217 0.999632
0.752258 0.999632
0.752289 0.999632
0.752310 0.999632
0.752340 0.999632
0.752371 0.999632
0.752392 0.999632
0.752422 0.999632
0.752443 0.999632
0.752453 0.999632
0.752474 0.999632
0.752525 0.999632
0.752546 0.999632
0.752566 0.999632
0.752607 0.999632
0.752617 0.999632
0.752638 0.999632
0.752669 0.999632
0.752689 0.999632
0.752699 0.999632
0.752720 0.999632
0.752751 0.999632
0.752781 0.999632
0.752802 0.999632
0.752822 0.999632
0.752853 0.999632
0.752894 0.999632
0.752976 0.999632
0.752997 0.999632
0.753017 0.999632
0.753027 0.999632
0.753068 0.999632
0.753079 0.999632
0.753099 0.999632
0.753120 0.999632
0.753181 0.999632
0.753212 0.999632
0.753243 0.999632
0.753263 0.999632
0.753274 0.999632
0.753294 0.999632
0.753325 0.999632
0.753366 0.999632
0.753386 0.999632
0.753417 0.999632
0.753427 0.999632
0.753448 0.999632
0.753458 0.999632
0.753489 0.999632
0.753550 0.999632
0.753591 0.999632
0.753612 0.999632
0.753653 0.999632
0.753663 0.999632
0.753704 0.999632
0.753714 0.999632
0.753735 0.999632
0.753807 0.999632
0.753868 0.999632
0.753889 0.999632
0.753909 0.999632
0.753930 0.999632
0.753940 0.999632
0.753961 0.999632
0.754012 0.999632
0.754053 0.999632
0.754084 0.999632
0.754125 0.999632
0.754155 0.999632
0.754176 0.999632
0.754207 0.999632
0.754237 0.999632
0.754268 0.999632
0.754278 0.999632
0.754340 0.999632
0.754412 0.999632
0.754432 0.999632
0.754453 0.999632
0.754514 0.999632
0.754555 0.999632
0.754576 0.999632
0.754678 0.999632
0.754699 0.999632
0.754709 0.999632
0.754750 0.999632
0.754760 0.999632
0.754781 0.999632
0.754822 0.999632
0.754842 0.999632
0.754894 0.999632
0.754935 0.999632
0.754986 0.999632
0.755006 0.999632
0.755037 0.999632
0.755058 0.999632
0.755078 0.999632
0.755099 0.999632
0.755170 0.999632
0.755201 0.999632
0.755222 0.999632
0.755232 0.999632
0.755263 0.999632
0.755273 0.999632
0.755294 0.999632
0.755314 0.999632
0.755335 0.999632
0.755365 0.999632
0.755406 0.999632
0.755437 0.999632
0.755458 0.999632
0.755488 0.999632
0.755509 0.999632
0.755560 0.999632
0.755591 0.999632
0.755601 0.999632
0.755642 0.999632
0.755652 0.999632
0.755693 0.999632
0.755714 0.999632
0.755755 0.999632
0.755765 0.999632
0.755796 0.999632
0.755816 0.999632
0.755837 0.999632
0.755847 0.999632
0.755868 0.999632
0.755888 0.999632
0.755929 0.999632
0.755940 0.999632
0.755960 0.999632
0.755991 0.999632
0.756011 0.999632
0.756042 0.999632
0.756063 0.999632
0.756093 0.999632
0.756114 0.999632
0.756155 0.999632
0.756165 0.999632
0.756227 0.999632
0.756268 0.999632
0.756298 0.999632
0.756370 0.999632
0.756432 0.999632
0.756462 0.999632
0.756514 0.999632
0.756575 0.999632
0.756637 0.999632
0.756647 0.999632
0.756688 0.999632
0.756780 0.999632
0.756821 0.999632
0.756842 0.999632
0.756873 0.999632
0.756893 0.999632
0.756914 0.999632
0.756944 0.999632
0.756965 0.999632
0.757006 0.999632
0.757067 0.999632
0.757098 0.999632
0.757139 0.999632
0.757160 0.999632
0.757190 0.999632
0.757221 0.999632
0.757242 0.999632
0.757272 0.999632
0.757283 0.999632
0.757324 0.999632
0.757365 0.999632
0.757375 0.999632
0.757396 0.999632
0.757406 0.999632
0.757437 0.999632
0.757457 0.999632
0.757467 0.999632
0.757508 0.999632
0.757529 0.999632
0.757549 0.999632
0.757560 0.999632
0.757601 0.999632
0.757621 0.999632
0.757642 0.999632
0.757662 0.999632
0.757672 0.999632
0.757693 0.999632
0.757703 0.999632
0.757744 0.999632
0.757775 0.999632
0.757795 0.999632
0.757898 0.999632
0.757939 0.999632
0.757959 0.999632
0.758001 0.999632
0.758042 0.999632
0.758083 0.999632
0.758103 0.999632
0.758134 0.999632
0.758175 0.999632
0.758195 0.999632
0.758216 0.999632
0.758257 0.999632
0.758288 0.999632
0.758308 0.999632
0.758339 0.999632
0.758359 0.999632
0.758431 0.999632
0.758452 0.999632
0.758462 0.999632
0.758482 0.999632
0.758503 0.999632
0.758544 0.999632
0.758595 0.999632
0.758657 0.999632
0.758698 0.999632
0.758759 0.999632
0.758770 0.999632
0.758790 0.999632
0.758811 0.999632
0.758862 0.999632
0.758872 0.999632
0.758903 0.999632
0.758944 0.999632
0.758975 0.999632
0.758995 0.999632
0.759026 0.999632
0.759036 0.999632
0.759067 0.999632
0.759139 0.999632
0.759159 0.999632
0.759180 0.999632
0.759200 0.999632
0.759210 0.999632
0.759231 0.999632
0.759262 0.999632
0.759292 0.999632
0.759313 0.999632
0.759323 0.999632
0.759344 0.999632
0.759354 0.999632
0.759375 0.999632
0.759385 0.999632
0.759446 0.999632
0.759467 0.999632
0.759498 0.999632
0.759518 0.999632
0.759528 0.999632
0.759549 0.999632
0.759569 0.999632
0.759600 0.999632
0.759600 0.999649
0.759621 0.999649
0.759662 0.999649
0.759682 0.999649
0.759703 0.999649
0.759744 0.999649
0.759764 0.999649
0.759785 0.999649
0.759805 0.999649
0.759826 0.999649
0.759836 0.999649
0.759856 0.999649
0.759877 0.999649
0.759897 0.999649
0.759908 0.999649
0.759949 0.999649
0.759979 0.999649
0.760021 0.999649
0.760051 0.999649
0.760072 0.999649
0.760082 0.999649
0.760103 0.999649
0.760154 0.999649
0.760174 0.999649
0.760195 0.999649
0.760215 0.999649
0.760226 0.999649
0.760256 0.999649
0.760277 0.999649
0.760308 0.999649
0.760328 0.999649
0.760379 0.999649
0.760420 0.999649
0.760431 0.999649
0.760451 0.999649
0.760492 0.999649
0.760513 0.999649
0.760533 0.999649
0.760564 0.999649
0.760605 0.999649
0.760615 0.999649
0.760636 0.999649
0.760656 0.999649
0.760697 0.999649
0.760718 0.999649
0.760728 0.999649
0.760759 0.999649
0.760769 0.999649
0.760790 0.999649
0.760800 0.999649
0.760820 0.999649
0.760831 0.999649
0.760851 0.999649
0.760872 0.999649
0.760892 0.999649
0.760902 0.999649
0.760943 0.999649
0.760954 0.999649
0.761036 0.999649
0.761066 0.999649
0.761107 0.999649
0.761138 0.999649
0.761241 0.999649
0.761282 0.999649
0.761312 0.999649
0.761353 0.999649
0.761384 0.999649
0.761425 0.999649
0.761456 0.999649
0.761466 0.999649
0.761487 0.999649
0.761518 0.999649
0.761538 0.999649
0.761692 0.999649
0.761723 0.999649
0.761733 0.999649
0.761753 0.999649
0.761774 0.999649
0.761784 0.999666
0.761805 0.999666
0.761835 0.999666
0.761846 0.999666
0.761866 0.999666
0.761897 0.999666
0.761917 0.999666
0.761948 0.999666
0.761969 0.999666
0.761989 0.999666
0.762020 0.999666
0.762061 0.999666
0.762071 0.999666
0.762112 0.999666
0.762123 0.999666
0.762164 0.999666
0.762184 0.999666
0.762205 0.999666
0.762235 0.999666
0.762256 0.999666
0.762276 0.999666
0.762317 0.999666
0.762328 0.999666
0.762348 0.999666
0.762369 0.999666
0.762389 0.999666
0.762399 0.999666
0.762420 0.999666
0.762440 0.999666
0.762481 0.999666
0.762502 0.999666
0.762533 0.999666
0.762543 0.999666
0.762574 0.999666
0.762594 0.999666
0.762615 0.999666
0.762635 0.999666
0.762645 0.999666
0.762666 0.999666
0.762686 0.999666
0.762707 0.999666
0.762779 0.999666
0.762799 0.999666
0.762810 0.999666
0.762830 0.999666
0.762871 0.999666
0.762892 0.999666
0.762922 0.999666
0.762984 0.999666
0.763004 0.999666
0.763035 0.999666
0.763045 0.999666
0.763076 0.999666
0.763158 0.999666
0.763179 0.999666
0.763209 0.999666
0.763250 0.999666
0.763261 0.999666
0.763281 0.999666
0.763312 0.999666
0.763343 0.999666
0.763363 0.999666
0.763425 0.999666
0.763435 0.999666
0.763456 0.999666
0.763466 0.999666
0.763486 0.999666
0.763517 0.999666
0.763558 0.999666
0.763640 0.999666
0.763681 0.999666
0.763712 0.999666
0.763763 0.999666
0.763804 0.999666
0.763825 0.999666
0.763907 0.999666
0.763927 0.999666
0.763937 0.999666
0.763958 0.999666
0.763999 0.999666
0.764030 0.999666
0.764050 0.999666
0.764091 0.999666
0.764112 0.999666
0.764214 0.999666
0.764235 0.999666
0.764266 0.999666
0.764307 0.999666
0.764327 0.999666
0.764389 0.999666
0.764409 0.999666
0.764440 0.999666
0.764491 0.999666
0.764512 0.999666
0.764583 0.999666
0.764604 0.999666
0.764624 0.999666
0.764645 0.999666
0.764686 0.999666
0.764717 0.999666
0.764758 0.999666
0.764778 0.999666
0.764789 0.999666
0.764809 0.999666
0.764840 0.999666
0.764850 0.999666
0.764871 0.999666
0.764891 0.999666
0.764912 0.999666
0.764932 0.999666
0.764963 0.999666
0.764973 0.999666
0.765004 0.999666
0.765035 0.999666
0.765055 0.999666
0.765065 0.999666
0.765096 0.999666
0.765117 0.999666
0.765137 0.999666
0.765178 0.999666
0.765199 0.999666
0.765229 0.999666
0.765270 0.999666
0.765281 0.999666
0.765322 0.999666
0.765332 0.999666
0.765393 0.999666
0.765414 0.999666
0.765435 0.999666
0.765445 0.999666
0.765476 0.999666
0.765496 0.999666
0.765527 0.999666
0.765558 0.999666
0.765609 0.999666
0.765650 0.999666
0.765691 0.999666
0.765722 0.999666
0.765742 0.999666
0.765804 0.999666
0.765845 0.999666
0.765875 0.999666
0.765896 0.999666
0.765916 0.999666
0.765927 0.999666
0.765947 0.999666
0.765968 0.999666
0.765988 0.999666
0.766029 0.999666
0.766050 0.999666
0.766060 0.999666
0.766080 0.999666
0.766091 0.999666
0.766122 0.999666
0.766142 0.999666
0.766183 0.999666
0.766214 0.999666
0.766245 0.999666
0.766255 0.999666
0.766275 0.999666
0.766306 0.999666
0.766327 0.999666
0.766337 0.999666
0.766357 0.999666
0.766429 0.999666
0.766470 0.999666
0.766491 0.999666
0.766532 0.999666
0.766542 0.999666
0.766562 0.999666
0.766583 0.999666
0.766603 0.999666
0.766634 0.999666
0.766706 0.999666
0.766726 0.999666
0.766757 0.999666
0.766778 0.999666
0.766788 0.999666
0.766809 0.999666
0.766819 0.999666
0.766850 0.999666
0.766870 0.999666
0.766880 0.999666
0.766911 0.999666
0.766932 0.999666
0.766942 0.999666
0.766983 0.999666
0.767024 0.999666
0.767034 0.999666
0.767075 0.999666
0.767085 0.999666
0.767116 0.999666
0.767137 0.999666
0.767178 0.999666
0.767219 0.999666
0.767260 0.999666
0.767301 0.999666
0.767331 0.999666
0.767342 0.999666
0.767383 0.999666
0.767403 0.999666
0.767434 0.999666
0.767454 0.999666
0.767465 0.999666
0.767506 0.999666
0.767537 0.999666
0.767557 0.999666
0.767598 0.999666
0.767619 0.999666
0.767649 0.999666
0.767670 0.999666
0.767690 0.999666
0.767711 0.999666
0.767752 0.999666
0.767772 0.999666
0.767803 0.999666
0.767813 0.999666
0.767844 0.999666
0.767865 0.999666
0.767926 0.999666
0.767957 0.999666
0.767977 0.999666
0.768029 0.999666
0.768100 0.999666
0.768131 0.999666
0.768172 0.999666
0.768183 0.999666
0.768203 0.999666
0.768234 0.999666
0.768295 0.999666
0.768316 0.999666
0.768336 0.999666
0.768377 0.999666
0.768398 0.999666
0.768439 0.999666
0.768459 0.999666
0.768541 0.999666
0.768562 0.999666
0.768593 0.999666
0.768634 0.999666
0.768685 0.999666
0.768705 0.999666
0.768716 0.999666
0.768736 0.999666
0.768777 0.999666
0.768798 0.999666
0.768839 0.999666
0.768859 0.999666
0.768890 0.999666
0.768931 0.999666
0.768941 0.999666
0.768972 0.999666
0.769013 0.999666
0.769054 0.999666
0.769085 0.999666
0.769105 0.999666
0.769116 0.999666
0.769136 0.999666
0.769146 0.999666
0.769208 0.999666
0.769218 0.999666
0.769280 0.999666
0.769403 0.999666
0.769433 0.999666
0.769444 0.999666
0.769464 0.999666
0.769485 0.999666
0.769505 0.999666
0.769526 0.999666
0.769546 0.999666
0.769557 0.999666
0.769608 0.999666
0.769690 0.999666
0.769741 0.999666
0.769813 0.999666
0.769833 0.999666
0.769844 0.999666
0.769905 0.999666
0.769915 0.999666
0.769936 0.999666
0.769946 0.999682
0.769967 0.999682
0.769977 0.999682
0.769997 0.999682
0.770049 0.999682
0.770090 0.999682
0.770110 0.999682
0.770161 0.999682
0.770192 0.999682
0.770233 0.999682
0.770264 0.999682
0.770295 0.999682
0.770305 0.999682
0.770346 0.999682
0.770377 0.999682
0.770418 0.999682
0.770449 0.999682
0.770490 0.999682
0.770541 0.999682
0.770561 0.999682
0.770695 0.999682
0.770736 0.999682
0.770766 0.999682
0.770787 0.999682
0.770807 0.999682
0.770828 0.999682
0.770859 0.999682
0.770869 0.999682
0.770890 0.999682
0.770900 0.999682
0.770920 0.999682
0.770941 0.999682
0.770982 0.999682
0.771023 0.999682
0.771064 0.999682
0.771105 0.999682
0.771136 0.999682
0.771166 0.999682
0.771330 0.999682
0.771341 0.999682
0.771371 0.999682
0.771412 0.999682
0.771443 0.999682
0.771484 0.999682
0.771505 0.999682
0.771546 0.999682
0.771587 0.999682
0.771607 0.999682
0.771659 0.999682
0.771689 0.999682
0.771700 0.999682
0.771730 0.999682
0.771792 0.999682
0.771833 0.999682
0.771843 0.999682
0.771864 0.999682
0.771894 0.999682
0.771905 0.999682
0.771935 0.999682
0.771956 0.999682
0.771997 0.999682
0.772028 0.999682
0.772038 0.999682
0.772058 0.999682
0.772069 0.999682
0.772099 0.999682
0.772120 0.999682
0.772151 0.999682
0.772171 0.999682
0.772192 0.999682
0.772192 0.999699
0.772212 0.999699
0.772223 0.999699
0.772264 0.999699
0.772284 0.999699
0.772305 0.999699
0.772346 0.999699
0.772417 0.999699
0.772417 0.999716
0.772438 0.999716
0.772479 0.999716
0.772499 0.999716
0.772561 0.999716
0.772581 0.999716
0.772602 0.999716
0.772622 0.999716
0.772663 0.999716
0.772684 0.999716
0.772715 0.999716
0.772745 0.999716
0.772766 0.999716
0.772817 0.999716
0.772858 0.999716
0.772879 0.999716
0.772910 0.999716
0.772930 0.999716
0.772971 0.999716
0.773002 0.999716
0.773022 0.999716
0.773043 0.999716
0.773084 0.999716
0.773115 0.999716
0.773145 0.999716
0.773166 0.999716
0.773186 0.999716
0.773227 0.999716
0.773238 0.999716
0.773258 0.999716
0.773279 0.999733
0.773320 0.999733
0.773381 0.999733
0.773422 0.999733
0.773443 0.999733
0.773463 0.999733
0.773473 0.999733
0.773504 0.999733
0.773535 0.999733
0.773566 0.999733
0.773576 0.999733
0.773597 0.999733
0.773597 0.999749
0.773607 0.999749
0.773627 0.999749
0.773658 0.999749
0.773689 0.999749
0.773730 0.999749
0.773791 0.999749
0.773802 0.999749
0.773822 0.999749
0.773863 0.999749
0.773884 0.999749
0.773914 0.999749
0.773945 0.999749
0.773966 0.999749
0.773976 0.999749
0.773996 0.999749
0.774017 0.999749
0.774058 0.999749
0.774068 0.999749
0.774099 0.999766
0.774119 0.999766
0.774140 0.999766
0.774150 0.999766
0.774181 0.999766
0.774201 0.999766
0.774212 0.999766
0.774232 0.999766
0.774284 0.999766
0.774314 0.999766
0.774335 0.999766
0.774355 0.999766
0.774417 0.999766
0.774437 0.999766
0.774458 0.999766
0.774478 0.999766
0.774489 0.999766
0.774519 0.999766
0.774530 0.999766
0.774550 0.999766
0.774571 0.999766
0.774632 0.999766
0.774663 0.999766
0.774704 0.999766
0.774745 0.999766
0.774765 0.999783
0.774786 0.999783
0.774806 0.999783
0.774847 0.999783
0.774909 0.999783
0.774930 0.999783
0.774950 0.999783
0.775012 0.999783
0.775032 0.999783
0.775042 0.999783
0.775083 0.999783
0.775114 0.999783
0.775145 0.999783
0.775186 0.999783
0.775227 0.999783
0.775288 0.999783
0.775309 0.999783
0.775340 0.999783
0.775360 0.999783
0.775391 0.999783
0.775411 0.999783
0.775442 0.999783
0.775483 0.999783
0.775504 0.999783
0.775545 0.999783
0.775565 0.999783
0.775586 0.999783
0.775617 0.999783
0.775678 0.999783
0.775688 0.999783
0.775719 0.999783
0.775740 0.999783
0.775760 0.999783
0.775801 0.999783
0.775822 0.999783
0.775832 0.999783
0.775863 0.999783
0.775873 0.999783
0.775893 0.999783
0.775904 0.999783
0.775934 0.999783
0.775955 0.999783
0.776027 0.999783
0.776109 0.999783
0.776119 0.999783
0.776139 0.999783
0.776160 0.999783
0.776180 0.999783
0.776201 0.999783
0.776232 0.999783
0.776252 0.999783
0.776293 0.999783
0.776324 0.999783
0.776345 0.999783
0.776355 0.999783
0.776375 0.999783
0.776406 0.999783
0.776427 0.999783
0.776457 0.999783
0.776478 0.999783
0.776488 0.999783
0.776529 0.999783
0.776591 0.999783
0.776611 0.999783
0.776621 0.999783
0.776662 0.999783
0.776703 0.999783
0.776724 0.999783
0.776755 0.999783
0.776775 0.999783
0.776785 0.999783
0.776816 0.999783
0.776837 0.999783
0.776857 0.999783
0.776888 0.999783
0.776898 0.999783
0.776929 0.999783
0.776950 0.999783
0.776980 0.999799
0.777011 0.999799
0.777032 0.999799
0.777103 0.999799
0.777134 0.999799
0.777175 0.999799
0.777237 0.999799
0.777267 0.999799
0.777278 0.999799
0.777298 0.999799
0.777308 0.999799
0.777339 0.999799
0.777360 0.999799
0.777390 0.999799
0.777421 0.999799
0.777431 0.999799
0.777452 0.999799
0.777462 0.999799
0.777483 0.999799
0.777493 0.999799
0.777524 0.999799
0.777554 0.999799
0.777585 0.999799
0.777595 0.999799
0.777637 0.999799
0.777667 0.999799
0.777688 0.999799
0.777698 0.999799
0.777739 0.999799
0.777770 0.999799
0.777801 0.999799
0.777811 0.999799
0.777831 0.999799
0.777842 0.999799
0.777862 0.999799
0.777883 0.999799
0.777903 0.999799
0.777965 0.999799
0.777995 0.999799
0.778016 0.999799
0.778047 0.999799
0.778108 0.999799
0.778170 0.999799
0.778200 0.999799
0.778211 0.999799
0.778252 0.999799
0.778293 0.999799
0.778313 0.999799
0.778344 0.999799
0.778365 0.999799
0.778375 0.999799
0.778406 0.999799
0.778426 0.999799
0.778436 0.999799
0.778457 0.999799
0.778467 0.999799
0.778508 0.999799
0.778539 0.999799
0.778559 0.999799
0.778570 0.999799
0.778590 0.999799
0.778621 0.999799
0.778652 0.999799
0.778662 0.999799
0.778682 0.999799
0.778693 0.999816
0.778703 0.999816
0.778805 0.999816
0.778826 0.999816
0.778857 0.999816
0.778877 0.999816
0.778908 0.999816
0.778918 0.999816
0.778939 0.999816
0.778949 0.999816
0.778969 0.999816
0.778969 0.999833
0.779000 0.999833
0.779021 0.999833
0.779031 0.999833
0.779052 0.999833
0.779082 0.999833
0.779123 0.999833
0.779154 0.999833
0.779205 0.999833
0.779216 0.999833
0.779236 0.999833
0.779287 0.999833
0.779328 0.999833
0.779339 0.999833
0.779359 0.999833
0.779410 0.999833
0.779431 0.999833
0.779441 0.999833
0.779462 0.999833
0.779472 0.999833
0.779513 0.999833
0.779554 0.999833
0.779574 0.999833
0.779605 0.999833
0.779615 0.999833
0.779636 0.999833
0.779698 0.999833
0.779728 0.999833
0.779749 0.999833
0.779769 0.999833
0.779821 0.999833
0.779841 0.999833
0.779851 0.999833
0.779882 0.999833
0.779903 0.999833
0.779923 0.999833
0.779944 0.999833
0.780005 0.999833
0.780036 0.999833
0.780046 0.999833
0.780067 0.999833
0.780087 0.999833
0.780108 0.999833
0.780118 0.999833
0.780138 0.999833
0.780159 0.999833
0.780190 0.999833
0.780241 0.999833
0.780272 0.999833
0.780313 0.999833
0.780333 0.999833
0.780354 0.999833
0.780374 0.999833
0.780395 0.999833
0.780415 0.999833
0.780446 0.999833
0.780477 0.999833
0.780487 0.999833
0.780528 0.999833
0.780559 0.999833
0.780579 0.999833
0.780600 0.999833
0.780620 0.999833
0.780651 0.999833
0.780661 0.999850
0.780682 0.999850
0.780692 0.999850
0.780713 0.999850
0.780743 0.999850
0.780805 0.999850
0.780825 0.999850
0.780866 0.999850
0.780959 0.999850
0.780979 0.999850
0.781010 0.999850
0.781051 0.999850
0.781092 0.999850
0.781113 0.999850
0.781133 0.999850
0.781164 0.999850
0.781184 0.999850
0.781215 0.999850
0.781246 0.999850
0.781266 0.999850
0.781297 0.999850
0.781359 0.999850
0.781400 0.999850
0.781430 0.999850
0.781451 0.999850
0.781461 0.999850
0.781502 0.999850
0.781512 0.999850
0.781533 0.999850
0.781574 0.999850
0.781615 0.999850
0.781635 0.999850
0.781656 0.999850
0.781748 0.999850
0.781789 0.999850
0.781820 0.999850
0.781851 0.999850
0.781861 0.999850
0.781892 0.999850
0.781912 0.999850
0.781953 0.999850
0.781964 0.999850
0.781984 0.999850
0.782015 0.999850
0.782128 0.999850
0.782148 0.999850
0.782189 0.999850
0.782251 0.999850
0.782271 0.999850
0.782333 0.999850
0.782374 0.999850
0.782394 0.999850
0.782415 0.999850
0.782446 0.999850
0.782466 0.999850
0.782487 0.999850
0.782497 0.999866
0.782517 0.999866
0.782548 0.999866
0.782569 0.999866
0.782589 0.999866
0.782610 0.999866
0.782640 0.999866
0.782671 0.999866
0.782692 0.999866
0.782733 0.999866
0.782794 0.999866
0.782825 0.999866
0.782886 0.999866
0.782897 0.999866
0.782917 0.999866
0.782927 0.999866
0.782968 0.999866
0.782989 0.999866
0.783020 0.999866
0.783030 0.999866
0.783050 0.999866
0.783081 0.999866
0.783102 0.999866
0.783112 0.999866
0.783143 0.999866
0.783163 0.999866
0.783194 0.999866
0.783204 0.999866
0.783245 0.999866
0.783266 0.999866
0.783307 0.999866
0.783338 0.999866
0.783399 0.999866
0.783430 0.999866
0.783450 0.999866
0.783471 0.999866
0.783502 0.999866
0.783532 0.999866
0.783563 0.999866
0.783604 0.999866
0.783635 0.999866
0.783666 0.999866
0.783696 0.999866
0.783696 0.999883
0.783738 0.999883
0.783768 0.999883
0.783830 0.999883
0.783850 0.999883
0.783902 0.999883
0.783912 0.999883
0.783932 0.999883
0.783943 0.999883
0.783984 0.999883
0.784014 0.999883
0.784076 0.999883
0.784107 0.999883
0.784137 0.999883
0.784178 0.999883
0.784219 0.999883
0.784230 0.999883
0.784271 0.999883
0.784291 0.999883
0.784322 0.999883
0.784342 0.999883
0.784383 0.999883
0.784404 0.999883
0.784466 0.999883
0.784507 0.999883
0.784537 0.999883
0.784558 0.999883
0.784619 0.999883
0.784630 0.999883
0.784650 0.999883
0.784671 0.999883
0.784691 0.999883
0.784701 0.999883
0.784722 0.999883
0.784742 0.999883
0.784773 0.999883
0.784855 0.999883
0.784876 0.999883
0.784896 0.999883
0.784917 0.999883
0.784947 0.999883
0.784968 0.999883
0.785009 0.999883
0.785040 0.999883
0.785070 0.999883
0.785091 0.999883
0.785101 0.999883
0.785122 0.999883
0.785163 0.999883
0.785204 0.999883
0.785245 0.999883
0.785265 0.999883
0.785286 0.999883
0.785317 0.999883
0.785327 0.999883
0.785347 0.999883
0.785358 0.999883
0.785378 0.999883
0.785399 0.999883
0.785429 0.999883
0.785450 0.999883
0.785470 0.999883
0.785491 0.999883
0.785501 0.999883
0.785522 0.999883
0.785645 0.999883
0.785686 0.999883
0.785727 0.999883
0.785747 0.999883
0.785768 0.999883
0.785778 0.999883
0.785809 0.999883
0.785829 0.999883
0.785850 0.999883
0.785860 0.999883
0.785881 0.999883
0.785911 0.999883
0.785932 0.999883
0.785973 0.999883
0.785993 0.999883
0.786014 0.999883
0.786055 0.999883
0.786086 0.999883
0.786127 0.999883
0.786147 0.999883
0.786157 0.999883
0.786219 0.999883
0.786239 0.999883
0.786260 0.999883
0.786270 0.999883
0.786291 0.999883
0.786301 0.999883
0.786321 0.999883
0.786352 0.999883
0.786373 0.999883
0.786455 0.999883
0.786475 0.999883
0.786486 0.999883
0.786527 0.999883
0.786547 0.999883
0.786588 0.999883
0.786609 0.999883
0.786670 0.999883
0.786680 0.999883
0.786711 0.999883
0.786721 0.999883
0.786742 0.999883
0.786773 0.999883
0.786793 0.999883
0.786855 0.999883
0.786875 0.999883
0.786885 0.999883
0.786906 0.999883
0.786916 0.999883
0.786937 0.999883
0.786967 0.999883
0.786988 0.999883
0.787029 0.999883
0.787070 0.999883
0.787111 0.999883
0.787132 0.999883
0.787142 0.999883
0.787162 0.999883
0.787214 0.999883
0.787234 0.999883
0.787265 0.999883
0.787285 0.999883
0.787316 0.999883
0.787337 0.999883
0.787357 0.999883
0.787367 0.999883
0.787408 0.999883
0.787419 0.999883
0.787449 0.999883
0.787480 0.999883
0.787501 0.999883
0.787511 0.999883
0.787613 0.999883
0.787644 0.999883
0.787665 0.999883
0.787747 0.999883
0.787788 0.999883
0.787870 0.999883
0.787952 0.999883
0.787972 0.999883
0.788034 0.999883
0.788054 0.999883
0.788085 0.999883
0.788126 0.999883
0.788157 0.999883
0.788167 0.999883
0.788229 0.999883
0.788259 0.999883
0.788341 0.999883
0.788352 0.999883
0.788382 0.999883
0.788423 0.999883
0.788464 0.999883
0.788485 0.999883
0.788598 0.999883
0.788618 0.999883
0.788649 0.999883
0.788670 0.999883
0.788700 0.999883
0.788711 0.999883
0.788752 0.999883
0.788782 0.999883
0.788803 0.999883
0.788834 0.999883
0.788854 0.999883
0.788905 0.999883
0.788957 0.999883
0.788967 0.999883
0.789008 0.999883
0.789028 0.999883
0.789039 0.999883
0.789059 0.999883
0.789090 0.999883
0.789151 0.999883
0.789162 0.999883
0.789203 0.999883
0.789244 0.999883
0.789264 0.999883
0.789275 0.999883
0.789316 0.999883
0.789357 0.999883
0.789398 0.999883
0.789418 0.999883
0.789459 0.999883
0.789469 0.999883
0.789500 0.999883
0.789521 0.999883
0.789551 0.999883
0.789562 0.999883
0.789582 0.999883
0.789633 0.999883
0.789654 0.999883
0.789685 0.999883
0.789705 0.999883
0.789746 0.999883
0.789767 0.999883
0.789797 0.999883
0.789818 0.999883
0.789839 0.999883
0.789859 0.999883
0.789900 0.999883
0.789972 0.999883
0.790033 0.999883
0.790054 0.999883
0.790074 0.999883
0.790085 0.999883
0.790105 0.999883
0.790136 0.999883
0.790156 0.999883
0.790187 0.999883
0.790218 0.999883
0.790238 0.999883
0.790259 0.999883
0.790300 0.999883
0.790351 0.999883
0.790361 0.999883
0.790382 0.999883
0.790443 0.999883
0.790464 0.999883
0.790474 0.999883
0.790526 0.999883
0.790546 0.999883
0.790556 0.999883
0.790587 0.999883
0.790608 0.999883
0.790638 0.999883
0.790669 0.999883
0.790690 0.999883
0.790700 0.999883
0.790720 0.999883
0.790751 0.999883
0.790792 0.999883
0.790802 0.999883
0.790823 0.999883
0.790854 0.999883
0.790874 0.999883
0.790905 0.999883
0.790915 0.999883
0.790936 0.999883
0.790956 0.999883
0.790997 0.999883
0.791018 0.999883
0.791048 0.999883
0.791059 0.999883
0.791089 0.999883
0.791130 0.999883
0.791192 0.999883
0.791233 0.999883
0.791243 0.999883
0.791264 0.999883
0.791274 0.999883
0.791305 0.999883
0.791325 0.999883
0.791356 0.999883
0.791366 0.999883
0.791387 0.999883
0.791397 0.999883
0.791418 0.999883
0.791438 0.999883
0.791459 0.999883
0.791479 0.999883
0.791500 0.999883
0.791510 0.999883
0.791551 0.999883
0.791561 0.999883
0.791582 0.999883
0.791592 0.999883
0.791623 0.999883
0.791643 0.999883
0.791653 0.999883
0.791674 0.999883
0.791694 0.999883
0.791735 0.999883
0.791776 0.999883
0.791797 0.999883
0.791817 0.999883
0.791838 0.999883
0.791910 0.999883
0.791930 0.999883
0.791961 0.999883
0.791971 0.999883
0.791992 0.999883
0.792033 0.999883
0.792043 0.999883
0.792074 0.999883
0.792105 0.999883
0.792146 0.999883
0.792176 0.999883
0.792238 0.999883
0.792269 0.999883
0.792279 0.999883
0.792299 0.999883
0.792340 0.999883
0.792381 0.999883
0.792463 0.999883
0.792504 0.999883
0.792546 0.999883
0.792587 0.999883
0.792597 0.999883
0.792617 0.999883
0.792628 0.999883
0.792648 0.999883
0.792658 0.999883
0.792679 0.999883
0.792710 0.999883
0.792730 0.999883
0.792761 0.999883
0.792802 0.999883
0.792822 0.999883
0.792884 0.999883
0.792904 0.999883
0.792935 0.999883
0.792956 0.999883
0.792966 0.999883
0.792986 0.999883
0.793017 0.999883
0.793058 0.999883
0.793079 0.999883
0.793130 0.999883
0.793171 0.999883
0.793191 0.999883
0.793202 0.999883
0.793222 0.999883
0.793233 0.999883
0.793253 0.999883
0.793304 0.999883
0.793325 0.999883
0.793345 0.999883
0.793427 0.999883
0.793448 0.999883
0.793479 0.999883
0.793499 0.999883
0.793520 0.999883
0.793530 0.999883
0.793561 0.999883
0.793602 0.999883
0.793622 0.999883
0.793653 0.999883
0.793684 0.999883
0.793714 0.999883
0.793755 0.999883
0.793837 0.999883
0.793858 0.999883
0.793878 0.999883
0.793940 0.999883
0.793961 0.999883
0.793981 0.999883
0.794053 0.999883
0.794073 0.999883
0.794084 0.999883
0.794125 0.999883
0.794186 0.999883
0.794217 0.999883
0.794258 0.999883
0.794289 0.999883
0.794309 0.999883
0.794340 0.999883
0.794360 0.999883
0.794371 0.999883
0.794391 0.999883
0.794401 0.999883
0.794463 0.999883
0.794473 0.999883
0.794494 0.999883
0.794607 0.999883
0.794648 0.999883
0.794658 0.999883
0.794678 0.999883
0.794730 0.999883
0.794740 0.999883
0.794801 0.999883
0.794812 0.999883
0.794873 0.999883
0.794883 0.999883
0.794904 0.999883
0.794924 0.999883
0.794955 0.999883
0.794965 0.999883
0.794986 0.999883
0.794996 0.999883
0.795037 0.999883
0.795068 0.999883
0.795099 0.999883
0.795129 0.999883
0.795160 0.999883
0.795201 0.999883
0.795222 0.999883
0.795252 0.999883
0.795273 0.999883
0.795304 0.999883
0.795324 0.999883
0.795355 0.999883
0.795499 0.999883
0.795529 0.999883
0.795540 0.999883
0.795601 0.999883
0.795611 0.999883
0.795632 0.999883
0.795673 0.999883
0.795693 0.999883
0.795724 0.999883
0.795745 0.999883
0.795775 0.999883
0.795837 0.999883
0.795868 0.999883
0.795878 0.999883
0.795909 0.999883
0.795940 0.999883
0.795981 0.999883
0.796042 0.999883
0.796114 0.999883
0.796175 0.999883
0.796227 0.999883
0.796247 0.999883
0.796268 0.999883
0.796298 0.999883
0.796319 0.999883
0.796339 0.999883
0.796380 0.999883
0.796401 0.999883
0.796411 0.999883
0.796432 0.999883
0.796442 0.999883
0.796462 0.999883
0.796473 0.999883
0.796503 0.999883
0.796575 0.999883
0.796596 0.999883
0.796688 0.999883
0.796709 0.999883
0.796739 0.999883
0.796780 0.999883
0.796821 0.999883
0.796842 0.999883
0.796873 0.999883
0.796893 0.999883
0.796924 0.999883
0.796965 0.999883
0.796985 0.999883
0.797016 0.999883
0.797037 0.999883
0.797047 0.999883
0.797067 0.999883
0.797129 0.999883
0.797139 0.999883
0.797160 0.999883
0.797190 0.999883
0.797221 0.999883
0.797242 0.999883
0.797262 0.999883
0.797272 0.999883
0.797314 0.999883
0.797344 0.999883
0.797365 0.999883
0.797375 0.999883
0.797396 0.999883
0.797406 0.999883
0.797437 0.999883
0.797508 0.999883
0.797529 0.999883
0.797549 0.999883
0.797580 0.999883
0.797601 0.999883
0.797631 0.999883
0.797642 0.999883
0.797662 0.999883
0.797672 0.999883
0.797713 0.999883
0.797765 0.999883
0.797785 0.999883
0.797816 0.999883
0.797836 0.999883
0.797847 0.999883
0.797877 0.999883
0.797908 0.999883
0.797929 0.999883
0.797990 0.999883
0.798011 0.999883
0.798042 0.999883
0.798062 0.999883
0.798124 0.999883
0.798144 0.999883
0.798154 0.999883
0.798195 0.999883
0.798216 0.999883
0.798236 0.999883
0.798267 0.999883
0.798288 0.999883
0.798308 0.999883
0.798339 0.999883
0.798370 0.999883
0.798390 0.999883
0.798441 0.999883
0.798472 0.999883
0.798482 0.999883
0.798523 0.999883
0.798534 0.999883
0.798575 0.999883
0.798605 0.999883
0.798647 0.999883
0.798677 0.999883
0.798688 0.999883
0.798708 0.999883
0.798749 0.999883
0.798770 0.999883
0.798811 0.999883
0.798831 0.999883
0.798872 0.999883
0.798893 0.999883
0.798923 0.999883
0.798944 0.999883
0.798964 0.999883
0.798985 0.999883
0.799046 0.999883
0.799067 0.999883
0.799098 0.999883
0.799118 0.999883
0.799149 0.999883
0.799169 0.999883
0.799210 0.999883
0.799251 0.999883
0.799292 0.999883
0.799323 0.999883
0.799334 0.999883
0.799364 0.999883
0.799385 0.999883
0.799416 0.999883
0.799457 0.999883
0.799477 0.999883
0.799498 0.999883
0.799518 0.999883
0.799539 0.999883
0.799559 0.999883
0.799569 0.999883
0.799590 0.999883
0.799600 0.999883
0.799631 0.999883
0.799723 0.999883
0.799744 0.999883
0.799754 0.999883
0.799774 0.999883
0.799785 0.999883
0.799805 0.999883
0.799826 0.999883
0.799846 0.999883
0.799856 0.999883
0.799877 0.999883
0.799908 0.999883
0.799938 0.999883
0.799959 0.999883
0.799979 0.999883
0.800000 0.999883
0.800010 0.999883
0.800031 0.999883
0.800051 0.999883
0.800072 0.999883
0.800103 0.999883
0.800123 0.999883
0.800164 0.999883
0.800185 0.999883
0.800256 0.999883
0.800277 0.999883
0.800318 0.999883
0.800338 0.999883
0.800379 0.999883
0.800400 0.999883
0.800420 0.999883
0.800461 0.999883
0.800472 0.999883
0.800502 0.999883
0.800523 0.999883
0.800523 0.999900
0.800543 0.999900
0.800554 0.999900
0.800574 0.999900
0.800605 0.999900
0.800636 0.999900
0.800677 0.999900
0.800697 0.999900
0.800738 0.999900
0.800831 0.999900
0.800851 0.999900
0.800882 0.999900
0.800902 0.999900
0.800933 0.999900
0.800974 0.999900
0.800995 0.999900
0.801025 0.999900
0.801046 0.999900
0.801066 0.999900
0.801097 0.999900
0.801128 0.999900
0.801148 0.999900
0.801179 0.999900
0.801200 0.999900
0.801220 0.999900
0.801241 0.999900
0.801282 0.999900
0.801323 0.999900
0.801343 0.999900
0.801364 0.999900
0.801405 0.999900
0.801436 0.999900
0.801456 0.999900
0.801497 0.999900
0.801538 0.999900
0.801569 0.999900
0.801589 0.999900
0.801630 0.999900
0.801661 0.999900
0.801682 0.999900
0.801702 0.999900
0.801723 0.999900
0.801733 0.999900
0.801753 0.999900
0.801784 0.999900
0.801794 0.999900
0.801815 0.999900
0.801907 0.999900
0.801928 0.999900
0.801938 0.999900
0.801958 0.999900
0.801989 0.999900
0.802020 0.999900
0.802041 0.999900
0.802061 0.999900
0.802133 0.999900
0.802194 0.999900
0.802215 0.999900
0.802235 0.999900
0.802266 0.999900
0.802297 0.999900
0.802307 0.999900
0.802328 0.999900
0.802338 0.999900
0.802358 0.999900
0.802379 0.999900
0.802399 0.999900
0.802410 0.999900
0.802430 0.999900
0.802471 0.999900
0.802512 0.999900
0.802543 0.999900
0.802563 0.999900
0.802574 0.999900
0.802594 0.999900
0.802645 0.999900
0.802707 0.999900
0.802748 0.999900
0.802789 0.999900
0.802871 0.999900
0.802902 0.999900
0.802912 0.999900
0.802943 0.999900
0.802984 0.999900
0.803004 0.999900
0.803045 0.999900
0.803066 0.999900
0.803097 0.999900
0.803138 0.999900
0.803179 0.999900
0.803209 0.999900
0.803230 0.999900
0.803261 0.999900
0.803302 0.999900
0.803322 0.999900
0.803332 0.999900
0.803373 0.999900
0.803394 0.999900
0.803476 0.999900
0.803497 0.999900
0.803568 0.999900
0.803589 0.999900
0.803630 0.999900
0.803650 0.999900
0.803702 0.999900
0.803743 0.999900
0.803753 0.999900
0.803794 0.999900
0.803814 0.999900
0.803835 0.999900
0.803917 0.999900
0.803948 0.999900
0.803958 0.999900
0.803978 0.999900
0.804040 0.999900
0.804071 0.999900
0.804081 0.999900
0.804112 0.999900
0.804163 0.999900
0.804184 0.999900
0.804214 0.999900
0.804235 0.999900
0.804266 0.999900
0.804276 0.999900
0.804296 0.999900
0.804317 0.999900
0.804337 0.999900
0.804409 0.999900
0.804450 0.999900
0.804481 0.999900
0.804532 0.999900
0.804553 0.999900
0.804583 0.999900
0.804614 0.999900
0.804624 0.999900
0.804645 0.999900
0.804676 0.999900
0.804696 0.999900
0.804748 0.999900
0.804768 0.999900
0.804789 0.999900
0.804850 0.999900
0.804871 0.999900
0.804901 0.999900
0.804942 0.999900
0.804994 0.999900
0.805014 0.999900
0.805024 0.999900
0.805045 0.999900
0.805065 0.999900
0.805086 0.999900
0.805127 0.999900
0.805147 0.999900
0.805311 0.999900
0.805332 0.999900
0.805342 0.999900
0.805363 0.999900
0.805383 0.999900
0.805414 0.999900
0.805435 0.999900
0.805476 0.999900
0.805496 0.999900
0.805547 0.999900
0.805568 0.999900
0.805588 0.999900
0.805609 0.999900
0.805619 0.999900
0.805640 0.999900
0.805681 0.999900
0.805701 0.999900
0.805711 0.999900
0.805752 0.999900
0.805763 0.999900
0.805783 0.999900
0.805834 0.999900
0.805855 0.999900
0.805875 0.999900
0.805916 0.999900
0.806029 0.999900
0.806050 0.999900
0.806060 0.999900
0.806080 0.999900
0.806152 0.999900
0.806173 0.999900
0.806204 0.999900
0.806214 0.999900
0.806255 0.999900
0.806286 0.999900
0.806357 0.999900
0.806388 0.999900
0.806409 0.999900
0.806429 0.999900
0.806439 0.999900
0.806501 0.999900
0.806521 0.999900
0.806542 0.999900
0.806552 0.999916
0.806562 0.999916
0.806593 0.999916
0.806614 0.999916
0.806624 0.999916
0.806685 0.999916
0.806706 0.999916
0.806737 0.999916
0.806747 0.999916
0.806767 0.999916
0.806778 0.999916
0.806809 0.999916
0.806829 0.999916
0.806850 0.999916
0.806932 0.999916
0.806952 0.999916
0.806983 0.999916
0.807055 0.999916
0.807075 0.999916
0.807085 0.999916
0.807116 0.999916
0.807137 0.999916
0.807167 0.999916
0.807188 0.999916
0.807198 0.999916
0.807219 0.999916
0.807260 0.999916
0.807290 0.999916
0.807311 0.999916
0.807352 0.999916
0.807372 0.999916
0.807393 0.999916
0.807434 0.999916
0.807454 0.999916
0.807465 0.999916
0.807506 0.999916
0.807608 0.999916
0.807639 0.999916
0.807660 0.999916
0.807670 0.999916
0.807701 0.999916
0.807711 0.999916
0.807731 0.999916
0.807742 0.999916
0.807783 0.999916
0.807793 0.999916
0.807824 0.999916
0.807844 0.999916
0.807854 0.999916
0.807875 0.999916
0.807885 0.999916
0.807906 0.999916
0.807967 0.999916
0.807988 0.999916
0.808029 0.999916
0.808049 0.999916
0.808070 0.999916
0.808080 0.999916
0.808111 0.999916
0.808121 0.999916
0.808142 0.999916
0.808193 0.999916
0.808213 0.999916
0.808244 0.999916
0.808265 0.999916
0.808285 0.999916
0.808326 0.999916
0.808357 0.999916
0.808418 0.999916
0.808470 0.999916
0.808511 0.999916
0.808531 0.999916
0.808552 0.999916
0.808582 0.999916
0.808603 0.999916
0.808654 0.999916
0.808675 0.999916
0.808695 0.999916
0.808736 0.999916
0.808777 0.999916
0.808798 0.999916
0.808818 0.999916
0.808849 0.999916
0.808859 0.999916
0.808921 0.999916
0.808931 0.999916
0.808962 0.999916
0.809013 0.999916
0.809064 0.999916
0.809085 0.999916
0.809105 0.999916
0.809136 0.999916
0.809249 0.999916
0.809269 0.999916
0.809290 0.999916
0.809310 0.999916
0.809341 0.999916
0.809382 0.999916
0.809423 0.999916
0.809454 0.999916
0.809485 0.999916
0.809505 0.999916
0.809536 0.999916
0.809567 0.999916
0.809608 0.999916
0.809639 0.999916
0.809659 0.999916
0.809669 0.999916
0.809690 0.999916
0.809700 0.999916
0.809721 0.999916
0.809731 0.999916
0.809751 0.999916
0.809772 0.999916
0.809792 0.999916
0.809803 0.999916
0.809823 0.999916
0.809844 0.999916
0.809864 0.999916
0.809885 0.999916
0.809905 0.999916
0.809946 0.999916
0.809956 0.999916
0.809977 0.999916
0.810008 0.999916
0.810028 0.999916
0.810079 0.999916
0.810141 0.999916
0.810203 0.999916
0.810244 0.999916
0.810264 0.999916
0.810356 0.999916
0.810377 0.999916
0.810418 0.999916
0.810449 0.999916
0.810469 0.999916
0.810510 0.999916
0.810531 0.999916
0.810561 0.999916
0.810602 0.999916
0.810623 0.999916
0.810633 0.999916
0.810654 0.999916
0.810746 0.999916
0.810797 0.999916
0.810838 0.999916
0.810859 0.999916
0.810982 0.999916
0.811002 0.999916
0.811074 0.999916
0.811095 0.999916
0.811146 0.999916
0.811207 0.999916
0.811259 0.999916
0.811300 0.999916
0.811351 0.999916
0.811371 0.999916
0.811412 0.999916
0.811453 0.999916
0.811484 0.999916
0.811505 0.999916
0.811577 0.999916
0.811607 0.999916
0.811659 0.999916
0.811679 0.999916
0.811761 0.999916
0.811782 0.999916
0.811823 0.999916
0.811853 0.999916
0.811874 0.999916
0.811884 0.999916
0.811915 0.999916
0.811935 0.999916
0.811966 0.999916
0.811987 0.999916
0.812017 0.999916
0.812038 0.999916
0.812058 0.999916
0.812079 0.999916
0.812212 0.999916
0.812243 0.999916
0.812264 0.999916
0.812315 0.999916
0.812325 0.999916
0.812366 0.999916
0.812387 0.999916
0.812407 0.999916
0.812458 0.999916
0.812499 0.999916
0.812551 0.999916
0.812571 0.999916
0.812602 0.999916
0.812633 0.999916
0.812663 0.999916
0.812694 0.999916
0.812715 0.999916
0.812735 0.999916
0.812756 0.999916
0.812776 0.999916
0.812807 0.999916
0.812848 0.999916
0.812868 0.999916
0.812899 0.999916
0.812940 0.999916
0.812992 0.999916
0.813012 0.999916
0.813043 0.999916
0.813063 0.999916
0.813074 0.999916
0.813094 0.999916
0.813104 0.999916
0.813125 0.999916
0.813166 0.999916
0.813186 0.999916
0.813197 0.999916
0.813217 0.999916
0.813248 0.999916
0.813268 0.999916
0.813309 0.999916
0.813350 0.999916
0.813402 0.999916
0.813443 0.999916
0.813463 0.999916
0.813484 0.999916
0.813535 0.999916
0.813555 0.999916
0.813586 0.999916
0.813597 0.999916
0.813627 0.999916
0.813668 0.999916
0.813679 0.999916
0.813699 0.999916
0.813709 0.999916
0.813730 0.999916
0.813740 0.999916
0.813761 0.999916
0.813771 0.999916
0.813791 0.999916
0.813802 0.999916
0.813832 0.999916
0.813894 0.999916
0.813955 0.999916
0.813966 0.999916
0.814007 0.999916
0.814027 0.999916
0.814048 0.999916
0.814099 0.999916
0.814119 0.999916
0.814150 0.999916
0.814191 0.999916
0.814201 0.999916
0.814222 0.999916
0.814232 0.999916
0.814273 0.999916
0.814294 0.999916
0.814314 0.999916
0.814345 0.999916
0.814366 0.999916
0.814396 0.999916
0.814437 0.999916
0.814458 0.999916
0.814489 0.999916
0.814519 0.999916
0.814540 0.999916
0.814591 0.999916
0.814612 0.999916
0.814622 0.999916
0.814663 0.999916
0.814694 0.999916
0.814714 0.999916
0.814735 0.999916
0.814755 0.999916
0.814765 0.999916
0.814796 0.999916
0.814806 0.999916
0.814868 0.999916
0.814899 0.999916
0.814930 0.999916
0.814940 0.999916
0.814991 0.999916
0.815012 0.999916
0.815042 0.999916
0.815053 0.999916
0.815083 0.999916
0.815104 0.999916
0.815155 0.999916
0.815196 0.999916
0.815247 0.999916
0.815268 0.999916
0.815278 0.999916
0.815299 0.999916
0.815319 0.999916
0.815340 0.999916
0.815370 0.999916
0.815401 0.999916
0.815432 0.999916
0.815442 0.999916
0.815463 0.999916
0.815483 0.999916
0.815504 0.999916
0.815514 0.999916
0.815534 0.999916
0.815555 0.999916
0.815575 0.999916
0.815658 0.999916
0.815668 0.999916
0.815688 0.999916
0.815719 0.999916
0.815760 0.999916
0.815791 0.999916
0.815811 0.999916
0.815852 0.999916
0.815873 0.999916
0.815914 0.999916
0.815934 0.999916
0.815996 0.999916
0.816016 0.999916
0.816047 0.999916
0.816088 0.999916
0.816150 0.999916
0.816170 0.999916
0.816252 0.999916
0.816273 0.999916
0.816283 0.999916
0.816304 0.999916
0.816334 0.999916
0.816375 0.999916
0.816427 0.999916
0.816447 0.999916
0.816529 0.999916
0.816550 0.999916
0.816560 0.999916
0.816580 0.999916
0.816642 0.999916
0.816683 0.999916
0.816755 0.999916
0.816775 0.999916
0.816806 0.999916
0.816826 0.999916
0.816857 0.999916
0.816867 0.999916
0.816929 0.999916
0.816939 0.999916
0.816960 0.999916
0.816970 0.999916
0.816991 0.999916
0.817175 0.999916
0.817196 0.999916
0.817267 0.999916
0.817298 0.999916
0.817329 0.999916
0.817349 0.999916
0.817360 0.999916
0.817390 0.999916
0.817411 0.999916
0.817431 0.999916
0.817462 0.999916
0.817503 0.999916
0.817524 0.999916
0.817544 0.999916
0.817565 0.999916
0.817585 0.999916
0.817637 0.999916
0.817657 0.999916
0.817719 0.999916
0.817739 0.999916
0.817790 0.999916
0.817811 0.999916
0.817821 0.999916
0.817852 0.999916
0.817872 0.999916
0.817893 0.999916
0.817934 0.999916
0.817965 0.999916
0.818016 0.999916
0.818036 0.999916
0.818077 0.999916
0.818108 0.999916
0.818129 0.999916
0.818149 0.999916
0.818211 0.999916
0.818221 0.999916
0.818262 0.999916
0.818282 0.999916
0.818406 0.999916
0.818447 0.999916
0.818477 0.999916
0.818498 0.999916
0.818508 0.999916
0.818529 0.999916
0.818570 0.999916
0.818611 0.999916
0.818641 0.999916
0.818672 0.999916
0.818693 0.999916
0.818703 0.999916
0.818744 0.999916
0.818775 0.999916
0.818805 0.999916
0.818826 0.999916
0.818857 0.999916
0.818918 0.999916
0.818928 0.999916
0.818959 0.999916
0.819000 0.999916
0.819062 0.999916
0.819082 0.999916
0.819113 0.999916
0.819154 0.999916
0.819175 0.999916
0.819236 0.999916
0.819257 0.999916
0.819328 0.999916
0.819359 0.999916
0.819380 0.999916
0.819400 0.999916
0.819421 0.999916
0.819462 0.999916
0.819503 0.999916
0.819523 0.999916
0.819564 0.999916
0.819585 0.999916
0.819626 0.999916
0.819656 0.999916
0.819698 0.999916
0.819718 0.999916
0.819739 0.999916
0.819780 0.999916
0.819831 0.999916
0.819851 0.999916
0.819882 0.999916
0.819903 0.999916
0.819923 0.999916
0.819944 0.999916
0.819974 0.999916
0.820036 0.999916
0.820056 0.999916
0.820077 0.999916
0.820087 0.999916
0.820128 0.999916
0.820159 0.999916
0.820179 0.999916
0.820200 0.999916
0.820241 0.999916
0.820282 0.999916
0.820302 0.999916
0.820333 0.999916
0.820344 0.999916
0.820364 0.999916
0.820395 0.999916
0.820436 0.999916
0.820467 0.999916
0.820518 0.999916
0.820549 0.999916
0.820569 0.999916
0.820579 0.999916
0.820600 0.999916
0.820610 0.999916
0.820631 0.999916
0.820702 0.999916
0.820723 0.999916
0.820754 0.999916
0.820825 0.999916
0.820887 0.999916
0.820918 0.999916
0.820938 0.999916
0.820948 0.999916
0.820969 0.999916
0.820979 0.999916
0.821000 0.999916
0.821061 0.999916
0.821082 0.999916
0.821092 0.999916
0.821113 0.999916
0.821154 0.999916
0.821184 0.999916
0.821195 0.999916
0.821215 0.999916
0.821246 0.999916
0.821266 0.999916
0.821297 0.999916
0.821338 0.999916
0.821359 0.999916
0.821420 0.999916
0.821441 0.999916
0.821461 0.999916
0.821502 0.999916
0.821512 0.999916
0.821533 0.999916
0.821625 0.999916
0.821646 0.999916
0.821656 0.999916
0.821687 0.999916
0.821728 0.999916
0.821738 0.999916
0.821759 0.999916
0.821800 0.999916
0.821892 0.999916
0.821902 0.999916
0.821943 0.999916
0.821974 0.999916
0.821984 0.999916
0.822005 0.999916
0.822015 0.999916
0.822046 0.999916
0.822066 0.999916
0.822087 0.999916
0.822138 0.999916
0.822169 0.999916
0.822189 0.999916
0.822220 0.999916
0.822261 0.999916
0.822271 0.999916
0.822312 0.999916
0.822363 0.999916
0.822384 0.999916
0.822394 0.999916
0.822415 0.999916
0.822425 0.999916
0.822466 0.999916
0.822569 0.999916
0.822589 0.999916
0.822630 0.999916
0.822661 0.999916
0.822733 0.999916
0.822753 0.999916
0.822897 0.999916
0.822917 0.999916
0.822927 0.999916
0.822948 0.999916
0.822979 0.999916
0.822999 0.999916
0.823061 0.999916
0.823081 0.999916
0.823122 0.999916
0.823163 0.999916
0.823194 0.999916
0.823204 0.999916
0.823225 0.999916
0.823256 0.999916
0.823286 0.999916
0.823307 0.999916
0.823348 0.999916
0.823368 0.999916
0.823450 0.999916
0.823471 0.999916
0.823491 0.999916
0.823532 0.999916
0.823553 0.999916
0.823563 0.999916
0.823584 0.999916
0.823635 0.999916
0.823655 0.999916
0.823666 0.999916
0.823686 0.999916
0.823717 0.999916
0.823758 0.999916
0.823779 0.999916
0.823789 0.999916
0.823809 0.999916
0.823881 0.999916
0.823902 0.999916
0.823912 0.999916
0.823932 0.999916
0.823994 0.999916
0.824014 0.999916
0.824025 0.999916
0.824045 0.999916
0.824076 0.999916
0.824096 0.999916
0.824127 0.999916
0.824137 0.999916
0.824178 0.999916
0.824189 0.999916
0.824209 0.999916
0.824230 0.999916
0.824260 0.999916
0.824281 0.999916
0.824312 0.999916
0.824332 0.999916
0.824353 0.999916
0.824373 0.999916
0.824383 0.999916
0.824404 0.999916
0.824466 0.999916
0.824486 0.999916
0.824496 0.999916
0.824527 0.999916
0.824548 0.999916
0.824568 0.999916
0.824619 0.999916
0.824650 0.999916
0.824671 0.999916
0.824691 0.999916
0.824701 0.999916
0.824722 0.999916
0.824732 0.999916
0.824753 0.999916
0.824824 0.999916
0.824845 0.999916
0.824876 0.999916
0.824906 0.999916
0.824927 0.999916
0.824978 0.999916
0.824999 0.999916
0.825029 0.999916
0.825050 0.999916
0.825060 0.999916
0.825081 0.999916
0.825112 0.999916
0.825132 0.999916
0.825153 0.999916
0.825235 0.999916
0.825265 0.999916
0.825276 0.999916
0.825296 0.999916
0.825368 0.999916
0.825409 0.999916
0.825429 0.999916
0.825460 0.999916
0.825491 0.999916
0.825511 0.999916
0.825552 0.999916
0.825593 0.999916
0.825645 0.999916
0.825665 0.999916
0.825706 0.999916
0.825727 0.999916
0.825747 0.999916
0.825768 0.999916
0.825809 0.999916
0.825829 0.999916
0.825860 0.999916
0.825901 0.999916
0.825911 0.999916
0.825952 0.999916
0.825973 0.999916
0.825993 0.999916
0.826034 0.999916
0.826075 0.999916
0.826116 0.999916
0.826127 0.999916
0.826157 0.999916
0.826229 0.999916
0.826270 0.999916
0.826311 0.999916
0.826332 0.999916
0.826342 0.999916
0.826383 0.999916
0.826434 0.999916
0.826455 0.999916
0.826475 0.999916
0.826496 0.999916
0.826516 0.999916
0.826537 0.999916
0.826547 0.999916
0.826568 0.999916
0.826578 0.999916
0.826598 0.999916
0.826670 0.999916
0.826691 0.999916
0.826742 0.999916
0.826762 0.999916
0.826844 0.999916
0.826885 0.999916
0.826926 0.999916
0.826957 0.999916
0.826978 0.999916
0.826998 0.999916
0.827152 0.999916
0.827183 0.999916
0.827203 0.999916
0.827234 0.999916
0.827265 0.999916
0.827296 0.999916
0.827337 0.999916
0.827357 0.999916
0.827460 0.999916
0.827480 0.999916
0.827490 0.999916
0.827511 0.999916
0.827521 0.999916
0.827542 0.999916
0.827572 0.999916
0.827583 0.999916
0.827603 0.999916
0.827685 0.999916
0.827726 0.999916
0.827767 0.999916
0.827788 0.999916
0.827808 0.999916
0.827839 0.999916
0.827860 0.999916
0.827880 0.999916
0.827890 0.999916
0.827911 0.999916
0.827962 0.999916
0.827983 0.999916
0.828024 0.999916
0.828044 0.999916
0.828075 0.999916
0.828095 0.999916
0.828126 0.999916
0.828147 0.999916
0.828167 0.999916
0.828229 0.999916
0.828249 0.999916
0.828280 0.999916
0.828300 0.999916
0.828311 0.999916
0.828331 0.999916
0.828362 0.999916
0.828403 0.999916
0.828434 0.999916
0.828454 0.999916
0.828475 0.999916
0.828495 0.999916
0.828506 0.999916
0.828526 0.999916
0.828536 0.999916
0.828577 0.999916
0.828588 0.999916
0.828608 0.999916
0.828659 0.999916
0.828680 0.999916
0.828690 0.999916
0.828711 0.999916
0.828803 0.999916
0.828823 0.999916
0.828834 0.999916
0.828864 0.999916
0.828895 0.999916
0.828926 0.999916
0.828977 0.999916
0.828998 0.999916
0.829008 0.999916
0.829028 0.999916
0.829162 0.999916
0.829193 0.999916
0.829346 0.999916
0.829367 0.999916
0.829377 0.999916
0.829398 0.999916
0.829459 0.999916
0.829480 0.999916
0.829490 0.999916
0.829510 0.999916
0.829582 0.999916
0.829603 0.999916
0.829613 0.999916
0.829654 0.999916
0.829705 0.999916
0.829715 0.999916
0.829736 0.999916
0.829767 0.999916
0.829797 0.999916
0.829808 0.999916
0.829839 0.999916
0.829962 0.999916
0.829982 0.999916
0.830044 0.999916
0.830064 0.999916
0.830085 0.999916
0.830105 0.999916
0.830136 0.999916
0.830167 0.999916
0.830187 0.999916
0.830208 0.999916
0.830238 0.999916
0.830259 0.999916
0.830310 0.999916
0.830331 0.999916
0.830382 0.999916
0.830402 0.999916
0.830423 0.999916
0.830443 0.999916
0.830474 0.999916
0.830505 0.999916
0.830526 0.999916
0.830536 0.999916
0.830556 0.999916
0.830597 0.999916
0.830638 0.999916
0.830649 0.999916
0.830669 0.999916
0.830700 0.999916
0.830710 0.999916
0.830731 0.999916
0.830761 0.999916
0.830802 0.999916
0.830823 0.999916
0.830864 0.999916
0.830895 0.999916
0.830936 0.999916
0.830966 0.999916
0.830987 0.999916
0.831110 0.999916
0.831161 0.999916
0.831213 0.999916
0.831254 0.999916
0.831397 0.999916
0.831428 0.999916
0.831561 0.999916
0.831602 0.999916
0.831633 0.999916
0.831653 0.999916
0.831725 0.999916
0.831766 0.999916
0.831776 0.999916
0.831807 0.999916
0.831900 0.999916
0.832002 0.999916
0.832033 0.999916
0.832074 0.999916
0.832115 0.999916
0.832135 0.999916
0.832156 0.999916
0.832197 0.999916
0.832217 0.999916
0.832248 0.999916
0.832258 0.999916
0.832279 0.999916
0.832371 0.999916
0.832392 0.999916
0.832433 0.999916
0.832453 0.999916
0.832474 0.999916
0.832494 0.999916
0.832504 0.999916
0.832525 0.999916
0.832628 0.999916
0.832648 0.999916
0.832669 0.999916
0.832689 0.999916
0.832699 0.999916
0.832720 0.999916
0.832771 0.999916
0.832833 0.999916
0.832853 0.999916
0.832915 0.999916
0.832935 0.999916
0.832966 0.999916
0.832986 0.999916
0.833038 0.999916
0.833058 0.999916
0.833079 0.999916
0.833099 0.999916
0.833150 0.999916
0.833161 0.999933
0.833181 0.999933
0.833243 0.999933
0.833263 0.999933
0.833284 0.999933
0.833325 0.999933
0.833345 0.999933
0.833407 0.999933
0.833427 0.999933
0.833448 0.999933
0.833499 0.999933
0.833540 0.999933
0.833550 0.999933
0.833571 0.999933
0.833602 0.999933
0.833632 0.999933
0.833704 0.999933
0.833725 0.999933
0.833735 0.999933
0.833755 0.999933
0.833766 0.999933
0.833786 0.999933
0.833848 0.999933
0.833878 0.999933
0.833920 0.999933
0.833961 0.999933
0.833981 0.999933
0.834063 0.999933
0.834073 0.999933
0.834094 0.999933
0.834135 0.999933
0.834155 0.999933
0.834207 0.999933
0.834227 0.999933
0.834268 0.999933
0.834289 0.999933
0.834381 0.999933
0.834401 0.999933
0.834422 0.999933
0.834442 0.999933
0.834514 0.999933
0.834535 0.999933
0.834565 0.999933
0.834576 0.999933
0.834617 0.999933
0.834627 0.999933
0.834648 0.999933
0.834658 0.999933
0.834678 0.999933
0.834709 0.999933
0.834750 0.999933
0.834781 0.999933
0.834801 0.999933
0.834894 0.999933
0.834914 0.999933
0.834955 0.999933
0.834965 0.999933
0.834986 0.999933
0.835006 0.999933
0.835027 0.999933
0.835088 0.999933
0.835109 0.999933
0.835140 0.999933
0.835181 0.999933
0.835222 0.999933
0.835232 0.999933
0.835273 0.999933
0.835294 0.999933
0.835304 0.999933
0.835324 0.999933
0.835355 0.999933
0.835386 0.999933
0.835406 0.999933
0.835417 0.999933
0.835437 0.999933
0.835468 0.999933
0.835509 0.999933
0.835550 0.999933
0.835570 0.999933
0.835591 0.999933
0.835611 0.999933
0.835632 0.999933
0.835652 0.999933
0.835734 0.999933
0.835775 0.999933
0.835837 0.999933
0.835857 0.999933
0.835919 0.999933
0.835940 0.999933
0.835970 0.999933
0.836001 0.999933
0.836022 0.999933
0.836052 0.999933
0.836073 0.999933
0.836145 0.999933
0.836165 0.999933
0.836175 0.999933
0.836196 0.999933
0.836206 0.999933
0.836227 0.999933
0.836237 0.999933
0.836257 0.999933
0.836268 0.999933
0.836288 0.999933
0.836319 0.999933
0.836339 0.999933
0.836360 0.999933
0.836380 0.999933
0.836411 0.999933
0.836473 0.999933
0.836483 0.999933
0.836503 0.999933
0.836514 0.999933
0.836534 0.999933
0.836555 0.999933
0.836575 0.999933
0.836585 0.999933
0.836606 0.999933
0.836627 0.999933
0.836647 0.999933
0.836709 0.999933
0.836739 0.999933
0.836760 0.999933
0.836791 0.999933
0.836832 0.999933
0.836852 0.999933
0.836862 0.999933
0.836883 0.999933
0.836893 0.999933
0.836934 0.999933
0.836944 0.999933
0.836965 0.999933
0.836975 0.999933
0.837016 0.999933
0.837037 0.999933
0.837057 0.999933
0.837078 0.999933
0.837098 0.999933
0.837119 0.999933
0.837149 0.999933
0.837190 0.999933
0.837231 0.999933
0.837293 0.999933
0.837314 0.999933
0.837365 0.999933
0.837385 0.999933
0.837396 0.999933
0.837416 0.999933
0.837447 0.999933
0.837457 0.999933
0.837498 0.999933
0.837549 0.999933
0.837580 0.999933
0.837611 0.999933
0.837642 0.999933
0.837672 0.999933
0.837693 0.999933
0.837713 0.999933
0.837734 0.999933
0.837765 0.999933
0.837795 0.999933
0.837918 0.999933
0.837939 0.999933
0.837970 0.999933
0.837990 0.999933
0.838011 0.999933
0.838072 0.999933
0.838083 0.999933
0.838113 0.999933
0.838144 0.999933
0.838165 0.999933
0.838206 0.999933
0.838247 0.999933
0.838267 0.999933
0.838339 0.999933
0.838380 0.999933
0.838431 0.999933
0.838452 0.999933
0.838503 0.999933
0.838564 0.999933
0.838647 0.999933
0.838688 0.999933
0.838708 0.999933
0.838770 0.999933
0.838790 0.999933
0.838821 0.999933
0.838852 0.999933
0.838862 0.999933
0.838882 0.999933
0.838893 0.999933
0.838913 0.999933
0.838923 0.999933
0.838944 0.999933
0.838975 0.999933
0.838985 0.999933
0.839016 0.999933
0.839036 0.999933
0.839077 0.999933
0.839118 0.999933
0.839159 0.999933
0.839180 0.999933
0.839210 0.999933
0.839231 0.999933
0.839241 0.999933
0.839272 0.999933
0.839313 0.999933
0.839344 0.999933
0.839385 0.999933
0.839395 0.999933
0.839416 0.999933
0.839426 0.999933
0.839446 0.999933
0.839477 0.999933
0.839487 0.999933
0.839508 0.999933
0.839580 0.999933
0.839610 0.999933
0.839631 0.999933
0.839651 0.999933
0.839774 0.999933
0.839836 0.999933
0.839856 0.999933
0.839877 0.999933
0.839918 0.999933
0.839959 0.999933
0.839979 0.999933
0.840000 0.999933
0.840010 0.999933
0.840051 0.999933
0.840072 0.999933
0.840164 0.999933
0.840185 0.999933
0.840185 0.999950
0.840226 0.999950
0.840267 0.999950
0.840400 0.999950
0.840420 0.999950
0.840441 0.999950
0.840502 0.999950
0.840584 0.999950
0.840605 0.999950
0.840646 0.999950
0.840666 0.999950
0.840738 0.999950
0.840738 0.999967
0.840759 0.999967
0.840800 0.999967
0.840820 0.999967
0.840851 0.999967
0.840882 0.999967
0.840913 0.999967
0.840923 0.999967
0.840964 0.999967
0.840974 0.999967
0.840995 0.999967
0.841025 0.999967
0.841046 0.999967
0.841066 0.999967
0.841087 0.999967
0.841118 0.999967
0.841138 0.999967
0.841169 0.999967
0.841189 0.999967
0.841261 0.999967
0.841323 0.999967
0.841384 0.999967
0.841405 0.999967
0.841425 0.999967
0.841487 0.999967
0.841507 0.999967
0.841559 0.999967
0.841569 0.999967
0.841589 0.999967
0.841620 0.999967
0.841630 0.999967
0.841661 0.999967
0.841702 0.999967
0.841712 0.999967
0.841743 0.999967
0.841774 0.999967
0.841794 0.999967
0.841835 0.999967
0.841856 0.999967
0.841887 0.999967
0.841917 0.999967
0.841928 0.999967
0.841948 0.999967
0.841999 0.999967
0.842020 0.999967
0.842082 0.999967
0.842102 0.999967
0.842225 0.999967
0.842266 0.999967
0.842297 0.999967
0.842338 0.999967
0.842348 0.999967
0.842389 0.999967
0.842399 0.999967
0.842430 0.999967
0.842471 0.999967
0.842492 0.999967
0.842574 0.999967
0.842594 0.999967
0.842717 0.999967
0.842738 0.999967
0.842758 0.999967
0.842789 0.999967
0.842810 0.999967
0.842851 0.999967
0.842871 0.999967
0.842881 0.999967
0.842922 0.999967
0.842943 0.999967
0.842974 0.999967
0.842994 0.999967
0.843025 0.999967
0.843045 0.999967
0.843066 0.999967
0.843117 0.999967
0.843138 0.999967
0.843148 0.999967
0.843168 0.999967
0.843209 0.999967
0.843230 0.999967
0.843291 0.999967
0.843312 0.999967
0.843322 0.999967
0.843343 0.999967
0.843394 0.999967
0.843415 0.999967
0.843476 0.999967
0.843507 0.999967
0.843527 0.999967
0.843558 0.999967
0.843599 0.999967
0.843640 0.999967
0.843681 0.999967
0.843691 0.999967
0.843712 0.999967
0.843722 0.999967
0.843743 0.999967
0.843753 0.999967
0.843773 0.999967
0.843784 0.999967
0.843804 0.999967
0.843845 0.999967
0.843876 0.999967
0.843917 0.999967
0.843948 0.999967
0.843989 0.999967
0.843989 0.999983
0.844040 0.999983
0.844060 0.999983
0.844071 0.999983
0.844102 0.999983
0.844153 0.999983
0.844194 0.999983
0.844204 0.999983
0.844225 0.999983
0.844245 0.999983
0.844266 0.999983
0.844296 0.999983
0.844348 0.999983
0.844368 0.999983
0.844471 0.999983
0.844491 0.999983
0.844583 0.999983
0.844604 0.999983
0.844635 0.999983
0.844645 0.999983
0.844665 0.999983
0.844717 0.999983
0.844737 0.999983
0.844748 0.999983
0.844768 0.999983
0.844799 0.999983
0.844819 0.999983
0.844830 0.999983
0.844860 0.999983
0.844922 0.999983
0.844932 0.999983
0.845014 0.999983
0.845086 0.999983
0.845106 0.999983
0.845158 0.999983
0.845178 0.999983
0.845199 0.999983
0.845219 0.999983
0.845240 0.999983
0.845260 0.999983
0.845291 0.999983
0.845352 0.999983
0.845393 0.999983
0.845445 0.999983
0.845476 0.999983
0.845496 0.999983
0.845537 0.999983
0.845599 0.999983
0.845629 0.999983
0.845640 0.999983
0.845660 0.999983
0.845701 0.999983
0.845732 0.999983
0.845742 0.999983
0.845763 0.999983
0.845773 0.999983
0.845793 0.999983
0.845865 0.999983
0.845906 0.999983
0.845927 0.999983
0.845957 0.999983
0.845988 0.999983
0.846009 0.999983
0.846019 0.999983
0.846039 0.999983
0.846080 0.999983
0.846091 1.000000
0.846111 1.000000
0.846152 1.000000
0.846193 1.000000
0.846204 1.000000
0.846224 1.000000
0.846265 1.000000
0.846286 1.000000
0.846316 1.000000
0.846337 1.000000
0.846368 1.000000
0.846409 1.000000
0.846450 1.000000
0.846470 1.000000
0.846501 1.000000
0.846532 1.000000
0.846552 1.000000
0.846644 1.000000
0.846665 1.000000
0.846675 1.000000
0.846696 1.000000
0.846726 1.000000
0.846788 1.000000
0.846809 1.000000
0.846839 1.000000
0.846850 1.000000
0.846911 1.000000
0.846952 1.000000
0.846973 1.000000
0.847044 1.000000
0.847065 1.000000
0.847116 1.000000
0.847137 1.000000
0.847167 1.000000
0.847198 1.000000
0.847219 1.000000
0.847239 1.000000
0.847270 1.000000
0.847352 1.000000
0.847393 1.000000
0.847413 1.000000
0.847444 1.000000
0.847454 1.000000
0.847475 1.000000
0.847547 1.000000
0.847588 1.000000
0.847629 1.000000
0.847670 1.000000
0.847793 1.000000
0.847813 1.000000
0.847865 1.000000
0.847885 1.000000
0.847916 1.000000
0.847988 1.000000
0.848029 1.000000
0.848049 1.000000
0.848070 1.000000
0.848090 1.000000
0.848111 1.000000
0.848142 1.000000
0.848162 1.000000
0.848203 1.000000
0.848224 1.000000
0.848234 1.000000
0.848336 1.000000
0.848357 1.000000
0.848398 1.000000
0.848521 1.000000
0.848541 1.000000
0.848654 1.000000
0.848695 1.000000
0.848767 1.000000
0.848787 1.000000
0.848818 1.000000
0.848880 1.000000
0.848921 1.000000
0.848941 1.000000
0.848962 1.000000
0.849003 1.000000
0.849013 1.000000
0.849034 1.000000
0.849044 1.000000
0.849064 1.000000
0.849085 1.000000
0.849116 1.000000
0.849126 1.000000
0.849146 1.000000
0.849167 1.000000
0.849187 1.000000
0.849218 1.000000
0.849239 1.000000
0.849259 1.000000
0.849280 1.000000
0.849310 1.000000
0.849331 1.000000
0.849423 1.000000
0.849444 1.000000
0.849485 1.000000
0.849495 1.000000
0.849516 1.000000
0.849536 1.000000
0.849557 1.000000
0.849587 1.000000
0.849628 1.000000
0.849649 1.000000
0.849680 1.000000
0.849741 1.000000
0.849782 1.000000
0.849813 1.000000
0.849833 1.000000
0.849874 1.000000
0.849915 1.000000
0.849936 1.000000
0.849956 1.000000
0.850049 1.000000
0.850090 1.000000
0.850110 1.000000
0.850131 1.000000
0.850161 1.000000
0.850315 1.000000
0.850336 1.000000
0.850346 1.000000
0.850387 1.000000
0.850418 1.000000
0.850490 1.000000
0.850510 1.000000
0.850531 1.000000
0.850551 1.000000
0.850592 1.000000
0.850613 1.000000
0.850674 1.000000
0.850695 1.000000
0.850715 1.000000
0.850736 1.000000
0.850746 1.000000
0.850777 1.000000
0.850818 1.000000
0.850910 1.000000
0.850931 1.000000
0.850941 1.000000
0.850961 1.000000
0.851033 1.000000
0.851074 1.000000
0.851095 1.000000
0.851115 1.000000
0.851156 1.000000
0.851177 1.000000
0.851187 1.000000
0.851207 1.000000
0.851228 1.000000
0.851259 1.000000
0.851310 1.000000
0.851330 1.000000
0.851371 1.000000
0.851392 1.000000
0.851412 1.000000
0.851453 1.000000
0.851484 1.000000
0.851505 1.000000
0.851566 1.000000
0.851587 1.000000
0.851628 1.000000
0.851689 1.000000
0.851741 1.000000
0.851761 1.000000
0.851812 1.000000
0.851833 1.000000
0.851894 1.000000
0.851925 1.000000
0.851997 1.000000
0.852017 1.000000
0.852028 1.000000
0.852058 1.000000
0.852079 1.000000
0.852223 1.000000
0.852253 1.000000
0.852294 1.000000
0.852315 1.000000
0.852325 1.000000
0.852346 1.000000
0.852376 1.000000
0.852397 1.000000
0.852407 1.000000
0.852428 1.000000
0.852448 1.000000
0.852479 1.000000
0.852489 1.000000
0.852520 1.000000
0.852540 1.000000
0.852592 1.000000
0.852612 1.000000
0.852622 1.000000
0.852663 1.000000
0.852694 1.000000
0.852725 1.000000
0.852735 1.000000
0.852756 1.000000
0.852786 1.000000
0.852807 1.000000
0.852817 1.000000
0.852858 1.000000
0.852889 1.000000
0.852930 1.000000
0.853033 1.000000
0.853053 1.000000
0.853084 1.000000
0.853145 1.000000
0.853156 1.000000
0.853207 1.000000
0.853217 1.000000
0.853258 1.000000
0.853289 1.000000
0.853309 1.000000
0.853320 1.000000
0.853340 1.000000
0.853350 1.000000
0.853371 1.000000
0.853402 1.000000
0.853443 1.000000
0.853473 1.000000
0.853514 1.000000
0.853535 1.000000
0.853555 1.000000
0.853586 1.000000
0.853607 1.000000
0.853648 1.000000
0.853668 1.000000
0.853689 1.000000
0.853709 1.000000
0.853750 1.000000
0.853771 1.000000
0.853802 1.000000
0.853812 1.000000
0.853873 1.000000
0.853894 1.000000
0.853914 1.000000
0.853976 1.000000
0.853996 1.000000
0.854037 1.000000
0.854058 1.000000
0.854150 1.000000
0.854171 1.000000
0.854201 1.000000
0.854253 1.000000
0.854273 1.000000
0.854325 1.000000
0.854345 1.000000
0.854376 1.000000
0.854417 1.000000
0.854427 1.000000
0.854468 1.000000
0.854499 1.000000
0.854519 1.000000
0.854530 1.000000
0.854560 1.000000
0.854591 1.000000
0.854612 1.000000
0.854642 1.000000
0.854673 1.000000
0.854694 1.000000
0.854704 1.000000
0.854735 1.000000
0.854837 1.000000
0.854847 1.000000
0.854888 1.000000
0.854960 1.000000
0.855022 1.000000
0.855124 1.000000
0.855145 1.000000
0.855165 1.000000
0.855186 1.000000
0.855206 1.000000
0.855237 1.000000
0.855319 1.000000
0.855360 1.000000
0.855432 1.000000
0.855473 1.000000
0.855483 1.000000
0.855504 1.000000
0.855534 1.000000
0.855586 1.000000
0.855617 1.000000
0.855647 1.000000
0.855688 1.000000
0.855719 1.000000
0.855740 1.000000
0.855842 1.000000
0.855873 1.000000
0.855924 1.000000
0.855945 1.000000
0.855975 1.000000
0.855986 1.000000
0.856006 1.000000
0.856027 1.000000
0.856047 1.000000
0.856078 1.000000
0.856109 1.000000
0.856129 1.000000
0.856150 1.000000
0.856180 1.000000
0.856242 1.000000
0.856252 1.000000
0.856293 1.000000
0.856304 1.000000
0.856334 1.000000
0.856365 1.000000
0.856396 1.000000
0.856437 1.000000
0.856468 1.000000
0.856478 1.000000
0.856498 1.000000
0.856539 1.000000
0.856560 1.000000
0.856570 1.000000
0.856601 1.000000
0.856662 1.000000
0.856683 1.000000
0.856734 1.000000
0.856816 1.000000
0.856847 1.000000
0.856867 1.000000
0.856898 1.000000
0.856960 1.000000
0.856980 1.000000
0.857001 1.000000
0.857021 1.000000
0.857103 1.000000
0.857124 1.000000
0.857134 1.000000
0.857155 1.000000
0.857216 1.000000
0.857237 1.000000
0.857247 1.000000
0.857278 1.000000
0.857298 1.000000
0.857329 1.000000
0.857360 1.000000
0.857380 1.000000
0.857401 1.000000
0.857462 1.000000
0.857472 1.000000
0.857493 1.000000
0.857503 1.000000
0.857524 1.000000
0.857554 1.000000
0.857575 1.000000
0.857585 1.000000
0.857606 1.000000
0.857729 1.000000
0.857749 1.000000
0.857760 1.000000
0.857780 1.000000
0.857842 1.000000
0.857862 1.000000
0.857893 1.000000
0.857903 1.000000
0.857924 1.000000
0.857954 1.000000
0.857975 1.000000
0.858006 1.000000
0.858108 1.000000
0.858129 1.000000
0.858149 1.000000
0.858170 1.000000
0.858180 1.000000
0.858200 1.000000
0.858231 1.000000
0.858262 1.000000
0.858282 1.000000
0.858303 1.000000
0.858334 1.000000
0.858354 1.000000
0.858375 1.000000
0.858416 1.000000
0.858436 1.000000
0.858457 1.000000
0.858477 1.000000
0.858539 1.000000
0.858559 1.000000
0.858590 1.000000
0.858611 1.000000
0.858621 1.000000
0.858641 1.000000
0.858672 1.000000
0.858775 1.000000
0.858795 1.000000
0.858836 1.000000
0.858877 1.000000
0.858908 1.000000
0.858928 1.000000
0.859011 1.000000
0.859031 1.000000
0.859072 1.000000
0.859093 1.000000
0.859113 1.000000
0.859134 1.000000
0.859236 1.000000
0.859257 1.000000
0.859298 1.000000
0.859339 1.000000
0.859451 1.000000
0.859482 1.000000
0.859503 1.000000
0.859523 1.000000
0.859554 1.000000
0.859574 1.000000
0.859595 1.000000
0.859615 1.000000
0.859656 1.000000
0.859667 1.000000
0.859687 1.000000
0.859739 1.000000
0.859769 1.000000
0.859790 1.000000
0.859862 1.000000
0.859882 1.000000
0.859892 1.000000
0.859913 1.000000
0.859933 1.000000
0.859974 1.000000
0.860005 1.000000
0.860046 1.000000
0.860067 1.000000
0.860077 1.000000
0.860097 1.000000
0.860108 1.000000
0.860149 1.000000
0.860169 1.000000
0.860190 1.000000
0.860210 1.000000
0.860251 1.000000
0.860323 1.000000
0.860344 1.000000
0.860354 1.000000
0.860374 1.000000
0.860559 1.000000
0.860579 1.000000
0.860620 1.000000
0.860661 1.000000
0.860672 1.000000
0.860692 1.000000
0.860764 1.000000
0.860784 1.000000
0.860815 1.000000
0.860836 1.000000
0.860866 1.000000
0.860887 1.000000
0.860959 1.000000
0.861000 1.000000
0.861072 1.000000
0.861154 1.000000
0.861205 1.000000
0.861225 1.000000
0.861246 1.000000
0.861266 1.000000
0.861338 1.000000
0.861359 1.000000
0.861379 1.000000
0.861420 1.000000
0.861430 1.000000
0.861461 1.000000
0.861523 1.000000
0.861625 1.000000
0.861676 1.000000
0.861697 1.000000
0.861707 1.000000
0.861738 1.000000
0.861789 1.000000
0.861871 1.000000
0.861892 1.000000
0.861923 1.000000
0.861933 1.000000
0.861964 1.000000
0.861984 1.000000
0.862005 1.000000
0.862046 1.000000
0.862076 1.000000
0.862117 1.000000
0.862148 1.000000
0.862179 1.000000
0.862189 1.000000
0.862210 1.000000
0.862220 1.000000
0.862240 1.000000
0.862251 1.000000
0.862271 1.000000
0.862292 1.000000
0.862312 1.000000
0.862333 1.000000
0.862353 1.000000
0.862384 1.000000
0.862405 1.000000
0.862435 1.000000
0.862456 1.000000
0.862476 1.000000
0.862497 1.000000
0.862507 1.000000
0.862528 1.000000
0.862538 1.000000
0.862579 1.000000
0.862599 1.000000
0.862620 1.000000
0.862661 1.000000
0.862681 1.000000
0.862733 1.000000
0.862763 1.000000
0.862774 1.000000
0.862794 1.000000
0.862815 1.000000
0.862856 1.000000
0.862866 1.000000
0.862897 1.000000
0.862917 1.000000
0.862938 1.000000
0.862958 1.000000
0.862999 1.000000
0.863030 1.000000
0.863071 1.000000
0.863092 1.000000
0.863102 1.000000
0.863122 1.000000
0.863143 1.000000
0.863184 1.000000
0.863256 1.000000
0.863297 1.000000
0.863338 1.000000
0.863348 1.000000
0.863389 1.000000
0.863420 1.000000
0.863440 1.000000
0.863553 1.000000
0.863594 1.000000
0.863655 1.000000
0.863696 1.000000
0.863768 1.000000
0.863809 1.000000
0.863840 1.000000
0.863902 1.000000
0.864066 1.000000
0.864086 1.000000
0.864127 1.000000
0.864148 1.000000
0.864178 1.000000
0.864199 1.000000
0.864230 1.000000
0.864250 1.000000
0.864312 1.000000
0.864332 1.000000
0.864342 1.000000
0.864383 1.000000
0.864404 1.000000
0.864435 1.000000
0.864455 1.000000
0.864537 1.000000
0.864558 1.000000
0.864599 1.000000
0.864619 1.000000
0.864640 1.000000
0.864660 1.000000
0.864691 1.000000
0.864712 1.000000
0.864722 1.000000
0.864742 1.000000
0.864763 1.000000
0.864783 1.000000
0.864794 1.000000
0.864824 1.000000
0.864845 1.000000
0.864876 1.000000
0.864906 1.000000
0.864927 1.000000
0.864968 1.000000
0.865009 1.000000
0.865029 1.000000
0.865050 1.000000
0.865091 1.000000
0.865132 1.000000
0.865153 1.000000
0.865183 1.000000
0.865204 1.000000
0.865214 1.000000
0.865245 1.000000
0.865286 1.000000
0.865306 1.000000
0.865358 1.000000
0.865378 1.000000
0.865419 1.000000
0.865440 1.000000
0.865481 1.000000
0.865501 1.000000
0.865511 1.000000
0.865532 1.000000
0.865552 1.000000
0.865583 1.000000
0.865614 1.000000
0.865634 1.000000
0.865655 1.000000
0.865716 1.000000
0.865747 1.000000
0.865768 1.000000
0.865799 1.000000
0.865819 1.000000
0.865870 1.000000
0.865911 1.000000
0.865973 1.000000
0.866034 1.000000
0.866075 1.000000
0.866116 1.000000
0.866147 1.000000
0.866168 1.000000
0.866209 1.000000
0.866239 1.000000
0.866260 1.000000
0.866291 1.000000
0.866301 1.000000
0.866342 1.000000
0.866414 1.000000
0.866434 1.000000
0.866455 1.000000
0.866496 1.000000
0.866537 1.000000
0.866578 1.000000
0.866609 1.000000
0.866650 1.000000
0.866701 1.000000
0.866721 1.000000
0.866742 1.000000
0.866762 1.000000
0.866773 1.000000
0.866793 1.000000
0.866803 1.000000
0.866824 1.000000
0.866844 1.000000
0.866865 1.000000
0.866875 1.000000
0.866896 1.000000
0.866978 1.000000
0.866998 1.000000
0.867019 1.000000
0.867039 1.000000
0.867111 1.000000
0.867132 1.000000
0.867142 1.000000
0.867173 1.000000
0.867214 1.000000
0.867244 1.000000
0.867285 1.000000
0.867306 1.000000
0.867337 1.000000
0.867367 1.000000
0.867439 1.000000
0.867460 1.000000
0.867521 1.000000
0.867552 1.000000
0.867572 1.000000
0.867593 1.000000
0.867603 1.000000
0.867624 1.000000
0.867634 1.000000
0.867654 1.000000
0.867726 1.000000
0.867747 1.000000
0.867767 1.000000
0.867788 1.000000
0.867819 1.000000
0.867880 1.000000
0.867921 1.000000
0.867952 1.000000
0.867972 1.000000
0.868024 1.000000
0.868065 1.000000
0.868147 1.000000
0.868188 1.000000
0.868198 1.000000
0.868218 1.000000
0.868229 1.000000
0.868249 1.000000
0.868270 1.000000
0.868290 1.000000
0.868321 1.000000
0.868341 1.000000
0.868403 1.000000
0.868423 1.000000
0.868454 1.000000
0.868475 1.000000
0.868485 1.000000
0.868506 1.000000
0.868547 1.000000
0.868588 1.000000
0.868659 1.000000
0.868700 1.000000
0.868731 1.000000
0.868741 1.000000
0.868762 1.000000
0.868772 1.000000
0.868803 1.000000
0.868854 1.000000
0.868916 1.000000
0.868946 1.000000
0.868967 1.000000
0.868998 1.000000
0.869039 1.000000
0.869049 1.000000
0.869090 1.000000
0.869295 1.000000
0.869316 1.000000
0.869346 1.000000
0.869367 1.000000
0.869418 1.000000
0.869439 1.000000
0.869449 1.000000
0.869469 1.000000
0.869541 1.000000
0.869562 1.000000
0.869592 1.000000
0.869674 1.000000
0.869695 1.000000
0.869726 1.000000
0.869767 1.000000
0.869818 1.000000
0.869839 1.000000
0.869849 1.000000
0.869869 1.000000
0.869921 1.000000
0.869941 1.000000
0.870003 1.000000
0.870023 1.000000
0.870074 1.000000
0.870105 1.000000
0.870238 1.000000
0.870259 1.000000
0.870290 1.000000
0.870300 1.000000
0.870341 1.000000
0.870351 1.000000
0.870372 1.000000
0.870382 1.000000
0.870423 1.000000
0.870454 1.000000
0.870474 1.000000
0.870484 1.000000
0.870515 1.000000
0.870546 1.000000
0.870567 1.000000
0.870577 1.000000
0.870597 1.000000
0.870669 1.000000
0.870690 1.000000
0.870720 1.000000
0.870741 1.000000
0.870792 1.000000
0.870813 1.000000
0.870843 1.000000
0.870874 1.000000
0.870905 1.000000
0.870925 1.000000
0.870956 1.000000
0.870977 1.000000
0.871089 1.000000
0.871110 1.000000
0.871141 1.000000
0.871233 1.000000
0.871274 1.000000
0.871418 1.000000
0.871438 1.000000
0.871479 1.000000
0.871500 1.000000
0.871530 1.000000
0.871551 1.000000
0.871592 1.000000
0.871612 1.000000
0.871653 1.000000
0.871674 1.000000
0.871715 1.000000
0.871725 1.000000
0.871787 1.000000
0.871817 1.000000
0.871838 1.000000
0.871858 1.000000
0.871879 1.000000
0.871961 1.000000
0.872023 1.000000
0.872053 1.000000
0.872074 1.000000
0.872094 1.000000
0.872115 1.000000
0.872125 1.000000
0.872166 1.000000
0.872207 1.000000
0.872228 1.000000
0.872258 1.000000
0.872269 1.000000
0.872310 1.000000
0.872340 1.000000
0.872361 1.000000
0.872371 1.000000
0.872392 1.000000
0.872443 1.000000
0.872463 1.000000
0.872535 1.000000
0.872556 1.000000
0.872617 1.000000
0.872658 1.000000
0.872669 1.000000
0.872689 1.000000
0.872781 1.000000
0.872812 1.000000
0.872843 1.000000
0.872874 1.000000
0.872894 1.000000
0.872915 1.000000
0.872956 1.000000
0.872986 1.000000
0.873048 1.000000
0.873079 1.000000
0.873099 1.000000
0.873120 1.000000
0.873171 1.000000
0.873191 1.000000
0.873253 1.000000
0.873274 1.000000
0.873304 1.000000
0.873325 1.000000
0.873335 1.000000
0.873366 1.000000
0.873397 1.000000
0.873417 1.000000
0.873458 1.000000
0.873499 1.000000
0.873530 1.000000
0.873550 1.000000
0.873612 1.000000
0.873632 1.000000
0.873663 1.000000
0.873684 1.000000
0.873704 1.000000
0.873735 1.000000
0.873807 1.000000
0.873827 1.000000
0.873878 1.000000
0.873899 1.000000
0.873930 1.000000
0.873950 1.000000
0.873991 1.000000
0.874012 1.000000
0.874032 1.000000
0.874073 1.000000
0.874166 1.000000
0.874186 1.000000
0.874196 1.000000
0.874237 1.000000
0.874258 1.000000
0.874278 1.000000
0.874289 1.000000
0.874309 1.000000
0.874340 1.000000
0.874371 1.000000
0.874391 1.000000
0.874401 1.000000
0.874442 1.000000
0.874473 1.000000
0.874494 1.000000
0.874504 1.000000
0.874535 1.000000
0.874555 1.000000
0.874596 1.000000
0.874627 1.000000
0.874648 1.000000
0.874658 1.000000
0.874678 1.000000
0.874709 1.000000
0.874791 1.000000
0.874801 1.000000
0.874822 1.000000
0.874863 1.000000
0.874894 1.000000
0.874955 1.000000
0.874986 1.000000
0.875006 1.000000
0.875027 1.000000
0.875037 1.000000
0.875058 1.000000
0.875119 1.000000
0.875140 1.000000
0.875181 1.000000
0.875211 1.000000
0.875232 1.000000
0.875273 1.000000
0.875294 1.000000
0.875314 1.000000
0.875335 1.000000
0.875396 1.000000
0.875427 1.000000
0.875458 1.000000
0.875519 1.000000
0.875540 1.000000
0.875560 1.000000
0.875581 1.000000
0.875601 1.000000
0.875632 1.000000
0.875652 1.000000
0.875673 1.000000
0.875704 1.000000
0.875714 1.000000
0.875734 1.000000
0.875745 1.000000
0.875786 1.000000
0.875796 1.000000
0.875816 1.000000
0.875909 1.000000
0.875929 1.000000
0.875940 1.000000
0.875981 1.000000
0.875991 1.000000
0.876011 1.000000
0.876052 1.000000
0.876073 1.000000
0.876083 1.000000
0.876114 1.000000
0.876134 1.000000
0.876165 1.000000
0.876186 1.000000
0.876206 1.000000
0.876227 1.000000
0.876288 1.000000
0.876309 1.000000
0.876329 1.000000
0.876350 1.000000
0.876391 1.000000
0.876421 1.000000
0.876462 1.000000
0.876473 1.000000
0.876493 1.000000
0.876596 1.000000
0.876616 1.000000
0.876709 1.000000
0.876729 1.000000
0.876739 1.000000
0.876770 1.000000
0.876780 1.000000
0.876801 1.000000
0.876821 1.000000
0.876883 1.000000
0.876914 1.000000
0.876934 1.000000
0.876975 1.000000
0.876996 1.000000
0.877006 1.000000
0.877026 1.000000
0.877057 1.000000
0.877078 1.000000
0.877149 1.000000
0.877190 1.000000
0.877201 1.000000
0.877221 1.000000
0.877324 1.000000
0.877344 1.000000
0.877385 1.000000
0.877426 1.000000
0.877437 1.000000
0.877478 1.000000
0.877519 1.000000
0.877539 1.000000
0.877549 1.000000
0.877580 1.000000
0.877611 1.000000
0.877631 1.000000
0.877652 1.000000
0.877693 1.000000
0.877724 1.000000
0.877744 1.000000
0.877775 1.000000
0.877867 1.000000
0.877888 1.000000
0.877898 1.000000
0.877918 1.000000
0.877929 1.000000
0.877949 1.000000
0.877980 1.000000
0.878021 1.000000
0.878124 1.000000
0.878165 1.000000
0.878175 1.000000
0.878195 1.000000
0.878216 1.000000
0.878236 1.000000
0.878247 1.000000
0.878267 1.000000
0.878308 1.000000
0.878329 1.000000
0.878339 1.000000
0.878359 1.000000
0.878400 1.000000
0.878431 1.000000
0.878441 1.000000
0.878462 1.000000
0.878493 1.000000
0.878544 1.000000
0.878564 1.000000
0.878585 1.000000
0.878605 1.000000
0.878647 1.000000
0.878667 1.000000
0.878698 1.000000
0.878718 1.000000
0.878749 1.000000
0.878770 1.000000
0.878780 1.000000
0.878800 1.000000
0.878811 1.000000
0.878841 1.000000
0.878852 1.000000
0.878872 1.000000
0.878934 1.000000
0.878954 1.000000
0.878964 1.000000
0.879005 1.000000
0.879036 1.000000
0.879057 1.000000
0.879067 1.000000
0.879108 1.000000
0.879128 1.000000
0.879149 1.000000
0.879169 1.000000
0.879190 1.000000
0.879272 1.000000
0.879292 1.000000
0.879303 1.000000
0.879323 1.000000
0.879375 1.000000
0.879395 1.000000
0.879416 1.000000
0.879457 1.000000
0.879498 1.000000
0.879518 1.000000
0.879549 1.000000
0.879590 1.000000
0.879631 1.000000
0.879651 1.000000
0.879662 1.000000
0.879682 1.000000
0.879774 1.000000
0.879795 1.000000
0.879815 1.000000
0.879856 1.000000
0.879897 1.000000
0.879938 1.000000
0.879969 1.000000
0.879990 1.000000
0.880051 1.000000
0.880072 1.000000
0.880092 1.000000
0.880133 1.000000
0.880174 1.000000
0.880246 1.000000
0.880267 1.000000
0.880287 1.000000
0.880308 1.000000
0.880441 1.000000
0.880461 1.000000
0.880564 1.000000
0.880605 1.000000
0.880636 1.000000
0.880646 1.000000
0.880677 1.000000
0.880708 1.000000
0.880749 1.000000
0.880759 1.000000
0.880790 1.000000
0.880851 1.000000
0.880882 1.000000
0.880902 1.000000
0.880913 1.000000
0.880933 1.000000
0.880964 1.000000
0.880984 1.000000
0.881046 1.000000
0.881087 1.000000
0.881169 1.000000
0.881189 1.000000
0.881220 1.000000
0.881261 1.000000
0.881302 1.000000
0.881323 1.000000
0.881343 1.000000
0.881395 1.000000
0.881415 1.000000
0.881477 1.000000
0.881518 1.000000
0.881538 1.000000
0.881559 1.000000
0.881600 1.000000
0.881610 1.000000
0.881630 1.000000
0.881682 1.000000
0.881702 1.000000
0.881794 1.000000
0.881835 1.000000
0.881846 1.000000
0.881866 1.000000
0.881979 1.000000
0.881999 1.000000
0.882010 1.000000
0.882030 1.000000
0.882092 1.000000
0.882112 1.000000
0.882153 1.000000
0.882194 1.000000
0.882276 1.000000
0.882297 1.000000
0.882338 1.000000
0.882358 1.000000
0.882369 1.000000
0.882389 1.000000
0.882420 1.000000
0.882451 1.000000
0.882481 1.000000
0.882512 1.000000
0.882574 1.000000
0.882594 1.000000
0.882615 1.000000
0.882635 1.000000
0.882728 1.000000
0.882748 1.000000
0.882758 1.000000
0.882779 1.000000
0.882789 1.000000
0.882810 1.000000
0.882881 1.000000
0.882902 1.000000
0.882943 1.000000
0.882963 1.000000
0.882974 1.000000
0.882994 1.000000
0.883189 1.000000
0.883220 1.000000
0.883240 1.000000
0.883281 1.000000
0.883302 1.000000
0.883343 1.000000
0.883373 1.000000
0.883435 1.000000
0.883445 1.000000
0.883476 1.000000
0.883497 1.000000
0.883517 1.000000
0.883548 1.000000
0.883568 1.000000
0.883599 1.000000
0.883609 1.000000
0.883630 1.000000
0.883681 1.000000
0.883712 1.000000
0.883732 1.000000
0.883804 1.000000
0.883835 1.000000
0.883896 1.000000
0.883937 1.000000
0.883978 1.000000
0.884009 1.000000
0.884040 1.000000
0.884060 1.000000
0.884122 1.000000
0.884143 1.000000
0.884235 1.000000
0.884255 1.000000
0.884307 1.000000
0.884348 1.000000
0.884368 1.000000
0.884389 1.000000
0.884419 1.000000
0.884440 1.000000
0.884460 1.000000
0.884542 1.000000
0.884594 1.000000
0.884624 1.000000
0.884635 1.000000
0.884655 1.000000
0.884737 1.000000
0.884768 1.000000
0.884819 1.000000
0.884840 1.000000
0.884891 1.000000
0.884912 1.000000
0.884932 1.000000
0.884973 1.000000
0.885055 1.000000
0.885076 1.000000
0.885096 1.000000
0.885137 1.000000
0.885188 1.000000
0.885229 1.000000
0.885311 1.000000
0.885373 1.000000
0.885383 1.000000
0.885414 1.000000
0.885455 1.000000
0.885517 1.000000
0.885527 1.000000
0.885547 1.000000
0.885599 1.000000
0.885619 1.000000
0.885640 1.000000
0.885681 1.000000
0.885691 1.000000
0.885711 1.000000
0.885722 1.000000
0.885742 1.000000
0.885752 1.000000
0.885773 1.000000
0.885814 1.000000
0.885834 1.000000
0.885855 1.000000
0.885875 1.000000
0.885886 1.000000
0.885916 1.000000
0.885988 1.000000
0.886009 1.000000
0.886060 1.000000
0.886080 1.000000
0.886111 1.000000
0.886132 1.000000
0.886173 1.000000
0.886193 1.000000
0.886255 1.000000
0.886286 1.000000
0.886429 1.000000
0.886450 1.000000
0.886480 1.000000
0.886501 1.000000
0.886511 1.000000
0.886532 1.000000
0.886542 1.000000
0.886562 1.000000
0.886593 1.000000
0.886634 1.000000
0.886655 1.000000
0.886685 1.000000
0.886726 1.000000
0.886809 1.000000
0.886829 1.000000
0.886870 1.000000
0.886911 1.000000
0.886932 1.000000
0.886952 1.000000
0.886973 1.000000
0.887003 1.000000
0.887065 1.000000
0.887075 1.000000
0.887106 1.000000
0.887126 1.000000
0.887147 1.000000
0.887178 1.000000
0.887198 1.000000
0.887208 1.000000
0.887229 1.000000
0.887280 1.000000
0.887321 1.000000
0.887342 1.000000
0.887352 1.000000
0.887372 1.000000
0.887454 1.000000
0.887475 1.000000
0.887547 1.000000
0.887578 1.000000
0.887598 1.000000
0.887639 1.000000
0.887660 1.000000
0.887680 1.000000
0.887701 1.000000
0.887854 1.000000
0.887895 1.000000
0.887926 1.000000
0.887967 1.000000
0.887977 1.000000
0.887998 1.000000
0.888008 1.000000
0.888029 1.000000
0.888090 1.000000
0.888111 1.000000
0.888131 1.000000
0.888152 1.000000
0.888162 1.000000
0.888213 1.000000
0.888295 1.000000
0.888336 1.000000
0.888357 1.000000
0.888388 1.000000
0.888408 1.000000
0.888429 1.000000
0.888449 1.000000
0.888511 1.000000
0.888552 1.000000
0.888572 1.000000
0.888634 1.000000
0.888654 1.000000
0.888675 1.000000
0.888705 1.000000
0.888726 1.000000
0.888767 1.000000
0.888808 1.000000
0.888849 1.000000
0.889013 1.000000
0.889034 1.000000
0.889105 1.000000
0.889126 1.000000
0.889136 1.000000
0.889157 1.000000
0.889177 1.000000
0.889198 1.000000
0.889208 1.000000
0.889249 1.000000
0.889290 1.000000
0.889331 1.000000
0.889351 1.000000
0.889372 1.000000
0.889382 1.000000
0.889403 1.000000
0.889444 1.000000
0.889598 1.000000
0.889639 1.000000
0.889680 1.000000
0.889710 1.000000
0.889751 1.000000
0.889782 1.000000
0.889792 1.000000
0.889813 1.000000
0.889844 1.000000
0.889864 1.000000
0.889874 1.000000
0.889905 1.000000
0.889936 1.000000
0.889956 1.000000
0.889967 1.000000
0.889997 1.000000
0.890008 1.000000
0.890028 1.000000
0.890141 1.000000
0.890182 1.000000
0.890213 1.000000
0.890233 1.000000
0.890305 1.000000
0.890326 1.000000
0.890367 1.000000
0.890387 1.000000
0.890397 1.000000
0.890418 1.000000
0.890428 1.000000
0.890469 1.000000
0.890520 1.000000
0.890561 1.000000
0.890602 1.000000
0.890623 1.000000
0.890684 1.000000
0.890715 1.000000
0.890736 1.000000
0.890756 1.000000
0.890777 1.000000
0.890797 1.000000
0.890818 1.000000
0.890838 1.000000
0.890879 1.000000
0.890920 1.000000
0.890972 1.000000
0.890992 1.000000
0.891023 1.000000
0.891043 1.000000
0.891084 1.000000
0.891115 1.000000
0.891197 1.000000
0.891218 1.000000
0.891300 1.000000
0.891320 1.000000
0.891341 1.000000
0.891371 1.000000
0.891402 1.000000
0.891494 1.000000
0.891515 1.000000
0.891566 1.000000
0.891597 1.000000
0.891607 1.000000
0.891628 1.000000
0.891659 1.000000
0.891679 1.000000
0.891700 1.000000
0.891741 1.000000
0.891771 1.000000
0.891792 1.000000
0.891823 1.000000
0.891864 1.000000
0.891884 1.000000
0.891905 1.000000
0.891956 1.000000
0.891976 1.000000
0.891997 1.000000
0.892017 1.000000
0.892038 1.000000
0.892058 1.000000
0.892089 1.000000
0.892110 1.000000
0.892130 1.000000
0.892151 1.000000
0.892294 1.000000
0.892315 1.000000
0.892335 1.000000
0.892356 1.000000
0.892438 1.000000
0.892469 1.000000
0.892489 1.000000
0.892602 1.000000
0.892622 1.000000
0.892633 1.000000
0.892674 1.000000
0.892704 1.000000
0.892725 1.000000
0.892756 1.000000
0.892786 1.000000
0.892848 1.000000
0.892868 1.000000
0.892910 1.000000
0.892971 1.000000
0.892992 1.000000
0.893053 1.000000
0.893115 1.000000
0.893186 1.000000
0.893248 1.000000
0.893320 1.000000
0.893340 1.000000
0.893391 1.000000
0.893432 1.000000
0.893535 1.000000
0.893576 1.000000
0.893607 1.000000
0.893627 1.000000
0.893699 1.000000
0.893720 1.000000
0.893761 1.000000
0.893802 1.000000
0.893822 1.000000
0.893832 1.000000
0.893853 1.000000
0.893925 1.000000
0.893945 1.000000
0.893986 1.000000
0.894017 1.000000
0.894048 1.000000
0.894089 1.000000
0.894099 1.000000
0.894130 1.000000
0.894140 1.000000
0.894160 1.000000
0.894222 1.000000
0.894253 1.000000
0.894284 1.000000
0.894314 1.000000
0.894366 1.000000
0.894396 1.000000
0.894417 1.000000
0.894427 1.000000
0.894448 1.000000
0.894499 1.000000
0.894530 1.000000
0.894550 1.000000
0.894581 1.000000
0.894601 1.000000
0.894673 1.000000
0.894694 1.000000
0.894735 1.000000
0.894776 1.000000
0.894806 1.000000
0.894827 1.000000
0.894837 1.000000
0.894858 1.000000
0.894868 1.000000
0.894909 1.000000
0.894930 1.000000
0.894950 1.000000
0.894981 1.000000
0.895001 1.000000
0.895042 1.000000
0.895063 1.000000
0.895135 1.000000
0.895176 1.000000
0.895217 1.000000
0.895237 1.000000
0.895247 1.000000
0.895278 1.000000
0.895452 1.000000
0.895483 1.000000
0.895545 1.000000
0.895596 1.000000
0.895617 1.000000
0.895791 1.000000
0.895811 1.000000
0.895842 1.000000
0.895852 1.000000
0.895873 1.000000
0.895883 1.000000
0.895904 1.000000
0.895934 1.000000
0.895975 1.000000
0.896006 1.000000
0.896027 1.000000
0.896098 1.000000
0.896139 1.000000
0.896150 1.000000
0.896170 1.000000
0.896191 1.000000
0.896211 1.000000
0.896283 1.000000
0.896324 1.000000
0.896334 1.000000
0.896375 1.000000
0.896396 1.000000
0.896416 1.000000
0.896539 1.000000
0.896560 1.000000
0.896621 1.000000
0.896683 1.000000
0.896693 1.000000
0.896714 1.000000
0.896734 1.000000
0.896775 1.000000
0.896806 1.000000
0.896908 1.000000
0.896929 1.000000
0.896980 1.000000
0.897042 1.000000
0.897103 1.000000
0.897124 1.000000
0.897144 1.000000
0.897196 1.000000
0.897206 1.000000
0.897226 1.000000
0.897319 1.000000
0.897339 1.000000
0.897370 1.000000
0.897390 1.000000
0.897401 1.000000
0.897442 1.000000
0.897472 1.000000
0.897493 1.000000
0.897524 1.000000
0.897565 1.000000
0.897585 1.000000
0.897595 1.000000
0.897616 1.000000
0.897647 1.000000
0.897678 1.000000
0.897688 1.000000
0.897708 1.000000
0.897729 1.000000
0.897749 1.000000
0.897770 1.000000
0.897790 1.000000
0.897821 1.000000
0.897842 1.000000
0.897883 1.000000
0.897903 1.000000
0.897913 1.000000
0.897934 1.000000
0.897965 1.000000
0.897985 1.000000
0.897995 1.000000
0.898016 1.000000
0.898026 1.000000
0.898057 1.000000
0.898118 1.000000
0.898149 1.000000
0.898170 1.000000
0.898190 1.000000
0.898211 1.000000
0.898252 1.000000
0.898272 1.000000
0.898293 1.000000
0.898313 1.000000
0.898324 1.000000
0.898344 1.000000
0.898436 1.000000
0.898457 1.000000
0.898467 1.000000
0.898498 1.000000
0.898570 1.000000
0.898590 1.000000
0.898611 1.000000
0.898631 1.000000
0.898641 1.000000
0.898662 1.000000
0.898693 1.000000
0.898816 1.000000
0.898836 1.000000
0.898846 1.000000
0.898877 1.000000
0.898928 1.000000
0.898949 1.000000
0.898980 1.000000
0.899011 1.000000
0.899031 1.000000
0.899062 1.000000
0.899103 1.000000
0.899123 1.000000
0.899134 1.000000
0.899154 1.000000
0.899164 1.000000
0.899185 1.000000
0.899205 1.000000
0.899226 1.000000
0.899236 1.000000
0.899257 1.000000
0.899277 1.000000
0.899318 1.000000
0.899349 1.000000
0.899380 1.000000
0.899441 1.000000
0.899482 1.000000
0.899492 1.000000
0.899533 1.000000
0.899554 1.000000
0.899595 1.000000
0.899626 1.000000
0.899646 1.000000
0.899656 1.000000
0.899677 1.000000
0.899698 1.000000
0.899739 1.000000
0.899749 1.000000
0.899769 1.000000
0.899810 1.000000
0.899841 1.000000
0.899851 1.000000
0.899872 1.000000
0.899882 1.000000
0.899903 1.000000
0.899923 1.000000
0.899944 1.000000
0.899995 1.000000
0.900015 1.000000
0.900056 1.000000
0.900118 1.000000
0.900220 1.000000
0.900241 1.000000
0.900272 1.000000
0.900292 1.000000
0.900302 1.000000
0.900333 1.000000
0.900436 1.000000
0.900497 1.000000
0.900528 1.000000
0.900549 1.000000
0.900569 1.000000
0.900610 1.000000
0.900620 1.000000
0.900641 1.000000
0.900651 1.000000
0.900672 1.000000
0.900743 1.000000
0.900764 1.000000
0.900795 1.000000
0.900805 1.000000
0.900825 1.000000
0.900856 1.000000
0.900887 1.000000
0.900959 1.000000
0.900979 1.000000
0.900989 1.000000
0.901031 1.000000
0.901123 1.000000
0.901143 1.000000
0.901154 1.000000
0.901174 1.000000
0.901205 1.000000
0.901236 1.000000
0.901246 1.000000
0.901266 1.000000
0.901277 1.000000
0.901297 1.000000
0.901318 1.000000
0.901359 1.000000
0.901471 1.000000
0.901492 1.000000
0.901502 1.000000
0.901584 1.000000
0.901594 1.000000
0.901615 1.000000
0.901646 1.000000
0.901656 1.000000
0.901759 1.000000
0.901830 1.000000
0.901851 1.000000
0.901892 1.000000
0.901933 1.000000
0.901943 1.000000
0.901984 1.000000
0.902076 1.000000
0.902097 1.000000
0.902107 1.000000
0.902128 1.000000
0.902138 1.000000
0.902199 1.000000
0.902251 1.000000
0.902281 1.000000
0.902322 1.000000
0.902363 1.000000
0.902466 1.000000
0.902487 1.000000
0.902507 1.000000
0.902528 1.000000
0.902548 1.000000
0.902579 1.000000
0.902630 1.000000
0.902651 1.000000
0.902712 1.000000
0.902733 1.000000
0.902743 1.000000
0.902763 1.000000
0.902866 1.000000
0.902907 1.000000
0.902948 1.000000
0.902979 1.000000
0.902999 1.000000
0.903020 1.000000
0.903050 1.000000
0.903071 1.000000
0.903081 1.000000
0.903102 1.000000
0.903112 1.000000
0.903153 1.000000
0.903204 1.000000
0.903225 1.000000
0.903235 1.000000
0.903256 1.000000
0.903276 1.000000
0.903338 1.000000
0.903399 1.000000
0.903430 1.000000
0.903471 1.000000
0.903512 1.000000
0.903532 1.000000
0.903563 1.000000
0.903594 1.000000
0.903696 1.000000
0.903717 1.000000
0.903758 1.000000
0.903779 1.000000
0.903799 1.000000
0.903820 1.000000
0.903871 1.000000
0.903891 1.000000
0.903932 1.000000
0.903973 1.000000
0.903984 1.000000
0.904004 1.000000
0.904014 1.000000
0.904035 1.000000
0.904076 1.000000
0.904107 1.000000
0.904127 1.000000
0.904137 1.000000
0.904168 1.000000
0.904240 1.000000
0.904260 1.000000
0.904301 1.000000
0.904322 1.000000
0.904353 1.000000
0.904373 1.000000
0.904383 1.000000
0.904404 1.000000
0.904466 1.000000
0.904507 1.000000
0.904517 1.000000
0.904548 1.000000
0.904558 1.000000
0.904578 1.000000
0.904660 1.000000
0.904701 1.000000
0.904753 1.000000
0.904783 1.000000
0.904814 1.000000
0.904845 1.000000
0.904855 1.000000
0.904876 1.000000
0.904917 1.000000
0.904958 1.000000
0.904999 1.000000
0.905214 1.000000
0.905235 1.000000
0.905276 1.000000
0.905296 1.000000
0.905317 1.000000
0.905347 1.000000
0.905481 1.000000
0.905511 1.000000
0.905532 1.000000
0.905614 1.000000
0.905634 1.000000
0.905706 1.000000
0.905768 1.000000
0.905799 1.000000
0.905819 1.000000
0.905840 1.000000
0.905860 1.000000
0.905942 1.000000
0.905963 1.000000
0.905973 1.000000
0.905993 1.000000
0.906024 1.000000
0.906045 1.000000
0.906075 1.000000
0.906096 1.000000
0.906106 1.000000
0.906127 1.000000
0.906198 1.000000
0.906239 1.000000
0.906250 1.000000
0.906270 1.000000
0.906280 1.000000
0.906311 1.000000
0.906332 1.000000
0.906352 1.000000
0.906393 1.000000
0.906403 1.000000
0.906424 1.000000
0.906475 1.000000
0.906496 1.000000
0.906537 1.000000
0.906557 1.000000
0.906660 1.000000
0.906701 1.000000
0.906762 1.000000
0.906793 1.000000
0.906834 1.000000
0.906855 1.000000
0.906875 1.000000
0.906896 1.000000
0.906916 1.000000
0.906947 1.000000
0.906957 1.000000
0.906978 1.000000
0.907039 1.000000
0.907060 1.000000
0.907080 1.000000
0.907101 1.000000
0.907111 1.000000
0.907142 1.000000
0.907162 1.000000
0.907203 1.000000
0.907234 1.000000
0.907296 1.000000
0.907316 1.000000
0.907326 1.000000
0.907347 1.000000
0.907357 1.000000
0.907378 1.000000
0.907439 1.000000
0.907460 1.000000
0.907521 1.000000
0.907542 1.000000
0.907624 1.000000
0.907644 1.000000
0.907716 1.000000
0.907736 1.000000
0.907747 1.000000
0.907777 1.000000
0.907819 1.000000
0.907890 1.000000
0.907911 1.000000
0.907942 1.000000
0.907952 1.000000
0.907972 1.000000
0.907983 1.000000
0.908003 1.000000
0.908024 1.000000
0.908054 1.000000
0.908075 1.000000
0.908095 1.000000
0.908136 1.000000
0.908157 1.000000
0.908167 1.000000
0.908270 1.000000
0.908352 1.000000
0.908372 1.000000
0.908382 1.000000
0.908403 1.000000
0.908413 1.000000
0.908434 1.000000
0.908464 1.000000
0.908506 1.000000
0.908516 1.000000
0.908536 1.000000
0.908577 1.000000
0.908598 1.000000
0.908618 1.000000
0.908639 1.000000
0.908680 1.000000
0.908700 1.000000
0.908772 1.000000
0.908793 1.000000
0.908844 1.000000
0.908864 1.000000
0.908905 1.000000
0.908936 1.000000
0.908957 1.000000
0.908977 1.000000
0.908998 1.000000
0.909028 1.000000
0.909039 1.000000
0.909059 1.000000
0.909080 1.000000
0.909110 1.000000
0.909162 1.000000
0.909182 1.000000
0.909244 1.000000
0.909264 1.000000
0.909285 1.000000
0.909305 1.000000
0.909336 1.000000
0.909377 1.000000
0.909428 1.000000
0.909449 1.000000
0.909490 1.000000
0.909582 1.000000
0.909603 1.000000
0.909654 1.000000
0.909674 1.000000
0.909736 1.000000
0.909756 1.000000
0.909767 1.000000
0.909787 1.000000
0.909808 1.000000
0.909828 1.000000
0.909849 1.000000
0.909869 1.000000
0.909880 1.000000
0.909910 1.000000
0.909921 1.000000
0.909941 1.000000
0.909982 1.000000
0.910003 1.000000
0.910033 1.000000
0.910054 1.000000
0.910074 1.000000
0.910105 1.000000
0.910136 1.000000
0.910167 1.000000
0.910208 1.000000
0.910238 1.000000
0.910259 1.000000
0.910433 1.000000
0.910454 1.000000
0.910484 1.000000
0.910505 1.000000
0.910515 1.000000
0.910556 1.000000
0.910628 1.000000
0.910649 1.000000
0.910659 1.000000
0.910679 1.000000
0.910690 1.000000
0.910731 1.000000
0.910741 1.000000
0.910761 1.000000
0.910813 1.000000
0.910833 1.000000
0.910843 1.000000
0.910864 1.000000
0.910874 1.000000
0.910905 1.000000
0.910956 1.000000
0.910977 1.000000
0.910997 1.000000
0.911028 1.000000
0.911059 1.000000
0.911079 1.000000
0.911089 1.000000
0.911110 1.000000
0.911120 1.000000
0.911141 1.000000
0.911171 1.000000
0.911192 1.000000
0.911243 1.000000
0.911264 1.000000
0.911284 1.000000
0.911305 1.000000
0.911336 1.000000
0.911356 1.000000
0.911469 1.000000
0.911510 1.000000
0.911520 1.000000
0.911541 1.000000
0.911551 1.000000
0.911592 1.000000
0.911653 1.000000
0.911694 1.000000
0.911725 1.000000
0.911746 1.000000
0.911828 1.000000
0.911848 1.000000
0.911879 1.000000
0.911910 1.000000
0.911930 1.000000
0.911951 1.000000
0.911992 1.000000
0.912033 1.000000
0.912105 1.000000
0.912125 1.000000
0.912207 1.000000
0.912228 1.000000
0.912238 1.000000
0.912269 1.000000
0.912279 1.000000
0.912299 1.000000
0.912310 1.000000
0.912330 1.000000
0.912371 1.000000
0.912392 1.000000
0.912453 1.000000
0.912474 1.000000
0.912576 1.000000
0.912617 1.000000
0.912628 1.000000
0.912658 1.000000
0.912669 1.000000
0.912699 1.000000
0.912720 1.000000
0.912751 1.000000
0.912792 1.000000
0.912863 1.000000
0.912884 1.000000
0.912894 1.000000
0.912915 1.000000
0.912986 1.000000
0.913017 1.000000
0.913058 1.000000
0.913089 1.000000
0.913120 1.000000
0.913140 1.000000
0.913171 1.000000
0.913263 1.000000
0.913294 1.000000
0.913315 1.000000
0.913356 1.000000
0.913376 1.000000
0.913458 1.000000
0.913479 1.000000
0.913550 1.000000
0.913571 1.000000
0.913581 1.000000
0.913622 1.000000
0.913735 1.000000
0.913755 1.000000
0.913837 1.000000
0.913858 1.000000
0.913868 1.000000
0.913889 1.000000
0.913981 1.000000
0.914002 1.000000
0.914032 1.000000
0.914053 1.000000
0.914104 1.000000
0.914125 1.000000
0.914176 1.000000
0.914237 1.000000
0.914258 1.000000
0.914278 1.000000
0.914289 1.000000
0.914319 1.000000
0.914381 1.000000
0.914401 1.000000
0.914442 1.000000
0.914473 1.000000
0.914514 1.000000
0.914555 1.000000
0.914596 1.000000
0.914637 1.000000
0.914699 1.000000
0.914719 1.000000
0.914740 1.000000
0.914781 1.000000
0.914842 1.000000
0.914863 1.000000
0.914894 1.000000
0.914955 1.000000
0.914976 1.000000
0.915006 1.000000
0.915027 1.000000
0.915078 1.000000
0.915099 1.000000
0.915109 1.000000
0.915129 1.000000
0.915160 1.000000
0.915201 1.000000
0.915222 1.000000
0.915242 1.000000
0.915252 1.000000
0.915273 1.000000
0.915283 1.000000
0.915324 1.000000
0.915335 1.000000
0.915355 1.000000
0.915365 1.000000
0.915396 1.000000
0.915458 1.000000
0.915468 1.000000
0.915488 1.000000
0.915519 1.000000
0.915540 1.000000
0.915570 1.000000
0.915591 1.000000
0.915642 1.000000
0.915663 1.000000
0.915673 1.000000
0.915693 1.000000
0.915704 1.000000
0.915724 1.000000
0.915765 1.000000
0.915806 1.000000
0.915816 1.000000
0.915837 1.000000
0.915919 1.000000
0.915940 1.000000
0.915991 1.000000
0.916032 1.000000
0.916155 1.000000
0.916186 1.000000
0.916247 1.000000
0.916268 1.000000
0.916329 1.000000
0.916370 1.000000
0.916391 1.000000
0.916473 1.000000
0.916503 1.000000
0.916534 1.000000
0.916585 1.000000
0.916627 1.000000
0.916709 1.000000
0.916729 1.000000
0.916811 1.000000
0.916852 1.000000
0.916862 1.000000
0.916893 1.000000
0.916914 1.000000
0.916965 1.000000
0.917047 1.000000
0.917078 1.000000
0.917088 1.000000
0.917119 1.000000
0.917160 1.000000
0.917201 1.000000
0.917211 1.000000
0.917231 1.000000
0.917324 1.000000
0.917344 1.000000
0.917447 1.000000
0.917467 1.000000
0.917519 1.000000
0.917539 1.000000
0.917713 1.000000
0.917744 1.000000
0.917765 1.000000
0.917785 1.000000
0.917847 1.000000
0.917908 1.000000
0.917929 1.000000
0.917939 1.000000
0.918001 1.000000
0.918052 1.000000
0.918093 1.000000
0.918144 1.000000
0.918165 1.000000
0.918247 1.000000
0.918267 1.000000
0.918288 1.000000
0.918308 1.000000
0.918339 1.000000
0.918359 1.000000
0.918503 1.000000
0.918544 1.000000
0.918554 1.000000
0.918575 1.000000
0.918595 1.000000
0.918616 1.000000
0.918647 1.000000
0.918688 1.000000
0.918708 1.000000
0.918800 1.000000
0.918831 1.000000
0.918852 1.000000
0.918882 1.000000
0.918923 1.000000
0.919005 1.000000
0.919026 1.000000
0.919046 1.000000
0.919087 1.000000
0.919108 1.000000
0.919149 1.000000
0.919159 1.000000
0.919180 1.000000
0.919200 1.000000
0.919221 1.000000
0.919231 1.000000
0.919251 1.000000
0.919282 1.000000
0.919303 1.000000
0.919334 1.000000
0.919395 1.000000
0.919416 1.000000
0.919436 1.000000
0.919477 1.000000
0.919518 1.000000
0.919549 1.000000
0.919569 1.000000
0.919610 1.000000
0.919641 1.000000
0.919662 1.000000
0.919733 1.000000
0.919754 1.000000
0.919764 1.000000
0.919785 1.000000
0.919805 1.000000
0.919826 1.000000
0.919836 1.000000
0.919877 1.000000
0.919897 1.000000
0.919938 1.000000
0.920072 1.000000
0.920092 1.000000
0.920215 1.000000
0.920277 1.000000
0.920287 1.000000
0.920308 1.000000
0.920318 1.000000
0.920338 1.000000
0.920349 1.000000
0.920369 1.000000
0.920400 1.000000
0.920410 1.000000
0.920431 1.000000
0.920441 1.000000
0.920461 1.000000
0.920492 1.000000
0.920554 1.000000
0.920564 1.000000
0.920595 1.000000
0.920625 1.000000
0.920646 1.000000
0.920656 1.000000
0.920677 1.000000
0.920708 1.000000
0.920738 1.000000
0.920769 1.000000
0.920800 1.000000
0.920882 1.000000
0.920902 1.000000
0.921005 1.000000
0.921046 1.000000
0.921066 1.000000
0.921087 1.000000
0.921138 1.000000
0.921159 1.000000
0.921179 1.000000
0.921220 1.000000
0.921251 1.000000
0.921312 1.000000
0.921343 1.000000
0.921364 1.000000
0.921436 1.000000
0.921477 1.000000
0.921507 1.000000
0.921528 1.000000
0.921538 1.000000
0.921559 1.000000
0.921579 1.000000
0.921620 1.000000
0.921641 1.000000
0.921661 1.000000
0.921702 1.000000
0.921733 1.000000
0.921743 1.000000
0.921764 1.000000
0.921846 1.000000
0.921866 1.000000
0.921876 1.000000
0.921897 1.000000
0.922051 1.000000
0.922071 1.000000
0.922082 1.000000
0.922102 1.000000
0.922123 1.000000
0.922174 1.000000
0.922194 1.000000
0.922215 1.000000
0.922225 1.000000
0.922287 1.000000
0.922297 1.000000
0.922328 1.000000
0.922358 1.000000
0.922389 1.000000
0.922420 1.000000
0.922461 1.000000
0.922481 1.000000
0.922502 1.000000
0.922543 1.000000
0.922553 1.000000
0.922594 1.000000
0.922615 1.000000
0.922635 1.000000
0.922656 1.000000
0.922676 1.000000
0.922707 1.000000
0.922748 1.000000
0.922799 1.000000
0.922820 1.000000
0.922830 1.000000
0.922851 1.000000
0.922892 1.000000
0.922902 1.000000
0.922922 1.000000
0.922953 1.000000
0.922994 1.000000
0.923015 1.000000
0.923035 1.000000
0.923076 1.000000
0.923117 1.000000
0.923158 1.000000
0.923179 1.000000
0.923189 1.000000
0.923209 1.000000
0.923281 1.000000
0.923302 1.000000
0.923466 1.000000
0.923486 1.000000
0.923558 1.000000
0.923579 1.000000
0.923599 1.000000
0.923640 1.000000
0.923661 1.000000
0.923681 1.000000
0.923691 1.000000
0.923732 1.000000
0.923814 1.000000
0.923855 1.000000
0.923876 1.000000
0.923907 1.000000
0.923927 1.000000
0.923958 1.000000
0.923978 1.000000
0.923989 1.000000
0.924009 1.000000
0.924132 1.000000
0.924163 1.000000
0.924173 1.000000
0.924194 1.000000
0.924225 1.000000
0.924245 1.000000
0.924255 1.000000
0.924296 1.000000
0.924307 1.000000
0.924327 1.000000
0.924348 1.000000
0.924368 1.000000
0.924419 1.000000
0.924450 1.000000
0.924471 1.000000
0.924491 1.000000
0.924522 1.000000
0.924542 1.000000
0.924563 1.000000
0.924583 1.000000
0.924594 1.000000
0.924635 1.000000
0.924645 1.000000
0.924665 1.000000
0.924706 1.000000
0.924737 1.000000
0.924758 1.000000
0.924799 1.000000
0.924819 1.000000
0.924850 1.000000
0.924891 1.000000
0.924901 1.000000
0.924922 1.000000
0.924932 1.000000
0.924953 1.000000
0.924963 1.000000
0.924983 1.000000
0.925004 1.000000
0.925024 1.000000
0.925127 1.000000
0.925147 1.000000
0.925168 1.000000
0.925199 1.000000
0.925260 1.000000
0.925301 1.000000
0.925363 1.000000
0.925404 1.000000
0.925486 1.000000
0.925547 1.000000
0.925609 1.000000
0.925629 1.000000
0.925722 1.000000
0.925742 1.000000
0.925783 1.000000
0.925804 1.000000
0.925886 1.000000
0.925906 1.000000
0.925927 1.000000
0.925968 1.000000
0.926009 1.000000
0.926050 1.000000
0.926080 1.000000
0.926111 1.000000
0.926152 1.000000
0.926245 1.000000
0.926286 1.000000
0.926306 1.000000
0.926327 1.000000
0.926337 1.000000
0.926368 1.000000
0.926378 1.000000
0.926419 1.000000
0.926439 1.000000
0.926480 1.000000
0.926542 1.000000
0.926562 1.000000
0.926685 1.000000
0.926706 1.000000
0.926716 1.000000
0.926737 1.000000
0.926767 1.000000
0.926788 1.000000
0.926798 1.000000
0.926819 1.000000
0.926850 1.000000
0.926870 1.000000
0.926952 1.000000
0.926973 1.000000
0.927014 1.000000
0.927034 1.000000
0.927096 1.000000
0.927116 1.000000
0.927147 1.000000
0.927208 1.000000
0.927229 1.000000
0.927270 1.000000
0.927290 1.000000
0.927342 1.000000
0.927362 1.000000
0.927383 1.000000
0.927444 1.000000
0.927454 1.000000
0.927537 1.000000
0.927567 1.000000
0.927588 1.000000
0.927598 1.000000
0.927629 1.000000
0.927670 1.000000
0.927690 1.000000
0.927701 1.000000
0.927721 1.000000
0.927742 1.000000
0.927783 1.000000
0.927793 1.000000
0.927834 1.000000
0.927875 1.000000
0.927895 1.000000
0.927906 1.000000
0.927926 1.000000
0.927977 1.000000
0.928018 1.000000
0.928029 1.000000
0.928049 1.000000
0.928080 1.000000
0.928100 1.000000
0.928121 1.000000
0.928142 1.000000
0.928193 1.000000
0.928213 1.000000
0.928244 1.000000
0.928275 1.000000
0.928377 1.000000
0.928398 1.000000
0.928439 1.000000
0.928500 1.000000
0.928521 1.000000
0.928541 1.000000
0.928634 1.000000
0.928675 1.000000
0.928757 1.000000
0.928777 1.000000
0.928787 1.000000
0.928818 1.000000
0.928829 1.000000
0.928849 1.000000
0.928859 1.000000
0.928880 1.000000
0.928952 1.000000
0.928972 1.000000
0.929054 1.000000
0.929095 1.000000
0.929116 1.000000
0.929136 1.000000
0.929167 1.000000
0.929187 1.000000
0.929310 1.000000
0.929331 1.000000
0.929403 1.000000
0.929423 1.000000
0.929433 1.000000
0.929454 1.000000
0.929474 1.000000
0.929495 1.000000
0.929546 1.000000
0.929567 1.000000
0.929608 1.000000
0.929639 1.000000
0.929690 1.000000
0.929721 1.000000
0.929741 1.000000
0.929782 1.000000
0.929792 1.000000
0.929813 1.000000
0.929823 1.000000
0.929844 1.000000
0.929895 1.000000
0.929915 1.000000
0.929936 1.000000
0.929956 1.000000
0.929967 1.000000
0.929987 1.000000
0.930131 1.000000
0.930151 1.000000
0.930161 1.000000
0.930182 1.000000
0.930192 1.000000
0.930213 1.000000
0.930285 1.000000
0.930305 1.000000
0.930336 1.000000
0.930356 1.000000
0.930418 1.000000
0.930459 1.000000
0.930469 1.000000
0.930500 1.000000
0.930520 1.000000
0.930541 1.000000
0.930561 1.000000
0.930664 1.000000
0.930684 1.000000
0.930715 1.000000
0.930756 1.000000
0.930787 1.000000
0.930807 1.000000
0.930838 1.000000
0.930869 1.000000
0.930890 1.000000
0.930900 1.000000
0.930920 1.000000
0.930931 1.000000
0.930951 1.000000
0.931136 1.000000
0.931156 1.000000
0.931259 1.000000
0.931279 1.000000
0.931300 1.000000
0.931330 1.000000
0.931382 1.000000
0.931423 1.000000
0.931546 1.000000
0.931566 1.000000
0.931710 1.000000
0.931730 1.000000
0.931782 1.000000
0.931802 1.000000
0.931864 1.000000
0.931925 1.000000
0.931935 1.000000
0.931956 1.000000
0.932017 1.000000
0.932038 1.000000
0.932069 1.000000
0.932089 1.000000
0.932151 1.000000
0.932171 1.000000
0.932233 1.000000
0.932264 1.000000
0.932325 1.000000
0.932346 1.000000
0.932356 1.000000
0.932376 1.000000
0.932417 1.000000
0.932438 1.000000
0.932489 1.000000
0.932510 1.000000
0.932592 1.000000
0.932612 1.000000
0.932622 1.000000
0.932643 1.000000
0.932684 1.000000
0.932725 1.000000
0.932766 1.000000
0.932786 1.000000
0.932858 1.000000
0.932879 1.000000
0.932910 1.000000
0.932930 1.000000
0.932940 1.000000
0.932981 1.000000
0.933012 1.000000
0.933033 1.000000
0.933197 1.000000
0.933217 1.000000
0.933289 1.000000
0.933309 1.000000
0.933330 1.000000
0.933350 1.000000
0.933361 1.000000
0.933402 1.000000
0.933412 1.000000
0.933432 1.000000
0.933463 1.000000
0.933484 1.000000
0.933535 1.000000
0.933566 1.000000
0.933648 1.000000
0.933668 1.000000
0.933699 1.000000
0.933720 1.000000
0.933761 1.000000
0.933791 1.000000
0.933802 1.000000
0.933822 1.000000
0.933873 1.000000
0.933904 1.000000
0.933955 1.000000
0.933976 1.000000
0.934089 1.000000
0.934109 1.000000
0.934119 1.000000
0.934150 1.000000
0.934191 1.000000
0.934212 1.000000
0.934222 1.000000
0.934243 1.000000
0.934253 1.000000
0.934294 1.000000
0.934304 1.000000
0.934325 1.000000
0.934366 1.000000
0.934386 1.000000
0.934417 1.000000
0.934437 1.000000
0.934448 1.000000
0.934468 1.000000
0.934489 1.000000
0.934530 1.000000
0.934591 1.000000
0.934622 1.000000
0.934786 1.000000
0.934806 1.000000
0.934817 1.000000
0.934837 1.000000
0.934909 1.000000
0.934930 1.000000
0.934960 1.000000
0.934981 1.000000
0.935063 1.000000
0.935083 1.000000
0.935155 1.000000
0.935196 1.000000
0.935217 1.000000
0.935258 1.000000
0.935288 1.000000
0.935309 1.000000
0.935319 1.000000
0.935340 1.000000
0.935504 1.000000
0.935524 1.000000
0.935668 1.000000
0.935688 1.000000
0.935719 1.000000
0.935740 1.000000
0.935770 1.000000
0.935832 1.000000
0.935873 1.000000
0.935904 1.000000
0.935924 1.000000
0.935934 1.000000
0.935955 1.000000
0.935996 1.000000
0.936016 1.000000
0.936057 1.000000
0.936088 1.000000
0.936129 1.000000
0.936170 1.000000
0.936191 1.000000
0.936365 1.000000
0.936386 1.000000
0.936427 1.000000
0.936447 1.000000
0.936529 1.000000
0.936550 1.000000
0.936580 1.000000
0.936591 1.000000
0.936611 1.000000
0.936642 1.000000
0.936662 1.000000
0.936724 1.000000
0.936765 1.000000
0.936775 1.000000
0.936806 1.000000
0.936847 1.000000
0.936888 1.000000
0.936898 1.000000
0.936929 1.000000
0.936970 1.000000
0.937062 1.000000
0.937083 1.000000
0.937114 1.000000
0.937134 1.000000
0.937175 1.000000
0.937247 1.000000
0.937267 1.000000
0.937431 1.000000
0.937472 1.000000
0.937534 1.000000
0.937554 1.000000
0.937606 1.000000
0.937626 1.000000
0.937678 1.000000
0.937698 1.000000
0.937770 1.000000
0.937790 1.000000
0.937842 1.000000
0.937862 1.000000
0.937985 1.000000
0.938006 1.000000
0.938088 1.000000
0.938108 1.000000
0.938149 1.000000
0.938170 1.000000
0.938190 1.000000
0.938231 1.000000
0.938252 1.000000
0.938262 1.000000
0.938303 1.000000
0.938313 1.000000
0.938334 1.000000
0.938344 1.000000
0.938365 1.000000
0.938395 1.000000
0.938406 1.000000
0.938426 1.000000
0.938447 1.000000
0.938467 1.000000
0.938488 1.000000
0.938508 1.000000
0.938529 1.000000
0.938570 1.000000
0.938580 1.000000
0.938600 1.000000
0.938611 1.000000
0.938672 1.000000
0.938723 1.000000
0.938744 1.000000
0.938816 1.000000
0.938836 1.000000
0.938887 1.000000
0.938908 1.000000
0.938949 1.000000
0.939011 1.000000
0.939021 1.000000
0.939041 1.000000
0.939093 1.000000
0.939113 1.000000
0.939175 1.000000
0.939195 1.000000
0.939205 1.000000
0.939246 1.000000
0.939257 1.000000
0.939287 1.000000
0.939318 1.000000
0.939339 1.000000
0.939349 1.000000
0.939390 1.000000
0.939400 1.000000
0.939421 1.000000
0.939492 1.000000
0.939513 1.000000
0.939544 1.000000
0.939564 1.000000
0.939626 1.000000
0.939656 1.000000
0.939667 1.000000
0.939708 1.000000
0.939851 1.000000
0.939872 1.000000
0.939903 1.000000
0.939933 1.000000
0.939964 1.000000
0.939985 1.000000
0.939995 1.000000
0.940015 1.000000
0.940026 1.000000
0.940046 1.000000
0.940087 1.000000
0.940128 1.000000
0.940138 1.000000
0.940169 1.000000
0.940220 1.000000
0.940241 1.000000
0.940251 1.000000
0.940272 1.000000
0.940282 1.000000
0.940302 1.000000
0.940333 1.000000
0.940354 1.000000
0.940446 1.000000
0.940467 1.000000
0.940497 1.000000
0.940518 1.000000
0.940713 1.000000
0.940733 1.000000
0.940754 1.000000
0.940774 1.000000
0.940815 1.000000
0.940856 1.000000
0.940897 1.000000
0.940918 1.000000
0.940938 1.000000
0.940959 1.000000
0.940979 1.000000
0.941000 1.000000
0.941082 1.000000
0.941123 1.000000
0.941133 1.000000
0.941154 1.000000
0.941174 1.000000
0.941195 1.000000
0.941277 1.000000
0.941297 1.000000
0.941307 1.000000
0.941328 1.000000
0.941359 1.000000
0.941369 1.000000
0.941410 1.000000
0.941441 1.000000
0.941461 1.000000
0.941482 1.000000
0.941502 1.000000
0.941584 1.000000
0.941605 1.000000
0.941666 1.000000
0.941687 1.000000
0.941728 1.000000
0.941748 1.000000
0.941779 1.000000
0.941800 1.000000
0.941810 1.000000
0.941871 1.000000
0.941882 1.000000
0.941912 1.000000
0.942035 1.000000
0.942056 1.000000
0.942107 1.000000
0.942148 1.000000
0.942189 1.000000
0.942210 1.000000
0.942230 1.000000
0.942251 1.000000
0.942292 1.000000
0.942312 1.000000
0.942333 1.000000
0.942353 1.000000
0.942384 1.000000
0.942405 1.000000
0.942456 1.000000
0.942487 1.000000
0.942610 1.000000
0.942630 1.000000
0.942743 1.000000
0.942774 1.000000
0.942804 1.000000
0.942825 1.000000
0.942835 1.000000
0.942876 1.000000
0.942897 1.000000
0.942917 1.000000
0.942948 1.000000
0.942989 1.000000
0.943020 1.000000
0.943061 1.000000
0.943092 1.000000
0.943122 1.000000
0.943133 1.000000
0.943153 1.000000
0.943163 1.000000
0.943184 1.000000
0.943245 1.000000
0.943266 1.000000
0.943317 1.000000
0.943338 1.000000
0.943389 1.000000
0.943409 1.000000
0.943440 1.000000
0.943461 1.000000
0.943481 1.000000
0.943522 1.000000
0.943594 1.000000
0.943614 1.000000
0.943625 1.000000
0.943655 1.000000
0.943717 1.000000
0.943738 1.000000
0.943840 1.000000
0.943861 1.000000
0.943871 1.000000
0.943891 1.000000
0.943902 1.000000
0.943922 1.000000
0.943953 1.000000
0.943973 1.000000
0.943984 1.000000
0.944004 1.000000
0.944086 1.000000
0.944107 1.000000
0.944148 1.000000
0.944168 1.000000
0.944178 1.000000
0.944199 1.000000
0.944332 1.000000
0.944353 1.000000
0.944373 1.000000
0.944394 1.000000
0.944548 1.000000
0.944578 1.000000
0.944599 1.000000
0.944640 1.000000
0.944660 1.000000
0.944865 1.000000
0.944906 1.000000
0.945009 1.000000
0.945029 1.000000
0.945060 1.000000
0.945081 1.000000
0.945132 1.000000
0.945173 1.000000
0.945214 1.000000
0.945235 1.000000
0.945265 1.000000
0.945286 1.000000
0.945296 1.000000
0.945317 1.000000
0.945337 1.000000
0.945358 1.000000
0.945368 1.000000
0.945388 1.000000
0.945409 1.000000
0.945450 1.000000
0.945470 1.000000
0.945501 1.000000
0.945532 1.000000
0.945552 1.000000
0.945563 1.000000
0.945583 1.000000
0.945593 1.000000
0.945614 1.000000
0.945645 1.000000
0.945686 1.000000
0.945788 1.000000
0.945809 1.000000
0.945891 1.000000
0.945922 1.000000
0.945993 1.000000
0.946024 1.000000
0.946086 1.000000
0.946127 1.000000
0.946147 1.000000
0.946332 1.000000
0.946352 1.000000
0.946486 1.000000
0.946506 1.000000
0.946527 1.000000
0.946547 1.000000
0.946578 1.000000
0.946701 1.000000
0.946721 1.000000
0.946752 1.000000
0.946773 1.000000
0.946824 1.000000
0.946844 1.000000
0.946875 1.000000
0.946896 1.000000
0.946978 1.000000
0.946998 1.000000
0.947060 1.000000
0.947101 1.000000
0.947121 1.000000
0.947142 1.000000
0.947214 1.000000
0.947255 1.000000
0.947367 1.000000
0.947388 1.000000
0.947398 1.000000
0.947419 1.000000
0.947480 1.000000
0.947511 1.000000
0.947542 1.000000
0.947562 1.000000
0.947583 1.000000
0.947603 1.000000
0.947654 1.000000
0.947675 1.000000
0.947757 1.000000
0.947777 1.000000
0.947860 1.000000
0.947901 1.000000
0.947911 1.000000
0.947931 1.000000
0.947972 1.000000
0.948013 1.000000
0.948024 1.000000
0.948044 1.000000
0.948095 1.000000
0.948116 1.000000
0.948188 1.000000
0.948208 1.000000
0.948239 1.000000
0.948280 1.000000
0.948341 1.000000
0.948382 1.000000
0.948393 1.000000
0.948413 1.000000
0.948423 1.000000
0.948506 1.000000
0.948629 1.000000
0.948649 1.000000
0.948659 1.000000
0.948700 1.000000
0.948741 1.000000
0.948762 1.000000
0.948803 1.000000
0.948905 1.000000
0.948926 1.000000
0.948957 1.000000
0.948977 1.000000
0.949008 1.000000
0.949028 1.000000
0.949100 1.000000
0.949121 1.000000
0.949264 1.000000
0.949285 1.000000
0.949305 1.000000
0.949326 1.000000
0.949346 1.000000
0.949377 1.000000
0.949418 1.000000
0.949439 1.000000
0.949459 1.000000
0.949480 1.000000
0.949510 1.000000
0.949531 1.000000
0.949592 1.000000
0.949613 1.000000
0.949644 1.000000
0.949695 1.000000
0.949715 1.000000
0.949746 1.000000
0.949767 1.000000
0.949787 1.000000
0.949808 1.000000
0.949921 1.000000
0.949941 1.000000
0.949951 1.000000
0.949972 1.000000
0.950013 1.000000
0.950074 1.000000
0.950085 1.000000
0.950105 1.000000
0.950136 1.000000
0.950177 1.000000
0.950197 1.000000
0.950218 1.000000
0.950238 1.000000
0.950259 1.000000
0.950290 1.000000
0.950310 1.000000
0.950382 1.000000
0.950423 1.000000
0.950433 1.000000
0.950454 1.000000
0.950515 1.000000
0.950536 1.000000
0.950577 1.000000
0.950597 1.000000
0.950628 1.000000
0.950649 1.000000
0.950731 1.000000
0.950751 1.000000
0.950813 1.000000
0.950854 1.000000
0.950874 1.000000
0.950936 1.000000
0.950966 1.000000
0.950977 1.000000
0.950997 1.000000
0.951018 1.000000
0.951038 1.000000
0.951100 1.000000
0.951120 1.000000
0.951130 1.000000
0.951151 1.000000
0.951171 1.000000
0.951192 1.000000
0.951202 1.000000
0.951223 1.000000
0.951233 1.000000
0.951254 1.000000
0.951264 1.000000
0.951284 1.000000
0.951356 1.000000
0.951377 1.000000
0.951459 1.000000
0.951479 1.000000
0.951520 1.000000
0.951541 1.000000
0.951633 1.000000
0.951653 1.000000
0.951664 1.000000
0.951684 1.000000
0.951807 1.000000
0.951828 1.000000
0.951879 1.000000
0.951900 1.000000
0.951961 1.000000
0.951982 1.000000
0.951992 1.000000
0.952012 1.000000
0.952094 1.000000
0.952115 1.000000
0.952146 1.000000
0.952176 1.000000
0.952320 1.000000
0.952340 1.000000
0.952371 1.000000
0.952392 1.000000
0.952412 1.000000
0.952433 1.000000
0.952525 1.000000
0.952546 1.000000
0.952669 1.000000
0.952730 1.000000
0.952751 1.000000
0.952771 1.000000
0.952802 1.000000
0.952822 1.000000
0.952925 1.000000
0.952945 1.000000
0.952986 1.000000
0.953007 1.000000
0.953038 1.000000
0.953058 1.000000
0.953068 1.000000
0.953089 1.000000
0.953181 1.000000
0.953202 1.000000
0.953233 1.000000
0.953253 1.000000
0.953284 1.000000
0.953304 1.000000
0.953325 1.000000
0.953366 1.000000
0.953386 1.000000
0.953397 1.000000
0.953417 1.000000
0.953438 1.000000
0.953458 1.000000
0.953489 1.000000
0.953509 1.000000
0.953561 1.000000
0.953581 1.000000
0.953622 1.000000
0.953653 1.000000
0.953786 1.000000
0.953807 1.000000
0.953837 1.000000
0.953878 1.000000
0.953950 1.000000
0.953971 1.000000
0.954002 1.000000
0.954022 1.000000
0.954063 1.000000
0.954084 1.000000
0.954094 1.000000
0.954114 1.000000
0.954135 1.000000
0.954176 1.000000
0.954217 1.000000
0.954237 1.000000
0.954289 1.000000
0.954309 1.000000
0.954319 1.000000
0.954340 1.000000
0.954391 1.000000
0.954412 1.000000
0.954442 1.000000
0.954463 1.000000
0.954494 1.000000
0.954514 1.000000
0.954627 1.000000
0.954648 1.000000
0.954658 1.000000
0.954678 1.000000
0.954689 1.000000
0.954719 1.000000
0.954730 1.000000
0.954750 1.000000
0.954842 1.000000
0.954863 1.000000
0.954976 1.000000
0.954996 1.000000
0.955027 1.000000
0.955047 1.000000
0.955068 1.000000
0.955088 1.000000
0.955129 1.000000
0.955150 1.000000
0.955181 1.000000
0.955232 1.000000
0.955252 1.000000
0.955263 1.000000
0.955304 1.000000
0.955314 1.000000
0.955335 1.000000
0.955355 1.000000
0.955376 1.000000
0.955417 1.000000
0.955478 1.000000
0.955499 1.000000
0.955519 1.000000
0.955601 1.000000
0.955622 1.000000
0.955663 1.000000
0.955693 1.000000
0.955775 1.000000
0.955796 1.000000
0.955847 1.000000
0.955868 1.000000
0.955950 1.000000
0.955970 1.000000
0.956001 1.000000
0.956022 1.000000
0.956032 1.000000
0.956052 1.000000
0.956063 1.000000
0.956104 1.000000
0.956124 1.000000
0.956145 1.000000
0.956216 1.000000
0.956237 1.000000
0.956247 1.000000
0.956268 1.000000
0.956278 1.000000
0.956319 1.000000
0.956360 1.000000
0.956380 1.000000
0.956391 1.000000
0.956411 1.000000
0.956514 1.000000
0.956534 1.000000
0.956647 1.000000
0.956668 1.000000
0.956801 1.000000
0.956842 1.000000
0.956852 1.000000
0.956873 1.000000
0.956893 1.000000
0.956934 1.000000
0.956985 1.000000
0.957006 1.000000
0.957037 1.000000
0.957057 1.000000
0.957201 1.000000
0.957231 1.000000
0.957272 1.000000
0.957293 1.000000
0.957314 1.000000
0.957334 1.000000
0.957426 1.000000
0.957447 1.000000
0.957467 1.000000
0.957488 1.000000
0.957560 1.000000
0.957580 1.000000
0.957601 1.000000
0.957621 1.000000
0.957662 1.000000
0.957703 1.000000
0.957826 1.000000
0.957847 1.000000
0.957888 1.000000
0.957908 1.000000
0.958072 1.000000
0.958093 1.000000
0.958165 1.000000
0.958195 1.000000
0.958329 1.000000
0.958349 1.000000
0.958359 1.000000
0.958421 1.000000
0.958441 1.000000
0.958462 1.000000
0.958554 1.000000
0.958575 1.000000
0.958698 1.000000
0.958718 1.000000
0.958811 1.000000
0.958831 1.000000
0.958841 1.000000
0.958862 1.000000
0.958882 1.000000
0.958913 1.000000
0.958934 1.000000
0.958954 1.000000
0.959036 1.000000
0.959057 1.000000
0.959128 1.000000
0.959149 1.000000
0.959169 1.000000
0.959190 1.000000
0.959292 1.000000
0.959313 1.000000
0.959364 1.000000
0.959385 1.000000
0.959426 1.000000
0.959457 1.000000
0.959539 1.000000
0.959559 1.000000
0.959590 1.000000
0.959610 1.000000
0.959662 1.000000
0.959682 1.000000
0.959774 1.000000
0.959795 1.000000
0.959805 1.000000
0.959826 1.000000
0.959836 1.000000
0.959856 1.000000
0.959938 1.000000
0.959959 1.000000
0.960021 1.000000
0.960041 1.000000
0.960051 1.000000
0.960133 1.000000
0.960195 1.000000
0.960215 1.000000
0.960328 1.000000
0.960349 1.000000
0.960359 1.000000
0.960379 1.000000
0.960390 1.000000
0.960410 1.000000
0.960482 1.000000
0.960543 1.000000
0.960605 1.000000
0.960666 1.000000
0.960687 1.000000
0.960708 1.000000
0.960728 1.000000
0.960749 1.000000
0.960779 1.000000
0.960800 1.000000
0.960851 1.000000
0.960872 1.000000
0.960984 1.000000
0.961005 1.000000
0.961015 1.000000
0.961036 1.000000
0.961046 1.000000
0.961087 1.000000
0.961097 1.000000
0.961118 1.000000
0.961210 1.000000
0.961251 1.000000
0.961333 1.000000
0.961353 1.000000
0.961364 1.000000
0.961384 1.000000
0.961395 1.000000
0.961415 1.000000
0.961436 1.000000
0.961477 1.000000
0.961548 1.000000
0.961569 1.000000
0.961661 1.000000
0.961682 1.000000
0.961723 1.000000
0.961743 1.000000
0.961825 1.000000
0.961856 1.000000
0.961907 1.000000
0.961928 1.000000
0.961938 1.000000
0.961979 1.000000
0.961999 1.000000
0.962020 1.000000
0.962102 1.000000
0.962123 1.000000
0.962369 1.000000
0.962389 1.000000
0.962430 1.000000
0.962461 1.000000
0.962645 1.000000
0.962666 1.000000
0.962728 1.000000
0.962748 1.000000
0.962769 1.000000
0.962789 1.000000
0.962810 1.000000
0.962830 1.000000
0.962871 1.000000
0.962902 1.000000
0.962963 1.000000
0.962984 1.000000
0.963045 1.000000
0.963076 1.000000
0.963138 1.000000
0.963158 1.000000
0.963240 1.000000
0.963261 1.000000
0.963486 1.000000
0.963507 1.000000
0.963568 1.000000
0.963589 1.000000
0.963630 1.000000
0.963661 1.000000
0.963712 1.000000
0.963753 1.000000
0.963804 1.000000
0.963845 1.000000
0.963855 1.000000
0.963876 1.000000
0.963927 1.000000
0.963948 1.000000
0.963968 1.000000
0.963989 1.000000
0.964122 1.000000
0.964143 1.000000
0.964296 1.000000
0.964317 1.000000
0.964337 1.000000
0.964358 1.000000
0.964368 1.000000
0.964389 1.000000
0.964419 1.000000
0.964440 1.000000
0.964450 1.000000
0.964471 1.000000
0.964553 1.000000
0.964573 1.000000
0.964655 1.000000
0.964676 1.000000
0.964696 1.000000
0.964717 1.000000
0.964881 1.000000
0.964901 1.000000
0.964932 1.000000
0.964953 1.000000
0.965147 1.000000
0.965168 1.000000
0.965188 1.000000
0.965209 1.000000
0.965219 1.000000
0.965240 1.000000
0.965260 1.000000
0.965281 1.000000
0.965291 1.000000
0.965311 1.000000
0.965332 1.000000
0.965352 1.000000
0.965414 1.000000
0.965435 1.000000
0.965506 1.000000
0.965527 1.000000
0.965558 1.000000
0.965578 1.000000
0.965629 1.000000
0.965650 1.000000
0.965763 1.000000
0.965783 1.000000
0.965804 1.000000
0.965824 1.000000
0.965916 1.000000
0.965937 1.000000
0.965988 1.000000
0.966009 1.000000
0.966039 1.000000
0.966060 1.000000
0.966101 1.000000
0.966122 1.000000
0.966193 1.000000
0.966214 1.000000
0.966255 1.000000
0.966275 1.000000
0.966296 1.000000
0.966316 1.000000
0.966327 1.000000
0.966347 1.000000
0.966378 1.000000
0.966398 1.000000
0.966419 1.000000
0.966439 1.000000
0.966450 1.000000
0.966470 1.000000
0.966573 1.000000
0.966593 1.000000
0.966603 1.000000
0.966624 1.000000
0.966634 1.000000
0.966655 1.000000
0.966665 1.000000
0.966685 1.000000
0.966767 1.000000
0.966788 1.000000
0.966850 1.000000
0.966870 1.000000
0.966932 1.000000
0.966952 1.000000
0.966962 1.000000
0.967003 1.000000
0.967096 1.000000
0.967137 1.000000
0.967229 1.000000
0.967260 1.000000
0.967290 1.000000
0.967331 1.000000
0.967362 1.000000
0.967383 1.000000
0.967578 1.000000
0.967598 1.000000
0.967619 1.000000
0.967660 1.000000
0.967680 1.000000
0.967701 1.000000
0.967731 1.000000
0.967752 1.000000
0.967772 1.000000
0.967793 1.000000
0.967926 1.000000
0.967957 1.000000
0.967967 1.000000
0.967988 1.000000
0.968080 1.000000
0.968100 1.000000
0.968111 1.000000
0.968131 1.000000
0.968234 1.000000
0.968265 1.000000
0.968285 1.000000
0.968306 1.000000
0.968316 1.000000
0.968336 1.000000
0.968347 1.000000
0.968367 1.000000
0.968408 1.000000
0.968429 1.000000
0.968470 1.000000
0.968490 1.000000
0.968562 1.000000
0.968582 1.000000
0.968603 1.000000
0.968623 1.000000
0.968664 1.000000
0.968685 1.000000
0.968695 1.000000
0.968716 1.000000
0.968726 1.000000
0.968746 1.000000
0.968757 1.000000
0.968777 1.000000
0.968787 1.000000
0.968808 1.000000
0.968859 1.000000
0.968880 1.000000
0.968911 1.000000
0.968931 1.000000
0.968993 1.000000
0.969023 1.000000
0.969044 1.000000
0.969146 1.000000
0.969167 1.000000
0.969198 1.000000
0.969239 1.000000
0.969259 1.000000
0.969280 1.000000
0.969372 1.000000
0.969392 1.000000
0.969423 1.000000
0.969454 1.000000
0.969557 1.000000
0.969577 1.000000
0.969628 1.000000
0.969649 1.000000
0.969669 1.000000
0.969690 1.000000
0.969915 1.000000
0.969956 1.000000
0.969977 1.000000
0.969997 1.000000
0.970028 1.000000
0.970049 1.000000
0.970079 1.000000
0.970090 1.000000
0.970110 1.000000
0.970151 1.000000
0.970172 1.000000
0.970233 1.000000
0.970254 1.000000
0.970295 1.000000
0.970315 1.000000
0.970346 1.000000
0.970367 1.000000
0.970377 1.000000
0.970418 1.000000
0.970490 1.000000
0.970551 1.000000
0.970561 1.000000
0.970582 1.000000
0.970602 1.000000
0.970643 1.000000
0.970664 1.000000
0.970684 1.000000
0.970746 1.000000
0.970766 1.000000
0.970777 1.000000
0.970797 1.000000
0.970818 1.000000
0.970838 1.000000
0.970869 1.000000
0.970890 1.000000
0.970910 1.000000
0.970951 1.000000
0.970982 1.000000
0.971002 1.000000
0.971074 1.000000
0.971095 1.000000
0.971136 1.000000
0.971156 1.000000
0.971248 1.000000
0.971269 1.000000
0.971351 1.000000
0.971382 1.000000
0.971402 1.000000
0.971423 1.000000
0.971443 1.000000
0.971505 1.000000
0.971546 1.000000
0.971587 1.000000
0.971648 1.000000
0.971669 1.000000
0.971710 1.000000
0.971720 1.000000
0.971761 1.000000
0.971864 1.000000
0.971894 1.000000
0.971915 1.000000
0.971966 1.000000
0.971987 1.000000
0.972069 1.000000
0.972089 1.000000
0.972253 1.000000
0.972274 1.000000
0.972284 1.000000
0.972305 1.000000
0.972376 1.000000
0.972397 1.000000
0.972428 1.000000
0.972448 1.000000
0.972499 1.000000
0.972540 1.000000
0.972571 1.000000
0.972592 1.000000
0.972663 1.000000
0.972684 1.000000
0.972694 1.000000
0.972715 1.000000
0.972745 1.000000
0.972766 1.000000
0.972817 1.000000
0.972838 1.000000
0.972940 1.000000
0.972961 1.000000
0.973022 1.000000
0.973053 1.000000
0.973135 1.000000
0.973176 1.000000
0.973207 1.000000
0.973227 1.000000
0.973238 1.000000
0.973258 1.000000
0.973289 1.000000
0.973330 1.000000
0.973340 1.000000
0.973361 1.000000
0.973391 1.000000
0.973422 1.000000
0.973453 1.000000
0.973473 1.000000
0.973576 1.000000
0.973597 1.000000
0.973617 1.000000
0.973648 1.000000
0.973689 1.000000
0.973699 1.000000
0.973720 1.000000
0.973730 1.000000
0.973750 1.000000
0.973791 1.000000
0.973832 1.000000
0.973884 1.000000
0.973945 1.000000
0.974007 1.000000
0.974027 1.000000
0.974089 1.000000
0.974109 1.000000
0.974130 1.000000
0.974150 1.000000
0.974181 1.000000
0.974212 1.000000
0.974243 1.000000
0.974304 1.000000
0.974335 1.000000
0.974355 1.000000
0.974448 1.000000
0.974468 1.000000
0.974519 1.000000
0.974540 1.000000
0.974601 1.000000
0.974622 1.000000
0.974704 1.000000
0.974724 1.000000
0.974735 1.000000
0.974776 1.000000
0.974796 1.000000
0.974827 1.000000
0.974847 1.000000
0.974930 1.000000
0.974950 1.000000
0.974971 1.000000
0.974991 1.000000
0.975022 1.000000
0.975063 1.000000
0.975114 1.000000
0.975145 1.000000
0.975165 1.000000
0.975196 1.000000
0.975237 1.000000
0.975258 1.000000
0.975278 1.000000
0.975288 1.000000
0.975309 1.000000
0.975340 1.000000
0.975360 1.000000
0.975391 1.000000
0.975432 1.000000
0.975442 1.000000
0.975473 1.000000
0.975504 1.000000
0.975524 1.000000
0.975534 1.000000
0.975575 1.000000
0.975658 1.000000
0.975699 1.000000
0.975719 1.000000
0.975760 1.000000
0.975781 1.000000
0.975801 1.000000
0.976006 1.000000
0.976027 1.000000
0.976068 1.000000
0.976088 1.000000
0.976119 1.000000
0.976160 1.000000
0.976314 1.000000
0.976334 1.000000
0.976365 1.000000
0.976386 1.000000
0.976406 1.000000
0.976427 1.000000
0.976457 1.000000
0.976498 1.000000
0.976519 1.000000
0.976642 1.000000
0.976683 1.000000
0.976703 1.000000
0.976744 1.000000
0.976878 1.000000
0.976898 1.000000
0.976919 1.000000
0.976939 1.000000
0.977032 1.000000
0.977052 1.000000
0.977155 1.000000
0.977185 1.000000
0.977196 1.000000
0.977216 1.000000
0.977226 1.000000
0.977257 1.000000
0.977308 1.000000
0.977329 1.000000
0.977483 1.000000
0.977503 1.000000
0.977565 1.000000
0.977595 1.000000
0.977626 1.000000
0.977657 1.000000
0.977688 1.000000
0.977708 1.000000
0.977719 1.000000
0.977739 1.000000
0.977749 1.000000
0.977780 1.000000
0.977790 1.000000
0.977811 1.000000
0.977831 1.000000
0.977852 1.000000
0.977883 1.000000
0.977924 1.000000
0.977944 1.000000
0.977965 1.000000
0.977975 1.000000
0.977995 1.000000
0.978067 1.000000
0.978088 1.000000
0.978098 1.000000
0.978118 1.000000
0.978221 1.000000
0.978241 1.000000
0.978262 1.000000
0.978303 1.000000
0.978334 1.000000
0.978354 1.000000
0.978375 1.000000
0.978416 1.000000
0.978467 1.000000
0.978488 1.000000
0.978600 1.000000
0.978621 1.000000
0.978672 1.000000
0.978693 1.000000
0.978805 1.000000
0.978836 1.000000
0.978877 1.000000
0.978898 1.000000
0.978918 1.000000
0.978939 1.000000
0.978969 1.000000
0.979000 1.000000
0.979052 1.000000
0.979082 1.000000
0.979134 1.000000
0.979154 1.000000
0.979164 1.000000
0.979226 1.000000
0.979287 1.000000
0.979308 1.000000
0.979359 1.000000
0.979380 1.000000
0.979615 1.000000
0.979656 1.000000
0.979708 1.000000
0.979749 1.000000
0.979872 1.000000
0.979903 1.000000
0.979923 1.000000
0.979933 1.000000
0.979954 1.000000
0.980056 1.000000
0.980077 1.000000
0.980149 1.000000
0.980169 1.000000
0.980200 1.000000
0.980220 1.000000
0.980313 1.000000
0.980333 1.000000
0.980344 1.000000
0.980364 1.000000
0.980385 1.000000
0.980405 1.000000
0.980426 1.000000
0.980446 1.000000
0.980467 1.000000
0.980497 1.000000
0.980538 1.000000
0.980559 1.000000
0.980579 1.000000
0.980600 1.000000
0.980610 1.000000
0.980651 1.000000
0.980713 1.000000
0.980733 1.000000
0.980784 1.000000
0.980805 1.000000
0.980815 1.000000
0.980877 1.000000
0.980959 1.000000
0.980989 1.000000
0.981041 1.000000
0.981082 1.000000
0.981297 1.000000
0.981338 1.000000
0.981369 1.000000
0.981389 1.000000
0.981400 1.000000
0.981420 1.000000
0.981451 1.000000
0.981471 1.000000
0.981492 1.000000
0.981512 1.000000
0.981605 1.000000
0.981646 1.000000
0.981656 1.000000
0.981676 1.000000
0.981697 1.000000
0.981718 1.000000
0.981728 1.000000
0.981748 1.000000
0.981789 1.000000
0.981810 1.000000
0.981861 1.000000
0.981882 1.000000
0.981912 1.000000
0.981933 1.000000
0.981964 1.000000
0.981984 1.000000
0.982015 1.000000
0.982046 1.000000
0.982066 1.000000
0.982189 1.000000
0.982210 1.000000
0.982230 1.000000
0.982261 1.000000
0.982292 1.000000
0.982312 1.000000
0.982343 1.000000
0.982363 1.000000
0.982394 1.000000
0.982425 1.000000
0.982446 1.000000
0.982589 1.000000
0.982630 1.000000
0.982661 1.000000
0.982702 1.000000
0.982753 1.000000
0.982774 1.000000
0.982825 1.000000
0.982845 1.000000
0.982897 1.000000
0.982938 1.000000
0.982968 1.000000
0.982989 1.000000
0.983020 1.000000
0.983061 1.000000
0.983102 1.000000
0.983122 1.000000
0.983194 1.000000
0.983215 1.000000
0.983399 1.000000
0.983420 1.000000
0.983471 1.000000
0.983491 1.000000
0.983594 1.000000
0.983655 1.000000
0.983676 1.000000
0.983696 1.000000
0.983953 1.000000
0.983973 1.000000
0.984086 1.000000
0.984107 1.000000
0.984148 1.000000
0.984168 1.000000
0.984189 1.000000
0.984209 1.000000
0.984250 1.000000
0.984291 1.000000
0.984322 1.000000
0.984353 1.000000
0.984414 1.000000
0.984435 1.000000
0.984476 1.000000
0.984496 1.000000
0.984507 1.000000
0.984548 1.000000
0.984558 1.000000
0.984578 1.000000
0.984589 1.000000
0.984609 1.000000
0.984619 1.000000
0.984650 1.000000
0.984671 1.000000
0.984701 1.000000
0.984722 1.000000
0.984753 1.000000
0.984773 1.000000
0.984804 1.000000
0.984824 1.000000
0.984896 1.000000
0.984917 1.000000
0.985050 1.000000
0.985070 1.000000
0.985235 1.000000
0.985265 1.000000
0.985347 1.000000
0.985368 1.000000
0.985378 1.000000
0.985399 1.000000
0.985409 1.000000
0.985470 1.000000
0.985511 1.000000
0.985552 1.000000
0.985583 1.000000
0.985604 1.000000
0.985634 1.000000
0.985655 1.000000
0.985675 1.000000
0.985706 1.000000
0.985727 1.000000
0.985768 1.000000
0.985840 1.000000
0.985860 1.000000
0.985963 1.000000
0.985983 1.000000
0.985993 1.000000
0.986014 1.000000
0.986055 1.000000
0.986096 1.000000
0.986188 1.000000
0.986209 1.000000
0.986424 1.000000
0.986445 1.000000
0.986486 1.000000
0.986506 1.000000
0.986537 1.000000
0.986557 1.000000
0.986598 1.000000
0.986619 1.000000
0.986680 1.000000
0.986701 1.000000
0.986732 1.000000
0.986793 1.000000
0.986978 1.000000
0.987019 1.000000
0.987049 1.000000
0.987070 1.000000
0.987142 1.000000
0.987162 1.000000
0.987183 1.000000
0.987203 1.000000
0.987224 1.000000
0.987244 1.000000
0.987337 1.000000
0.987357 1.000000
0.987449 1.000000
0.987470 1.000000
0.987490 1.000000
0.987511 1.000000
0.987521 1.000000
0.987542 1.000000
0.987583 1.000000
0.987603 1.000000
0.987624 1.000000
0.987644 1.000000
0.987747 1.000000
0.987767 1.000000
0.987860 1.000000
0.987880 1.000000
0.987921 1.000000
0.987942 1.000000
0.987983 1.000000
0.988003 1.000000
0.988136 1.000000
0.988157 1.000000
0.988249 1.000000
0.988270 1.000000
0.988321 1.000000
0.988341 1.000000
0.988444 1.000000
0.988464 1.000000
0.988495 1.000000
0.988516 1.000000
0.988547 1.000000
0.988567 1.000000
0.988577 1.000000
0.988618 1.000000
0.988629 1.000000
0.988670 1.000000
0.988803 1.000000
0.988823 1.000000
0.988895 1.000000
0.988916 1.000000
0.988967 1.000000
0.988987 1.000000
0.989028 1.000000
0.989069 1.000000
0.989121 1.000000
0.989141 1.000000
0.989398 1.000000
0.989418 1.000000
0.989490 1.000000
0.989510 1.000000
0.989531 1.000000
0.989551 1.000000
0.989572 1.000000
0.989592 1.000000
0.989644 1.000000
0.989664 1.000000
0.989726 1.000000
0.989746 1.000000
0.989777 1.000000
0.989797 1.000000
0.989818 1.000000
0.989849 1.000000
0.989869 1.000000
0.990054 1.000000
0.990074 1.000000
0.990351 1.000000
0.990372 1.000000
0.990423 1.000000
0.990443 1.000000
0.990597 1.000000
0.990638 1.000000
0.990731 1.000000
0.990751 1.000000
0.990833 1.000000
0.990854 1.000000
0.990864 1.000000
0.990884 1.000000
0.990925 1.000000
0.990946 1.000000
0.991100 1.000000
0.991120 1.000000
0.991171 1.000000
0.991213 1.000000
0.991623 1.000000
0.991664 1.000000
0.991715 1.000000
0.991735 1.000000
0.991817 1.000000
0.991858 1.000000
0.991889 1.000000
0.991910 1.000000
0.991941 1.000000
0.991961 1.000000
0.992166 1.000000
0.992207 1.000000
0.992217 1.000000
0.992238 1.000000
0.992279 1.000000
0.992299 1.000000
0.992443 1.000000
0.992484 1.000000
0.992494 1.000000
0.992515 1.000000
0.992546 1.000000
0.992566 1.000000
0.992730 1.000000
0.992751 1.000000
0.992761 1.000000
0.992781 1.000000
0.992945 1.000000
0.992966 1.000000
0.992986 1.000000
0.993007 1.000000
0.993017 1.000000
0.993038 1.000000
0.993109 1.000000
0.993130 1.000000
0.993140 1.000000
0.993181 1.000000
0.993222 1.000000
0.993263 1.000000
0.993284 1.000000
0.993304 1.000000
0.993468 1.000000
0.993489 1.000000
0.993550 1.000000
0.993571 1.000000
0.993591 1.000000
0.993612 1.000000
0.993684 1.000000
0.993704 1.000000
0.993735 1.000000
0.993755 1.000000
0.993766 1.000000
0.993786 1.000000
0.993868 1.000000
0.993889 1.000000
0.994002 1.000000
0.994022 1.000000
0.994084 1.000000
0.994104 1.000000
0.994114 1.000000
0.994135 1.000000
0.994145 1.000000
0.994166 1.000000
0.994207 1.000000
0.994227 1.000000
0.994330 1.000000
0.994350 1.000000
0.994371 1.000000
0.994391 1.000000
0.994442 1.000000
0.994463 1.000000
0.994494 1.000000
0.994514 1.000000
0.994565 1.000000
0.994586 1.000000
0.994730 1.000000
0.994750 1.000000
0.994801 1.000000
0.994822 1.000000
0.994996 1.000000
0.995037 1.000000
0.995150 1.000000
0.995170 1.000000
0.995273 1.000000
0.995314 1.000000
0.995406 1.000000
0.995427 1.000000
0.995488 1.000000
0.995509 1.000000
0.995611 1.000000
0.995632 1.000000
0.995724 1.000000
0.995745 1.000000
0.995827 1.000000
0.995868 1.000000
0.995888 1.000000
0.995909 1.000000
0.995981 1.000000
0.996042 1.000000
0.996073 1.000000
0.996093 1.000000
0.996104 1.000000
0.996124 1.000000
0.996380 1.000000
0.996401 1.000000
0.996606 1.000000
0.996627 1.000000
0.996668 1.000000
0.996698 1.000000
0.996739 1.000000
0.996760 1.000000
0.996791 1.000000
0.996832 1.000000
0.996903 1.000000
0.996924 1.000000
0.996965 1.000000
0.996985 1.000000
0.996996 1.000000
0.997016 1.000000
0.997037 1.000000
0.997098 1.000000
0.997129 1.000000
0.997149 1.000000
0.997170 1.000000
0.997190 1.000000
0.997211 1.000000
0.997231 1.000000
0.997242 1.000000
0.997262 1.000000
0.997355 1.000000
0.997375 1.000000
0.997396 1.000000
0.997416 1.000000
0.997560 1.000000
0.997580 1.000000
0.997621 1.000000
0.997642 1.000000
0.997703 1.000000
0.997724 1.000000
0.997806 1.000000
0.997826 1.000000
0.997877 1.000000
0.997918 1.000000
0.997980 1.000000
0.998001 1.000000
0.998062 1.000000
0.998124 1.000000
0.998185 1.000000
0.998206 1.000000
0.998462 1.000000
0.998482 1.000000
0.998513 1.000000
0.998534 1.000000
0.998564 1.000000
0.998585 1.000000
0.998616 1.000000
0.998636 1.000000
0.998759 1.000000
0.998780 1.000000
0.998841 1.000000
0.998882 1.000000
0.998923 1.000000
0.998944 1.000000
0.999067 1.000000
0.999087 1.000000
0.999098 1.000000
0.999118 1.000000
0.999180 1.000000
0.999200 1.000000
0.999334 1.000000
0.999354 1.000000
0.999405 1.000000
0.999426 1.000000
0.999446 1.000000
0.999487 1.000000
0.999518 1.000000
0.999559 1.000000
0.999580 1.000000
0.999621 1.000000
0.999682 1.000000
0.999703 1.000000
0.999774 1.000000
0.999795 1.000000
0.999867 1.000000
0.999887 1.000000
0.999928 1.000000
0.999990 1.000000
1.000000 1.000000
