# FPR TPR
0.000000 0.000000
0.000000 0.000017
0.000000 0.000117
0.000000 0.000150
0.000000 0.000284
0.000000 0.000318
0.000000 0.000368
0.000000 0.000401
0.000000 0.000485
0.000000 0.000551
0.000000 0.000635
0.000000 0.000668
0.000000 0.000752
0.000000 0.000785
0.000000 0.000969
0.000000 0.001036
0.000000 0.001337
0.000000 0.001370
0.000000 0.001437
0.000000 0.001471
0.000000 0.001621
0.000000 0.001654
0.000000 0.001855
0.000000 0.001888
0.000000 0.002273
0.000000 0.002306
0.000000 0.002423
0.000000 0.002457
0.000000 0.002774
0.000000 0.002807
0.000000 0.002841
0.000000 0.002874
0.000000 0.002924
0.000000 0.002958
0.000000 0.003058
0.000000 0.003092
0.000000 0.003275
0.000000 0.003342
0.000000 0.003376
0.000000 0.003409
0.000000 0.003777
0.000000 0.003810
0.000000 0.003827
0.000000 0.003860
0.000000 0.003994
0.000000 0.004128
0.000000 0.004161
0.000000 0.004195
0.000000 0.004445
0.000000 0.004479
0.000000 0.004880
0.000000 0.004913
0.000000 0.004997
0.000000 0.005030
0.000000 0.005465
0.000000 0.005498
0.000000 0.005598
0.000000 0.005632
0.000000 0.005699
0.000000 0.005732
0.000000 0.005749
0.000000 0.005782
0.000000 0.005949
0.000000 0.005983
0.000000 0.006150
0.000000 0.006183
0.000000 0.006283
0.000000 0.006317
0.000000 0.006384
0.000000 0.006417
0.000000 0.006651
0.000000 0.006684
0.000000 0.006735
0.000000 0.006768
0.000000 0.006935
0.000000 0.006969
0.000000 0.007002
0.000000 0.007035
0.000000 0.007119
0.000000 0.007152
0.000000 0.007370
0.000000 0.007403
0.000000 0.007436
0.000000 0.007470
0.000000 0.007570
0.000000 0.007604
0.000000 0.007737
0.000000 0.007771
0.000000 0.007988
0.000000 0.008021
0.000000 0.008105
0.000000 0.008138
0.000000 0.008205
0.000000 0.008272
0.000000 0.008305
0.000000 0.008339
0.000000 0.008356
0.000000 0.008389
0.000000 0.008606
0.000000 0.008673
0.000000 0.008907
0.000000 0.008941
0.000000 0.008974
0.000000 0.009007
0.000000 0.009041
0.000000 0.009074
0.000000 0.009225
0.000000 0.009258
0.000000 0.009542
0.000000 0.009592
0.000000 0.009709
0.000000 0.009776
0.000000 0.010077
0.000000 0.010110
0.000000 0.010227
0.000000 0.010261
0.000000 0.010445
0.000000 0.010511
0.000000 0.010528
0.000000 0.010561
0.000000 0.010645
0.000000 0.010678
0.000000 0.010862
0.000000 0.010896
0.000000 0.010946
0.000000 0.010979
0.000000 0.011113
0.000000 0.011180
0.000000 0.011464
0.000000 0.011497
0.000000 0.011848
0.000000 0.011882
0.000000 0.011932
0.000000 0.011965
0.000000 0.012099
0.000000 0.012132
0.000000 0.012166
0.000000 0.012199
0.000000 0.012216
0.000000 0.012249
0.000000 0.012483
0.000000 0.012517
0.000000 0.012533
0.000000 0.012567
0.000000 0.012617
0.000000 0.012650
0.000000 0.012784
0.000000 0.012818
0.000000 0.012868
0.000000 0.012901
0.000000 0.013018
0.000000 0.013051
0.000000 0.013102
0.000000 0.013135
0.000000 0.013168
0.000000 0.013202
0.000000 0.013252
0.000000 0.013285
0.000000 0.014255
0.000000 0.014288
0.000000 0.014622
0.000000 0.014656
0.000000 0.014789
0.000000 0.014823
0.000000 0.014923
0.000000 0.014957
0.000000 0.015074
0.000000 0.015107
0.000000 0.015157
0.000000 0.015191
0.000000 0.015408
0.000000 0.015441
0.000000 0.015859
0.000000 0.015892
0.000000 0.015926
0.000000 0.015959
0.000000 0.016009
0.000000 0.016043
0.000000 0.016227
0.000000 0.016260
0.000000 0.016527
0.000000 0.016594
0.000000 0.016811
0.000000 0.016845
0.000000 0.016895
0.000000 0.016962
0.000000 0.016979
0.000000 0.017012
0.000000 0.017029
0.000000 0.017096
0.000000 0.017179
0.000000 0.017279
0.000000 0.017296
0.000000 0.017330
0.000000 0.017480
0.000000 0.017513
0.000000 0.017614
0.000000 0.017647
0.000000 0.017697
0.000000 0.017731
0.000000 0.018048
0.000000 0.018082
0.000000 0.018115
0.000000 0.018148
0.000000 0.018432
0.000000 0.018466
0.000000 0.018616
0.000000 0.018650
0.000000 0.018900
0.000000 0.018934
0.000000 0.019017
0.000000 0.019118
0.000000 0.019218
0.000000 0.019251
0.000000 0.019569
0.000000 0.019602
0.000000 0.019786
0.000000 0.019836
0.000000 0.020170
0.000000 0.020204
0.000000 0.020271
0.000000 0.020304
0.000000 0.020338
0.000000 0.020371
0.000000 0.020388
0.000000 0.020421
0.000000 0.020572
0.000000 0.020605
0.000000 0.020739
0.000000 0.020772
0.000000 0.020856
0.000000 0.020889
0.000000 0.020906
0.000000 0.020956
0.000000 0.020989
0.000000 0.021357
0.000000 0.021390
0.000000 0.021674
0.000000 0.021708
0.000000 0.021791
0.000000 0.021842
0.000000 0.022092
0.000000 0.022126
0.000000 0.022410
0.000000 0.022443
0.000000 0.022543
0.000000 0.022644
0.000000 0.022811
0.000000 0.022844
0.000000 0.023379
0.000000 0.023412
0.000000 0.023596
0.000000 0.023630
0.000000 0.023747
0.000000 0.023780
0.000000 0.023797
0.000000 0.023830
0.000000 0.023847
0.000000 0.023914
0.000000 0.024064
0.000000 0.024131
0.000000 0.024432
0.000000 0.024465
0.000000 0.024499
0.000000 0.024532
0.000000 0.024599
0.000000 0.024649
0.000000 0.024666
0.000000 0.024699
0.000000 0.024783
0.000000 0.024816
0.000000 0.025084
0.000000 0.025117
0.000000 0.025284
0.000000 0.025318
0.000000 0.025334
0.000000 0.025401
0.000000 0.025518
0.000000 0.025551
0.000000 0.025953
0.000000 0.026003
0.000000 0.026019
0.000000 0.026053
0.000000 0.026103
0.000000 0.026136
0.000000 0.026270
0.000000 0.026303
0.000000 0.026437
0.000000 0.026471
0.000000 0.026504
0.000000 0.026537
0.000000 0.026571
0.000000 0.026604
0.000000 0.026638
0.000000 0.026671
0.000000 0.026705
0.000000 0.026738
0.000000 0.026771
0.000000 0.026805
0.000000 0.027055
0.000000 0.027089
0.000000 0.027273
0.000000 0.027306
0.000000 0.027373
0.000000 0.027406
0.000000 0.027807
0.000000 0.027841
0.000000 0.028025
0.000000 0.028058
0.000000 0.028275
0.000000 0.028309
0.000000 0.028326
0.000000 0.028359
0.000000 0.028376
0.000000 0.028443
0.000000 0.028493
0.000000 0.028526
0.000000 0.028559
0.000000 0.028593
0.000000 0.028827
0.000000 0.028860
0.000000 0.029027
0.000000 0.029061
0.000000 0.029529
0.000000 0.029579
0.000000 0.029629
0.000000 0.029662
0.000000 0.029763
0.000000 0.029796
0.000000 0.029930
0.000000 0.029963
0.000000 0.029980
0.000000 0.030013
0.000000 0.030030
0.000000 0.030064
0.000000 0.030197
0.000000 0.030231
0.000000 0.030247
0.000000 0.030314
0.000000 0.030515
0.000000 0.030548
0.000000 0.030582
0.000000 0.030615
0.000000 0.030665
0.000000 0.030699
0.000000 0.030715
0.000000 0.030749
0.000000 0.030765
0.000000 0.030799
0.000000 0.030816
0.000000 0.030849
0.000000 0.031451
0.000000 0.031484
0.000000 0.031568
0.000000 0.031634
0.000000 0.031735
0.000000 0.031768
0.000000 0.032152
0.000000 0.032186
0.000000 0.032520
0.000000 0.032553
0.000000 0.032854
0.000000 0.032888
0.000000 0.032971
0.000000 0.033038
0.000000 0.033372
0.000000 0.033406
0.000000 0.033439
0.000000 0.033473
0.000000 0.033506
0.000000 0.033539
0.000000 0.033606
0.000000 0.033640
0.000000 0.033840
0.000000 0.033874
0.000000 0.033890
0.000000 0.033924
0.000000 0.033991
0.000000 0.034024
0.000000 0.034158
0.000000 0.034191
0.000000 0.034392
0.000000 0.034425
0.000000 0.034642
0.000000 0.034693
0.000000 0.034759
0.000000 0.034793
0.000000 0.034893
0.000000 0.034926
0.000000 0.035094
0.000000 0.035127
0.000000 0.035144
0.000000 0.035177
0.000000 0.035244
0.000000 0.035277
0.000000 0.035344
0.000000 0.035411
0.000000 0.035561
0.000000 0.035595
0.000000 0.035879
0.000000 0.035912
0.000000 0.036063
0.000000 0.036096
0.000000 0.036146
0.000000 0.036180
0.000000 0.036614
0.000000 0.036715
0.000000 0.036765
0.000000 0.036798
0.000000 0.036848
0.000000 0.036882
0.000000 0.037751
0.000000 0.037801
0.000000 0.037868
0.000000 0.037901
0.000000 0.038118
0.000000 0.038152
0.000000 0.038570
0.000000 0.038603
0.000000 0.038720
0.000000 0.038770
0.000000 0.038803
0.000000 0.038870
0.000000 0.038904
0.000000 0.038971
0.000000 0.039004
0.000000 0.039021
0.000000 0.039054
0.000000 0.039171
0.000000 0.039205
0.000000 0.039221
0.000000 0.039288
0.000000 0.039455
0.000000 0.039505
0.000000 0.039572
0.000000 0.039606
0.000000 0.039890
0.000000 0.039923
0.000000 0.040174
0.000000 0.040224
0.000000 0.040241
0.000000 0.040274
0.000000 0.040341
0.000000 0.040374
0.000000 0.040424
0.000000 0.040475
0.000000 0.040491
0.000000 0.040525
0.000000 0.040541
0.000000 0.040575
0.000000 0.040592
0.000000 0.040625
0.000000 0.040658
0.000000 0.040692
0.000000 0.040826
0.000000 0.040959
0.000000 0.041043
0.000000 0.041110
0.000000 0.041160
0.000000 0.041193
0.000000 0.041227
0.000000 0.041260
0.000000 0.041527
0.000000 0.041578
0.000000 0.041862
0.000000 0.041895
0.000000 0.041962
0.000000 0.041995
0.000000 0.042045
0.000000 0.042079
0.000000 0.042096
0.000000 0.042129
0.000000 0.042513
0.000000 0.042547
0.000000 0.042580
0.000000 0.042614
0.000000 0.042747
0.000000 0.042781
0.000000 0.042797
0.000000 0.042898
0.000000 0.042931
0.000000 0.042965
0.000000 0.043031
0.000000 0.043132
0.000000 0.043165
0.000000 0.043199
0.000000 0.043249
0.000000 0.043265
0.000000 0.043299
0.000000 0.043382
0.000000 0.043416
0.000000 0.043549
0.000000 0.043583
0.000000 0.043934
0.000000 0.043967
0.000000 0.044101
0.000000 0.044134
0.000000 0.044168
0.000000 0.044201
0.000000 0.044218
0.000000 0.044268
0.000000 0.044469
0.000000 0.044502
0.000000 0.044519
0.000000 0.044552
0.000000 0.044652
0.000000 0.044686
0.000000 0.045003
0.000000 0.045037
0.000000 0.045053
0.000000 0.045087
0.000000 0.045471
0.000000 0.045505
0.000000 0.045572
0.000000 0.045605
0.000000 0.045655
0.000000 0.045689
0.000000 0.045755
0.000000 0.045789
0.000000 0.045906
0.000000 0.045973
0.000000 0.046207
0.000000 0.046240
0.000000 0.046290
0.000000 0.046390
0.000000 0.046741
0.000000 0.046808
0.000000 0.046825
0.000000 0.046858
0.000000 0.046892
0.000000 0.046925
0.000000 0.046942
0.000000 0.047009
0.000000 0.047042
0.000000 0.047076
0.000000 0.047092
0.000000 0.047126
0.000000 0.047142
0.000000 0.047176
0.000000 0.047259
0.000000 0.047293
0.000000 0.047309
0.000000 0.047410
0.000000 0.047426
0.000000 0.047493
0.000000 0.047543
0.000000 0.047577
0.000000 0.047644
0.000000 0.047677
0.000000 0.047744
0.000000 0.047777
0.000000 0.047828
0.000000 0.047861
0.000000 0.047878
0.000000 0.047911
0.000000 0.048145
0.000000 0.048178
0.000000 0.048279
0.000000 0.048312
0.000000 0.048346
0.000000 0.048379
0.000000 0.048396
0.000000 0.048429
0.000000 0.048479
0.000000 0.048513
0.000000 0.048730
0.000000 0.048763
0.000000 0.048780
0.000000 0.048814
0.000000 0.048864
0.000000 0.048947
0.000000 0.049047
0.000000 0.049064
0.000000 0.049098
0.000000 0.049231
0.000000 0.049265
0.000000 0.049298
0.000000 0.049332
0.000000 0.049482
0.000000 0.049515
0.000000 0.049549
0.000000 0.049582
0.000000 0.049833
0.000000 0.049883
0.000000 0.049950
0.000000 0.049967
0.000000 0.050000
0.000000 0.050017
0.000000 0.050050
0.000000 0.050201
0.000000 0.050234
0.000000 0.050635
0.000000 0.050702
0.000000 0.050752
0.000000 0.050785
0.000000 0.051070
0.000000 0.051103
0.000000 0.051136
0.000000 0.051170
0.000000 0.051186
0.000000 0.051220
0.000000 0.051487
0.000000 0.051521
0.000000 0.051604
0.000000 0.051654
0.000000 0.051822
0.000000 0.051855
0.000000 0.051939
0.000000 0.051972
0.000000 0.052039
0.000000 0.052072
0.000000 0.052122
0.000000 0.052156
0.000000 0.052356
0.000000 0.052390
0.000000 0.052473
0.000000 0.052507
0.000000 0.052557
0.000000 0.052607
0.000000 0.053108
0.000000 0.053142
0.000000 0.053192
0.000000 0.053225
0.000000 0.053342
0.000000 0.053376
0.000000 0.053409
0.000000 0.053443
0.000000 0.053509
0.000000 0.053543
0.000000 0.053559
0.000000 0.053593
0.000000 0.053626
0.000000 0.053693
0.000000 0.053910
0.000000 0.053944
0.000000 0.054061
0.000000 0.054094
0.000000 0.054295
0.000000 0.054328
0.000000 0.054428
0.000000 0.054462
0.000000 0.054646
0.000000 0.054679
0.000000 0.054796
0.000000 0.054830
0.000000 0.054913
0.000000 0.054980
0.000000 0.055030
0.000000 0.055064
0.000000 0.055097
0.000000 0.055130
0.000000 0.055164
0.000000 0.055197
0.000000 0.055414
0.000000 0.055448
0.000000 0.055481
0.000000 0.055531
0.000000 0.055648
0.000000 0.055682
0.000000 0.055699
0.000000 0.055732
0.000000 0.055849
0.000000 0.055882
0.000000 0.056283
0.000000 0.056317
0.000000 0.056367
0.000000 0.056400
0.000000 0.056467
0.000000 0.056634
0.000000 0.056668
0.000000 0.056751
0.000000 0.056785
0.000000 0.056818
0.000000 0.056852
0.000000 0.056935
0.000000 0.056969
0.000000 0.057002
0.000000 0.057035
0.000000 0.057086
0.000000 0.057119
0.000000 0.057236
0.000000 0.057303
0.000000 0.057403
0.000000 0.057436
0.000000 0.057453
0.000000 0.057487
0.000000 0.057503
0.000000 0.057570
0.000000 0.057620
0.000000 0.057687
0.000000 0.057721
0.000000 0.057754
0.000000 0.057904
0.000000 0.057938
0.000000 0.057955
0.000000 0.057988
0.000000 0.058072
0.000000 0.058105
0.000000 0.058122
0.000000 0.058155
0.000000 0.058189
0.000000 0.058222
0.000000 0.058255
0.000000 0.058289
0.000000 0.058439
0.000000 0.058473
0.000000 0.058506
0.000000 0.058539
0.000000 0.058623
0.000000 0.058690
0.000000 0.058740
0.000000 0.058773
0.000000 0.059191
0.000000 0.059258
0.000000 0.059726
0.000000 0.059793
0.000000 0.059977
0.000000 0.060010
0.000000 0.060060
0.000000 0.060110
0.000000 0.060244
0.000000 0.060277
0.000000 0.060294
0.000000 0.060361
0.000000 0.060478
0.000000 0.060511
0.000000 0.060528
0.000000 0.060578
0.000000 0.060846
0.000000 0.060896
0.000000 0.060929
0.000000 0.060963
0.000000 0.061013
0.000000 0.061130
0.000000 0.061163
0.000000 0.061247
0.000000 0.061280
0.000000 0.061464
0.000000 0.061497
0.000000 0.061514
0.000000 0.061547
0.000000 0.061832
0.000000 0.061865
0.000000 0.061898
0.000000 0.061932
0.000000 0.061965
0.000000 0.062032
0.000000 0.062751
0.000000 0.062851
0.000000 0.062884
0.000000 0.062918
0.000000 0.063001
0.000000 0.063035
0.000000 0.063269
0.000000 0.063302
0.000000 0.063419
0.000000 0.063453
0.000000 0.063519
0.000000 0.063553
0.000000 0.063570
0.000000 0.063603
0.000000 0.063703
0.000000 0.063737
0.000000 0.064121
0.000000 0.064154
0.000000 0.064188
0.000000 0.064221
0.000000 0.064288
0.000000 0.064322
0.000000 0.064439
0.000000 0.064472
0.000000 0.064539
0.000000 0.064572
0.000000 0.064739
0.000000 0.064773
0.000000 0.064789
0.000000 0.064823
0.000000 0.064923
0.000000 0.064957
0.000000 0.065074
0.000000 0.065107
0.000000 0.065174
0.000000 0.065207
0.000000 0.065274
0.000000 0.065307
0.000000 0.065441
0.000000 0.065475
0.000000 0.065541
0.000000 0.065575
0.000000 0.065675
0.000000 0.065709
0.000000 0.065809
0.000000 0.065842
0.000000 0.065993
0.000000 0.066026
0.000000 0.066059
0.000000 0.066160
0.000000 0.066260
0.000000 0.066293
0.000000 0.066394
0.000000 0.066461
0.000000 0.066578
0.000000 0.066611
0.000000 0.066644
0.000000 0.066678
0.000000 0.066695
0.000000 0.066728
0.000000 0.066811
0.000000 0.066845
0.000000 0.066878
0.000000 0.066928
0.000000 0.066962
0.000000 0.066995
0.000000 0.067045
0.000000 0.067079
0.000000 0.067096
0.000000 0.067129
0.000000 0.067196
0.000000 0.067229
0.000000 0.067413
0.000000 0.067447
0.000000 0.067564
0.000000 0.067664
0.000000 0.067680
0.000000 0.067714
0.000000 0.067764
0.000000 0.067797
0.000000 0.067814
0.000000 0.067848
0.000000 0.067898
0.000000 0.067965
0.000000 0.067981
0.000000 0.068015
0.000000 0.068199
0.000000 0.068232
0.000000 0.068366
0.000000 0.068432
0.000000 0.068466
0.000000 0.068499
0.000000 0.068650
0.000000 0.068683
0.000000 0.068717
0.000000 0.068750
0.000000 0.068767
0.000000 0.068800
0.000000 0.068884
0.000000 0.068917
0.000000 0.068951
0.000000 0.068984
0.000000 0.069068
0.000000 0.069101
0.000000 0.069519
0.000000 0.069552
0.000000 0.069636
0.000000 0.069669
0.000000 0.069803
0.000000 0.069853
0.000000 0.069886
0.000000 0.069920
0.000000 0.070321
0.000000 0.070354
0.000000 0.070438
0.000000 0.070505
0.000000 0.070638
0.000000 0.070672
0.000000 0.070789
0.000000 0.070822
0.000000 0.070906
0.000000 0.070939
0.000000 0.071039
0.000000 0.071073
0.000000 0.071173
0.000000 0.071207
0.000000 0.071273
0.000000 0.071307
0.000000 0.071407
0.000000 0.071457
0.000000 0.071507
0.000000 0.071541
0.000000 0.071691
0.000000 0.071725
0.000000 0.071791
0.000000 0.071825
0.000000 0.071858
0.000000 0.071892
0.000000 0.071959
0.000000 0.072025
0.000000 0.072042
0.000000 0.072076
0.000000 0.072142
0.000000 0.072176
0.000000 0.072293
0.000000 0.072326
0.000000 0.072376
0.000000 0.072410
0.000000 0.072443
0.000000 0.072477
0.000000 0.072543
0.000000 0.072577
0.000000 0.072594
0.000000 0.072660
0.000000 0.072711
0.000000 0.072761
0.000000 0.072911
0.000000 0.072945
0.000000 0.072961
0.000000 0.072995
0.000000 0.073128
0.000000 0.073162
0.000000 0.073178
0.000000 0.073212
0.000000 0.073295
0.000000 0.073329
0.000000 0.073563
0.000000 0.073596
0.000000 0.073880
0.000000 0.073930
0.000000 0.074031
0.000000 0.074064
0.000000 0.074114
0.000000 0.074148
0.000000 0.074164
0.000000 0.074198
0.000000 0.074365
0.000000 0.074398
0.000000 0.074432
0.000000 0.074465
0.000000 0.074582
0.000000 0.074616
0.000000 0.074883
0.000000 0.074916
0.000000 0.074967
0.000000 0.075000
0.000000 0.075050
0.000000 0.075117
0.000000 0.075334
0.000000 0.075368
0.000000 0.075501
0.000000 0.075535
0.000000 0.075602
0.000000 0.075635
0.000000 0.075702
0.000000 0.075735
0.000000 0.075936
0.000000 0.075969
0.000000 0.076019
0.000000 0.076053
0.000000 0.076153
0.000000 0.076186
0.000000 0.076337
0.000000 0.076370
0.000000 0.076487
0.000000 0.076521
0.000000 0.076688
0.000000 0.076738
0.000000 0.076805
0.000000 0.076838
0.000000 0.076955
0.000000 0.077022
0.000000 0.077106
0.000000 0.077139
0.000000 0.077340
0.000000 0.077373
0.000000 0.077390
0.000000 0.077423
0.000000 0.077507
0.000000 0.077540
0.000000 0.077574
0.000000 0.077607
0.000000 0.077657
0.000000 0.077724
0.000000 0.077741
0.000000 0.077791
0.000000 0.077824
0.000000 0.077858
0.000000 0.078192
0.000000 0.078225
0.000000 0.078275
0.000000 0.078309
0.000000 0.078359
0.000000 0.078392
0.000000 0.078409
0.000000 0.078443
0.000000 0.078593
0.000000 0.078626
0.000000 0.078810
0.000000 0.078844
0.000000 0.078910
0.000000 0.078977
0.000000 0.079111
0.000000 0.079161
0.000000 0.079195
0.000000 0.079362
0.000000 0.079395
0.000000 0.079412
0.000000 0.079479
0.000000 0.079662
0.000000 0.079696
0.000000 0.080097
0.000000 0.080130
0.000000 0.080147
0.000000 0.080180
0.000000 0.080331
0.000000 0.080364
0.000000 0.080381
0.000000 0.080414
0.000000 0.080565
0.000000 0.080598
0.000000 0.080715
0.000000 0.080749
0.000000 0.080765
0.000000 0.080816
0.000000 0.080832
0.000000 0.080932
0.000000 0.081083
0.000000 0.081116
0.000000 0.081200
0.000000 0.081233
0.000000 0.081250
0.000000 0.081283
0.000000 0.081300
0.000000 0.081334
0.000000 0.081484
0.000000 0.081517
0.000000 0.081651
0.000000 0.081684
0.000000 0.081751
0.000000 0.081785
0.000000 0.081952
0.000000 0.081985
0.000000 0.082169
0.000000 0.082203
0.000000 0.082353
0.000000 0.082386
0.000000 0.082637
0.000000 0.082670
0.000000 0.082737
0.000000 0.082787
0.000000 0.082821
0.000000 0.082854
0.000000 0.082888
0.000000 0.082921
0.000000 0.082938
0.000000 0.082988
0.000000 0.083021
0.000000 0.083222
0.000000 0.083255
0.000000 0.083506
0.000000 0.083573
0.000000 0.083656
0.000000 0.083690
0.000000 0.083723
0.000000 0.083757
0.000000 0.083907
0.000000 0.083941
0.000000 0.084024
0.000000 0.084057
0.000000 0.084325
0.000000 0.084358
0.000000 0.084375
0.000000 0.084408
0.000000 0.084475
0.000000 0.084542
0.000000 0.084726
0.000000 0.084759
0.000000 0.084776
0.000000 0.084809
0.000000 0.084826
0.000000 0.084860
0.000000 0.084893
0.000000 0.084943
0.000000 0.085211
0.000000 0.085277
0.000000 0.085461
0.000000 0.085495
0.000000 0.085545
0.000000 0.085645
0.000000 0.085812
0.000000 0.085846
0.000000 0.085896
0.000000 0.085929
0.000000 0.085946
0.000000 0.086080
0.000000 0.086096
0.000000 0.086146
0.000000 0.086213
0.000000 0.086280
0.000000 0.086497
0.000000 0.086547
0.000000 0.086614
0.000000 0.086681
0.000000 0.086915
0.000000 0.086982
0.000000 0.087032
0.000000 0.087066
0.000000 0.087099
0.000000 0.087132
0.000000 0.087166
0.000000 0.087199
0.000000 0.087299
0.000000 0.087333
0.000000 0.087350
0.000000 0.087400
0.000000 0.087517
0.000000 0.087550
0.000000 0.087617
0.000000 0.087650
0.000000 0.087717
0.000000 0.087767
0.000000 0.087884
0.000000 0.087918
0.000000 0.088051
0.000000 0.088085
0.000000 0.088102
0.000000 0.088135
0.000000 0.088202
0.000000 0.088235
0.000000 0.088269
0.000000 0.088302
0.000000 0.088352
0.000000 0.088386
0.000000 0.088436
0.000000 0.088486
0.000000 0.088503
0.000000 0.088536
0.000000 0.088553
0.000000 0.088586
0.000000 0.088620
0.000000 0.088653
0.000000 0.088703
0.000000 0.088737
0.000000 0.088753
0.000000 0.088787
0.000000 0.088837
0.000000 0.088870
0.000000 0.088937
0.000000 0.088971
0.000000 0.089021
0.000000 0.089054
0.000000 0.089138
0.000000 0.089171
0.000000 0.089188
0.000000 0.089221
0.000000 0.089305
0.000000 0.089338
0.000000 0.089405
0.000000 0.089439
0.000000 0.089522
0.000000 0.089555
0.000000 0.089622
0.000000 0.089656
0.000000 0.089672
0.000000 0.089706
0.000000 0.089990
0.000000 0.090057
0.000000 0.090124
0.000000 0.090224
0.000000 0.090241
0.000000 0.090274
0.000000 0.090307
0.000000 0.090358
0.000000 0.090575
0.000000 0.090608
0.000000 0.090709
0.000000 0.090742
0.000000 0.090909
0.000000 0.090943
0.000000 0.091076
0.000000 0.091110
0.000000 0.091193
0.000000 0.091227
0.000000 0.091344
0.000000 0.091410
0.000000 0.091477
0.000000 0.091511
0.000000 0.091527
0.000000 0.091578
0.000000 0.091594
0.000000 0.091644
0.000000 0.091761
0.000000 0.091795
0.000000 0.091862
0.000000 0.091895
0.000000 0.091945
0.000000 0.091979
0.000000 0.091995
0.000000 0.092029
0.000000 0.092045
0.000000 0.092079
0.000000 0.092162
0.000000 0.092229
0.000000 0.092246
0.000000 0.092296
0.000000 0.092463
0.000000 0.092497
0.000000 0.092647
0.000000 0.092680
0.000000 0.092764
0.000000 0.092797
0.000000 0.092848
0.000000 0.092881
0.000000 0.092898
0.000000 0.092948
0.000000 0.093349
0.000000 0.093382
0.000000 0.093666
0.000000 0.093700
0.000000 0.093733
0.000000 0.093767
0.000000 0.093867
0.000000 0.093934
0.000000 0.093967
0.000000 0.094001
0.000000 0.094017
0.000000 0.094051
0.000000 0.094134
0.000000 0.094168
0.000000 0.094251
0.000000 0.094285
0.000000 0.094586
0.000000 0.094619
0.000000 0.094769
0.000000 0.094803
0.000000 0.094836
0.000000 0.094870
0.000000 0.095003
0.000000 0.095037
0.000000 0.095354
0.000000 0.095404
0.000000 0.095455
0.000000 0.095488
0.000000 0.095622
0.000000 0.095689
0.000000 0.095906
0.000000 0.095939
0.000000 0.095956
0.000000 0.096023
0.000000 0.096073
0.000000 0.096106
0.000000 0.096207
0.000000 0.096240
0.000000 0.096474
0.000000 0.096507
0.000000 0.096524
0.000000 0.096557
0.000000 0.096574
0.000000 0.096624
0.000000 0.096674
0.000000 0.096708
0.000000 0.096808
0.000000 0.096842
0.000000 0.096908
0.000000 0.096975
0.000000 0.096992
0.000000 0.097059
0.000000 0.097159
0.000000 0.097193
0.000000 0.097443
0.000000 0.097477
0.000000 0.097543
0.000000 0.097577
0.000000 0.097644
0.000000 0.097677
0.000000 0.097694
0.000000 0.097727
0.000000 0.097794
0.000000 0.097861
0.000000 0.097928
0.000000 0.097961
0.000000 0.097978
0.000000 0.098011
0.000000 0.098078
0.000000 0.098128
0.000000 0.098162
0.000000 0.098195
0.000000 0.098279
0.000000 0.098346
0.000000 0.098362
0.000000 0.098396
0.000000 0.098646
0.000000 0.098680
0.000000 0.098747
0.000000 0.098780
0.000000 0.098864
0.000000 0.098897
0.000000 0.098981
0.000000 0.099014
0.000000 0.099164
0.000000 0.099198
0.000000 0.099215
0.000000 0.099248
0.000000 0.099298
0.000000 0.099332
0.000000 0.099398
0.000000 0.099465
0.000000 0.099515
0.000000 0.099566
0.000000 0.099733
0.000000 0.099766
0.000000 0.099950
0.000000 0.099983
0.000000 0.100535
0.000000 0.100602
0.000000 0.100635
0.000000 0.100668
0.000000 0.100836
0.000000 0.100869
0.000000 0.100886
0.000000 0.100919
0.000000 0.101003
0.000000 0.101036
0.000000 0.101253
0.000000 0.101320
0.000000 0.101454
0.000000 0.101487
0.000000 0.101571
0.000000 0.101604
0.000000 0.101705
0.000000 0.101738
0.000000 0.101755
0.000000 0.101788
0.000000 0.101905
0.000000 0.101939
0.000000 0.102089
0.000000 0.102122
0.000000 0.102306
0.000000 0.102340
0.000000 0.102490
0.000000 0.102523
0.000000 0.102557
0.000000 0.102590
0.000000 0.102691
0.000000 0.102724
0.000000 0.102741
0.000000 0.102791
0.000000 0.102858
0.000000 0.102891
0.000000 0.102975
0.000000 0.103008
0.000000 0.103041
0.000000 0.103075
0.000000 0.103125
0.000000 0.103158
0.000000 0.103192
0.000000 0.103225
0.000000 0.103259
0.000000 0.103326
0.000000 0.103359
0.000000 0.103392
0.000000 0.103493
0.000000 0.103526
0.000000 0.103593
0.000000 0.103626
0.000000 0.103676
0.000000 0.103710
0.000000 0.103727
0.000000 0.103760
0.000000 0.103961
0.000000 0.103994
0.000000 0.104044
0.000000 0.104078
0.000000 0.104161
0.000000 0.104195
0.000000 0.104362
0.000000 0.104495
0.000000 0.104545
0.000000 0.104579
0.000000 0.104713
0.000000 0.104746
0.000000 0.104880
0.000000 0.104913
0.000000 0.104930
0.000000 0.104980
0.000000 0.105013
0.000000 0.105080
0.000000 0.105214
0.000000 0.105264
0.000000 0.105297
0.000000 0.105364
0.000000 0.105414
0.000000 0.105448
0.000000 0.105515
0.000000 0.105548
0.000000 0.105899
0.000000 0.105932
0.000000 0.106100
0.000000 0.106166
0.000000 0.106300
0.000000 0.106334
0.000000 0.106417
0.000000 0.106451
0.000000 0.106484
0.000000 0.106517
0.000000 0.106618
0.000000 0.106651
0.000000 0.106701
0.000000 0.106735
0.000000 0.106952
0.000000 0.106985
0.000000 0.107102
0.000000 0.107203
0.000000 0.107269
0.000000 0.107336
0.000000 0.107386
0.000000 0.107420
0.000000 0.107503
0.000000 0.107537
0.000000 0.107553
0.000000 0.107604
0.000000 0.107704
0.000000 0.107771
0.000000 0.107821
0.000000 0.107871
0.000000 0.107971
0.000000 0.108005
0.000000 0.108105
0.000000 0.108172
0.000000 0.108205
0.000000 0.108255
0.000000 0.108389
0.000000 0.108439
0.000000 0.108640
0.000000 0.108673
0.000000 0.108840
0.000000 0.108907
0.000000 0.108924
0.000000 0.108991
0.000000 0.109024
0.000000 0.109074
0.000000 0.109108
0.000000 0.109141
0.000000 0.109191
0.000000 0.109342
0.000000 0.109375
0.000000 0.109425
0.000000 0.109459
0.000000 0.109609
0.000000 0.109642
0.000000 0.109659
0.000000 0.109709
0.000000 0.109843
0.000000 0.109876
0.000000 0.109993
0.000000 0.110027
0.000000 0.110094
0.000000 0.110127
0.000000 0.110194
0.000000 0.110227
0.000000 0.110344
0.000000 0.110378
0.000000 0.110578
0.000000 0.110612
0.000000 0.110779
0.000000 0.110812
0.000000 0.110979
0.000000 0.111013
0.000000 0.111046
0.000000 0.111080
0.000000 0.111096
0.000000 0.111130
0.000000 0.111163
0.000000 0.111230
0.000000 0.111247
0.000000 0.111314
0.000000 0.111364
0.000000 0.111380
0.000000 0.111414
0.000000 0.111531
0.000000 0.111564
0.000000 0.111598
0.000000 0.111631
0.000000 0.111731
0.000000 0.111765
0.000000 0.111898
0.000000 0.111932
0.000000 0.112032
0.000000 0.112066
0.000000 0.112099
0.000000 0.112199
0.000000 0.112233
0.000000 0.112266
0.000000 0.112450
0.000000 0.112517
0.000000 0.112533
0.000000 0.112567
0.000000 0.112600
0.000000 0.112667
0.000000 0.112884
0.000000 0.112918
0.000000 0.113051
0.000000 0.113085
0.000000 0.113152
0.000000 0.113202
0.000000 0.113336
0.000000 0.113369
0.000000 0.113436
0.000000 0.113469
0.000000 0.113503
0.000000 0.113536
0.000000 0.113620
0.000000 0.113653
0.000000 0.113971
0.000000 0.114004
0.000000 0.114021
0.000000 0.114054
0.000000 0.114104
0.000000 0.114138
0.000000 0.114305
0.000000 0.114338
0.000000 0.114539
0.000000 0.114572
0.000000 0.114672
0.000000 0.114706
0.000000 0.114906
0.000000 0.115007
0.000000 0.115057
0.000000 0.115124
0.000000 0.115174
0.000000 0.115207
0.000000 0.115224
0.000000 0.115274
0.000000 0.115324
0.000000 0.115358
0.000000 0.115374
0.000000 0.115408
0.000000 0.115458
0.000000 0.115558
0.000000 0.115625
0.000000 0.115675
0.000000 0.115709
0.000000 0.115759
0.000000 0.115792
0.000000 0.115826
0.000000 0.115926
0.000000 0.115959
0.000000 0.116009
0.000000 0.116059
0.000000 0.116110
0.000000 0.116143
0.000000 0.116176
0.000000 0.116210
0.000000 0.116243
0.000000 0.116277
0.000000 0.116293
0.000000 0.116327
0.000000 0.116427
0.000000 0.116461
0.000000 0.116494
0.000000 0.116527
0.000000 0.116611
0.000000 0.116661
0.000000 0.116728
0.000000 0.116761
0.000000 0.116811
0.000000 0.116845
0.000000 0.116928
0.000000 0.116962
0.000000 0.116979
0.000000 0.117012
0.000000 0.117029
0.000000 0.117062
0.000000 0.117079
0.000000 0.117112
0.000000 0.117229
0.000000 0.117263
0.000000 0.117396
0.000000 0.117430
0.000000 0.117597
0.000000 0.117664
0.000000 0.117747
0.000000 0.117814
0.000000 0.117864
0.000000 0.117898
0.000000 0.117998
0.000000 0.118031
0.000000 0.118098
0.000000 0.118165
0.000000 0.118199
0.000000 0.118232
0.000000 0.118265
0.000000 0.118299
0.000000 0.118316
0.000000 0.118349
0.000000 0.118399
0.000000 0.118432
0.000000 0.118449
0.000000 0.118483
0.000000 0.118499
0.000000 0.118533
0.000000 0.118600
0.000000 0.118633
0.000000 0.118700
0.000000 0.118750
0.000000 0.118767
0.000000 0.118834
0.000000 0.118951
0.000000 0.119001
0.000000 0.119134
0.000000 0.119168
0.000000 0.119218
0.000000 0.119251
0.000000 0.119301
0.000000 0.119335
0.000000 0.119352
0.000000 0.119385
0.000000 0.119435
0.000000 0.119469
0.000000 0.119502
0.000000 0.119535
0.000000 0.119552
0.000000 0.119586
0.000000 0.119636
0.000000 0.119669
0.000000 0.119736
0.000000 0.119769
0.000000 0.120221
0.000000 0.120321
0.000000 0.120455
0.000000 0.120488
0.000000 0.120505
0.000000 0.120572
0.000000 0.120638
0.000000 0.120672
0.000000 0.120705
0.000000 0.120739
0.000000 0.120805
0.000000 0.120839
0.000000 0.120889
0.000000 0.120922
0.000000 0.120973
0.000000 0.121006
0.000000 0.121073
0.000000 0.121106
0.000000 0.121190
0.000000 0.121223
0.000000 0.121240
0.000000 0.121273
0.000000 0.121290
0.000000 0.121324
0.000000 0.121374
0.000000 0.121441
0.000000 0.121524
0.000000 0.121557
0.000000 0.121624
0.000000 0.121691
0.000000 0.121791
0.000000 0.121858
0.000000 0.121959
0.000000 0.121992
0.000000 0.122076
0.000000 0.122109
0.000000 0.122410
0.000000 0.122443
0.000000 0.122477
0.000000 0.122510
0.000000 0.122594
0.000000 0.122627
0.000000 0.122677
0.000000 0.122744
0.000000 0.122811
0.000000 0.122878
0.000000 0.122995
0.000000 0.123061
0.000000 0.123078
0.000000 0.123112
0.000000 0.123128
0.000000 0.123162
0.000000 0.123245
0.000000 0.123279
0.000000 0.123329
0.000000 0.123362
0.000000 0.123379
0.000000 0.123412
0.000000 0.123446
0.000000 0.123496
0.000000 0.123529
0.000000 0.123580
0.000000 0.123646
0.000000 0.123680
0.000000 0.123814
0.000000 0.123847
0.000000 0.123864
0.000000 0.123930
0.000000 0.123947
0.000000 0.123997
0.000000 0.124131
0.000000 0.124181
0.000000 0.124231
0.000000 0.124281
0.000000 0.124315
0.000000 0.124348
0.000000 0.124599
0.000000 0.124632
0.000000 0.124649
0.000000 0.124682
0.000000 0.124799
0.000000 0.124833
0.000000 0.124916
0.000000 0.124950
0.000000 0.125000
0.000000 0.125067
0.000000 0.125301
0.000000 0.125334
0.000000 0.125368
0.000000 0.125401
0.000000 0.125434
0.000000 0.125468
0.000000 0.125535
0.000000 0.125568
0.000000 0.125618
0.000000 0.125652
0.000000 0.125685
0.000000 0.125719
0.000000 0.125785
0.000000 0.125819
0.000000 0.125836
0.000000 0.125869
0.000000 0.125969
0.000000 0.126019
0.000000 0.126053
0.000000 0.126103
0.000000 0.126120
0.000000 0.126153
0.000000 0.126203
0.000000 0.126237
0.000000 0.126370
0.000000 0.126404
0.000000 0.126437
0.000000 0.126471
0.000000 0.126521
0.000000 0.126738
0.000000 0.126771
0.000000 0.126888
0.000000 0.126922
0.000000 0.127089
0.000000 0.127122
0.000000 0.127189
0.000000 0.127223
0.000000 0.127373
0.000000 0.127406
0.000000 0.127490
0.000000 0.127523
0.000000 0.127841
0.000000 0.127908
0.000000 0.127924
0.000000 0.127991
0.000000 0.128058
0.000000 0.128092
0.000000 0.128142
0.000000 0.128175
0.000000 0.128259
0.000000 0.128526
0.000000 0.128559
0.000000 0.128676
0.000000 0.128710
0.000000 0.128760
0.000000 0.128793
0.000000 0.128810
0.000000 0.128844
0.000000 0.129027
0.000000 0.129061
0.000000 0.129094
0.000000 0.129128
0.000000 0.129144
0.000000 0.129195
0.000000 0.129261
0.000000 0.129328
0.000000 0.129395
0.000000 0.129428
0.000000 0.129646
0.000000 0.129679
0.000000 0.129729
0.000000 0.129779
0.000000 0.129796
0.000000 0.129830
0.000000 0.129913
0.000000 0.129947
0.000000 0.129980
0.000000 0.130013
0.000000 0.130030
0.000000 0.130064
0.000000 0.130080
0.000000 0.130114
0.000000 0.130214
0.000000 0.130247
0.000000 0.130414
0.000000 0.130448
0.000000 0.130481
0.000000 0.130548
0.000000 0.130715
0.000000 0.130749
0.000000 0.130882
0.000000 0.130916
0.000000 0.130949
0.000000 0.130983
0.000000 0.130999
0.000000 0.131033
0.000000 0.131116
0.000000 0.131150
0.000000 0.131217
0.000000 0.131250
0.000000 0.131634
0.000000 0.131668
0.000000 0.131684
0.000000 0.131751
0.000000 0.131868
0.000000 0.131935
0.000000 0.132019
0.000000 0.132052
0.000000 0.132236
0.000000 0.132269
0.000000 0.132353
0.000000 0.132386
0.000000 0.132453
0.000000 0.132487
0.000000 0.132503
0.000000 0.132604
0.000000 0.132704
0.000000 0.132737
0.000000 0.132787
0.000000 0.132904
0.000000 0.132955
0.000000 0.133038
0.000000 0.133088
0.000000 0.133205
0.000000 0.133239
0.000000 0.133523
0.000000 0.133556
0.000000 0.133590
0.000000 0.133690
0.000000 0.133757
0.000000 0.133790
0.000000 0.133807
0.000000 0.133840
0.000000 0.133991
0.000000 0.134057
0.000000 0.134258
0.000000 0.134358
0.000000 0.134425
0.000000 0.134459
0.000000 0.134492
0.000000 0.134525
0.000000 0.134576
0.000000 0.134609
0.000000 0.134709
0.000000 0.134743
0.000000 0.134826
0.000000 0.134860
0.000000 0.135060
0.000000 0.135094
0.000000 0.135127
0.000000 0.135160
0.000000 0.135211
0.000000 0.135244
0.000000 0.135528
0.000000 0.135561
0.000000 0.135612
0.000000 0.135645
0.000000 0.135712
0.000000 0.135745
0.000000 0.135779
0.000000 0.135846
0.000000 0.135862
0.000000 0.135896
0.000000 0.136197
0.000000 0.136230
0.000000 0.136347
0.000000 0.136380
0.000000 0.136397
0.000000 0.136430
0.000000 0.136481
0.000000 0.136531
0.000000 0.136547
0.000000 0.136581
0.000000 0.136614
0.000000 0.136648
0.000000 0.136664
0.000000 0.136698
0.000000 0.136798
0.000000 0.136865
0.000000 0.136915
0.000000 0.136949
0.000000 0.137015
0.000000 0.137049
0.000000 0.137066
0.000000 0.137099
0.000000 0.137199
0.000000 0.137233
0.000000 0.137299
0.000000 0.137333
0.000000 0.137366
0.000000 0.137400
0.000000 0.137416
0.000000 0.137483
0.000000 0.137650
0.000000 0.137684
0.000000 0.137834
0.000000 0.137868
0.000000 0.137918
0.000000 0.137951
0.000000 0.137985
0.000000 0.138018
0.000000 0.138035
0.000000 0.138068
0.000000 0.138085
0.000000 0.138118
0.000000 0.138135
0.000000 0.138168
0.000000 0.138202
0.000000 0.138269
0.000000 0.138319
0.000000 0.138386
0.000000 0.138402
0.000000 0.138469
0.000000 0.138503
0.000000 0.138536
0.000000 0.138620
0.000000 0.138653
0.000000 0.138887
0.000000 0.138937
0.000000 0.138971
0.000000 0.139071
0.000000 0.139104
0.000000 0.139171
0.000000 0.139205
0.000000 0.139238
0.000000 0.139271
0.000000 0.139388
0.000000 0.139422
0.000000 0.139439
0.000000 0.139472
0.000000 0.139656
0.000000 0.139689
0.000000 0.139706
0.000000 0.139739
0.000000 0.139856
0.000000 0.139906
0.000000 0.139923
0.000000 0.139957
0.000000 0.139973
0.000000 0.140007
0.000000 0.140057
0.000000 0.140090
0.000000 0.140157
0.000000 0.140191
0.000000 0.140274
0.000000 0.140341
0.000000 0.140408
0.000000 0.140441
0.000000 0.140508
0.000000 0.140541
0.000000 0.140625
0.000000 0.140692
0.000000 0.140709
0.000000 0.140742
0.000000 0.140792
0.000000 0.140892
0.000000 0.140976
0.000000 0.141009
0.000000 0.141143
0.000000 0.141210
0.000000 0.141277
0.000000 0.141310
0.000000 0.141360
0.000000 0.141427
0.000000 0.141544
0.000000 0.141578
0.000000 0.141594
0.000000 0.141628
0.000000 0.141661
0.000000 0.141695
0.000000 0.141745
0.000000 0.141962
0.000000 0.141995
0.000000 0.142029
0.000000 0.142062
0.000000 0.142079
0.000000 0.142112
0.000000 0.142179
0.000000 0.142213
0.000000 0.142229
0.000000 0.142263
0.000000 0.142346
0.000000 0.142380
0.000000 0.142513
0.000000 0.142547
0.000000 0.142680
0.000000 0.142714
0.000000 0.142731
0.000000 0.142864
0.000000 0.142914
0.000000 0.142948
0.000000 0.142965
0.000000 0.142998
0.000000 0.143065
0.000000 0.143098
0.000000 0.143115
0.000000 0.143165
0.000000 0.143182
0.000000 0.143215
0.000000 0.143265
0.000000 0.143282
0.000000 0.143316
0.000000 0.143382
0.000000 0.143416
0.000000 0.143583
0.000000 0.143616
0.000000 0.143650
0.000000 0.143683
0.000000 0.143750
0.000000 0.143783
0.000000 0.143800
0.000000 0.143834
0.000000 0.144034
0.000000 0.144068
0.000000 0.144134
0.000000 0.144168
0.000000 0.144184
0.000000 0.144218
0.000000 0.144301
0.000000 0.144335
0.000000 0.144352
0.000000 0.144385
0.000000 0.144402
0.000000 0.144469
0.000000 0.144686
0.000000 0.144820
0.000000 0.144920
0.000000 0.144953
0.000000 0.144987
0.000000 0.145053
0.000000 0.145087
0.000000 0.145120
0.000000 0.145137
0.000000 0.145170
0.000000 0.145521
0.000000 0.145555
0.000000 0.145605
0.000000 0.145638
0.000000 0.145705
0.000000 0.145739
0.000000 0.145839
0.000000 0.145872
0.000000 0.145922
0.000000 0.145956
0.000000 0.146006
0.000000 0.146056
0.000000 0.146324
0.000000 0.146357
0.000000 0.146390
0.000000 0.146424
0.000000 0.146591
0.000000 0.146624
0.000000 0.146775
0.000000 0.146808
0.000000 0.146858
0.000000 0.146875
0.000000 0.146908
0.000000 0.146942
0.000000 0.146975
0.000000 0.147009
0.000000 0.147042
0.000000 0.147076
0.000000 0.147109
0.000000 0.147343
0.000000 0.147376
0.000000 0.147510
0.000000 0.147543
0.000000 0.147627
0.000000 0.147660
0.000000 0.147677
0.000000 0.147711
0.000000 0.147761
0.000000 0.147794
0.000000 0.147911
0.000000 0.147945
0.000000 0.148011
0.000000 0.148045
0.000000 0.148245
0.000000 0.148312
0.000000 0.148596
0.000000 0.148630
0.000000 0.148797
0.000000 0.148830
0.000000 0.148914
0.000000 0.148947
0.000000 0.149098
0.000000 0.149131
0.000000 0.149281
0.000000 0.149315
0.000000 0.149348
0.000000 0.149382
0.000000 0.149449
0.000000 0.149482
0.000000 0.149499
0.000000 0.149532
0.000000 0.149716
0.000000 0.149749
0.000000 0.149783
0.000000 0.149866
0.000000 0.149916
0.000000 0.149983
0.000000 0.150150
0.000000 0.150184
0.000000 0.150217
0.000000 0.150251
0.000000 0.150267
0.000000 0.150334
0.000000 0.150384
0.000000 0.150451
0.000000 0.150468
0.000000 0.150501
0.000000 0.150568
0.000000 0.150635
0.000000 0.150702
0.000000 0.150735
0.000000 0.150752
0.000000 0.150785
0.000000 0.150936
0.000000 0.150969
0.000000 0.151019
0.000000 0.151053
0.000000 0.151120
0.000000 0.151186
0.000000 0.151220
0.000000 0.151287
0.000000 0.151337
0.000000 0.151404
0.000000 0.151437
0.000000 0.151638
0.000000 0.151671
0.000000 0.151738
0.000000 0.151805
0.000000 0.151838
0.000000 0.151872
0.000000 0.151922
0.000000 0.151989
0.000000 0.152072
0.000000 0.152106
0.000000 0.152156
0.000000 0.152189
0.000000 0.152206
0.000000 0.152239
0.000000 0.152273
0.000000 0.152306
0.000000 0.152323
0.000000 0.152356
0.000000 0.152390
0.000000 0.152440
0.000000 0.152457
0.000000 0.152490
0.000000 0.152607
0.000000 0.152691
0.000000 0.152858
0.000000 0.152924
0.000000 0.153041
0.000000 0.153142
0.000000 0.153158
0.000000 0.153192
0.000000 0.153342
0.000000 0.153392
0.000000 0.153493
0.000000 0.153526
0.000000 0.153576
0.000000 0.153626
0.000000 0.153727
0.000000 0.153760
0.000000 0.153827
0.000000 0.153860
0.000000 0.153877
0.000000 0.153910
0.000000 0.153944
0.000000 0.153994
0.000000 0.154027
0.000000 0.154128
0.000000 0.154195
0.000000 0.154211
0.000000 0.154261
0.000000 0.154311
0.000000 0.154345
0.000000 0.154362
0.000000 0.154395
0.000000 0.154512
0.000000 0.154562
0.000000 0.154796
0.000000 0.154830
0.000000 0.154930
0.000000 0.154980
0.000000 0.155013
0.000000 0.155064
0.000000 0.155080
0.000000 0.155114
0.000000 0.155180
0.000000 0.155231
0.000000 0.155348
0.000000 0.155381
0.000000 0.155481
0.000000 0.155515
0.000000 0.155598
0.000000 0.155632
0.000000 0.155665
0.000000 0.155699
0.000000 0.155715
0.000000 0.155749
0.000000 0.155849
0.000000 0.155916
0.000000 0.156016
0.000000 0.156066
0.000000 0.156150
0.000000 0.156250
0.000000 0.156334
0.000000 0.156367
0.000000 0.156384
0.000000 0.156417
0.000000 0.156484
0.000000 0.156517
0.000000 0.156618
0.000000 0.156651
0.000000 0.156835
0.000000 0.156868
0.000000 0.156918
0.000000 0.157052
0.000000 0.157086
0.000000 0.157136
0.000000 0.157169
0.000000 0.157186
0.000000 0.157219
0.000000 0.157353
0.000000 0.157386
0.000000 0.157503
0.000000 0.157537
0.000000 0.157654
0.000000 0.157687
0.000000 0.157871
0.000000 0.157904
0.000000 0.157938
0.000000 0.157988
0.000000 0.158021
0.000000 0.158055
0.000000 0.158189
0.000000 0.158222
0.000000 0.158640
0.000000 0.158690
0.000000 0.158790
0.000000 0.158857
0.000000 0.158874
0.000000 0.158907
0.000000 0.158974
0.000000 0.159041
0.000000 0.159091
0.000000 0.159158
0.000000 0.159191
0.000000 0.159291
0.000000 0.159325
0.000000 0.159375
0.000000 0.159759
0.000000 0.159793
0.000000 0.159809
0.000000 0.159843
0.000000 0.159860
0.000000 0.159893
0.000000 0.159977
0.000000 0.160010
0.000000 0.160227
0.000000 0.160261
0.000000 0.160361
0.000000 0.160394
0.000000 0.160545
0.000000 0.160578
0.000000 0.160795
0.000000 0.160862
0.000000 0.160879
0.000000 0.160912
0.000000 0.160929
0.000000 0.160996
0.000000 0.161013
0.000000 0.161046
0.000000 0.161130
0.000000 0.161163
0.000000 0.161447
0.000000 0.161481
0.000000 0.161664
0.000000 0.161698
0.000000 0.161999
0.000000 0.162066
0.000000 0.162082
0.000000 0.162116
0.000000 0.162216
0.000000 0.162249
0.000000 0.162283
0.000000 0.162316
0.000000 0.162350
0.000000 0.162383
0.000000 0.162416
0.000000 0.162467
0.000000 0.162483
0.000000 0.162550
0.000000 0.162584
0.000000 0.162617
0.000000 0.162701
0.000000 0.162751
0.000000 0.162767
0.000000 0.162818
0.000000 0.162884
0.000000 0.162934
0.000000 0.162968
0.000000 0.163018
0.000000 0.163051
0.000000 0.163319
0.000000 0.163352
0.000000 0.163419
0.000000 0.163453
0.000000 0.163469
0.000000 0.163503
0.000000 0.163603
0.000000 0.163670
0.000000 0.163703
0.000000 0.163720
0.000000 0.163753
0.000000 0.163837
0.000000 0.163870
0.000000 0.163920
0.000000 0.164021
0.000000 0.164071
0.000000 0.164104
0.000000 0.164171
0.000000 0.164388
0.000000 0.164422
0.000000 0.164439
0.000000 0.164472
0.000000 0.164606
0.000000 0.164672
0.000000 0.164689
0.000000 0.164739
0.000000 0.164806
0.000000 0.164840
0.000000 0.164890
0.000000 0.164957
0.000000 0.164990
0.000000 0.165040
0.000000 0.165107
0.000000 0.165157
0.000000 0.165191
0.000000 0.165324
0.000000 0.165358
0.000000 0.165441
0.000000 0.165475
0.000000 0.165491
0.000000 0.165541
0.000000 0.165575
0.000000 0.165592
0.000000 0.165625
0.000000 0.165792
0.000000 0.165826
0.000000 0.165859
0.000000 0.165909
0.000000 0.165943
0.000000 0.165976
0.000000 0.166009
0.000000 0.166059
0.000000 0.166093
0.000000 0.166110
0.000000 0.166143
0.000000 0.166176
0.000000 0.166210
0.000000 0.166310
0.000000 0.166344
0.000000 0.166394
0.000000 0.166427
0.000000 0.166494
0.000000 0.166527
0.000000 0.166695
0.000000 0.166745
0.000000 0.166862
0.000000 0.166912
0.000000 0.166945
0.000000 0.166995
0.000000 0.167112
0.000000 0.167146
0.000000 0.167213
0.000000 0.167246
0.000000 0.167313
0.000000 0.167346
0.000000 0.167430
0.000000 0.167497
0.000000 0.167513
0.000000 0.167547
0.000000 0.167564
0.000000 0.167597
0.000000 0.167630
0.000000 0.167664
0.000000 0.167697
0.000000 0.167731
0.000000 0.167747
0.000000 0.167781
0.000000 0.167814
0.000000 0.167848
0.000000 0.167931
0.000000 0.167998
0.000000 0.168031
0.000000 0.168065
0.000000 0.168082
0.000000 0.168115
0.000000 0.168148
0.000000 0.168215
0.000000 0.168249
0.000000 0.168282
0.000000 0.168366
0.000000 0.168399
0.000000 0.168449
0.000000 0.168483
0.000000 0.168499
0.000000 0.168533
0.000000 0.168549
0.000000 0.168616
0.000000 0.168650
0.000000 0.168750
0.000000 0.168917
0.000000 0.168967
0.000000 0.169001
0.000000 0.169034
0.000000 0.169218
0.000000 0.169251
0.000000 0.169285
0.000000 0.169352
0.000000 0.169418
0.000000 0.169452
0.000000 0.169502
0.000000 0.169569
0.000000 0.169686
0.000000 0.169719
0.000000 0.169836
0.000000 0.169886
0.000000 0.169953
0.000000 0.169987
0.000000 0.170037
0.000000 0.170170
0.000000 0.170354
0.000000 0.170404
0.000000 0.170438
0.000000 0.170555
0.000000 0.170588
0.000000 0.170705
0.000000 0.170772
0.000000 0.170856
0.000000 0.170889
0.000000 0.170922
0.000000 0.170956
0.000000 0.171073
0.000000 0.171106
0.000000 0.171156
0.000000 0.171190
0.000000 0.171257
0.000000 0.171290
0.000000 0.171357
0.000000 0.171390
0.000000 0.171591
0.000000 0.171624
0.000000 0.171674
0.000000 0.171708
0.000000 0.171758
0.000000 0.171825
0.000000 0.172025
0.000000 0.172126
0.000000 0.172259
0.000000 0.172293
0.000000 0.172360
0.000000 0.172393
0.000000 0.172410
0.000000 0.172443
0.000000 0.172527
0.000000 0.172560
0.000000 0.172577
0.000000 0.172610
0.000000 0.172694
0.000000 0.172727
0.000000 0.172777
0.000000 0.172811
0.000000 0.172878
0.000000 0.172911
0.000000 0.172945
0.000000 0.172978
0.000000 0.173045
0.000000 0.173095
0.000000 0.173162
0.000000 0.173195
0.000000 0.173362
0.000000 0.173396
0.000000 0.173446
0.000000 0.173479
0.000000 0.173513
0.000000 0.173546
0.000000 0.173697
0.000000 0.173797
0.000000 0.173814
0.000000 0.173847
0.000000 0.174031
0.000000 0.174064
0.000000 0.174114
0.000000 0.174148
0.000000 0.174164
0.000000 0.174198
0.000000 0.174215
0.000000 0.174248
0.000000 0.174449
0.000000 0.174515
0.000000 0.174549
0.000000 0.174582
0.000000 0.174599
0.000000 0.174649
0.000000 0.174682
0.000000 0.174699
0.000000 0.174733
0.000000 0.174916
0.000000 0.174950
0.000000 0.175100
0.000000 0.175134
0.000000 0.175418
0.000000 0.175468
0.000000 0.175501
0.000000 0.175518
0.000000 0.175585
0.000000 0.175618
0.000000 0.175652
0.000000 0.175735
0.000000 0.175769
0.000000 0.175902
0.000000 0.175936
0.000000 0.176070
0.000000 0.176103
0.000000 0.176120
0.000000 0.176153
0.000000 0.176203
0.000000 0.176237
0.000000 0.176303
0.000000 0.176337
0.000000 0.176370
0.000000 0.176404
0.000000 0.176420
0.000000 0.176487
0.000000 0.176521
0.000000 0.176554
0.000000 0.176621
0.000000 0.176654
0.000000 0.176721
0.000000 0.176755
0.000000 0.176972
0.000000 0.177005
0.000000 0.177022
0.000000 0.177055
0.000000 0.177156
0.000000 0.177223
0.000000 0.177273
0.000000 0.177356
0.000000 0.177423
0.000000 0.177457
0.000000 0.177507
0.000000 0.177674
0.000000 0.177724
0.000000 0.177757
0.000000 0.177791
0.000000 0.177874
0.000000 0.177908
0.000000 0.177924
0.000000 0.177991
0.000000 0.178008
0.000000 0.178041
0.000000 0.178209
0.000000 0.178242
0.000000 0.178292
0.000000 0.178326
0.000000 0.178376
0.000000 0.178409
0.000000 0.178476
0.000000 0.178509
0.000000 0.178526
0.000000 0.178559
0.000000 0.178626
0.000000 0.178660
0.000000 0.178743
0.000000 0.178777
0.000000 0.178793
0.000000 0.178827
0.000000 0.178844
0.000000 0.178894
0.000000 0.178927
0.000000 0.179011
0.000000 0.179044
0.000000 0.179061
0.000000 0.179111
0.000000 0.179128
0.000000 0.179161
0.000000 0.179345
0.000000 0.179378
0.000000 0.179445
0.000000 0.179495
0.000000 0.179545
0.000000 0.179612
0.000000 0.179713
0.000000 0.179763
0.000000 0.179796
0.000000 0.179830
0.000000 0.179880
0.000000 0.179913
0.000000 0.180114
0.000000 0.180164
0.000000 0.180180
0.000000 0.180214
0.000000 0.180348
0.000000 0.180398
0.000000 0.180414
0.000000 0.180448
0.000000 0.180565
0.000000 0.180615
0.000000 0.180648
0.000000 0.180699
0.000000 0.180715
0.000000 0.180749
0.000000 0.180816
0.000000 0.180849
0.000000 0.180866
0.000000 0.180899
0.000000 0.181066
0.000000 0.181100
0.000000 0.181217
0.000000 0.181283
0.000000 0.181350
0.000000 0.181417
0.000000 0.181551
0.000000 0.181601
0.000000 0.181618
0.000000 0.181651
0.000000 0.181684
0.000000 0.181718
0.000000 0.181885
0.000000 0.181918
0.000000 0.181985
0.000000 0.182035
0.000000 0.182069
0.000000 0.182203
0.000000 0.182236
0.000000 0.182269
0.000000 0.182303
0.000000 0.182353
0.000000 0.182386
0.000000 0.182420
0.000000 0.182470
0.000000 0.182654
0.000000 0.182687
0.000000 0.182704
0.000000 0.182771
0.000000 0.182804
0.000000 0.182904
0.000000 0.183005
0.000000 0.183055
0.000000 0.183088
0.000000 0.183122
0.000000 0.183172
0.000000 0.183205
0.000000 0.183222
0.000000 0.183255
0.000000 0.183606
0.000000 0.183640
0.000000 0.183707
0.000000 0.183740
0.000000 0.183790
0.000000 0.183857
0.000000 0.183907
0.000000 0.184041
0.000000 0.184074
0.000000 0.184108
0.000000 0.184225
0.000000 0.184258
0.000000 0.184375
0.000000 0.184408
0.000000 0.184492
0.000000 0.184559
0.000000 0.184576
0.000000 0.184626
0.000000 0.184642
0.000000 0.184676
0.000000 0.184726
0.000000 0.184809
0.000000 0.184843
0.000000 0.184943
0.000000 0.184977
0.000000 0.185144
0.000000 0.185177
0.000000 0.185194
0.000000 0.185227
0.000000 0.185461
0.000000 0.185495
0.000000 0.185678
0.000000 0.185745
0.000000 0.185829
0.000000 0.185862
0.000000 0.185896
0.000000 0.185963
0.000000 0.186146
0.000000 0.186180
0.000000 0.186247
0.000000 0.186297
0.000000 0.186364
0.000000 0.186397
0.000000 0.186430
0.000000 0.186464
0.000000 0.186547
0.000000 0.186614
0.000000 0.186781
0.000000 0.186815
0.000000 0.186882
0.000000 0.186915
0.000000 0.186932
0.000000 0.186965
0.000000 0.187082
0.000000 0.187149
0.000000 0.187199
0.000000 0.187233
0.000000 0.187383
0.000000 0.187433
0.000000 0.187567
0.000000 0.187600
0.000000 0.187617
0.000000 0.187650
0.000000 0.187701
0.000000 0.187734
0.000000 0.187818
0.000000 0.187851
0.000000 0.187901
0.000000 0.187968
0.000000 0.187985
0.000000 0.188051
0.000000 0.188168
0.000000 0.188219
0.000000 0.188252
0.000000 0.188419
0.000000 0.188469
0.000000 0.188519
0.000000 0.188553
0.000000 0.188603
0.000000 0.188670
0.000000 0.188703
0.000000 0.188737
0.000000 0.188753
0.000000 0.188787
0.000000 0.188820
0.000000 0.188854
0.000000 0.188887
0.000000 0.188920
0.000000 0.189054
0.000000 0.189121
0.000000 0.189171
0.000000 0.189205
0.000000 0.189305
0.000000 0.189355
0.000000 0.189439
0.000000 0.189472
0.000000 0.189589
0.000000 0.189656
0.000000 0.189689
0.000000 0.189789
0.000000 0.189840
0.000000 0.189873
0.000000 0.190007
0.000000 0.190040
0.000000 0.190090
0.000000 0.190191
0.000000 0.190224
0.000000 0.190358
0.000000 0.190424
0.000000 0.190508
0.000000 0.190541
0.000000 0.190592
0.000000 0.190658
0.000000 0.190692
0.000000 0.190742
0.000000 0.190876
0.000000 0.191009
0.000000 0.191026
0.000000 0.191059
0.000000 0.191427
0.000000 0.191461
0.000000 0.191494
0.000000 0.191527
0.000000 0.191561
0.000000 0.191594
0.000000 0.191711
0.000000 0.191745
0.000000 0.191795
0.000000 0.191828
0.000000 0.191862
0.000000 0.191878
0.000000 0.191912
0.000000 0.191962
0.000000 0.192029
0.000000 0.192213
0.000000 0.192246
0.000000 0.192296
0.000000 0.192330
0.000000 0.192413
0.000000 0.192447
0.000000 0.192513
0.000000 0.192547
0.000000 0.192597
0.000000 0.192630
0.000000 0.192647
0.000000 0.192680
0.000000 0.192714
0.000000 0.192747
0.000000 0.192764
0.000000 0.192797
0.000000 0.192931
0.000000 0.192965
0.000000 0.193015
0.000000 0.193048
0.000000 0.193265
0.000000 0.193299
0.000000 0.193349
0.000000 0.193382
0.000000 0.193432
0.000000 0.193466
0.000000 0.193566
0.000000 0.193600
0.000000 0.193783
0.000000 0.193817
0.000000 0.193867
0.000000 0.193967
0.000000 0.194001
0.000000 0.194151
0.000000 0.194218
0.000000 0.194268
0.000000 0.194368
0.000000 0.194402
0.000000 0.194435
0.000000 0.194469
0.000000 0.194519
0.000000 0.194569
0.000000 0.194636
0.000000 0.194669
0.000000 0.194686
0.000000 0.194719
0.000000 0.194769
0.000000 0.194820
0.000000 0.194870
0.000000 0.194903
0.000000 0.195020
0.000000 0.195053
0.000000 0.195120
0.000000 0.195154
0.000000 0.195338
0.000000 0.195371
0.000000 0.195622
0.000000 0.195655
0.000000 0.195739
0.000000 0.195789
0.000000 0.195822
0.000000 0.195889
0.000000 0.195922
0.000000 0.196073
0.000000 0.196140
0.000000 0.196207
0.000000 0.196240
0.000000 0.196257
0.000000 0.196290
0.000000 0.196491
0.000000 0.196524
0.000000 0.196591
0.000000 0.196658
0.000000 0.196691
0.000000 0.196791
0.000000 0.196842
0.000000 0.196925
0.000000 0.196959
0.000000 0.196992
0.000000 0.197042
0.000000 0.197092
0.000000 0.197159
0.000000 0.197176
0.000000 0.197209
0.000000 0.197360
0.000000 0.197393
0.000000 0.197426
0.000000 0.197460
0.000000 0.197610
0.000000 0.197660
0.000000 0.197677
0.000000 0.197711
0.000000 0.197777
0.000000 0.197811
0.000000 0.197861
0.000000 0.197894
0.000000 0.197928
0.000000 0.197961
0.000000 0.198028
0.000000 0.198078
0.000000 0.198112
0.000000 0.198145
0.000000 0.198195
0.000000 0.198229
0.000000 0.198346
0.000000 0.198379
0.000000 0.198479
0.000000 0.198513
0.000000 0.198596
0.000000 0.198646
0.000000 0.198697
0.000000 0.198763
0.000000 0.198780
0.000000 0.198814
0.000000 0.198847
0.000000 0.198880
0.000000 0.199114
0.000000 0.199148
0.000000 0.199215
0.000000 0.199248
0.000000 0.199298
0.000000 0.199315
0.000000 0.199348
0.000000 0.199398
0.000000 0.199432
0.000000 0.199532
0.000000 0.199566
0.000000 0.199649
0.000000 0.199682
0.000000 0.199699
0.000000 0.199733
0.000000 0.199749
0.000000 0.199783
0.000000 0.199816
0.000000 0.199850
0.000000 0.199900
0.000000 0.199933
0.000000 0.199967
0.000000 0.200100
0.000000 0.200134
0.000000 0.200150
0.000000 0.200184
0.000000 0.200384
0.000000 0.200451
0.000000 0.200518
0.000000 0.200585
0.000000 0.200702
0.000000 0.200735
0.000000 0.200819
0.000000 0.200836
0.000000 0.200969
0.000000 0.201003
0.000000 0.201103
0.000000 0.201136
0.000000 0.201170
0.000000 0.201186
0.000000 0.201220
0.000000 0.201253
0.000000 0.201287
0.000000 0.201303
0.000000 0.201354
0.000000 0.201387
0.000000 0.201420
0.000000 0.201437
0.000000 0.201471
0.000000 0.201487
0.000000 0.201554
0.000000 0.201571
0.000000 0.201638
0.000000 0.201688
0.000000 0.201721
0.000000 0.201738
0.000000 0.201771
0.000000 0.201805
0.000000 0.201838
0.000000 0.202005
0.000000 0.202039
0.000000 0.202089
0.000000 0.202189
0.000000 0.202206
0.000000 0.202256
0.000000 0.202289
0.000000 0.202306
0.000000 0.202340
0.000000 0.202406
0.000000 0.202507
0.000000 0.202590
0.000000 0.202640
0.000000 0.202941
0.000000 0.202975
0.000000 0.203242
0.000000 0.203275
0.000000 0.203543
0.000000 0.203576
0.000000 0.203610
0.000000 0.203710
0.000000 0.203743
0.000000 0.203793
0.000000 0.203844
0.000000 0.203877
0.000000 0.203994
0.000000 0.204027
0.000000 0.204044
0.000000 0.204144
0.000000 0.204178
0.000000 0.204211
0.000000 0.204261
0.000000 0.204311
0.000000 0.204378
0.000000 0.204412
0.000000 0.204512
0.000000 0.204545
0.000000 0.204562
0.000000 0.204596
0.000000 0.204646
0.000000 0.204679
0.000000 0.204713
0.000000 0.204746
0.000000 0.204796
0.000000 0.205281
0.000000 0.205348
0.000000 0.205398
0.000000 0.205431
0.000000 0.205465
0.000000 0.205498
0.000000 0.205515
0.000000 0.205582
0.000000 0.205598
0.000000 0.205699
0.000000 0.205799
0.000000 0.205832
0.000000 0.205882
0.000000 0.205899
0.000000 0.205932
0.000000 0.205983
0.000000 0.206033
0.000000 0.206083
0.000000 0.206116
0.000000 0.206133
0.000000 0.206200
0.000000 0.206233
0.000000 0.206267
0.000000 0.206350
0.000000 0.206417
0.000000 0.206434
0.000000 0.206467
0.000000 0.206584
0.000000 0.206618
0.000000 0.206634
0.000000 0.206684
0.000000 0.206718
0.000000 0.206935
0.000000 0.206969
0.000000 0.206985
0.000000 0.207019
0.000000 0.207102
0.000000 0.207136
0.000000 0.207253
0.000000 0.207286
0.000000 0.207303
0.000000 0.207336
0.000000 0.207436
0.000000 0.207453
0.000000 0.207487
0.000000 0.207587
0.000000 0.207620
0.000000 0.207804
0.000000 0.207838
0.000000 0.207854
0.000000 0.207888
0.000000 0.208055
0.000000 0.208088
0.000000 0.208138
0.000000 0.208172
0.000000 0.208222
0.000000 0.208272
0.000000 0.208339
0.000000 0.208439
0.000000 0.208473
0.000000 0.208539
0.000000 0.208573
0.000000 0.208590
0.000000 0.208656
0.000000 0.208740
0.000000 0.208773
0.000000 0.208824
0.000000 0.208890
0.000000 0.208924
0.000000 0.208941
0.000000 0.208974
0.000000 0.208991
0.000000 0.209041
0.000000 0.209074
0.000000 0.209091
0.000000 0.209124
0.000000 0.209208
0.000000 0.209241
0.000000 0.209291
0.000000 0.209358
0.000000 0.209459
0.000000 0.209492
0.000000 0.209559
0.000000 0.209609
0.000000 0.209676
0.000000 0.209693
0.000000 0.209759
0.000000 0.209809
0.000000 0.209843
0.000000 0.209926
0.000000 0.209960
0.000000 0.210094
0.000000 0.210127
0.000000 0.210277
0.000000 0.210311
0.000000 0.210495
0.000000 0.210528
0.000000 0.210662
0.000000 0.210695
0.000000 0.210712
0.000000 0.210745
0.000000 0.210862
0.000000 0.210896
0.000000 0.210929
0.000000 0.210963
0.000000 0.211113
0.000000 0.211163
0.000000 0.211197
0.000000 0.211247
0.000000 0.211280
0.000000 0.211297
0.000000 0.211330
0.000000 0.211447
0.000000 0.211481
0.000000 0.211631
0.000000 0.211664
0.000000 0.211681
0.000000 0.211715
0.000000 0.211848
0.000000 0.211882
0.000000 0.211932
0.000000 0.211965
0.000000 0.211982
0.000000 0.212015
0.000000 0.212132
0.000000 0.212199
0.000000 0.212216
0.000000 0.212249
0.000000 0.212333
0.000000 0.212366
0.000000 0.212400
0.000000 0.212467
0.000000 0.212500
0.000000 0.212533
0.000000 0.212550
0.000000 0.212584
0.000000 0.212701
0.000000 0.212734
0.000000 0.212784
0.000000 0.212818
0.000000 0.212901
0.000000 0.212968
0.000000 0.213001
0.000000 0.213035
0.000000 0.213118
0.000000 0.213152
0.000000 0.213185
0.000000 0.213219
0.000000 0.213252
0.000000 0.213285
0.000000 0.213352
0.000000 0.213402
0.000000 0.213503
0.000000 0.213536
0.000000 0.213653
0.000000 0.213686
0.000000 0.213737
0.000000 0.213770
0.000000 0.213820
0.000000 0.213870
0.000000 0.213920
0.000000 0.213987
0.000000 0.214021
0.000000 0.214054
0.000000 0.214088
0.000000 0.214138
0.000000 0.214171
0.000000 0.214188
0.000000 0.214255
0.000000 0.214338
0.000000 0.214372
0.000000 0.214405
0.000000 0.214439
0.000000 0.214455
0.000000 0.214489
0.000000 0.214555
0.000000 0.214589
0.000000 0.214639
0.000000 0.214706
0.000000 0.214840
0.000000 0.214873
0.000000 0.214923
0.000000 0.214957
0.000000 0.215057
0.000000 0.215124
0.000000 0.215157
0.000000 0.215191
0.000000 0.215257
0.000000 0.215291
0.000000 0.215341
0.000000 0.215408
0.000000 0.215441
0.000000 0.215625
0.000000 0.215692
0.000000 0.215809
0.000000 0.215842
0.000000 0.215926
0.000000 0.215976
0.000000 0.216126
0.000000 0.216160
0.000000 0.216260
0.000000 0.216293
0.000000 0.216327
0.000000 0.216377
0.000000 0.216444
0.000000 0.216477
0.000000 0.216527
0.000000 0.216561
0.000000 0.216594
0.000000 0.216628
0.000000 0.216644
0.000000 0.216678
0.000000 0.216811
0.000000 0.216878
0.000000 0.216962
0.000000 0.216995
0.000000 0.217012
0.000000 0.217045
0.000000 0.217062
0.000000 0.217112
0.000000 0.217129
0.000000 0.217196
0.000000 0.217279
0.000000 0.217330
0.000000 0.217413
0.000000 0.217447
0.000000 0.217480
0.000000 0.217513
0.000000 0.217530
0.000000 0.217564
0.000000 0.217597
0.000000 0.217647
0.000000 0.217680
0.000000 0.217714
0.000000 0.217731
0.000000 0.217797
0.000000 0.217814
0.000000 0.217848
0.000000 0.217864
0.000000 0.217965
0.000000 0.217998
0.000000 0.218048
0.000000 0.218182
0.000000 0.218215
0.000000 0.218299
0.000000 0.218332
0.000000 0.218499
0.000000 0.218533
0.000000 0.218549
0.000000 0.218616
0.000000 0.218683
0.000000 0.218733
0.000000 0.218783
0.000000 0.218817
0.000000 0.218867
0.000000 0.218900
0.000000 0.219001
0.000000 0.219034
0.000000 0.219068
0.000000 0.219101
0.000000 0.219168
0.000000 0.219201
0.000000 0.219218
0.000000 0.219268
0.000000 0.219318
0.000000 0.219352
0.000000 0.219402
0.000000 0.219469
0.000000 0.219502
0.000000 0.219569
0.000000 0.219602
0.000000 0.219636
0.000000 0.219669
0.000000 0.219736
0.000000 0.219803
0.000000 0.220104
0.000000 0.220137
0.000000 0.220221
0.000000 0.220321
0.000000 0.220354
0.000000 0.220388
0.000000 0.220421
0.000000 0.220455
0.000000 0.220538
0.000000 0.220572
0.000000 0.220588
0.000000 0.220622
0.000000 0.220672
0.000000 0.220705
0.000000 0.220739
0.000000 0.220839
0.000000 0.220872
0.000000 0.220906
0.000000 0.221056
0.000000 0.221090
0.000000 0.221106
0.000000 0.221140
0.000000 0.221156
0.000000 0.221190
0.000000 0.221223
0.000000 0.221257
0.000000 0.221324
0.000000 0.221357
0.000000 0.221674
0.000000 0.221708
0.000000 0.221791
0.000000 0.221825
0.000000 0.221875
0.000000 0.221908
0.000000 0.222009
0.000000 0.222042
0.000000 0.222076
0.000000 0.222109
0.000000 0.222259
0.000000 0.222293
0.000000 0.222393
0.000000 0.222460
0.000000 0.222493
0.000000 0.222560
0.000000 0.222610
0.000000 0.222627
0.000000 0.222660
0.000000 0.222711
0.000000 0.222744
0.000000 0.222761
0.000000 0.222811
0.000000 0.222878
0.000000 0.222928
0.000000 0.222961
0.000000 0.223061
0.000000 0.223095
0.000000 0.223112
0.000000 0.223145
0.000000 0.223162
0.000000 0.223195
0.000000 0.223245
0.000000 0.223279
0.000000 0.223463
0.000000 0.223496
0.000000 0.223529
0.000000 0.223630
0.000000 0.223680
0.000000 0.223713
0.000000 0.223780
0.000000 0.223814
0.000000 0.223847
0.000000 0.223914
0.000000 0.223930
0.000000 0.223964
0.000000 0.224081
0.000000 0.224114
0.000000 0.224248
0.000000 0.224281
0.000000 0.224298
0.000000 0.224332
0.000000 0.224365
0.000000 0.224398
0.000000 0.224415
0.000000 0.224449
0.000000 0.224482
0.000000 0.224515
0.000000 0.224699
0.000000 0.224799
0.000000 0.224816
0.000000 0.224850
0.000000 0.224916
0.000000 0.224950
0.000000 0.225084
0.000000 0.225117
0.000000 0.225134
0.000000 0.225167
0.000000 0.225234
0.000000 0.225301
0.000000 0.225351
0.000000 0.225384
0.000000 0.225451
0.000000 0.225551
0.000000 0.225585
0.000000 0.225802
0.000000 0.225836
0.000000 0.225953
0.000000 0.226019
0.000000 0.226036
0.000000 0.226070
0.000000 0.226120
0.000000 0.226153
0.000000 0.226253
0.000000 0.226303
0.000000 0.226370
0.000000 0.226404
0.000000 0.226437
0.000000 0.226487
0.000000 0.226521
0.000000 0.226588
0.000000 0.226638
0.000000 0.226688
0.000000 0.226721
0.000000 0.226838
0.000000 0.226872
0.000000 0.227072
0.000000 0.227139
0.000000 0.227223
0.000000 0.227273
0.000000 0.227323
0.000000 0.227356
0.000000 0.227473
0.000000 0.227507
0.000000 0.227574
0.000000 0.227624
0.000000 0.227741
0.000000 0.227774
0.000000 0.227824
0.000000 0.227858
0.000000 0.227958
0.000000 0.227975
0.000000 0.228008
0.000000 0.228108
0.000000 0.228158
0.000000 0.228192
0.000000 0.228259
0.000000 0.228376
0.000000 0.228409
0.000000 0.228509
0.000000 0.228559
0.000000 0.228593
0.000000 0.228626
0.000000 0.228660
0.000000 0.228676
0.000000 0.228743
0.000000 0.228844
0.000000 0.228877
0.000000 0.228910
0.000000 0.228977
0.000000 0.229011
0.000000 0.229044
0.000000 0.229094
0.000000 0.229161
0.000000 0.229245
0.000000 0.229278
0.000000 0.229295
0.000000 0.229328
0.000000 0.229395
0.000000 0.229428
0.000000 0.229479
0.000000 0.229545
0.000000 0.229713
0.000000 0.229746
0.000000 0.229930
0.000000 0.229980
0.000000 0.230013
0.000000 0.230030
0.000000 0.230064
0.000000 0.230214
0.000000 0.230247
0.000000 0.230297
0.000000 0.230364
0.000000 0.230431
0.000000 0.230465
0.000000 0.230531
0.000000 0.230565
0.000000 0.230648
0.000000 0.230682
0.000000 0.230849
0.000000 0.230916
0.000000 0.230932
0.000000 0.230966
0.000000 0.230983
0.000000 0.231049
0.000000 0.231116
0.000000 0.231150
0.000000 0.231183
0.000000 0.231217
0.000000 0.231317
0.000000 0.231350
0.000000 0.231534
0.000000 0.231568
0.000000 0.231601
0.000000 0.231634
0.000000 0.231651
0.000000 0.231684
0.000000 0.231735
0.000000 0.231785
0.000000 0.231801
0.000000 0.231835
0.000000 0.232035
0.000000 0.232069
0.000000 0.232086
0.000000 0.232119
0.000000 0.232169
0.000000 0.232236
0.000000 0.232253
0.000000 0.232320
0.000000 0.232386
0.000000 0.232420
0.000000 0.232503
0.000000 0.232537
0.000000 0.232553
0.000000 0.232620
0.000000 0.232670
0.000000 0.232704
0.000000 0.232721
0.000000 0.232821
0.000000 0.232938
0.000000 0.232971
0.000000 0.233055
0.000000 0.233088
0.000000 0.233155
0.000000 0.233255
0.000000 0.233272
0.000000 0.233339
0.000000 0.233406
0.000000 0.233439
0.000000 0.233489
0.000000 0.233590
0.000000 0.233757
0.000000 0.233807
0.000000 0.233840
0.000000 0.233874
0.000000 0.233924
0.000000 0.233957
0.000000 0.234124
0.000000 0.234191
0.000000 0.234241
0.000000 0.234392
0.000000 0.234425
0.000000 0.234509
0.000000 0.234542
0.000000 0.234626
0.000000 0.234659
0.000000 0.234776
0.000000 0.234809
0.000000 0.234843
0.000000 0.234910
0.000000 0.234993
0.000000 0.235027
0.000000 0.235194
0.000000 0.235227
0.000000 0.235277
0.000000 0.235344
0.000000 0.235428
0.000000 0.235461
0.000000 0.235612
0.000000 0.235645
0.000000 0.235678
0.000000 0.235745
0.000000 0.235795
0.000000 0.235829
0.000000 0.235846
0.000000 0.235879
0.000000 0.235929
0.000000 0.235963
0.000000 0.236096
0.000000 0.236213
0.000000 0.236280
0.000000 0.236297
0.000000 0.236330
0.000000 0.236347
0.000000 0.236380
0.000000 0.236397
0.000000 0.236497
0.000000 0.236531
0.000000 0.236564
0.000000 0.236631
0.000000 0.236664
0.000000 0.236681
0.000000 0.236715
0.000000 0.237015
0.000000 0.237049
0.000000 0.237099
0.000000 0.237166
0.000000 0.237216
0.000000 0.237283
0.000000 0.237333
0.000000 0.237366
0.000000 0.237383
0.000000 0.237416
0.000000 0.237433
0.000000 0.237467
0.000000 0.237517
0.000000 0.237550
0.000000 0.237584
0.000000 0.237650
0.000000 0.237701
0.000000 0.237734
0.000000 0.237767
0.000000 0.237818
0.000000 0.237851
0.000000 0.237868
0.000000 0.237934
0.000000 0.238001
0.000000 0.238068
0.000000 0.238135
0.000000 0.238235
0.000000 0.238285
0.000000 0.238336
0.000000 0.238402
0.000000 0.238469
0.000000 0.238503
0.000000 0.238620
0.000000 0.238653
0.000000 0.238686
0.000000 0.238720
0.000000 0.238870
0.000000 0.238904
0.000000 0.238920
0.000000 0.238987
0.000000 0.239021
0.000000 0.239121
0.000000 0.239154
0.000000 0.239188
0.000000 0.239255
0.000000 0.239388
0.000000 0.239422
0.000000 0.239489
0.000000 0.239539
0.000000 0.239572
0.000000 0.239606
0.000000 0.239689
0.000000 0.239739
0.000000 0.239773
0.000000 0.239873
0.000000 0.239906
0.000000 0.240023
0.000000 0.240057
0.000000 0.240191
0.000000 0.240257
0.000000 0.240307
0.000000 0.240358
0.000000 0.240408
0.000000 0.240441
0.000000 0.240642
0.000000 0.240675
0.000000 0.240709
0.000000 0.240742
0.000000 0.240792
0.000000 0.240826
0.000000 0.240842
0.000000 0.240943
0.000000 0.241176
0.000000 0.241277
0.000000 0.241344
0.000000 0.241394
0.000000 0.241477
0.000000 0.241511
0.000000 0.241527
0.000000 0.241561
0.000000 0.241578
0.000000 0.241611
0.000000 0.241628
0.000000 0.241678
0.000000 0.241728
0.000000 0.241795
0.000000 0.241878
0.000000 0.241912
0.000000 0.241945
0.000000 0.241979
0.000000 0.242012
0.000000 0.242062
0.000000 0.242179
0.000000 0.242213
0.000000 0.242296
0.000000 0.242430
0.000000 0.242447
0.000000 0.242480
0.000000 0.242497
0.000000 0.242530
0.000000 0.242547
0.000000 0.242580
0.000000 0.242597
0.000000 0.242664
0.000000 0.242697
0.000000 0.242731
0.000000 0.242881
0.000000 0.242948
0.000000 0.242998
0.000000 0.243031
0.000000 0.243082
0.000000 0.243115
0.000000 0.243265
0.000000 0.243299
0.000000 0.243332
0.000000 0.243399
0.000000 0.243466
0.000000 0.243516
0.000000 0.243566
0.000000 0.243600
0.000000 0.243666
0.000000 0.243733
0.000000 0.243750
0.000000 0.243817
0.000000 0.243834
0.000000 0.243867
0.000000 0.243917
0.000000 0.243951
0.000000 0.244017
0.000000 0.244068
0.000000 0.244118
0.000000 0.244134
0.000000 0.244201
0.000000 0.244235
0.000000 0.244268
0.000000 0.244552
0.000000 0.244686
0.000000 0.244753
0.000000 0.244820
0.000000 0.244903
0.000000 0.244953
0.000000 0.245104
0.000000 0.245170
0.000000 0.245271
0.000000 0.245304
0.000000 0.245321
0.000000 0.245354
0.000000 0.245421
0.000000 0.245488
0.000000 0.245521
0.000000 0.245588
0.000000 0.245605
0.000000 0.245638
0.000000 0.245705
0.000000 0.245805
0.000000 0.245856
0.000000 0.245922
0.000000 0.245989
0.000000 0.246056
0.000000 0.246123
0.000000 0.246140
0.000000 0.246190
0.000000 0.246374
0.000000 0.246441
0.000000 0.246574
0.000000 0.246608
0.000000 0.246725
0.000000 0.246758
0.000000 0.246775
0.000000 0.246808
0.000000 0.246842
0.000000 0.246875
0.000000 0.247109
0.000000 0.247142
0.000000 0.247176
0.000000 0.247243
0.000000 0.247259
0.000000 0.247293
0.000000 0.247309
0.000000 0.247410
0.000000 0.247477
0.000000 0.247543
0.000000 0.247560
0.000000 0.247594
0.000000 0.247811
0.000000 0.247844
0.000000 0.247894
0.000000 0.247928
0.000000 0.247978
0.000000 0.248028
0.000000 0.248061
0.000000 0.248178
0.000000 0.248229
0.000000 0.248295
0.000000 0.248329
0.000000 0.248463
0.000000 0.248529
0.000000 0.248546
0.000000 0.248580
0.000000 0.248613
0.000000 0.248646
0.000000 0.248663
0.000000 0.248713
0.000000 0.248747
0.000000 0.248864
0.000000 0.248914
0.000000 0.248947
0.000000 0.248964
0.000000 0.248997
0.000000 0.249047
0.000000 0.249114
0.000000 0.249131
0.000000 0.249164
0.000000 0.249265
0.000000 0.249298
0.000000 0.249348
0.000000 0.249382
0.000000 0.249449
0.000000 0.249515
0.000000 0.249566
0.000000 0.249582
0.000000 0.249616
0.000000 0.249632
0.000000 0.249666
0.000000 0.249716
0.000000 0.249766
0.000000 0.249799
0.000000 0.249816
0.000000 0.249850
0.000000 0.249983
0.000000 0.250017
0.000000 0.250100
0.000000 0.250150
0.000000 0.250167
0.000000 0.250217
0.000000 0.250251
0.000000 0.250284
0.000000 0.250318
0.000000 0.250351
0.000000 0.250418
0.000000 0.250451
0.000000 0.250468
0.000000 0.250535
0.000000 0.250551
0.000000 0.250585
0.000000 0.250635
0.000000 0.250668
0.000000 0.250702
0.000000 0.250802
0.000000 0.250819
0.000000 0.250886
0.000000 0.250953
0.000000 0.251019
0.000000 0.251220
0.000000 0.251270
0.000000 0.251303
0.000000 0.251504
0.000000 0.251537
0.000000 0.251588
0.000000 0.251604
0.000000 0.251638
0.000000 0.251654
0.000000 0.251755
0.000000 0.251905
0.000000 0.251955
0.000000 0.251989
0.000000 0.252055
0.000000 0.252106
0.000000 0.252139
0.000000 0.252189
0.000000 0.252273
0.000000 0.252306
0.000000 0.252373
0.000000 0.252406
0.000000 0.252540
0.000000 0.252574
0.000000 0.252624
0.000000 0.252640
0.000000 0.252707
0.000000 0.252724
0.000000 0.252757
0.000000 0.252774
0.000000 0.252841
0.000000 0.252941
0.000000 0.252975
0.000000 0.253142
0.000000 0.253175
0.000000 0.253209
0.000000 0.253242
0.000000 0.253259
0.000000 0.253292
0.000000 0.253309
0.000000 0.253342
0.000000 0.253443
0.000000 0.253493
0.000000 0.253543
0.000000 0.253576
0.000000 0.253626
0.000000 0.253660
0.000000 0.253693
0.000000 0.253710
0.000000 0.253743
0.000000 0.253760
0.000000 0.253827
0.000000 0.253860
0.000000 0.253894
0.000000 0.253944
0.000000 0.253994
0.000000 0.254094
0.000000 0.254128
0.000000 0.254161
0.000000 0.254195
0.000000 0.254328
0.000000 0.254362
0.000000 0.254378
0.000000 0.254412
0.000000 0.254428
0.000000 0.254462
0.000000 0.254512
0.000000 0.254545
0.000000 0.254562
0.000000 0.254596
0.000000 0.254696
0.000000 0.254796
0.000000 0.254830
0.000000 0.254846
0.000000 0.254880
0.000000 0.254947
0.000000 0.254980
0.000000 0.254997
0.000000 0.255047
0.000000 0.255064
0.000000 0.255097
0.000000 0.255180
0.000000 0.255231
0.000000 0.255264
0.000000 0.255331
0.000000 0.255381
0.000000 0.255398
0.000000 0.255448
0.000000 0.255481
0.000000 0.255565
0.000000 0.255598
0.000000 0.255648
0.000000 0.255682
0.000000 0.255749
0.000000 0.255882
0.000000 0.255949
0.000000 0.255983
0.000000 0.256083
0.000000 0.256116
0.000000 0.256133
0.000000 0.256200
0.000000 0.256217
0.000000 0.256267
0.000000 0.256300
0.000000 0.256334
0.000000 0.256434
0.000000 0.256484
0.000000 0.256517
0.000000 0.256601
0.000000 0.256634
0.000000 0.256651
0.000000 0.256684
0.000000 0.256751
0.000000 0.256785
0.000000 0.256835
0.000000 0.256868
0.000000 0.256885
0.000000 0.256918
0.000000 0.256969
0.000000 0.257002
0.000000 0.257035
0.000000 0.257069
0.000000 0.257119
0.000000 0.257152
0.000000 0.257169
0.000000 0.257236
0.000000 0.257269
0.000000 0.257303
0.000000 0.257336
0.000000 0.257370
0.000000 0.257386
0.000000 0.257436
0.000000 0.257487
0.000000 0.257520
0.000000 0.257537
0.000000 0.257570
0.000000 0.257587
0.000000 0.257620
0.000000 0.257670
0.000000 0.257704
0.000000 0.257721
0.000000 0.257754
0.000000 0.257804
0.000000 0.257854
0.000000 0.257888
0.000000 0.257904
0.000000 0.257938
0.000000 0.257955
0.000000 0.258088
0.000000 0.258189
0.000000 0.258222
0.000000 0.258239
0.000000 0.258272
0.000000 0.258305
0.000000 0.258339
0.000000 0.258456
0.000000 0.258506
0.000000 0.258773
0.000000 0.258824
0.000000 0.258874
0.000000 0.258907
0.000000 0.258991
0.000000 0.259057
0.000000 0.259108
0.000000 0.259124
0.000000 0.259174
0.000000 0.259208
0.000000 0.259241
0.000000 0.259275
0.000000 0.259375
0.000000 0.259392
0.000000 0.259425
0.000000 0.259492
0.000000 0.259525
0.000000 0.259659
0.000000 0.259693
0.000000 0.259759
0.000000 0.259793
0.000000 0.259860
0.000000 0.259876
0.000000 0.259910
0.000000 0.260027
0.000000 0.260060
0.000000 0.260194
0.000000 0.260261
0.000000 0.260294
0.000000 0.260311
0.000000 0.260378
0.000000 0.260428
0.000000 0.260461
0.000000 0.260545
0.000000 0.260595
0.000000 0.260762
0.000000 0.260829
0.000000 0.260846
0.000000 0.260879
0.000000 0.261063
0.000000 0.261096
0.000000 0.261197
0.000000 0.261230
0.000000 0.261314
0.000000 0.261347
0.000000 0.261598
0.000000 0.261631
0.000000 0.261648
0.000000 0.261715
0.000000 0.261748
0.000000 0.261781
0.000000 0.261865
0.000000 0.261898
0.000000 0.261999
0.000000 0.262049
0.000000 0.262099
0.000000 0.262132
0.000000 0.262216
0.000000 0.262283
0.000000 0.262299
0.000000 0.262333
0.000000 0.262350
0.000000 0.262383
0.000000 0.262500
0.000000 0.262533
0.000000 0.262550
0.000000 0.262584
0.000000 0.262667
0.000000 0.262701
0.000000 0.262717
0.000000 0.262751
0.000000 0.262801
0.000000 0.262834
0.000000 0.262868
0.000000 0.262901
0.000000 0.262951
0.000000 0.262985
0.000000 0.263018
0.000000 0.263051
0.000000 0.263152
0.000000 0.263185
0.000000 0.263269
0.000000 0.263302
0.000000 0.263336
0.000000 0.263369
0.000000 0.263402
0.000000 0.263436
0.000000 0.263486
0.000000 0.263519
0.000000 0.263570
0.000000 0.263603
0.000000 0.263703
0.000000 0.263787
0.000000 0.263820
0.000000 0.263854
0.000000 0.263887
0.000000 0.263954
0.000000 0.263987
0.000000 0.264021
0.000000 0.264054
0.000000 0.264121
0.000000 0.264154
0.000000 0.264238
0.000000 0.264271
0.000000 0.264288
0.000000 0.264322
0.000000 0.264372
0.000000 0.264439
0.000000 0.264472
0.000000 0.264505
0.000000 0.264622
0.000000 0.264689
0.000000 0.264739
0.000000 0.264773
0.000000 0.264823
0.000000 0.264873
0.000000 0.264940
0.000000 0.265007
0.000000 0.265023
0.000000 0.265090
0.000000 0.265124
0.000000 0.265157
0.000000 0.265224
0.000000 0.265257
0.000000 0.265341
0.000000 0.265374
0.000000 0.265391
0.000000 0.265458
0.000000 0.265525
0.000000 0.265558
0.000000 0.265592
0.000000 0.265642
0.000000 0.265675
0.000000 0.265742
0.000000 0.265775
0.000000 0.265809
0.000000 0.265892
0.000000 0.265926
0.000000 0.265943
0.000000 0.265976
0.000000 0.266026
0.000000 0.266059
0.000000 0.266076
0.000000 0.266143
0.000000 0.266327
0.000000 0.266360
0.000000 0.266410
0.000000 0.266444
0.000000 0.266494
0.000000 0.266527
0.000000 0.266644
0.000000 0.266695
0.000000 0.266761
0.000000 0.266811
0.000000 0.266845
0.000000 0.266878
0.000000 0.266912
0.000000 0.266928
0.000000 0.266962
0.000000 0.267012
0.000000 0.267045
0.000000 0.267079
0.000000 0.267112
0.000000 0.267162
0.000000 0.267196
0.000000 0.267346
0.000000 0.267413
0.000000 0.267447
0.000000 0.267513
0.000000 0.267580
0.000000 0.267630
0.000000 0.267714
0.000000 0.267747
0.000000 0.267797
0.000000 0.267831
0.000000 0.267848
0.000000 0.267881
0.000000 0.267931
0.000000 0.267998
0.000000 0.268015
0.000000 0.268065
0.000000 0.268098
0.000000 0.268215
0.000000 0.268249
0.000000 0.268316
0.000000 0.268349
0.000000 0.268516
0.000000 0.268583
0.000000 0.268683
0.000000 0.268750
0.000000 0.268800
0.000000 0.269034
0.000000 0.269101
0.000000 0.269335
0.000000 0.269368
0.000000 0.269435
0.000000 0.269469
0.000000 0.269552
0.000000 0.269586
0.000000 0.269886
0.000000 0.269920
0.000000 0.269953
0.000000 0.269987
0.000000 0.270070
0.000000 0.270104
0.000000 0.270304
0.000000 0.270371
0.000000 0.270471
0.000000 0.270505
0.000000 0.270521
0.000000 0.270555
0.000000 0.270572
0.000000 0.270605
0.000000 0.270755
0.000000 0.270789
0.000000 0.270856
0.000000 0.270906
0.000000 0.270922
0.000000 0.270956
0.000000 0.270973
0.000000 0.271006
0.000000 0.271056
0.000000 0.271106
0.000000 0.271140
0.000000 0.271190
0.000000 0.271257
0.000000 0.271307
0.000000 0.271340
0.000000 0.271374
0.000000 0.271407
0.000000 0.271474
0.000000 0.271507
0.000000 0.271674
0.000000 0.271708
0.000000 0.271741
0.000000 0.271775
0.000000 0.271875
0.000000 0.271942
0.000000 0.271959
0.000000 0.271992
0.000000 0.272042
0.000000 0.272076
0.000000 0.272092
0.000000 0.272142
0.000000 0.272176
0.000000 0.272209
0.000000 0.272243
0.000000 0.272293
0.000000 0.272309
0.000000 0.272343
0.000000 0.272376
0.000000 0.272410
0.000000 0.272477
0.000000 0.272510
0.000000 0.272560
0.000000 0.272644
0.000000 0.272694
0.000000 0.272727
0.000000 0.272794
0.000000 0.272811
0.000000 0.272844
0.000000 0.272861
0.000000 0.272911
0.000000 0.273045
0.000000 0.273095
0.000000 0.273128
0.000000 0.273195
0.000000 0.273245
0.000000 0.273295
0.000000 0.273329
0.000000 0.273346
0.000000 0.273412
0.000000 0.273463
0.000000 0.273496
0.000000 0.273613
0.000000 0.273663
0.000000 0.273697
0.000000 0.273830
0.000000 0.273864
0.000000 0.273897
0.000000 0.273964
0.000000 0.274064
0.000000 0.274098
0.000000 0.274164
0.000000 0.274198
0.000000 0.274231
0.000000 0.274265
0.000000 0.274348
0.000000 0.274398
0.000000 0.274415
0.000000 0.274465
0.000000 0.274482
0.000000 0.274515
0.000000 0.274532
0.000000 0.274566
0.000000 0.274616
0.000000 0.274682
0.000000 0.274699
0.000000 0.274733
0.000000 0.274749
0.000000 0.274783
0.000000 0.274816
0.000000 0.274850
0.000000 0.274900
0.000000 0.274916
0.000000 0.275017
0.000000 0.275067
0.000000 0.275167
0.000000 0.275201
0.000000 0.275234
0.000000 0.275301
0.000000 0.275368
0.000000 0.275401
0.000000 0.275434
0.000000 0.275585
0.000000 0.275618
0.000000 0.275652
0.000000 0.275685
0.000000 0.275769
0.000000 0.275852
0.000000 0.275886
0.000000 0.275902
0.000000 0.275936
0.000000 0.275969
0.000000 0.276036
0.000000 0.276053
0.000000 0.276103
0.000000 0.276120
0.000000 0.276153
0.000000 0.276170
0.000000 0.276203
0.000000 0.276220
0.000000 0.276253
0.000000 0.276303
0.000000 0.276370
0.000000 0.276437
0.000000 0.276471
0.000000 0.276537
0.000000 0.276638
0.000000 0.276755
0.000000 0.276822
0.000000 0.276838
0.000000 0.276872
0.000000 0.276939
0.000000 0.277005
0.000000 0.277206
0.000000 0.277256
0.000000 0.277273
0.000000 0.277306
0.000000 0.277423
0.000000 0.277473
0.000000 0.277507
0.000000 0.277523
0.000000 0.277557
0.000000 0.277607
0.000000 0.277657
0.000000 0.277858
0.000000 0.277891
0.000000 0.277958
0.000000 0.277991
0.000000 0.278041
0.000000 0.278142
0.000000 0.278192
0.000000 0.278242
0.000000 0.278292
0.000000 0.278326
0.000000 0.278459
0.000000 0.278493
0.000000 0.278543
0.000000 0.278626
0.000000 0.278660
0.000000 0.278676
0.000000 0.278727
0.000000 0.278743
0.000000 0.278810
0.000000 0.278827
0.000000 0.278860
0.000000 0.278910
0.000000 0.278961
0.000000 0.279027
0.000000 0.279078
0.000000 0.279128
0.000000 0.279144
0.000000 0.279178
0.000000 0.279245
0.000000 0.279295
0.000000 0.279328
0.000000 0.279362
0.000000 0.279395
0.000000 0.279562
0.000000 0.279629
0.000000 0.279696
0.000000 0.279746
0.000000 0.279763
0.000000 0.279796
0.000000 0.279863
0.000000 0.279963
0.000000 0.280013
0.000000 0.280064
0.000000 0.280097
0.000000 0.280130
0.000000 0.280164
0.000000 0.280331
0.000000 0.280348
0.000000 0.280381
0.000000 0.280431
0.000000 0.280448
0.000000 0.280481
0.000000 0.280531
0.000000 0.280598
0.000000 0.280632
0.000000 0.280682
0.000000 0.280749
0.000000 0.280782
0.000000 0.280816
0.000000 0.280866
0.000000 0.280899
0.000000 0.281016
0.000000 0.281049
0.000000 0.281100
0.000000 0.281116
0.000000 0.281166
0.000000 0.281200
0.000000 0.281250
0.000000 0.281267
0.000000 0.281334
0.000000 0.281350
0.000000 0.281451
0.000000 0.281501
0.000000 0.281534
0.000000 0.281551
0.000000 0.281618
0.000000 0.281651
0.000000 0.281684
0.000000 0.281835
0.000000 0.281868
0.000000 0.281918
0.000000 0.281952
0.000000 0.282019
0.000000 0.282069
0.000000 0.282102
0.000000 0.282152
0.000000 0.282219
0.000000 0.282320
0.000000 0.282370
0.000000 0.282386
0.000000 0.282420
0.000000 0.282436
0.000000 0.282487
0.000000 0.282687
0.000000 0.282754
0.000000 0.282787
0.000000 0.282821
0.000000 0.282838
0.000000 0.282871
0.000000 0.282904
0.000000 0.282955
0.000000 0.282988
0.000000 0.283021
0.000000 0.283038
0.000000 0.283105
0.000000 0.283155
0.000000 0.283189
0.000000 0.283322
0.000000 0.283389
0.000000 0.283406
0.000000 0.283439
0.000000 0.283506
0.000000 0.283606
0.000000 0.283623
0.000000 0.283656
0.000000 0.283690
0.000000 0.283757
0.000000 0.283773
0.000000 0.283824
0.000000 0.283874
0.000000 0.283907
0.000000 0.283957
0.000000 0.283991
0.000000 0.284024
0.000000 0.284057
0.000000 0.284108
0.000000 0.284141
0.000000 0.284158
0.000000 0.284191
0.000000 0.284225
0.000000 0.284258
0.000000 0.284275
0.000000 0.284308
0.000000 0.284325
0.000000 0.284358
0.000000 0.284375
0.000000 0.284408
0.000000 0.284459
0.000000 0.284509
0.000000 0.284542
0.000000 0.284576
0.000000 0.284626
0.000000 0.284659
0.000000 0.284693
0.000000 0.284759
0.000000 0.284793
0.000000 0.284876
0.000000 0.284910
0.000000 0.284960
0.000000 0.285010
0.000000 0.285043
0.000000 0.285144
0.000000 0.285160
0.000000 0.285227
0.000000 0.285244
0.000000 0.285294
0.000000 0.285328
0.000000 0.285461
0.000000 0.285528
0.000000 0.285645
0.000000 0.285678
0.000000 0.285745
0.000000 0.285779
0.000000 0.285812
0.000000 0.285846
0.000000 0.285896
0.000000 0.285979
0.000000 0.286013
0.000000 0.286063
0.000000 0.286080
0.000000 0.286130
0.000000 0.286146
0.000000 0.286180
0.000000 0.286213
0.000000 0.286297
0.000000 0.286347
0.000000 0.286397
0.000000 0.286464
0.000000 0.286497
0.000000 0.286547
0.000000 0.286648
0.000000 0.286765
0.000000 0.286898
0.000000 0.286965
0.000000 0.286999
0.000000 0.287082
0.000000 0.287116
0.000000 0.287199
0.000000 0.287249
0.000000 0.287283
0.000000 0.287316
0.000000 0.287350
0.000000 0.287383
0.000000 0.287433
0.000000 0.287500
0.000000 0.287567
0.000000 0.287600
0.000000 0.287684
0.000000 0.287717
0.000000 0.287734
0.000000 0.287784
0.000000 0.287818
0.000000 0.287851
0.000000 0.287918
0.000000 0.288118
0.000000 0.288152
0.000000 0.288202
0.000000 0.288235
0.000000 0.288269
0.000000 0.288302
0.000000 0.288386
0.000000 0.288419
0.000000 0.288436
0.000000 0.288486
0.000000 0.288686
0.000000 0.288720
0.000000 0.288787
0.000000 0.288854
0.000000 0.288904
0.000000 0.288920
0.000000 0.288954
0.000000 0.289071
0.000000 0.289104
0.000000 0.289154
0.000000 0.289188
0.000000 0.289255
0.000000 0.289322
0.000000 0.289455
0.000000 0.289489
0.000000 0.289539
0.000000 0.289572
0.000000 0.289739
0.000000 0.289756
0.000000 0.289823
0.000000 0.289873
0.000000 0.289906
0.000000 0.289923
0.000000 0.289957
0.000000 0.289973
0.000000 0.290007
0.000000 0.290040
0.000000 0.290074
0.000000 0.290140
0.000000 0.290207
0.000000 0.290257
0.000000 0.290291
0.000000 0.290341
0.000000 0.290575
0.000000 0.290608
0.000000 0.290658
0.000000 0.290709
0.000000 0.290742
0.000000 0.290759
0.000000 0.290809
0.000000 0.290826
0.000000 0.290859
0.000000 0.290943
0.000000 0.290976
0.000000 0.291110
0.000000 0.291143
0.000000 0.291243
0.000000 0.291277
0.000000 0.291293
0.000000 0.291327
0.000000 0.291360
0.000000 0.291427
0.000000 0.291461
0.000000 0.291494
0.000000 0.291561
0.000000 0.291594
0.000000 0.291745
0.000000 0.291778
0.000000 0.291811
0.000000 0.291845
0.000000 0.291995
0.000000 0.292029
0.000000 0.292129
0.000000 0.292162
0.000000 0.292196
0.000000 0.292229
0.000000 0.292263
0.000000 0.292296
0.000000 0.292430
0.000000 0.292463
0.000000 0.292480
0.000000 0.292513
0.000000 0.292547
0.000000 0.292580
0.000000 0.292630
0.000000 0.292664
0.000000 0.292714
0.000000 0.292747
0.000000 0.292797
0.000000 0.292848
0.000000 0.292864
0.000000 0.292931
0.000000 0.292981
0.000000 0.293082
0.000000 0.293132
0.000000 0.293165
0.000000 0.293215
0.000000 0.293249
0.000000 0.293265
0.000000 0.293299
0.000000 0.293332
0.000000 0.293399
0.000000 0.293416
0.000000 0.293449
0.000000 0.293549
0.000000 0.293583
0.000000 0.293650
0.000000 0.293700
0.000000 0.293717
0.000000 0.293750
0.000000 0.293817
0.000000 0.293917
0.000000 0.293951
0.000000 0.293984
0.000000 0.294034
0.000000 0.294084
0.000000 0.294134
0.000000 0.294168
0.000000 0.294201
0.000000 0.294268
0.000000 0.294452
0.000000 0.294485
0.000000 0.294552
0.000000 0.294586
0.000000 0.294719
0.000000 0.294753
0.000000 0.294903
0.000000 0.294920
0.000000 0.294953
0.000000 0.295020
0.000000 0.295053
0.000000 0.295070
0.000000 0.295104
0.000000 0.295137
0.000000 0.295170
0.000000 0.295187
0.000000 0.295221
0.000000 0.295421
0.000000 0.295455
0.000000 0.295488
0.000000 0.295521
0.000000 0.295572
0.000000 0.295622
0.000000 0.295689
0.000000 0.295722
0.000000 0.295772
0.000000 0.295839
0.000000 0.295889
0.000000 0.295906
0.000000 0.295973
0.000000 0.296006
0.000000 0.296056
0.000000 0.296106
0.000000 0.296123
0.000000 0.296223
0.000000 0.296324
0.000000 0.296357
0.000000 0.296374
0.000000 0.296407
0.000000 0.296424
0.000000 0.296474
0.000000 0.296574
0.000000 0.296608
0.000000 0.296691
0.000000 0.296725
0.000000 0.296791
0.000000 0.296825
0.000000 0.296875
0.000000 0.296892
0.000000 0.296925
0.000000 0.296942
0.000000 0.297042
0.000000 0.297076
0.000000 0.297109
0.000000 0.297159
0.000000 0.297193
0.000000 0.297226
0.000000 0.297259
0.000000 0.297276
0.000000 0.297309
0.000000 0.297326
0.000000 0.297360
0.000000 0.297443
0.000000 0.297477
0.000000 0.297527
0.000000 0.297560
0.000000 0.297594
0.000000 0.297644
0.000000 0.297677
0.000000 0.297711
0.000000 0.297744
0.000000 0.297761
0.000000 0.297794
0.000000 0.297828
0.000000 0.297861
0.000000 0.297961
0.000000 0.297995
0.000000 0.298011
0.000000 0.298045
0.000000 0.298078
0.000000 0.298128
0.000000 0.298262
0.000000 0.298295
0.000000 0.298346
0.000000 0.298379
0.000000 0.298396
0.000000 0.298463
0.000000 0.298513
0.000000 0.298580
0.000000 0.298613
0.000000 0.298646
0.000000 0.298713
0.000000 0.298747
0.000000 0.298763
0.000000 0.298797
0.000000 0.298814
0.000000 0.298880
0.000000 0.298914
0.000000 0.299014
0.000000 0.299181
0.000000 0.299248
0.000000 0.299432
0.000000 0.299499
0.000000 0.299666
0.000000 0.299766
0.000000 0.299816
0.000000 0.299866
0.000000 0.299950
0.000000 0.300050
0.000000 0.300150
0.000000 0.300184
0.000000 0.300217
0.000000 0.300251
0.000000 0.300267
0.000000 0.300301
0.000000 0.300318
0.000000 0.300351
0.000000 0.300368
0.000000 0.300418
0.000000 0.300434
0.000000 0.300501
0.000000 0.300568
0.000000 0.300602
0.000000 0.300618
0.000000 0.300668
0.000000 0.300702
0.000000 0.300719
0.000000 0.300769
0.000000 0.300785
0.000000 0.300852
0.000000 0.300869
0.000000 0.300902
0.000000 0.300986
0.000000 0.301019
0.000010 0.301036
0.000010 0.301086
0.000010 0.301186
0.000010 0.301237
0.000010 0.301270
0.000010 0.301370
0.000010 0.301471
0.000010 0.301604
0.000010 0.301638
0.000010 0.301688
0.000010 0.301755
0.000010 0.301771
0.000010 0.301805
0.000010 0.301872
0.000010 0.301905
0.000010 0.301939
0.000010 0.301972
0.000010 0.302005
0.000010 0.302039
0.000010 0.302055
0.000010 0.302122
0.000010 0.302273
0.000010 0.302306
0.000010 0.302323
0.000010 0.302356
0.000010 0.302440
0.000010 0.302473
0.000010 0.302607
0.000010 0.302691
0.000010 0.302791
0.000010 0.302841
0.000010 0.302874
0.000010 0.302924
0.000010 0.302991
0.000010 0.303025
0.000010 0.303058
0.000010 0.303108
0.000010 0.303125
0.000010 0.303158
0.000010 0.303192
0.000010 0.303225
0.000010 0.303259
0.000010 0.303292
0.000010 0.303342
0.000010 0.303409
0.000010 0.303426
0.000010 0.303459
0.000010 0.303476
0.000010 0.303509
0.000010 0.303526
0.000010 0.303660
0.000010 0.303676
0.000010 0.303710
0.000010 0.303760
0.000010 0.303827
0.000010 0.303860
0.000010 0.303927
0.000010 0.303961
0.000010 0.303977
0.000010 0.304011
0.000010 0.304061
0.000010 0.304128
0.000010 0.304195
0.000010 0.304311
0.000010 0.304345
0.000010 0.304395
0.000010 0.304462
0.000010 0.304579
0.000010 0.304612
0.000010 0.304696
0.000010 0.304729
0.000010 0.304746
0.000010 0.304779
0.000010 0.304846
0.000010 0.304947
0.000010 0.304963
0.000021 0.304963
0.000021 0.304980
0.000021 0.305013
0.000021 0.305047
0.000021 0.305080
0.000021 0.305164
0.000021 0.305197
0.000021 0.305247
0.000021 0.305281
0.000021 0.305314
0.000021 0.305498
0.000021 0.305531
0.000021 0.305548
0.000021 0.305615
0.000021 0.305665
0.000021 0.305699
0.000021 0.305799
0.000021 0.305849
0.000021 0.305866
0.000021 0.305899
0.000021 0.305949
0.000021 0.305983
0.000021 0.306033
0.000021 0.306066
0.000021 0.306150
0.000021 0.306200
0.000021 0.306233
0.000021 0.306384
0.000021 0.306417
0.000021 0.306434
0.000021 0.306467
0.000021 0.306484
0.000021 0.306551
0.000021 0.306618
0.000021 0.306651
0.000021 0.306668
0.000021 0.306701
0.000021 0.306751
0.000021 0.306818
0.000021 0.307002
0.000021 0.307035
0.000021 0.307086
0.000021 0.307119
0.000021 0.307286
0.000021 0.307320
0.000021 0.307353
0.000021 0.307386
0.000021 0.307453
0.000021 0.307520
0.000021 0.307537
0.000021 0.307570
0.000021 0.307604
0.000021 0.307637
0.000021 0.307654
0.000021 0.307687
0.000021 0.307737
0.000021 0.307888
0.000021 0.307921
0.000021 0.307971
0.000021 0.308005
0.000021 0.308021
0.000021 0.308055
0.000021 0.308072
0.000021 0.308105
0.000021 0.308138
0.000021 0.308189
0.000021 0.308222
0.000021 0.308322
0.000021 0.308356
0.000021 0.308406
0.000021 0.308439
0.000021 0.308573
0.000021 0.308623
0.000021 0.308640
0.000021 0.308707
0.000021 0.308723
0.000021 0.308757
0.000021 0.308807
0.000021 0.308857
0.000021 0.308907
0.000021 0.308991
0.000021 0.309024
0.000021 0.309074
0.000021 0.309108
0.000021 0.309158
0.000021 0.309208
0.000021 0.309275
0.000021 0.309325
0.000021 0.309358
0.000021 0.309375
0.000021 0.309442
0.000021 0.309459
0.000021 0.309525
0.000021 0.309576
0.000021 0.309626
0.000021 0.309642
0.000021 0.309743
0.000021 0.309793
0.000021 0.309826
0.000021 0.309993
0.000021 0.310027
0.000021 0.310094
0.000021 0.310127
0.000021 0.310160
0.000021 0.310194
0.000021 0.310344
0.000021 0.310378
0.000021 0.310411
0.000021 0.310445
0.000021 0.310478
0.000021 0.310511
0.000021 0.310561
0.000021 0.310595
0.000021 0.310628
0.000021 0.310678
0.000021 0.310712
0.000021 0.310745
0.000021 0.310812
0.000031 0.310812
0.000031 0.310829
0.000031 0.310879
0.000031 0.310963
0.000031 0.310996
0.000031 0.311063
0.000031 0.311096
0.000031 0.311146
0.000031 0.311197
0.000031 0.311230
0.000031 0.311297
0.000031 0.311330
0.000031 0.311364
0.000031 0.311380
0.000031 0.311414
0.000031 0.311430
0.000031 0.311497
0.000031 0.311581
0.000031 0.311614
0.000031 0.311664
0.000031 0.311698
0.000031 0.311765
0.000031 0.311798
0.000031 0.311815
0.000031 0.311915
0.000031 0.311999
0.000031 0.312032
0.000031 0.312049
0.000031 0.312116
0.000031 0.312216
0.000031 0.312283
0.000031 0.312299
0.000031 0.312333
0.000031 0.312366
0.000031 0.312416
0.000031 0.312483
0.000031 0.312533
0.000031 0.312567
0.000031 0.312717
0.000031 0.312751
0.000031 0.312784
0.000031 0.312818
0.000031 0.312934
0.000031 0.312985
0.000031 0.313018
0.000031 0.313051
0.000031 0.313085
0.000031 0.313118
0.000031 0.313168
0.000031 0.313202
0.000031 0.313235
0.000031 0.313336
0.000031 0.313369
0.000031 0.313402
0.000031 0.313469
0.000031 0.313536
0.000031 0.313570
0.000031 0.313586
0.000031 0.313620
0.000031 0.313653
0.000031 0.313686
0.000031 0.313737
0.000031 0.313837
0.000031 0.314071
0.000031 0.314138
0.000031 0.314205
0.000031 0.314238
0.000031 0.314288
0.000031 0.314322
0.000031 0.314372
0.000031 0.314388
0.000031 0.314422
0.000031 0.314472
0.000031 0.314522
0.000031 0.314589
0.000031 0.314622
0.000031 0.314639
0.000031 0.314706
0.000031 0.314773
0.000031 0.314806
0.000031 0.314823
0.000031 0.314873
0.000031 0.314890
0.000031 0.314940
0.000031 0.314973
0.000031 0.315023
0.000031 0.315090
0.000031 0.315124
0.000031 0.315174
0.000031 0.315207
0.000031 0.315241
0.000031 0.315291
0.000031 0.315341
0.000031 0.315358
0.000031 0.315424
0.000031 0.315475
0.000031 0.315541
0.000031 0.315592
0.000031 0.315625
0.000031 0.315675
0.000031 0.315709
0.000031 0.315759
0.000031 0.315826
0.000031 0.315842
0.000031 0.315876
0.000031 0.315943
0.000031 0.316043
0.000031 0.316160
0.000031 0.316193
0.000031 0.316243
0.000031 0.316277
0.000031 0.316377
0.000031 0.316410
0.000031 0.316444
0.000031 0.316594
0.000031 0.316628
0.000031 0.316695
0.000031 0.316728
0.000031 0.316761
0.000031 0.316795
0.000031 0.316811
0.000031 0.316845
0.000031 0.316928
0.000031 0.316962
0.000031 0.316995
0.000031 0.317045
0.000031 0.317096
0.000031 0.317146
0.000031 0.317196
0.000031 0.317263
0.000031 0.317330
0.000031 0.317363
0.000031 0.317614
0.000031 0.317664
0.000031 0.317731
0.000031 0.317781
0.000031 0.317831
0.000031 0.317881
0.000031 0.317898
0.000031 0.317965
0.000031 0.317998
0.000031 0.318015
0.000031 0.318082
0.000031 0.318215
0.000031 0.318249
0.000031 0.318282
0.000031 0.318316
0.000031 0.318332
0.000031 0.318366
0.000031 0.318399
0.000031 0.318432
0.000031 0.318466
0.000031 0.318516
0.000031 0.318549
0.000031 0.318566
0.000031 0.318600
0.000031 0.318616
0.000031 0.318683
0.000031 0.318783
0.000031 0.318817
0.000031 0.318867
0.000031 0.318884
0.000031 0.319084
0.000031 0.319168
0.000031 0.319201
0.000031 0.319301
0.000031 0.319335
0.000031 0.319385
0.000031 0.319418
0.000031 0.319435
0.000031 0.319535
0.000031 0.319552
0.000031 0.319586
0.000031 0.319669
0.000031 0.319703
0.000031 0.319853
0.000041 0.319870
0.000041 0.319920
0.000041 0.320020
0.000041 0.320070
0.000041 0.320120
0.000041 0.320287
0.000041 0.320321
0.000041 0.320338
0.000041 0.320388
0.000041 0.320421
0.000041 0.320438
0.000041 0.320488
0.000041 0.320521
0.000041 0.320572
0.000041 0.320605
0.000041 0.320622
0.000041 0.320655
0.000041 0.320672
0.000041 0.320739
0.000041 0.320805
0.000041 0.320839
0.000041 0.320856
0.000041 0.320889
0.000041 0.320989
0.000041 0.321056
0.000041 0.321106
0.000041 0.321140
0.000041 0.321273
0.000041 0.321307
0.000041 0.321374
0.000041 0.321424
0.000041 0.321457
0.000041 0.321491
0.000041 0.321541
0.000041 0.321608
0.000041 0.321641
0.000041 0.321674
0.000041 0.321741
0.000041 0.321775
0.000041 0.321791
0.000041 0.321825
0.000041 0.321925
0.000041 0.321959
0.000041 0.322042
0.000041 0.322076
0.000041 0.322159
0.000041 0.322193
0.000041 0.322276
0.000041 0.322309
0.000041 0.322326
0.000051 0.322343
0.000051 0.322360
0.000051 0.322460
0.000051 0.322560
0.000051 0.322594
0.000051 0.322644
0.000051 0.322828
0.000051 0.322861
0.000051 0.322878
0.000051 0.322945
0.000051 0.322978
0.000051 0.323011
0.000051 0.323078
0.000051 0.323095
0.000051 0.323145
0.000051 0.323162
0.000051 0.323262
0.000051 0.323295
0.000051 0.323362
0.000051 0.323379
0.000051 0.323463
0.000051 0.323496
0.000051 0.323529
0.000051 0.323563
0.000051 0.323613
0.000051 0.323630
0.000051 0.323730
0.000051 0.323763
0.000051 0.323780
0.000051 0.323814
0.000051 0.323914
0.000051 0.323947
0.000051 0.323981
0.000051 0.324014
0.000051 0.324031
0.000051 0.324064
0.000051 0.324114
0.000051 0.324231
0.000051 0.324265
0.000051 0.324298
0.000051 0.324332
0.000051 0.324365
0.000051 0.324398
0.000051 0.324415
0.000051 0.324449
0.000051 0.324482
0.000051 0.324515
0.000051 0.324582
0.000051 0.324616
0.000051 0.324632
0.000051 0.324666
0.000051 0.324716
0.000051 0.324850
0.000051 0.324883
0.000051 0.324916
0.000051 0.325100
0.000051 0.325167
0.000051 0.325184
0.000051 0.325217
0.000051 0.325368
0.000051 0.325401
0.000051 0.325451
0.000051 0.325518
0.000051 0.325568
0.000051 0.325602
0.000051 0.325685
0.000051 0.325752
0.000051 0.325886
0.000051 0.325936
0.000051 0.325969
0.000051 0.325986
0.000051 0.326053
0.000051 0.326070
0.000051 0.326103
0.000051 0.326136
0.000051 0.326170
0.000051 0.326287
0.000051 0.326320
0.000051 0.326337
0.000051 0.326370
0.000051 0.326404
0.000051 0.326437
0.000051 0.326537
0.000051 0.326571
0.000051 0.326588
0.000051 0.326638
0.000051 0.326671
0.000051 0.326721
0.000051 0.326755
0.000051 0.326788
0.000051 0.326822
0.000051 0.326838
0.000051 0.326872
0.000051 0.326888
0.000051 0.326939
0.000051 0.326955
0.000051 0.326989
0.000051 0.327022
0.000051 0.327055
0.000051 0.327072
0.000051 0.327122
0.000051 0.327206
0.000051 0.327239
0.000051 0.327273
0.000062 0.327273
0.000062 0.327373
0.000062 0.327406
0.000062 0.327423
0.000062 0.327457
0.000062 0.327523
0.000062 0.327574
0.000062 0.327590
0.000062 0.327624
0.000062 0.327674
0.000062 0.327741
0.000062 0.327791
0.000062 0.327824
0.000062 0.327924
0.000062 0.327958
0.000062 0.327991
0.000062 0.328058
0.000062 0.328075
0.000062 0.328108
0.000062 0.328158
0.000062 0.328242
0.000062 0.328275
0.000062 0.328326
0.000062 0.328376
0.000062 0.328392
0.000062 0.328426
0.000062 0.328443
0.000062 0.328493
0.000062 0.328509
0.000062 0.328559
0.000062 0.328593
0.000062 0.328626
0.000062 0.328660
0.000062 0.328743
0.000062 0.328777
0.000062 0.328793
0.000062 0.328827
0.000062 0.328877
0.000062 0.328910
0.000062 0.328944
0.000062 0.328977
0.000062 0.329011
0.000062 0.329044
0.000062 0.329161
0.000062 0.329195
0.000062 0.329228
0.000062 0.329261
0.000062 0.329328
0.000062 0.329395
0.000062 0.329412
0.000062 0.329479
0.000062 0.329596
0.000062 0.329629
0.000062 0.329679
0.000062 0.329763
0.000062 0.329813
0.000062 0.329863
0.000062 0.329896
0.000062 0.329947
0.000062 0.329980
0.000062 0.329997
0.000062 0.330047
0.000062 0.330080
0.000062 0.330180
0.000062 0.330247
0.000062 0.330297
0.000062 0.330331
0.000062 0.330414
0.000062 0.330448
0.000062 0.330498
0.000062 0.330531
0.000062 0.330565
0.000062 0.330615
0.000062 0.330682
0.000062 0.330715
0.000062 0.330749
0.000062 0.330782
0.000062 0.330849
0.000062 0.330882
0.000062 0.330916
0.000062 0.330949
0.000062 0.330983
0.000062 0.331016
0.000062 0.331100
0.000062 0.331133
0.000062 0.331166
0.000062 0.331217
0.000062 0.331283
0.000062 0.331317
0.000062 0.331350
0.000062 0.331400
0.000062 0.331434
0.000062 0.331501
0.000062 0.331534
0.000062 0.331568
0.000062 0.331584
0.000062 0.331634
0.000062 0.331684
0.000062 0.331785
0.000062 0.331902
0.000062 0.331935
0.000062 0.331985
0.000062 0.332019
0.000062 0.332136
0.000062 0.332186
0.000062 0.332219
0.000062 0.332269
0.000062 0.332370
0.000062 0.332386
0.000062 0.332420
0.000062 0.332503
0.000062 0.332537
0.000062 0.332553
0.000062 0.332587
0.000062 0.332670
0.000062 0.332704
0.000062 0.332771
0.000062 0.332838
0.000062 0.332938
0.000062 0.333005
0.000062 0.333072
0.000062 0.333138
0.000062 0.333155
0.000062 0.333205
0.000062 0.333239
0.000062 0.333272
0.000062 0.333506
0.000062 0.333539
0.000062 0.333590
0.000062 0.333623
0.000062 0.333673
0.000062 0.333707
0.000062 0.333757
0.000062 0.333790
0.000062 0.333824
0.000062 0.333857
0.000062 0.333874
0.000062 0.333907
0.000062 0.333941
0.000062 0.333991
0.000062 0.334091
0.000062 0.334124
0.000062 0.334158
0.000062 0.334191
0.000062 0.334208
0.000082 0.334208
0.000082 0.334325
0.000082 0.334358
0.000082 0.334408
0.000082 0.334442
0.000082 0.334693
0.000082 0.334743
0.000082 0.334809
0.000082 0.334860
0.000082 0.334876
0.000082 0.334910
0.000082 0.334960
0.000082 0.334993
0.000082 0.335027
0.000082 0.335094
0.000082 0.335160
0.000082 0.335227
0.000082 0.335261
0.000082 0.335294
0.000082 0.335328
0.000082 0.335378
0.000082 0.335445
0.000082 0.335478
0.000082 0.335528
0.000082 0.335595
0.000082 0.335612
0.000082 0.335645
0.000082 0.335712
0.000082 0.335762
0.000082 0.335779
0.000082 0.335812
0.000082 0.335929
0.000082 0.335963
0.000082 0.336029
0.000082 0.336096
0.000082 0.336180
0.000082 0.336197
0.000082 0.336247
0.000082 0.336314
0.000082 0.336347
0.000082 0.336364
0.000082 0.336430
0.000082 0.336464
0.000082 0.336497
0.000082 0.336547
0.000082 0.336598
0.000082 0.336631
0.000082 0.336648
0.000082 0.336698
0.000082 0.336715
0.000082 0.336815
0.000082 0.336832
0.000082 0.336898
0.000082 0.336949
0.000082 0.336982
0.000082 0.337015
0.000082 0.337049
0.000082 0.337116
0.000082 0.337182
0.000082 0.337199
0.000082 0.337249
0.000082 0.337299
0.000082 0.337350
0.000082 0.337483
0.000082 0.337533
0.000082 0.337567
0.000082 0.337650
0.000082 0.337701
0.000082 0.337784
0.000082 0.337818
0.000082 0.337851
0.000092 0.337851
0.000092 0.337884
0.000092 0.337901
0.000092 0.337951
0.000092 0.337985
0.000092 0.338018
0.000092 0.338035
0.000092 0.338085
0.000092 0.338118
0.000092 0.338135
0.000092 0.338168
0.000092 0.338202
0.000092 0.338235
0.000092 0.338252
0.000092 0.338302
0.000092 0.338336
0.000092 0.338369
0.000092 0.338402
0.000092 0.338453
0.000092 0.338486
0.000092 0.338503
0.000092 0.338570
0.000092 0.338653
0.000092 0.338686
0.000092 0.338703
0.000092 0.338737
0.000092 0.338753
0.000092 0.338854
0.000092 0.338870
0.000092 0.338904
0.000092 0.338920
0.000092 0.339021
0.000092 0.339088
0.000092 0.339154
0.000092 0.339188
0.000092 0.339221
0.000092 0.339338
0.000092 0.339388
0.000092 0.339439
0.000092 0.339472
0.000092 0.339639
0.000092 0.339672
0.000092 0.339689
0.000092 0.339723
0.000092 0.339756
0.000092 0.339823
0.000092 0.339856
0.000092 0.339890
0.000092 0.339923
0.000092 0.339990
0.000092 0.340040
0.000092 0.340090
0.000092 0.340157
0.000092 0.340174
0.000092 0.340224
0.000092 0.340307
0.000092 0.340341
0.000092 0.340374
0.000092 0.340408
0.000092 0.340424
0.000092 0.340525
0.000092 0.340541
0.000092 0.340575
0.000092 0.340625
0.000092 0.340658
0.000092 0.340675
0.000092 0.340709
0.000092 0.340725
0.000092 0.340759
0.000092 0.340842
0.000092 0.340876
0.000092 0.340926
0.000092 0.340959
0.000092 0.341009
0.000092 0.341026
0.000092 0.341093
0.000092 0.341110
0.000092 0.341143
0.000092 0.341176
0.000092 0.341210
0.000092 0.341227
0.000092 0.341327
0.000092 0.341410
0.000092 0.341477
0.000092 0.341527
0.000092 0.341561
0.000092 0.341644
0.000092 0.341711
0.000092 0.341745
0.000092 0.341778
0.000092 0.341928
0.000092 0.341995
0.000092 0.342229
0.000092 0.342279
0.000092 0.342296
0.000092 0.342363
0.000092 0.342396
0.000092 0.342430
0.000092 0.342564
0.000092 0.342614
0.000092 0.342647
0.000092 0.342747
0.000092 0.342781
0.000092 0.342831
0.000092 0.342848
0.000092 0.342881
0.000092 0.342931
0.000092 0.343031
0.000092 0.343082
0.000092 0.343148
0.000092 0.343232
0.000092 0.343299
0.000092 0.343316
0.000092 0.343349
0.000092 0.343432
0.000092 0.343466
0.000092 0.343516
0.000092 0.343549
0.000092 0.343666
0.000092 0.343717
0.000092 0.343767
0.000092 0.343800
0.000092 0.343850
0.000092 0.343951
0.000092 0.343984
0.000092 0.344017
0.000092 0.344168
0.000092 0.344235
0.000092 0.344268
0.000092 0.344285
0.000092 0.344352
0.000092 0.344385
0.000092 0.344469
0.000092 0.344502
0.000092 0.344569
0.000092 0.344586
0.000092 0.344619
0.000092 0.344652
0.000092 0.344719
0.000092 0.344736
0.000092 0.344769
0.000092 0.344803
0.000092 0.344836
0.000092 0.344853
0.000092 0.344953
0.000092 0.345003
0.000092 0.345037
0.000092 0.345087
0.000092 0.345137
0.000092 0.345154
0.000092 0.345254
0.000092 0.345271
0.000092 0.345321
0.000092 0.345354
0.000092 0.345455
0.000092 0.345488
0.000092 0.345555
0.000092 0.345572
0.000092 0.345638
0.000092 0.345705
0.000092 0.345739
0.000092 0.345789
0.000092 0.345856
0.000092 0.345889
0.000092 0.345922
0.000092 0.346006
0.000092 0.346039
0.000092 0.346056
0.000092 0.346090
0.000092 0.346106
0.000092 0.346140
0.000092 0.346156
0.000092 0.346257
0.000092 0.346340
0.000092 0.346374
0.000092 0.346457
0.000092 0.346524
0.000092 0.346574
0.000092 0.346591
0.000092 0.346641
0.000092 0.346674
0.000092 0.346708
0.000092 0.346808
0.000092 0.346858
0.000092 0.346925
0.000092 0.346959
0.000092 0.347059
0.000092 0.347092
0.000092 0.347159
0.000092 0.347193
0.000092 0.347259
0.000092 0.347326
0.000092 0.347426
0.000092 0.347527
0.000092 0.347543
0.000092 0.347577
0.000092 0.347610
0.000092 0.347644
0.000092 0.347761
0.000092 0.347794
0.000092 0.347878
0.000092 0.347945
0.000092 0.347995
0.000092 0.348011
0.000092 0.348045
0.000092 0.348061
0.000092 0.348095
0.000092 0.348145
0.000092 0.348178
0.000092 0.348195
0.000092 0.348229
0.000092 0.348279
0.000092 0.348346
0.000092 0.348412
0.000092 0.348429
0.000092 0.348529
0.000092 0.348563
0.000092 0.348630
0.000092 0.348680
0.000092 0.348713
0.000092 0.348780
0.000092 0.348830
0.000092 0.348847
0.000092 0.348880
0.000092 0.348930
0.000092 0.348997
0.000092 0.349014
0.000092 0.349047
0.000092 0.349064
0.000092 0.349131
0.000092 0.349181
0.000092 0.349248
0.000092 0.349298
0.000092 0.349365
0.000092 0.349382
0.000092 0.349432
0.000092 0.349515
0.000092 0.349549
0.000092 0.349566
0.000092 0.349666
0.000092 0.349682
0.000092 0.349716
0.000092 0.349733
0.000092 0.349799
0.000092 0.349967
0.000092 0.350000
0.000092 0.350100
0.000092 0.350134
0.000092 0.350150
0.000092 0.350184
0.000092 0.350267
0.000092 0.350301
0.000092 0.350368
0.000092 0.350401
0.000092 0.350418
0.000092 0.350485
0.000092 0.350585
0.000092 0.350618
0.000092 0.350652
0.000092 0.350719
0.000092 0.350752
0.000092 0.350785
0.000092 0.350836
0.000092 0.350919
0.000092 0.350986
0.000092 0.351003
0.000092 0.351036
0.000092 0.351220
0.000092 0.351253
0.000092 0.351287
0.000092 0.351387
0.000092 0.351504
0.000092 0.351537
0.000092 0.351588
0.000092 0.351638
0.000092 0.351705
0.000092 0.351738
0.000092 0.351771
0.000092 0.351822
0.000092 0.351872
0.000092 0.351888
0.000092 0.351955
0.000092 0.352005
0.000092 0.352072
0.000092 0.352139
0.000092 0.352172
0.000092 0.352239
0.000092 0.352273
0.000092 0.352323
0.000092 0.352356
0.000092 0.352406
0.000092 0.352440
0.000092 0.352507
0.000092 0.352540
0.000092 0.352607
0.000092 0.352640
0.000092 0.352674
0.000092 0.352741
0.000092 0.352807
0.000092 0.352874
0.000092 0.352924
0.000092 0.352958
0.000092 0.353058
0.000092 0.353125
0.000092 0.353158
0.000092 0.353225
0.000092 0.353275
0.000092 0.353376
0.000092 0.353409
0.000092 0.353459
0.000103 0.353476
0.000103 0.353543
0.000103 0.353576
0.000103 0.353660
0.000103 0.353693
0.000103 0.353810
0.000103 0.353877
0.000103 0.353894
0.000103 0.353961
0.000103 0.354027
0.000103 0.354094
0.000113 0.354111
0.000113 0.354144
0.000113 0.354211
0.000113 0.354228
0.000113 0.354261
0.000113 0.354295
0.000113 0.354328
0.000113 0.354395
0.000113 0.354428
0.000113 0.354445
0.000113 0.354579
0.000113 0.354612
0.000113 0.354679
0.000113 0.354713
0.000113 0.354763
0.000113 0.354796
0.000113 0.354846
0.000113 0.354880
0.000113 0.354913
0.000113 0.354963
0.000113 0.355013
0.000113 0.355080
0.000113 0.355130
0.000113 0.355180
0.000113 0.355197
0.000113 0.355231
0.000113 0.355264
0.000113 0.355331
0.000113 0.355348
0.000113 0.355381
0.000113 0.355431
0.000113 0.355498
0.000113 0.355565
0.000113 0.355582
0.000113 0.355615
0.000113 0.355732
0.000113 0.355765
0.000113 0.355799
0.000113 0.355932
0.000113 0.355966
0.000113 0.356016
0.000113 0.356049
0.000113 0.356066
0.000113 0.356133
0.000113 0.356150
0.000113 0.356217
0.000113 0.356283
0.000113 0.356317
0.000113 0.356334
0.000113 0.356367
0.000113 0.356400
0.000113 0.356451
0.000113 0.356484
0.000113 0.356534
0.000113 0.356551
0.000113 0.356584
0.000113 0.356684
0.000113 0.356718
0.000113 0.356751
0.000113 0.356801
0.000113 0.356818
0.000113 0.356852
0.000113 0.356935
0.000113 0.356969
0.000113 0.357019
0.000113 0.357086
0.000113 0.357119
0.000113 0.357169
0.000113 0.357236
0.000113 0.357253
0.000113 0.357353
0.000113 0.357420
0.000113 0.357453
0.000113 0.357570
0.000113 0.357604
0.000113 0.357654
0.000113 0.357670
0.000113 0.357704
0.000113 0.357754
0.000123 0.357771
0.000123 0.357838
0.000123 0.357888
0.000123 0.357921
0.000123 0.357955
0.000133 0.357955
0.000133 0.358189
0.000144 0.358189
0.000144 0.358255
0.000144 0.358272
0.000144 0.358305
0.000144 0.358372
0.000144 0.358439
0.000144 0.358456
0.000144 0.358489
0.000144 0.358506
0.000144 0.358556
0.000144 0.358623
0.000144 0.358656
0.000144 0.358723
0.000144 0.358757
0.000144 0.358790
0.000144 0.358824
0.000144 0.358924
0.000144 0.358957
0.000144 0.358974
0.000144 0.359007
0.000144 0.359074
0.000144 0.359174
0.000144 0.359241
0.000144 0.359275
0.000144 0.359576
0.000144 0.359609
0.000144 0.359626
0.000144 0.359659
0.000144 0.359693
0.000144 0.359726
0.000144 0.359743
0.000144 0.359809
0.000144 0.359826
0.000144 0.359860
0.000144 0.359876
0.000144 0.359910
0.000144 0.359977
0.000144 0.360010
0.000144 0.360043
0.000144 0.360077
0.000144 0.360127
0.000144 0.360194
0.000144 0.360227
0.000144 0.360261
0.000144 0.360311
0.000144 0.360378
0.000144 0.360394
0.000144 0.360445
0.000144 0.360495
0.000144 0.360561
0.000144 0.360595
0.000144 0.360662
0.000144 0.360678
0.000144 0.360712
0.000144 0.360729
0.000144 0.360779
0.000144 0.360912
0.000144 0.360979
0.000144 0.361046
0.000144 0.361080
0.000144 0.361113
0.000144 0.361213
0.000144 0.361247
0.000144 0.361280
0.000144 0.361364
0.000144 0.361397
0.000144 0.361464
0.000144 0.361497
0.000144 0.361581
0.000144 0.361614
0.000154 0.361664
0.000154 0.361698
0.000154 0.361715
0.000154 0.361748
0.000154 0.361815
0.000154 0.361865
0.000154 0.361898
0.000154 0.361915
0.000154 0.361965
0.000154 0.362049
0.000154 0.362082
0.000154 0.362233
0.000154 0.362299
0.000154 0.362333
0.000154 0.362400
0.000154 0.362533
0.000154 0.362584
0.000154 0.362650
0.000154 0.362701
0.000154 0.362767
0.000154 0.362868
0.000154 0.362901
0.000154 0.362951
0.000154 0.362985
0.000154 0.363035
0.000154 0.363085
0.000154 0.363118
0.000154 0.363185
0.000154 0.363219
0.000154 0.363269
0.000154 0.363302
0.000154 0.363336
0.000154 0.363436
0.000154 0.363453
0.000154 0.363486
0.000154 0.363553
0.000154 0.363586
0.000154 0.363603
0.000154 0.363636
0.000154 0.363670
0.000154 0.363703
0.000154 0.363787
0.000154 0.363820
0.000154 0.363854
0.000154 0.363887
0.000154 0.363904
0.000154 0.363937
0.000154 0.363987
0.000154 0.364021
0.000154 0.364054
0.000154 0.364088
0.000154 0.364104
0.000154 0.364205
0.000154 0.364255
0.000154 0.364288
0.000154 0.364322
0.000154 0.364355
0.000154 0.364388
0.000154 0.364422
0.000154 0.364505
0.000154 0.364555
0.000154 0.364639
0.000154 0.364672
0.000154 0.364756
0.000154 0.364806
0.000154 0.364856
0.000154 0.364890
0.000154 0.364923
0.000154 0.364957
0.000154 0.364973
0.000154 0.365007
0.000154 0.365040
0.000154 0.365090
0.000154 0.365191
0.000154 0.365224
0.000154 0.365241
0.000154 0.365274
0.000154 0.365291
0.000154 0.365324
0.000154 0.365341
0.000154 0.365374
0.000154 0.365424
0.000154 0.365525
0.000154 0.365558
0.000154 0.365658
0.000164 0.365658
0.000164 0.365675
0.000164 0.365759
0.000164 0.365775
0.000164 0.365809
0.000164 0.365826
0.000164 0.365859
0.000164 0.365993
0.000164 0.366026
0.000164 0.366126
0.000164 0.366193
0.000164 0.366277
0.000164 0.366327
0.000164 0.366344
0.000164 0.366394
0.000164 0.366410
0.000164 0.366477
0.000164 0.366511
0.000174 0.366511
0.000174 0.366544
0.000174 0.366661
0.000174 0.366695
0.000174 0.366728
0.000174 0.366761
0.000174 0.366895
0.000174 0.366962
0.000174 0.366979
0.000174 0.367045
0.000174 0.367062
0.000174 0.367112
0.000174 0.367129
0.000174 0.367196
0.000174 0.367213
0.000174 0.367279
0.000174 0.367296
0.000174 0.367363
0.000174 0.367463
0.000174 0.367513
0.000174 0.367547
0.000174 0.367647
0.000174 0.367697
0.000174 0.367747
0.000174 0.367797
0.000174 0.367831
0.000174 0.367914
0.000174 0.367948
0.000174 0.367998
0.000174 0.368048
0.000174 0.368148
0.000174 0.368182
0.000174 0.368232
0.000174 0.368316
0.000174 0.368382
0.000174 0.368416
0.000174 0.368449
0.000174 0.368533
0.000174 0.368566
0.000174 0.368583
0.000174 0.368633
0.000174 0.368700
0.000174 0.368767
0.000174 0.368817
0.000174 0.368967
0.000174 0.369001
0.000174 0.369068
0.000174 0.369101
0.000174 0.369201
0.000174 0.369235
0.000174 0.369335
0.000174 0.369402
0.000174 0.369435
0.000174 0.369469
0.000174 0.369602
0.000174 0.369636
0.000174 0.369652
0.000174 0.369686
0.000174 0.369719
0.000174 0.369769
0.000174 0.369820
0.000174 0.369853
0.000174 0.369870
0.000174 0.369936
0.000174 0.369953
0.000174 0.369987
0.000174 0.370037
0.000174 0.370070
0.000174 0.370120
0.000174 0.370154
0.000174 0.370187
0.000174 0.370254
0.000174 0.370304
0.000174 0.370338
0.000174 0.370421
0.000185 0.370421
0.000185 0.370455
0.000195 0.370455
0.000195 0.370471
0.000195 0.370505
0.000195 0.370521
0.000195 0.370555
0.000195 0.370572
0.000195 0.370672
0.000195 0.370705
0.000195 0.370722
0.000195 0.370789
0.000195 0.370839
0.000195 0.370872
0.000195 0.370906
0.000195 0.370922
0.000195 0.370989
0.000195 0.371023
0.000195 0.371056
0.000195 0.371090
0.000195 0.371156
0.000195 0.371207
0.000195 0.371240
0.000195 0.371257
0.000195 0.371307
0.000195 0.371424
0.000195 0.371491
0.000195 0.371608
0.000195 0.371641
0.000195 0.371691
0.000195 0.371725
0.000195 0.371775
0.000195 0.371808
0.000195 0.371825
0.000195 0.371858
0.000195 0.371908
0.000195 0.371942
0.000195 0.371975
0.000195 0.372025
0.000195 0.372076
0.000195 0.372126
0.000195 0.372159
0.000195 0.372293
0.000195 0.372326
0.000195 0.372343
0.000195 0.372393
0.000195 0.372410
0.000195 0.372443
0.000195 0.372543
0.000195 0.372577
0.000195 0.372644
0.000195 0.372694
0.000195 0.372727
0.000195 0.372777
0.000195 0.372811
0.000195 0.372828
0.000195 0.372861
0.000195 0.372878
0.000195 0.372928
0.000195 0.372961
0.000195 0.373011
0.000195 0.373045
0.000195 0.373061
0.000195 0.373095
0.000195 0.373162
0.000195 0.373195
0.000195 0.373245
0.000195 0.373279
0.000195 0.373329
0.000195 0.373379
0.000195 0.373396
0.000195 0.373429
0.000195 0.373463
0.000195 0.373529
0.000195 0.373596
0.000195 0.373646
0.000195 0.373697
0.000195 0.373747
0.000195 0.373780
0.000195 0.373797
0.000195 0.373897
0.000195 0.373914
0.000195 0.373981
0.000195 0.374031
0.000195 0.374064
0.000195 0.374114
0.000195 0.374131
0.000195 0.374181
0.000195 0.374215
0.000195 0.374281
0.000195 0.374315
0.000195 0.374382
0.000195 0.374415
0.000195 0.374465
0.000195 0.374499
0.000195 0.374682
0.000195 0.374716
0.000195 0.374733
0.000195 0.374766
0.000195 0.374783
0.000195 0.374850
0.000195 0.374950
0.000195 0.375017
0.000195 0.375033
0.000195 0.375067
0.000195 0.375134
0.000195 0.375201
0.000195 0.375234
0.000195 0.375284
0.000195 0.375334
0.000195 0.375368
0.000195 0.375434
0.000195 0.375535
0.000195 0.375719
0.000195 0.375752
0.000195 0.375836
0.000195 0.375869
0.000195 0.375953
0.000195 0.376019
0.000195 0.376036
0.000195 0.376070
0.000195 0.376186
0.000195 0.376253
0.000195 0.376320
0.000195 0.376420
0.000195 0.376487
0.000195 0.376521
0.000195 0.376554
0.000195 0.376588
0.000195 0.376638
0.000195 0.376738
0.000195 0.376805
0.000195 0.376838
0.000195 0.376855
0.000195 0.376888
0.000195 0.376989
0.000195 0.377055
0.000195 0.377122
0.000195 0.377223
0.000195 0.377289
0.000195 0.377323
0.000195 0.377356
0.000195 0.377423
0.000195 0.377457
0.000195 0.377490
0.000195 0.377507
0.000195 0.377540
0.000195 0.377674
0.000195 0.377707
0.000205 0.377707
0.000205 0.377757
0.000205 0.377807
0.000205 0.377824
0.000205 0.377874
0.000205 0.377941
0.000205 0.377958
0.000205 0.378025
0.000205 0.378075
0.000205 0.378108
0.000205 0.378158
0.000205 0.378192
0.000205 0.378242
0.000205 0.378309
0.000205 0.378342
0.000205 0.378392
0.000205 0.378476
0.000205 0.378559
0.000205 0.378576
0.000205 0.378610
0.000205 0.378626
0.000205 0.378660
0.000205 0.378710
0.000205 0.378743
0.000205 0.378777
0.000205 0.378810
0.000205 0.378844
0.000205 0.378894
0.000205 0.378961
0.000215 0.379044
0.000215 0.379144
0.000215 0.379178
0.000215 0.379261
0.000215 0.379278
0.000215 0.379328
0.000215 0.379362
0.000215 0.379462
0.000215 0.379596
0.000215 0.379629
0.000215 0.379679
0.000215 0.379713
0.000215 0.379746
0.000215 0.379763
0.000215 0.379813
0.000215 0.379880
0.000215 0.379930
0.000215 0.379980
0.000215 0.380013
0.000215 0.380047
0.000215 0.380080
0.000215 0.380097
0.000215 0.380147
0.000215 0.380197
0.000215 0.380231
0.000215 0.380281
0.000215 0.380314
0.000215 0.380348
0.000215 0.380381
0.000215 0.380448
0.000215 0.380481
0.000215 0.380531
0.000215 0.380598
0.000215 0.380632
0.000215 0.380699
0.000215 0.380732
0.000215 0.380765
0.000215 0.380816
0.000215 0.380849
0.000215 0.380866
0.000215 0.380932
0.000215 0.380966
0.000215 0.381033
0.000215 0.381100
0.000215 0.381133
0.000215 0.381150
0.000215 0.381183
0.000215 0.381233
0.000215 0.381267
0.000215 0.381384
0.000215 0.381417
0.000215 0.381467
0.000215 0.381484
0.000215 0.381584
0.000215 0.381618
0.000215 0.381651
0.000215 0.381718
0.000215 0.381751
0.000215 0.381785
0.000215 0.381835
0.000215 0.381902
0.000215 0.381952
0.000215 0.382002
0.000215 0.382052
0.000215 0.382086
0.000215 0.382119
0.000215 0.382152
0.000215 0.382186
0.000215 0.382236
0.000215 0.382286
0.000215 0.382320
0.000215 0.382370
0.000215 0.382403
0.000215 0.382436
0.000215 0.382470
0.000215 0.382537
0.000215 0.382587
0.000215 0.382620
0.000215 0.382654
0.000215 0.382787
0.000215 0.382821
0.000215 0.382871
0.000215 0.382904
0.000226 0.382921
0.000226 0.382955
0.000226 0.383005
0.000226 0.383038
0.000226 0.383055
0.000226 0.383088
0.000226 0.383172
0.000226 0.383205
0.000226 0.383272
0.000226 0.383322
0.000226 0.383389
0.000226 0.383422
0.000226 0.383439
0.000226 0.383573
0.000226 0.383656
0.000226 0.383690
0.000226 0.383707
0.000226 0.383773
0.000226 0.383790
0.000226 0.383824
0.000226 0.383840
0.000226 0.383874
0.000226 0.383907
0.000226 0.383974
0.000226 0.384057
0.000226 0.384124
0.000226 0.384141
0.000226 0.384174
0.000226 0.384225
0.000226 0.384275
0.000226 0.384325
0.000226 0.384358
0.000226 0.384408
0.000226 0.384492
0.000226 0.384525
0.000226 0.384642
0.000226 0.384676
0.000226 0.384693
0.000226 0.384726
0.000226 0.384776
0.000226 0.384793
0.000226 0.384860
0.000226 0.384876
0.000226 0.384910
0.000226 0.384943
0.000226 0.384977
0.000226 0.384993
0.000226 0.385060
0.000226 0.385110
0.000226 0.385144
0.000226 0.385160
0.000226 0.385244
0.000226 0.385311
0.000226 0.385344
0.000226 0.385394
0.000226 0.385428
0.000226 0.385461
0.000226 0.385511
0.000226 0.385545
0.000226 0.385595
0.000226 0.385628
0.000226 0.385662
0.000226 0.385695
0.000226 0.385745
0.000226 0.385762
0.000226 0.385862
0.000226 0.385879
0.000226 0.385912
0.000226 0.385963
0.000226 0.385996
0.000226 0.386013
0.000226 0.386046
0.000226 0.386113
0.000226 0.386180
0.000226 0.386197
0.000226 0.386230
0.000226 0.386263
0.000236 0.386263
0.000236 0.386314
0.000256 0.386314
0.000256 0.386347
0.000256 0.386514
0.000267 0.386514
0.000267 0.386531
0.000267 0.386564
0.000267 0.386581
0.000267 0.386698
0.000267 0.386731
0.000267 0.386748
0.000267 0.386781
0.000267 0.386832
0.000267 0.386865
0.000267 0.387015
0.000267 0.387066
0.000267 0.387099
0.000267 0.387166
0.000267 0.387333
0.000267 0.387366
0.000267 0.387467
0.000267 0.387500
0.000267 0.387517
0.000267 0.387567
0.000267 0.387600
0.000267 0.387667
0.000267 0.387684
0.000267 0.387734
0.000267 0.387784
0.000267 0.387851
0.000267 0.387918
0.000267 0.388035
0.000267 0.388068
0.000267 0.388202
0.000267 0.388235
0.000277 0.388252
0.000277 0.388302
0.000277 0.388319
0.000277 0.388386
0.000277 0.388402
0.000277 0.388469
0.000277 0.388519
0.000277 0.388553
0.000277 0.388603
0.000287 0.388636
0.000287 0.388670
0.000287 0.388720
0.000287 0.388737
0.000287 0.388770
0.000287 0.388870
0.000287 0.388904
0.000287 0.388954
0.000287 0.389004
0.000287 0.389037
0.000287 0.389121
0.000287 0.389171
0.000287 0.389305
0.000287 0.389338
0.000287 0.389372
0.000287 0.389422
0.000287 0.389455
0.000287 0.389672
0.000287 0.389706
0.000287 0.389723
0.000287 0.389823
0.000287 0.389840
0.000287 0.389906
0.000287 0.389940
0.000287 0.389973
0.000287 0.390007
0.000287 0.390040
0.000287 0.390107
0.000287 0.390140
0.000287 0.390157
0.000297 0.390174
0.000297 0.390191
0.000297 0.390224
0.000297 0.390257
0.000297 0.390291
0.000297 0.390341
0.000297 0.390441
0.000297 0.390508
0.000297 0.390558
0.000297 0.390592
0.000297 0.390625
0.000297 0.390826
0.000297 0.390892
0.000297 0.390909
0.000297 0.390943
0.000308 0.390943
0.000308 0.390976
0.000308 0.391059
0.000308 0.391093
0.000308 0.391176
0.000308 0.391210
0.000308 0.391277
0.000308 0.391310
0.000308 0.391394
0.000308 0.391444
0.000308 0.391477
0.000308 0.391494
0.000308 0.391527
0.000308 0.391544
0.000308 0.391578
0.000308 0.391644
0.000308 0.391678
0.000308 0.391761
0.000308 0.391811
0.000308 0.391878
0.000308 0.391912
0.000308 0.391945
0.000308 0.392012
0.000308 0.392045
0.000308 0.392079
0.000308 0.392112
0.000308 0.392129
0.000308 0.392196
0.000308 0.392213
0.000308 0.392246
0.000308 0.392330
0.000308 0.392363
0.000308 0.392380
0.000318 0.392380
0.000318 0.392396
0.000318 0.392463
0.000318 0.392564
0.000318 0.392614
0.000318 0.392664
0.000318 0.392697
0.000318 0.392731
0.000318 0.392764
0.000318 0.392797
0.000318 0.392898
0.000318 0.392965
0.000318 0.392998
0.000318 0.393048
0.000318 0.393082
0.000318 0.393115
0.000318 0.393215
0.000318 0.393265
0.000318 0.393282
0.000318 0.393316
0.000318 0.393349
0.000318 0.393399
0.000318 0.393449
0.000318 0.393499
0.000318 0.393533
0.000318 0.393600
0.000318 0.393683
0.000318 0.393783
0.000318 0.393800
0.000318 0.393834
0.000318 0.393850
0.000318 0.393900
0.000318 0.393917
0.000318 0.394017
0.000318 0.394101
0.000318 0.394151
0.000318 0.394168
0.000318 0.394235
0.000318 0.394285
0.000318 0.394301
0.000318 0.394352
0.000318 0.394385
0.000318 0.394418
0.000318 0.394452
0.000318 0.394485
0.000318 0.394519
0.000318 0.394586
0.000318 0.394619
0.000328 0.394636
0.000328 0.394669
0.000328 0.394686
0.000328 0.394719
0.000328 0.394753
0.000328 0.394853
0.000328 0.394936
0.000328 0.395003
0.000338 0.395053
0.000338 0.395070
0.000338 0.395104
0.000338 0.395137
0.000338 0.395204
0.000338 0.395271
0.000338 0.395338
0.000338 0.395521
0.000338 0.395572
0.000338 0.395638
0.000338 0.395672
0.000338 0.395722
0.000338 0.395789
0.000338 0.395805
0.000338 0.395872
0.000338 0.395922
0.000338 0.395956
0.000338 0.395989
0.000338 0.396006
0.000349 0.396006
0.000349 0.396090
0.000349 0.396123
0.000349 0.396140
0.000349 0.396173
0.000349 0.396207
0.000349 0.396273
0.000349 0.396307
0.000349 0.396340
0.000349 0.396357
0.000349 0.396524
0.000349 0.396541
0.000349 0.396708
0.000349 0.396725
0.000349 0.396775
0.000349 0.396791
0.000349 0.396825
0.000349 0.396858
0.000349 0.396892
0.000349 0.396942
0.000349 0.396975
0.000349 0.397042
0.000349 0.397076
0.000349 0.397109
0.000349 0.397176
0.000349 0.397343
0.000349 0.397393
0.000349 0.397527
0.000349 0.397594
0.000349 0.397644
0.000349 0.397677
0.000349 0.397711
0.000349 0.397744
0.000349 0.397844
0.000349 0.397911
0.000349 0.397945
0.000349 0.398095
0.000349 0.398145
0.000349 0.398162
0.000349 0.398229
0.000349 0.398295
0.000349 0.398329
0.000349 0.398346
0.000349 0.398379
0.000349 0.398429
0.000349 0.398496
0.000349 0.398580
0.000349 0.398646
0.000349 0.398680
0.000349 0.398713
0.000349 0.398763
0.000349 0.398830
0.000349 0.398897
0.000349 0.398947
0.000349 0.398997
0.000349 0.399047
0.000349 0.399114
0.000349 0.399198
0.000349 0.399248
0.000349 0.399265
0.000349 0.399332
0.000349 0.399432
0.000349 0.399482
0.000349 0.399549
0.000349 0.399582
0.000349 0.399599
0.000349 0.399632
0.000349 0.399649
0.000349 0.399682
0.000349 0.399716
0.000349 0.399749
0.000349 0.399866
0.000349 0.399900
0.000349 0.400000
0.000349 0.400033
0.000359 0.400033
0.000359 0.400100
0.000359 0.400184
0.000359 0.400217
0.000359 0.400267
0.000359 0.400284
0.000359 0.400318
0.000359 0.400384
0.000359 0.400418
0.000359 0.400434
0.000359 0.400468
0.000359 0.400485
0.000359 0.400535
0.000359 0.400568
0.000359 0.400585
0.000359 0.400685
0.000359 0.400735
0.000379 0.400735
0.000379 0.400785
0.000379 0.400802
0.000379 0.400852
0.000379 0.400886
0.000379 0.401003
0.000379 0.401070
0.000379 0.401103
0.000379 0.401136
0.000379 0.401186
0.000379 0.401237
0.000379 0.401270
0.000379 0.401337
0.000379 0.401370
0.000379 0.401420
0.000379 0.401437
0.000379 0.401487
0.000379 0.401571
0.000379 0.401604
0.000379 0.401621
0.000379 0.401721
0.000379 0.401788
0.000379 0.401822
0.000379 0.401872
0.000379 0.401922
0.000379 0.402055
0.000379 0.402106
0.000379 0.402189
0.000379 0.402239
0.000390 0.402239
0.000390 0.402273
0.000390 0.402323
0.000400 0.402323
0.000400 0.402390
0.000400 0.402440
0.000400 0.402473
0.000400 0.402523
0.000400 0.402590
0.000410 0.402607
0.000410 0.402640
0.000410 0.402674
0.000410 0.402707
0.000410 0.402757
0.000420 0.402774
0.000420 0.402841
0.000420 0.402908
0.000420 0.402975
0.000420 0.403041
0.000420 0.403075
0.000420 0.403108
0.000420 0.403142
0.000420 0.403175
0.000420 0.403209
0.000420 0.403242
0.000420 0.403409
0.000420 0.403493
0.000420 0.403526
0.000420 0.403576
0.000420 0.403593
0.000420 0.403643
0.000420 0.403660
0.000420 0.403727
0.000420 0.403777
0.000420 0.403810
0.000420 0.403860
0.000420 0.403927
0.000420 0.403944
0.000420 0.403977
0.000420 0.404061
0.000420 0.404111
0.000420 0.404144
0.000431 0.404144
0.000431 0.404178
0.000431 0.404278
0.000431 0.404311
0.000431 0.404345
0.000431 0.404362
0.000431 0.404395
0.000431 0.404445
0.000431 0.404479
0.000431 0.404529
0.000431 0.404629
0.000431 0.404646
0.000431 0.404679
0.000431 0.404746
0.000431 0.404846
0.000431 0.404880
0.000431 0.404947
0.000431 0.404980
0.000431 0.405013
0.000431 0.405080
0.000431 0.405147
0.000431 0.405164
0.000431 0.405214
0.000431 0.405398
0.000431 0.405431
0.000431 0.405465
0.000431 0.405498
0.000431 0.405548
0.000431 0.405648
0.000431 0.405715
0.000431 0.405749
0.000431 0.405765
0.000431 0.405799
0.000431 0.405832
0.000431 0.405899
0.000431 0.405916
0.000431 0.405949
0.000431 0.405999
0.000431 0.406033
0.000431 0.406066
0.000431 0.406133
0.000431 0.406150
0.000431 0.406200
0.000431 0.406233
0.000431 0.406250
0.000431 0.406300
0.000431 0.406334
0.000431 0.406384
0.000431 0.406400
0.000431 0.406434
0.000431 0.406451
0.000431 0.406484
0.000431 0.406501
0.000431 0.406534
0.000431 0.406584
0.000431 0.406618
0.000441 0.406618
0.000441 0.406718
0.000441 0.406751
0.000441 0.406785
0.000441 0.406801
0.000441 0.406835
0.000441 0.406969
0.000441 0.407052
0.000441 0.407069
0.000441 0.407169
0.000441 0.407219
0.000451 0.407236
0.000451 0.407269
0.000451 0.407303
0.000451 0.407336
0.000451 0.407353
0.000451 0.407420
0.000451 0.407470
0.000451 0.407503
0.000451 0.407537
0.000451 0.407587
0.000451 0.407637
0.000451 0.407670
0.000451 0.407721
0.000451 0.407737
0.000451 0.407804
0.000451 0.407871
0.000472 0.407888
0.000472 0.407904
0.000472 0.407971
0.000472 0.407988
0.000472 0.408021
0.000472 0.408038
0.000472 0.408105
0.000472 0.408172
0.000472 0.408205
0.000472 0.408239
0.000472 0.408289
0.000472 0.408322
0.000472 0.408339
0.000472 0.408389
0.000472 0.408439
0.000472 0.408489
0.000472 0.408506
0.000472 0.408556
0.000472 0.408590
0.000472 0.408640
0.000472 0.408673
0.000472 0.408773
0.000472 0.408807
0.000472 0.408824
0.000472 0.408857
0.000472 0.408874
0.000472 0.408907
0.000472 0.408924
0.000472 0.408957
0.000472 0.408974
0.000472 0.409024
0.000472 0.409057
0.000472 0.409108
0.000472 0.409141
0.000482 0.409141
0.000482 0.409191
0.000482 0.409291
0.000482 0.409325
0.000482 0.409358
0.000482 0.409375
0.000482 0.409459
0.000492 0.409475
0.000492 0.409576
0.000492 0.409609
0.000492 0.409659
0.000492 0.409709
0.000492 0.409843
0.000492 0.409910
0.000492 0.409943
0.000492 0.409993
0.000492 0.410144
0.000492 0.410194
0.000492 0.410244
0.000492 0.410294
0.000492 0.410361
0.000492 0.410411
0.000492 0.410495
0.000492 0.410528
0.000492 0.410561
0.000502 0.410561
0.000502 0.410595
0.000502 0.410628
0.000502 0.410695
0.000502 0.410745
0.000502 0.410779
0.000502 0.410829
0.000502 0.410896
0.000502 0.410946
0.000502 0.410963
0.000502 0.411013
0.000502 0.411080
0.000502 0.411146
0.000502 0.411180
0.000502 0.411230
0.000502 0.411247
0.000502 0.411280
0.000502 0.411397
0.000502 0.411447
0.000502 0.411564
0.000502 0.411598
0.000502 0.411681
0.000502 0.411715
0.000502 0.411731
0.000502 0.411781
0.000502 0.411815
0.000502 0.411915
0.000502 0.411932
0.000502 0.411965
0.000502 0.411999
0.000502 0.412049
0.000502 0.412099
0.000502 0.412132
0.000502 0.412149
0.000502 0.412199
0.000513 0.412199
0.000513 0.412216
0.000513 0.412266
0.000513 0.412283
0.000513 0.412316
0.000513 0.412333
0.000513 0.412366
0.000513 0.412416
0.000513 0.412467
0.000513 0.412500
0.000513 0.412617
0.000513 0.412650
0.000513 0.412684
0.000513 0.412751
0.000513 0.412801
0.000513 0.412868
0.000513 0.412918
0.000513 0.412934
0.000513 0.413001
0.000513 0.413035
0.000513 0.413085
0.000513 0.413102
0.000513 0.413135
0.000513 0.413185
0.000513 0.413219
0.000513 0.413235
0.000513 0.413269
0.000513 0.413302
0.000513 0.413336
0.000513 0.413453
0.000513 0.413486
0.000513 0.413503
0.000513 0.413570
0.000513 0.413603
0.000513 0.413703
0.000513 0.413753
0.000513 0.413787
0.000513 0.413803
0.000513 0.413870
0.000513 0.413887
0.000513 0.413920
0.000513 0.413971
0.000513 0.413987
0.000513 0.414037
0.000513 0.414054
0.000513 0.414088
0.000513 0.414104
0.000513 0.414138
0.000513 0.414154
0.000513 0.414205
0.000513 0.414288
0.000513 0.414322
0.000523 0.414355
0.000523 0.414372
0.000523 0.414422
0.000523 0.414439
0.000523 0.414472
0.000523 0.414489
0.000523 0.414555
0.000523 0.414622
0.000523 0.414672
0.000523 0.414689
0.000523 0.414756
0.000523 0.414789
0.000523 0.414806
0.000523 0.414906
0.000523 0.414923
0.000523 0.414957
0.000523 0.414990
0.000523 0.415040
0.000523 0.415057
0.000523 0.415107
0.000523 0.415140
0.000523 0.415224
0.000523 0.415257
0.000523 0.415307
0.000523 0.415324
0.000523 0.415391
0.000523 0.415475
0.000523 0.415608
0.000523 0.415625
0.000523 0.415658
0.000523 0.415692
0.000523 0.415742
0.000523 0.415775
0.000523 0.415809
0.000523 0.415826
0.000523 0.415859
0.000523 0.415892
0.000523 0.415959
0.000533 0.415959
0.000533 0.415993
0.000533 0.416059
0.000533 0.416110
0.000533 0.416143
0.000533 0.416227
0.000543 0.416227
0.000543 0.416260
0.000543 0.416293
0.000543 0.416344
0.000543 0.416377
0.000543 0.416410
0.000543 0.416444
0.000543 0.416544
0.000543 0.416594
0.000543 0.416628
0.000543 0.416678
0.000543 0.416711
0.000543 0.416778
0.000543 0.416795
0.000543 0.416828
0.000543 0.416845
0.000543 0.416878
0.000543 0.416895
0.000543 0.416928
0.000543 0.416962
0.000543 0.416995
0.000543 0.417045
0.000543 0.417079
0.000543 0.417096
0.000543 0.417146
0.000543 0.417213
0.000543 0.417246
0.000543 0.417263
0.000543 0.417296
0.000543 0.417313
0.000543 0.417346
0.000543 0.417413
0.000543 0.417463
0.000543 0.417513
0.000543 0.417547
0.000543 0.417614
0.000543 0.417664
0.000543 0.417697
0.000543 0.417731
0.000543 0.417781
0.000543 0.417848
0.000543 0.417864
0.000543 0.417898
0.000543 0.417914
0.000543 0.417965
0.000543 0.417998
0.000543 0.418031
0.000543 0.418132
0.000543 0.418232
0.000543 0.418265
0.000554 0.418299
0.000554 0.418316
0.000554 0.418366
0.000554 0.418382
0.000554 0.418449
0.000554 0.418516
0.000554 0.418566
0.000554 0.418583
0.000554 0.418616
0.000554 0.418650
0.000554 0.418683
0.000554 0.418717
0.000554 0.418817
0.000554 0.418850
0.000554 0.418900
0.000554 0.418984
0.000554 0.419034
0.000554 0.419084
0.000554 0.419118
0.000554 0.419151
0.000554 0.419218
0.000554 0.419285
0.000554 0.419352
0.000554 0.419402
0.000554 0.419418
0.000554 0.419452
0.000554 0.419485
0.000554 0.419535
0.000554 0.419552
0.000554 0.419586
0.000554 0.419636
0.000554 0.419703
0.000554 0.419736
0.000554 0.419786
0.000554 0.419853
0.000554 0.419870
0.000554 0.419936
0.000554 0.419953
0.000564 0.419953
0.000574 0.419987
0.000574 0.420020
0.000574 0.420087
0.000574 0.420104
0.000574 0.420137
0.000574 0.420170
0.000574 0.420221
0.000574 0.420287
0.000574 0.420338
0.000574 0.420354
0.000574 0.420388
0.000574 0.420404
0.000574 0.420438
0.000574 0.420555
0.000584 0.420555
0.000584 0.420622
0.000584 0.420638
0.000584 0.420672
0.000584 0.420839
0.000584 0.420872
0.000584 0.420889
0.000584 0.420922
0.000584 0.420939
0.000584 0.420973
0.000584 0.421006
0.000584 0.421039
0.000584 0.421090
0.000584 0.421123
0.000584 0.421324
0.000584 0.421357
0.000584 0.421374
0.000584 0.421407
0.000584 0.421441
0.000584 0.421474
0.000584 0.421491
0.000584 0.421541
0.000584 0.421591
0.000584 0.421624
0.000584 0.421641
0.000595 0.421658
0.000595 0.421725
0.000595 0.421825
0.000595 0.422059
0.000595 0.422109
0.000595 0.422142
0.000595 0.422193
0.000595 0.422209
0.000595 0.422243
0.000605 0.422259
0.000605 0.422293
0.000605 0.422326
0.000605 0.422376
0.000605 0.422443
0.000605 0.422477
0.000605 0.422493
0.000605 0.422527
0.000605 0.422577
0.000605 0.422660
0.000605 0.422694
0.000605 0.422727
0.000615 0.422727
0.000615 0.422744
0.000615 0.422777
0.000615 0.422878
0.000615 0.422911
0.000615 0.422978
0.000615 0.423045
0.000615 0.423095
0.000615 0.423128
0.000615 0.423145
0.000615 0.423178
0.000615 0.423229
0.000615 0.423262
0.000615 0.423312
0.000615 0.423379
0.000615 0.423412
0.000615 0.423463
0.000615 0.423496
0.000615 0.423529
0.000615 0.423563
0.000615 0.423630
0.000615 0.423830
0.000615 0.423880
0.000615 0.423981
0.000615 0.424047
0.000615 0.424064
0.000615 0.424164
0.000615 0.424181
0.000615 0.424215
0.000615 0.424231
0.000615 0.424281
0.000615 0.424315
0.000615 0.424365
0.000615 0.424382
0.000615 0.424415
0.000615 0.424449
0.000625 0.424482
0.000625 0.424515
0.000625 0.424549
0.000625 0.424649
0.000625 0.424699
0.000625 0.424799
0.000625 0.424900
0.000625 0.425100
0.000625 0.425150
0.000625 0.425184
0.000625 0.425217
0.000625 0.425267
0.000625 0.425284
0.000625 0.425368
0.000625 0.425418
0.000625 0.425451
0.000625 0.425501
0.000625 0.425702
0.000625 0.425735
0.000625 0.425769
0.000625 0.425852
0.000625 0.425886
0.000625 0.425953
0.000625 0.425969
0.000625 0.426019
0.000625 0.426053
0.000625 0.426070
0.000625 0.426136
0.000625 0.426203
0.000625 0.426237
0.000625 0.426270
0.000625 0.426337
0.000625 0.426354
0.000625 0.426387
0.000636 0.426420
0.000636 0.426437
0.000646 0.426471
0.000646 0.426487
0.000646 0.426537
0.000646 0.426588
0.000646 0.426621
0.000646 0.426638
0.000646 0.426671
0.000646 0.426788
0.000646 0.426838
0.000646 0.426855
0.000646 0.426888
0.000646 0.426905
0.000646 0.426939
0.000646 0.426955
0.000656 0.426989
0.000656 0.427039
0.000656 0.427072
0.000656 0.427106
0.000656 0.427156
0.000656 0.427223
0.000656 0.427323
0.000656 0.427356
0.000656 0.427390
0.000656 0.427423
0.000656 0.427490
0.000656 0.427523
0.000656 0.427557
0.000656 0.427607
0.000656 0.427624
0.000656 0.427657
0.000656 0.427741
0.000656 0.427791
0.000656 0.427824
0.000656 0.427874
0.000656 0.427908
0.000666 0.427941
0.000666 0.427975
0.000666 0.428041
0.000666 0.428092
0.000666 0.428108
0.000666 0.428175
0.000666 0.428225
0.000666 0.428259
0.000666 0.428275
0.000677 0.428292
0.000677 0.428359
0.000677 0.428409
0.000677 0.428426
0.000677 0.428493
0.000677 0.428543
0.000677 0.428593
0.000677 0.428626
0.000677 0.428643
0.000677 0.428727
0.000677 0.428743
0.000677 0.428793
0.000677 0.428827
0.000677 0.428877
0.000677 0.428910
0.000677 0.429078
0.000677 0.429144
0.000677 0.429195
0.000677 0.429362
0.000677 0.429395
0.000677 0.429479
0.000677 0.429512
0.000677 0.429529
0.000677 0.429562
0.000687 0.429596
0.000687 0.429612
0.000687 0.429646
0.000687 0.429662
0.000687 0.429763
0.000697 0.429779
0.000697 0.429830
0.000697 0.429863
0.000697 0.429930
0.000697 0.429963
0.000697 0.429980
0.000697 0.430013
0.000697 0.430064
0.000697 0.430097
0.000697 0.430114
0.000697 0.430147
0.000697 0.430164
0.000697 0.430197
0.000697 0.430247
0.000697 0.430281
0.000697 0.430314
0.000697 0.430348
0.000697 0.430364
0.000697 0.430414
0.000697 0.430431
0.000697 0.430465
0.000697 0.430498
0.000697 0.430531
0.000697 0.430565
0.000697 0.430615
0.000697 0.430648
0.000697 0.430682
0.000697 0.430765
0.000697 0.430816
0.000697 0.430832
0.000697 0.430866
0.000697 0.430899
0.000697 0.430932
0.000697 0.430999
0.000697 0.431033
0.000697 0.431066
0.000697 0.431100
0.000697 0.431133
0.000697 0.431183
0.000708 0.431183
0.000708 0.431217
0.000708 0.431300
0.000708 0.431350
0.000708 0.431434
0.000708 0.431501
0.000708 0.431551
0.000708 0.431568
0.000708 0.431668
0.000708 0.431768
0.000708 0.431852
0.000708 0.431918
0.000708 0.431952
0.000718 0.431952
0.000718 0.431969
0.000718 0.432019
0.000718 0.432035
0.000718 0.432136
0.000718 0.432186
0.000718 0.432219
0.000718 0.432269
0.000718 0.432320
0.000718 0.432353
0.000718 0.432370
0.000718 0.432420
0.000718 0.432453
0.000718 0.432520
0.000718 0.432587
0.000718 0.432620
0.000718 0.432721
0.000718 0.432754
0.000718 0.432821
0.000718 0.432838
0.000718 0.432888
0.000718 0.432904
0.000718 0.432938
0.000718 0.432971
0.000718 0.433005
0.000718 0.433021
0.000718 0.433088
0.000718 0.433122
0.000718 0.433172
0.000718 0.433239
0.000718 0.433272
0.000718 0.433322
0.000718 0.433339
0.000718 0.433439
0.000718 0.433456
0.000718 0.433556
0.000718 0.433573
0.000718 0.433606
0.000718 0.433656
0.000718 0.433824
0.000718 0.433941
0.000718 0.433974
0.000718 0.434074
0.000718 0.434108
0.000718 0.434124
0.000718 0.434158
0.000718 0.434174
0.000718 0.434208
0.000718 0.434308
0.000718 0.434358
0.000718 0.434425
0.000718 0.434459
0.000718 0.434475
0.000718 0.434509
0.000718 0.434525
0.000718 0.434559
0.000718 0.434626
0.000718 0.434659
0.000718 0.434676
0.000718 0.434709
0.000718 0.434843
0.000718 0.434943
0.000718 0.434977
0.000728 0.434977
0.000728 0.435060
0.000728 0.435094
0.000728 0.435177
0.000728 0.435344
0.000728 0.435394
0.000728 0.435445
0.000728 0.435478
0.000728 0.435511
0.000728 0.435528
0.000728 0.435561
0.000728 0.435612
0.000728 0.435662
0.000728 0.435745
0.000728 0.435779
0.000728 0.435846
0.000738 0.435846
0.000738 0.435879
0.000738 0.435912
0.000738 0.435929
0.000738 0.435979
0.000738 0.436046
0.000738 0.436080
0.000738 0.436146
0.000738 0.436180
0.000738 0.436230
0.000738 0.436263
0.000738 0.436280
0.000738 0.436314
0.000738 0.436380
0.000738 0.436414
0.000738 0.436430
0.000738 0.436481
0.000738 0.436514
0.000738 0.436581
0.000738 0.436598
0.000749 0.436598
0.000749 0.436648
0.000749 0.436664
0.000749 0.436731
0.000749 0.436865
0.000749 0.436898
0.000749 0.436949
0.000749 0.436982
0.000749 0.437015
0.000749 0.437082
0.000749 0.437166
0.000749 0.437233
0.000749 0.437249
0.000749 0.437283
0.000749 0.437299
0.000749 0.437350
0.000749 0.437400
0.000749 0.437433
0.000749 0.437483
0.000759 0.437483
0.000759 0.437517
0.000759 0.437533
0.000759 0.437567
0.000759 0.437584
0.000759 0.437650
0.000759 0.437717
0.000759 0.437767
0.000759 0.437834
0.000759 0.437884
0.000759 0.437901
0.000759 0.437968
0.000759 0.437985
0.000759 0.438018
0.000759 0.438085
0.000759 0.438118
0.000759 0.438168
0.000759 0.438202
0.000769 0.438219
0.000769 0.438235
0.000769 0.438302
0.000769 0.438319
0.000769 0.438352
0.000769 0.438369
0.000769 0.438469
0.000769 0.438503
0.000769 0.438536
0.000769 0.438586
0.000769 0.438620
0.000769 0.438686
0.000779 0.438686
0.000779 0.438753
0.000779 0.438803
0.000779 0.438870
0.000779 0.438887
0.000779 0.438937
0.000779 0.438954
0.000779 0.439021
0.000779 0.439054
0.000779 0.439088
0.000779 0.439121
0.000779 0.439154
0.000779 0.439188
0.000779 0.439221
0.000779 0.439338
0.000779 0.439372
0.000779 0.439439
0.000779 0.439505
0.000779 0.439572
0.000779 0.439656
0.000779 0.439689
0.000779 0.439723
0.000790 0.439723
0.000790 0.439756
0.000790 0.439773
0.000790 0.439840
0.000790 0.439873
0.000790 0.439923
0.000790 0.439940
0.000790 0.439973
0.000790 0.440040
0.000790 0.440090
0.000790 0.440124
0.000790 0.440140
0.000790 0.440174
0.000790 0.440191
0.000790 0.440241
0.000790 0.440291
0.000790 0.440391
0.000790 0.440408
0.000790 0.440441
0.000790 0.440491
0.000790 0.440541
0.000790 0.440575
0.000790 0.440592
0.000790 0.440625
0.000790 0.440642
0.000790 0.440709
0.000790 0.440792
0.000790 0.440859
0.000790 0.440892
0.000790 0.440926
0.000790 0.441009
0.000790 0.441043
0.000790 0.441059
0.000790 0.441093
0.000790 0.441110
0.000790 0.441210
0.000790 0.441227
0.000790 0.441260
0.000790 0.441377
0.000790 0.441427
0.000790 0.441461
0.000790 0.441494
0.000790 0.441544
0.000790 0.441594
0.000790 0.441611
0.000790 0.441661
0.000790 0.441761
0.000790 0.441828
0.000790 0.441845
0.000790 0.441912
0.000790 0.441928
0.000790 0.441995
0.000790 0.442029
0.000790 0.442062
0.000790 0.442096
0.000790 0.442213
0.000790 0.442246
0.000790 0.442313
0.000790 0.442346
0.000790 0.442363
0.000790 0.442396
0.000790 0.442430
0.000790 0.442463
0.000790 0.442480
0.000790 0.442547
0.000790 0.442564
0.000790 0.442597
0.000790 0.442614
0.000800 0.442614
0.000800 0.442664
0.000810 0.442664
0.000810 0.442714
0.000810 0.442747
0.000810 0.442764
0.000810 0.442831
0.000810 0.442864
0.000810 0.442914
0.000810 0.443015
0.000820 0.443015
0.000820 0.443031
0.000820 0.443132
0.000820 0.443165
0.000820 0.443199
0.000820 0.443215
0.000831 0.443215
0.000831 0.443265
0.000831 0.443316
0.000831 0.443349
0.000831 0.443416
0.000831 0.443449
0.000831 0.443466
0.000841 0.443466
0.000841 0.443499
0.000841 0.443533
0.000841 0.443566
0.000841 0.443583
0.000841 0.443616
0.000841 0.443683
0.000841 0.443733
0.000841 0.443783
0.000841 0.443817
0.000841 0.443834
0.000841 0.443867
0.000841 0.443951
0.000841 0.443984
0.000841 0.444034
0.000841 0.444084
0.000841 0.444101
0.000841 0.444151
0.000841 0.444235
0.000841 0.444268
0.000841 0.444285
0.000841 0.444385
0.000841 0.444469
0.000841 0.444502
0.000841 0.444552
0.000841 0.444586
0.000841 0.444602
0.000841 0.444669
0.000841 0.444686
0.000841 0.444719
0.000841 0.444786
0.000841 0.444820
0.000841 0.444970
0.000841 0.445037
0.000841 0.445053
0.000841 0.445104
0.000841 0.445120
0.000841 0.445154
0.000841 0.445221
0.000841 0.445287
0.000841 0.445304
0.000841 0.445371
0.000841 0.445404
0.000841 0.445471
0.000841 0.445505
0.000841 0.445538
0.000841 0.445605
0.000841 0.445672
0.000841 0.445739
0.000841 0.445939
0.000841 0.446023
0.000841 0.446123
0.000841 0.446173
0.000841 0.446207
0.000841 0.446257
0.000841 0.446290
0.000841 0.446374
0.000841 0.446407
0.000841 0.446474
0.000861 0.446507
0.000861 0.446574
0.000861 0.446608
0.000861 0.446624
0.000861 0.446658
0.000861 0.446758
0.000861 0.446808
0.000882 0.446808
0.000882 0.446842
0.000892 0.446858
0.000892 0.446875
0.000913 0.446892
0.000913 0.446925
0.000913 0.446959
0.000913 0.446992
0.000913 0.447025
0.000913 0.447076
0.000913 0.447109
0.000913 0.447142
0.000913 0.447209
0.000913 0.447226
0.000923 0.447243
0.000923 0.447309
0.000923 0.447326
0.000943 0.447410
0.000943 0.447510
0.000943 0.447527
0.000943 0.447560
0.000943 0.447644
0.000954 0.447660
0.000954 0.447677
0.000954 0.447711
0.000954 0.447727
0.000964 0.447727
0.000964 0.447761
0.000964 0.447811
0.000964 0.447878
0.000964 0.447928
0.000964 0.447961
0.000964 0.448011
0.000974 0.448011
0.000974 0.448045
0.000974 0.448078
0.000974 0.448112
0.000974 0.448145
0.000974 0.448195
0.000974 0.448229
0.000974 0.448362
0.000974 0.448412
0.000974 0.448463
0.000974 0.448529
0.000974 0.448546
0.000974 0.448596
0.000974 0.448630
0.000974 0.448763
0.000974 0.448797
0.000974 0.448814
0.000974 0.448880
0.000974 0.448930
0.000974 0.448964
0.000974 0.449064
0.000974 0.449114
0.000974 0.449131
0.000974 0.449231
0.000974 0.449248
0.000974 0.449315
0.000974 0.449398
0.000974 0.449432
0.000974 0.449482
0.000974 0.449532
0.000974 0.449566
0.000974 0.449649
0.000974 0.449682
0.000974 0.449699
0.000974 0.449766
0.000974 0.449850
0.000974 0.449883
0.000974 0.449933
0.000974 0.449983
0.000974 0.450050
0.000974 0.450067
0.000974 0.450117
0.000974 0.450201
0.000974 0.450267
0.000974 0.450284
0.000974 0.450334
0.000974 0.450351
0.000974 0.450451
0.000974 0.450468
0.000974 0.450518
0.000974 0.450585
0.000974 0.450618
0.000974 0.450635
0.000974 0.450668
0.000974 0.450685
0.000974 0.450719
0.000974 0.450735
0.000974 0.450769
0.000974 0.450836
0.000974 0.450902
0.000974 0.450936
0.000995 0.450936
0.000995 0.450969
0.000995 0.451003
0.000995 0.451053
0.000995 0.451086
0.000995 0.451103
0.000995 0.451170
0.000995 0.451186
0.000995 0.451220
0.000995 0.451253
0.000995 0.451354
0.000995 0.451404
0.000995 0.451437
0.000995 0.451487
0.000995 0.451504
0.000995 0.451537
0.000995 0.451571
0.000995 0.451604
0.000995 0.451705
0.000995 0.451805
0.000995 0.451838
0.001005 0.451838
0.001005 0.451872
0.001005 0.451939
0.001005 0.451972
0.001005 0.452005
0.001005 0.452039
0.001005 0.452055
0.001005 0.452106
0.001005 0.452172
0.001005 0.452239
0.001005 0.452289
0.001005 0.452323
0.001005 0.452373
0.001005 0.452406
0.001005 0.452440
0.001005 0.452457
0.001005 0.452490
0.001005 0.452540
0.001005 0.452590
0.001005 0.452607
0.001005 0.452640
0.001005 0.452657
0.001005 0.452691
0.001005 0.452741
0.001005 0.452774
0.001005 0.452791
0.001005 0.452824
0.001005 0.452924
0.001005 0.452991
0.001005 0.453008
0.001005 0.453041
0.001005 0.453058
0.001005 0.453125
0.001005 0.453142
0.001005 0.453192
0.001005 0.453209
0.001005 0.453242
0.001005 0.453309
0.001005 0.453342
0.001005 0.453359
0.001005 0.453392
0.001005 0.453426
0.001005 0.453493
0.001005 0.453543
0.001005 0.453593
0.001005 0.453626
0.001005 0.453693
0.001005 0.453743
0.001005 0.453844
0.001005 0.453860
0.001005 0.453894
0.001005 0.453944
0.001005 0.453977
0.001025 0.453977
0.001025 0.454044
0.001025 0.454061
0.001025 0.454094
0.001025 0.454111
0.001025 0.454161
0.001025 0.454261
0.001025 0.454278
0.001025 0.454311
0.001025 0.454345
0.001025 0.454378
0.001025 0.454395
0.001036 0.454412
0.001036 0.454445
0.001036 0.454512
0.001036 0.454545
0.001036 0.454596
0.001036 0.454646
0.001036 0.454662
0.001036 0.454696
0.001036 0.454763
0.001036 0.454779
0.001036 0.454813
0.001046 0.454863
0.001046 0.454896
0.001046 0.454947
0.001046 0.454980
0.001046 0.455030
0.001046 0.455097
0.001046 0.455180
0.001046 0.455231
0.001046 0.455264
0.001046 0.455281
0.001046 0.455314
0.001046 0.455414
0.001046 0.455448
0.001046 0.455515
0.001046 0.455548
0.001046 0.455582
0.001046 0.455615
0.001046 0.455632
0.001056 0.455665
0.001056 0.455682
0.001056 0.455749
0.001056 0.455765
0.001056 0.455832
0.001056 0.455866
0.001056 0.455899
0.001056 0.455916
0.001056 0.455983
0.001056 0.456083
0.001056 0.456133
0.001056 0.456166
0.001056 0.456217
0.001056 0.456250
0.001066 0.456267
0.001066 0.456283
0.001066 0.456317
0.001066 0.456400
0.001066 0.456451
0.001066 0.456467
0.001066 0.456501
0.001066 0.456568
0.001066 0.456618
0.001066 0.456684
0.001066 0.456718
0.001066 0.456735
0.001066 0.456768
0.001066 0.456785
0.001066 0.456885
0.001066 0.456935
0.001066 0.456952
0.001066 0.456985
0.001066 0.457002
0.001066 0.457035
0.001066 0.457102
0.001066 0.457152
0.001066 0.457169
0.001066 0.457203
0.001066 0.457236
0.001077 0.457236
0.001077 0.457269
0.001077 0.457403
0.001077 0.457436
0.001077 0.457520
0.001077 0.457553
0.001077 0.457570
0.001077 0.457604
0.001077 0.457620
0.001077 0.457670
0.001077 0.457721
0.001077 0.457821
0.001077 0.457838
0.001077 0.457904
0.001077 0.457938
0.001077 0.457971
0.001077 0.458021
0.001087 0.458038
0.001087 0.458105
0.001087 0.458122
0.001087 0.458155
0.001087 0.458205
0.001087 0.458239
0.001087 0.458372
0.001087 0.458439
0.001087 0.458506
0.001087 0.458590
0.001087 0.458640
0.001087 0.458673
0.001087 0.458707
0.001087 0.458757
0.001087 0.458824
0.001087 0.458857
0.001087 0.458874
0.001087 0.458907
0.001087 0.458924
0.001087 0.458957
0.001097 0.458974
0.001097 0.459024
0.001097 0.459057
0.001097 0.459074
0.001097 0.459108
0.001097 0.459208
0.001097 0.459258
0.001097 0.459392
0.001097 0.459408
0.001097 0.459475
0.001097 0.459542
0.001107 0.459559
0.001107 0.459609
0.001107 0.459642
0.001107 0.459659
0.001107 0.459726
0.001118 0.459726
0.001118 0.459776
0.001128 0.459776
0.001128 0.459809
0.001128 0.459893
0.001128 0.459943
0.001138 0.459993
0.001138 0.460027
0.001138 0.460077
0.001138 0.460094
0.001138 0.460127
0.001138 0.460177
0.001138 0.460227
0.001138 0.460261
0.001138 0.460294
0.001138 0.460328
0.001148 0.460344
0.001148 0.460378
0.001148 0.460411
0.001148 0.460428
0.001148 0.460478
0.001148 0.460495
0.001148 0.460561
0.001148 0.460595
0.001148 0.460645
0.001148 0.460712
0.001159 0.460745
0.001159 0.460812
0.001159 0.460896
0.001159 0.460963
0.001159 0.460979
0.001169 0.460996
0.001169 0.461046
0.001169 0.461080
0.001169 0.461096
0.001169 0.461163
0.001169 0.461197
0.001169 0.461247
0.001169 0.461280
0.001169 0.461330
0.001169 0.461347
0.001169 0.461380
0.001169 0.461414
0.001169 0.461447
0.001169 0.461497
0.001169 0.461547
0.001169 0.461631
0.001169 0.461664
0.001169 0.461715
0.001169 0.461765
0.001169 0.461781
0.001169 0.461815
0.001169 0.461832
0.001169 0.461865
0.001169 0.461915
0.001169 0.461965
0.001169 0.462015
0.001169 0.462032
0.001169 0.462099
0.001169 0.462116
0.001169 0.462149
0.001169 0.462166
0.001189 0.462166
0.001189 0.462216
0.001189 0.462350
0.001189 0.462383
0.001189 0.462433
0.001189 0.462467
0.001189 0.462533
0.001189 0.462567
0.001189 0.462617
0.001189 0.462667
0.001200 0.462684
0.001200 0.462717
0.001200 0.462751
0.001200 0.462818
0.001200 0.462851
0.001200 0.462901
0.001200 0.462934
0.001200 0.462985
0.001200 0.463018
0.001200 0.463035
0.001200 0.463068
0.001200 0.463118
0.001200 0.463152
0.001200 0.463168
0.001200 0.463219
0.001200 0.463269
0.001200 0.463302
0.001200 0.463319
0.001200 0.463352
0.001200 0.463402
0.001200 0.463419
0.001200 0.463453
0.001200 0.463486
0.001200 0.463553
0.001200 0.463670
0.001200 0.463703
0.001200 0.463753
0.001200 0.463787
0.001200 0.463837
0.001200 0.463904
0.001200 0.463920
0.001200 0.463954
0.001200 0.463971
0.001200 0.464021
0.001200 0.464088
0.001200 0.464121
0.001200 0.464171
0.001200 0.464238
0.001200 0.464288
0.001200 0.464355
0.001200 0.464372
0.001200 0.464405
0.001200 0.464455
0.001200 0.464489
0.001200 0.464539
0.001200 0.464572
0.001200 0.464639
0.001200 0.464672
0.001200 0.464706
0.001200 0.464723
0.001200 0.464773
0.001200 0.464806
0.001200 0.464823
0.001200 0.464856
0.001200 0.464873
0.001200 0.464973
0.001200 0.465040
0.001200 0.465140
0.001210 0.465157
0.001210 0.465191
0.001210 0.465207
0.001210 0.465241
0.001210 0.465257
0.001210 0.465307
0.001210 0.465374
0.001210 0.465508
0.001210 0.465541
0.001210 0.465558
0.001210 0.465592
0.001210 0.465642
0.001210 0.465658
0.001210 0.465692
0.001210 0.465759
0.001210 0.465809
0.001220 0.465842
0.001220 0.465892
0.001220 0.465976
0.001220 0.466009
0.001220 0.466059
0.001220 0.466126
0.001220 0.466160
0.001220 0.466193
0.001220 0.466227
0.001220 0.466260
0.001220 0.466310
0.001220 0.466344
0.001220 0.466377
0.001220 0.466394
0.001220 0.466461
0.001220 0.466494
0.001230 0.466511
0.001230 0.466527
0.001230 0.466561
0.001230 0.466678
0.001230 0.466711
0.001230 0.466761
0.001230 0.466795
0.001230 0.466811
0.001230 0.466878
0.001230 0.467045
0.001230 0.467112
0.001241 0.467112
0.001251 0.467129
0.001251 0.467179
0.001251 0.467229
0.001251 0.467246
0.001251 0.467346
0.001251 0.467396
0.001251 0.467497
0.001251 0.467530
0.001251 0.467564
0.001251 0.467630
0.001251 0.467714
0.001251 0.467747
0.001251 0.467797
0.001251 0.467831
0.001251 0.467848
0.001251 0.467881
0.001251 0.467931
0.001251 0.467965
0.001251 0.467981
0.001251 0.468031
0.001251 0.468065
0.001261 0.468065
0.001261 0.468115
0.001261 0.468215
0.001261 0.468299
0.001261 0.468349
0.001261 0.468483
0.001261 0.468549
0.001261 0.468600
0.001261 0.468633
0.001261 0.468650
0.001261 0.468683
0.001261 0.468700
0.001261 0.468733
0.001261 0.468750
0.001261 0.468783
0.001261 0.468867
0.001271 0.468917
0.001271 0.468967
0.001271 0.469034
0.001271 0.469051
0.001271 0.469118
0.001271 0.469184
0.001271 0.469251
0.001271 0.469301
0.001282 0.469318
0.001282 0.469418
0.001282 0.469485
0.001282 0.469535
0.001282 0.469636
0.001282 0.469686
0.001282 0.469719
0.001282 0.469820
0.001292 0.469836
0.001292 0.469870
0.001292 0.469903
0.001302 0.469903
0.001302 0.469920
0.001302 0.469970
0.001302 0.470104
0.001302 0.470154
0.001302 0.470254
0.001302 0.470287
0.001312 0.470304
0.001312 0.470321
0.001312 0.470354
0.001312 0.470438
0.001312 0.470471
0.001312 0.470505
0.001312 0.470605
0.001312 0.470672
0.001312 0.470739
0.001312 0.470755
0.001312 0.470789
0.001312 0.470805
0.001312 0.470839
0.001312 0.470856
0.001312 0.470889
0.001312 0.470906
0.001312 0.471006
0.001312 0.471056
0.001312 0.471073
0.001323 0.471073
0.001323 0.471123
0.001323 0.471156
0.001323 0.471173
0.001323 0.471207
0.001323 0.471273
0.001323 0.471307
0.001323 0.471357
0.001333 0.471357
0.001333 0.471407
0.001333 0.471474
0.001333 0.471491
0.001333 0.471557
0.001333 0.471608
0.001333 0.471658
0.001333 0.471691
0.001333 0.471741
0.001353 0.471758
0.001353 0.471775
0.001353 0.471808
0.001364 0.471825
0.001364 0.471842
0.001364 0.471908
0.001364 0.471959
0.001364 0.472025
0.001364 0.472059
0.001364 0.472092
0.001364 0.472193
0.001364 0.472226
0.001364 0.472243
0.001364 0.472276
0.001364 0.472343
0.001364 0.472376
0.001364 0.472393
0.001364 0.472443
0.001364 0.472460
0.001364 0.472493
0.001364 0.472577
0.001364 0.472627
0.001364 0.472677
0.001374 0.472711
0.001384 0.472711
0.001384 0.472727
0.001384 0.472761
0.001384 0.472811
0.001384 0.472878
0.001384 0.472945
0.001395 0.472945
0.001395 0.472978
0.001395 0.473028
0.001395 0.473128
0.001395 0.473195
0.001395 0.473229
0.001395 0.473295
0.001395 0.473346
0.001395 0.473379
0.001395 0.473412
0.001405 0.473429
0.001415 0.473429
0.001415 0.473446
0.001425 0.473446
0.001425 0.473496
0.001425 0.473563
0.001425 0.473663
0.001425 0.473713
0.001425 0.473730
0.001425 0.473763
0.001425 0.473780
0.001425 0.473847
0.001425 0.473864
0.001425 0.473897
0.001425 0.473914
0.001425 0.473947
0.001425 0.473964
0.001425 0.474098
0.001425 0.474148
0.001425 0.474181
0.001425 0.474198
0.001425 0.474248
0.001425 0.474315
0.001425 0.474432
0.001425 0.474465
0.001425 0.474515
0.001425 0.474582
0.001436 0.474599
0.001436 0.474649
0.001436 0.474682
0.001436 0.474733
0.001436 0.474766
0.001446 0.474783
0.001446 0.474799
0.001446 0.474833
0.001446 0.474850
0.001446 0.474916
0.001446 0.474950
0.001446 0.475033
0.001446 0.475067
0.001446 0.475100
0.001446 0.475150
0.001446 0.475167
0.001456 0.475167
0.001456 0.475251
0.001466 0.475267
0.001466 0.475301
0.001466 0.475334
0.001466 0.475384
0.001466 0.475401
0.001466 0.475451
0.001466 0.475485
0.001466 0.475518
0.001466 0.475551
0.001466 0.475585
0.001466 0.475602
0.001466 0.475668
0.001466 0.475685
0.001466 0.475752
0.001466 0.475769
0.001466 0.475836
0.001466 0.475869
0.001466 0.475936
0.001466 0.475953
0.001466 0.476019
0.001466 0.476086
0.001466 0.476136
0.001466 0.476153
0.001466 0.476220
0.001466 0.476253
0.001466 0.476303
0.001466 0.476337
0.001466 0.476387
0.001466 0.476420
0.001466 0.476454
0.001466 0.476487
0.001466 0.476521
0.001466 0.476554
0.001466 0.476571
0.001466 0.476638
0.001466 0.476654
0.001466 0.476688
0.001466 0.476738
0.001466 0.476771
0.001477 0.476771
0.001477 0.476788
0.001487 0.476788
0.001487 0.476838
0.001487 0.476855
0.001487 0.476888
0.001487 0.476955
0.001487 0.476972
0.001497 0.477005
0.001497 0.477022
0.001497 0.477072
0.001497 0.477122
0.001497 0.477156
0.001497 0.477172
0.001497 0.477206
0.001497 0.477223
0.001497 0.477323
0.001497 0.477406
0.001497 0.477457
0.001497 0.477490
0.001497 0.477507
0.001507 0.477523
0.001507 0.477557
0.001507 0.477607
0.001507 0.477624
0.001507 0.477657
0.001507 0.477674
0.001507 0.477774
0.001507 0.477791
0.001507 0.477841
0.001507 0.477908
0.001507 0.477941
0.001507 0.477975
0.001507 0.477991
0.001507 0.478041
0.001507 0.478075
0.001507 0.478175
0.001507 0.478209
0.001507 0.478259
0.001507 0.478292
0.001507 0.478326
0.001507 0.478392
0.001507 0.478426
0.001507 0.478459
0.001507 0.478509
0.001518 0.478526
0.001518 0.478543
0.001528 0.478559
0.001528 0.478576
0.001528 0.478610
0.001528 0.478660
0.001528 0.478693
0.001528 0.478710
0.001528 0.478810
0.001528 0.478860
0.001528 0.478910
0.001528 0.478944
0.001528 0.478994
0.001528 0.479027
0.001528 0.479094
0.001538 0.479111
0.001538 0.479128
0.001538 0.479195
0.001538 0.479228
0.001538 0.479295
0.001538 0.479311
0.001538 0.479362
0.001538 0.479395
0.001538 0.479412
0.001538 0.479445
0.001538 0.479495
0.001538 0.479529
0.001538 0.479562
0.001538 0.479596
0.001538 0.479629
0.001538 0.479662
0.001538 0.479679
0.001538 0.479713
0.001538 0.479813
0.001548 0.479813
0.001548 0.479863
0.001548 0.479896
0.001548 0.479913
0.001548 0.479963
0.001548 0.480080
0.001548 0.480180
0.001548 0.480231
0.001548 0.480264
0.001548 0.480281
0.001548 0.480381
0.001548 0.480398
0.001548 0.480431
0.001548 0.480531
0.001548 0.480565
0.001548 0.480648
0.001548 0.480682
0.001548 0.480699
0.001548 0.480732
0.001548 0.480782
0.001548 0.480832
0.001548 0.480866
0.001548 0.480932
0.001548 0.480949
0.001548 0.480983
0.001548 0.480999
0.001548 0.481033
0.001548 0.481049
0.001548 0.481083
0.001548 0.481100
0.001548 0.481133
0.001548 0.481150
0.001548 0.481183
0.001548 0.481250
0.001559 0.481250
0.001559 0.481267
0.001559 0.481317
0.001559 0.481434
0.001559 0.481467
0.001559 0.481484
0.001559 0.481517
0.001559 0.481551
0.001559 0.481601
0.001559 0.481651
0.001559 0.481684
0.001559 0.481701
0.001559 0.481768
0.001559 0.481801
0.001559 0.481835
0.001559 0.481852
0.001559 0.481885
0.001559 0.481935
0.001559 0.481969
0.001559 0.482019
0.001559 0.482035
0.001559 0.482069
0.001559 0.482136
0.001559 0.482169
0.001559 0.482203
0.001559 0.482253
0.001559 0.482303
0.001559 0.482370
0.001559 0.482386
0.001559 0.482453
0.001569 0.482470
0.001569 0.482503
0.001579 0.482503
0.001579 0.482537
0.001579 0.482570
0.001579 0.482620
0.001579 0.482670
0.001579 0.482737
0.001579 0.482754
0.001579 0.482787
0.001579 0.482804
0.001579 0.482871
0.001579 0.482938
0.001579 0.482971
0.001579 0.483322
0.001579 0.483356
0.001579 0.483422
0.001589 0.483422
0.001589 0.483456
0.001589 0.483489
0.001589 0.483523
0.001589 0.483539
0.001589 0.483573
0.001600 0.483573
0.001600 0.483590
0.001600 0.483640
0.001600 0.483673
0.001600 0.483723
0.001600 0.483757
0.001610 0.483757
0.001610 0.483790
0.001610 0.483807
0.001610 0.483840
0.001610 0.483857
0.001610 0.483924
0.001610 0.483941
0.001610 0.484007
0.001610 0.484191
0.001610 0.484225
0.001610 0.484241
0.001610 0.484308
0.001610 0.484342
0.001610 0.484358
0.001620 0.484358
0.001620 0.484425
0.001620 0.484475
0.001620 0.484509
0.001620 0.484525
0.001620 0.484592
0.001620 0.484642
0.001641 0.484642
0.001641 0.484709
0.001641 0.484726
0.001641 0.484826
0.001641 0.484860
0.001641 0.484893
0.001641 0.484943
0.001641 0.484993
0.001641 0.485060
0.001641 0.485077
0.001641 0.485110
0.001641 0.485211
0.001641 0.485227
0.001651 0.485244
0.001651 0.485311
0.001651 0.485328
0.001651 0.485378
0.001651 0.485411
0.001651 0.485428
0.001651 0.485461
0.001651 0.485478
0.001651 0.485511
0.001651 0.485545
0.001661 0.485545
0.001661 0.485578
0.001661 0.485612
0.001661 0.485645
0.001671 0.485662
0.001671 0.485729
0.001692 0.485745
0.001692 0.485779
0.001692 0.485846
0.001692 0.485862
0.001692 0.485912
0.001692 0.485946
0.001692 0.486013
0.001692 0.486046
0.001692 0.486113
0.001692 0.486230
0.001692 0.486263
0.001692 0.486280
0.001692 0.486347
0.001692 0.486380
0.001692 0.486414
0.001692 0.486481
0.001692 0.486514
0.001692 0.486531
0.001692 0.486564
0.001692 0.486581
0.001692 0.486648
0.001692 0.486715
0.001692 0.486765
0.001692 0.486781
0.001692 0.486815
0.001692 0.486832
0.001692 0.486898
0.001692 0.487099
0.001692 0.487132
0.001692 0.487182
0.001692 0.487216
0.001692 0.487233
0.001692 0.487283
0.001692 0.487299
0.001692 0.487333
0.001692 0.487350
0.001702 0.487416
0.001702 0.487433
0.001702 0.487467
0.001702 0.487533
0.001702 0.487550
0.001702 0.487600
0.001702 0.487617
0.001702 0.487667
0.001702 0.487751
0.001702 0.487784
0.001702 0.487834
0.001702 0.487884
0.001702 0.487918
0.001702 0.488001
0.001702 0.488051
0.001712 0.488068
0.001712 0.488102
0.001712 0.488135
0.001723 0.488135
0.001733 0.488152
0.001733 0.488185
0.001733 0.488235
0.001733 0.488269
0.001733 0.488336
0.001733 0.488453
0.001733 0.488486
0.001733 0.488503
0.001733 0.488553
0.001733 0.488636
0.001733 0.488670
0.001733 0.488686
0.001733 0.488720
0.001733 0.488737
0.001733 0.488770
0.001733 0.488803
0.001733 0.488837
0.001733 0.488870
0.001733 0.488920
0.001733 0.488937
0.001733 0.488971
0.001733 0.489021
0.001733 0.489054
0.001733 0.489221
0.001733 0.489338
0.001743 0.489338
0.001743 0.489372
0.001743 0.489405
0.001743 0.489422
0.001753 0.489439
0.001753 0.489622
0.001764 0.489656
0.001764 0.489672
0.001764 0.489723
0.001764 0.489823
0.001764 0.489856
0.001764 0.489906
0.001764 0.489973
0.001764 0.490023
0.001774 0.490023
0.001774 0.490124
0.001774 0.490191
0.001774 0.490241
0.001774 0.490307
0.001774 0.490341
0.001774 0.490374
0.001774 0.490408
0.001784 0.490408
0.001784 0.490424
0.001784 0.490475
0.001784 0.490508
0.001784 0.490558
0.001784 0.490575
0.001784 0.490608
0.001784 0.490658
0.001784 0.490692
0.001784 0.490742
0.001784 0.490842
0.001784 0.490876
0.001784 0.490926
0.001784 0.490943
0.001784 0.490976
0.001784 0.491026
0.001784 0.491093
0.001784 0.491110
0.001784 0.491160
0.001784 0.491176
0.001784 0.491210
0.001784 0.491243
0.001784 0.491277
0.001784 0.491293
0.001784 0.491327
0.001784 0.491344
0.001784 0.491377
0.001784 0.491444
0.001784 0.491461
0.001784 0.491494
0.001784 0.491561
0.001784 0.491628
0.001784 0.491644
0.001784 0.491695
0.001784 0.491761
0.001784 0.491795
0.001784 0.491845
0.001784 0.491862
0.001784 0.491912
0.001784 0.491928
0.001784 0.491995
0.001784 0.492096
0.001784 0.492112
0.001784 0.492179
0.001784 0.492213
0.001784 0.492246
0.001784 0.492263
0.001784 0.492296
0.001784 0.492313
0.001784 0.492396
0.001784 0.492430
0.001784 0.492497
0.001784 0.492547
0.001784 0.492564
0.001784 0.492597
0.001784 0.492630
0.001784 0.492664
0.001784 0.492680
0.001784 0.492747
0.001784 0.492764
0.001784 0.492831
0.001784 0.492864
0.001784 0.492931
0.001784 0.492981
0.001784 0.493015
0.001784 0.493065
0.001784 0.493098
0.001784 0.493115
0.001784 0.493215
0.001784 0.493249
0.001784 0.493282
0.001784 0.493316
0.001784 0.493332
0.001784 0.493366
0.001784 0.493382
0.001784 0.493416
0.001784 0.493449
0.001784 0.493516
0.001784 0.493583
0.001784 0.493616
0.001784 0.493633
0.001784 0.493683
0.001784 0.493717
0.001784 0.493767
0.001784 0.493850
0.001784 0.493917
0.001794 0.493917
0.001794 0.493951
0.001794 0.493984
0.001794 0.494001
0.001794 0.494051
0.001794 0.494084
0.001794 0.494118
0.001794 0.494168
0.001794 0.494201
0.001794 0.494251
0.001794 0.494285
0.001794 0.494318
0.001794 0.494352
0.001805 0.494352
0.001805 0.494385
0.001815 0.494402
0.001815 0.494418
0.001815 0.494452
0.001815 0.494569
0.001815 0.494602
0.001815 0.494686
0.001815 0.494719
0.001815 0.494769
0.001815 0.494836
0.001815 0.494903
0.001815 0.494936
0.001825 0.494936
0.001825 0.494953
0.001825 0.494987
0.001825 0.495003
0.001825 0.495037
0.001835 0.495037
0.001835 0.495053
0.001835 0.495087
0.001835 0.495137
0.001835 0.495204
0.001835 0.495271
0.001835 0.495338
0.001835 0.495371
0.001835 0.495388
0.001835 0.495421
0.001835 0.495488
0.001835 0.495555
0.001835 0.495605
0.001835 0.495722
0.001835 0.495772
0.001835 0.495822
0.001835 0.495856
0.001835 0.495872
0.001835 0.495906
0.001835 0.495922
0.001835 0.495956
0.001835 0.496039
0.001835 0.496073
0.001835 0.496090
0.001835 0.496140
0.001835 0.496173
0.001835 0.496207
0.001835 0.496324
0.001835 0.496374
0.001835 0.496457
0.001846 0.496457
0.001846 0.496474
0.001846 0.496524
0.001846 0.496591
0.001846 0.496608
0.001846 0.496641
0.001856 0.496658
0.001856 0.496674
0.001856 0.496708
0.001856 0.496725
0.001856 0.496758
0.001856 0.496791
0.001866 0.496791
0.001866 0.496959
0.001866 0.497009
0.001866 0.497059
0.001866 0.497092
0.001866 0.497109
0.001866 0.497159
0.001866 0.497259
0.001866 0.497326
0.001866 0.497360
0.001866 0.497460
0.001866 0.497493
0.001866 0.497560
0.001876 0.497577
0.001876 0.497627
0.001876 0.497660
0.001876 0.497677
0.001876 0.497727
0.001876 0.497761
0.001876 0.497811
0.001876 0.497844
0.001876 0.497861
0.001876 0.497894
0.001876 0.497978
0.001876 0.498011
0.001876 0.498078
0.001876 0.498112
0.001876 0.498212
0.001876 0.498245
0.001876 0.498279
0.001876 0.498329
0.001876 0.498362
0.001876 0.498396
0.001876 0.498429
0.001876 0.498513
0.001876 0.498546
0.001876 0.498563
0.001876 0.498596
0.001876 0.498630
0.001876 0.498663
0.001876 0.498680
0.001876 0.498747
0.001876 0.498830
0.001876 0.498864
0.001876 0.498897
0.001887 0.498914
0.001887 0.498981
0.001887 0.499031
0.001887 0.499064
0.001887 0.499081
0.001887 0.499131
0.001887 0.499164
0.001897 0.499164
0.001897 0.499181
0.001897 0.499215
0.001897 0.499281
0.001897 0.499315
0.001897 0.499332
0.001897 0.499365
0.001897 0.499432
0.001897 0.499482
0.001897 0.499515
0.001897 0.499532
0.001897 0.499599
0.001897 0.499632
0.001897 0.499666
0.001897 0.499699
0.001897 0.499733
0.001897 0.499749
0.001897 0.499816
0.001897 0.499833
0.001897 0.499866
0.001897 0.499883
0.001897 0.499916
0.001897 0.500000
0.001897 0.500033
0.001897 0.500084
0.001897 0.500150
0.001897 0.500167
0.001897 0.500234
0.001897 0.500284
0.001897 0.500334
0.001897 0.500368
0.001897 0.500401
0.001897 0.500501
0.001907 0.500518
0.001907 0.500551
0.001907 0.500602
0.001907 0.500635
0.001907 0.500668
0.001907 0.500719
0.001907 0.500735
0.001907 0.500769
0.001907 0.500819
0.001907 0.500852
0.001907 0.500869
0.001907 0.500902
0.001907 0.500936
0.001907 0.500986
0.001907 0.501019
0.001907 0.501086
0.001907 0.501120
0.001907 0.501136
0.001907 0.501203
0.001907 0.501253
0.001917 0.501253
0.001928 0.501270
0.001928 0.501303
0.001938 0.501303
0.001938 0.501337
0.001938 0.501354
0.001938 0.501420
0.001938 0.501471
0.001938 0.501521
0.001938 0.501588
0.001938 0.501621
0.001938 0.501688
0.001938 0.501721
0.001938 0.501822
0.001938 0.501888
0.001938 0.501922
0.001938 0.501955
0.001938 0.501989
0.001938 0.502022
0.001938 0.502106
0.001938 0.502122
0.001938 0.502156
0.001938 0.502289
0.001938 0.502323
0.001938 0.502340
0.001938 0.502373
0.001938 0.502390
0.001938 0.502423
0.001938 0.502457
0.001938 0.502490
0.001938 0.502507
0.001938 0.502557
0.001938 0.502607
0.001938 0.502640
0.001938 0.502757
0.001938 0.502824
0.001938 0.502841
0.001938 0.502874
0.001948 0.502891
0.001948 0.502908
0.001948 0.502941
0.001948 0.502991
0.001948 0.503025
0.001958 0.503025
0.001958 0.503158
0.001958 0.503225
0.001969 0.503225
0.001969 0.503242
0.001969 0.503309
0.001969 0.503326
0.001969 0.503392
0.001969 0.503443
0.001969 0.503493
0.001969 0.503526
0.001969 0.503543
0.001969 0.503593
0.001969 0.503626
0.001969 0.503676
0.001969 0.503710
0.001969 0.503760
0.001969 0.503793
0.001969 0.503844
0.001969 0.503877
0.001969 0.503910
0.001969 0.503977
0.001969 0.504044
0.001969 0.504078
0.001969 0.504128
0.001969 0.504228
0.001969 0.504295
0.001979 0.504311
0.001979 0.504362
0.001979 0.504395
0.001979 0.504412
0.001989 0.504445
0.001989 0.504495
0.001989 0.504529
0.001989 0.504562
0.001989 0.504596
0.001989 0.504646
0.001989 0.504662
0.001989 0.504696
0.001989 0.504746
0.001989 0.504779
0.001989 0.504796
0.001999 0.504796
0.001999 0.504830
0.001999 0.504930
0.001999 0.504947
0.001999 0.504980
0.001999 0.505030
0.001999 0.505064
0.001999 0.505080
0.001999 0.505147
0.002020 0.505147
0.002020 0.505164
0.002020 0.505197
0.002020 0.505214
0.002020 0.505247
0.002020 0.505297
0.002020 0.505331
0.002020 0.505364
0.002020 0.505498
0.002020 0.505515
0.002020 0.505548
0.002020 0.505598
0.002020 0.505632
0.002020 0.505665
0.002020 0.505799
0.002020 0.505816
0.002020 0.505849
0.002020 0.505899
0.002030 0.505966
0.002030 0.505999
0.002030 0.506033
0.002030 0.506100
0.002030 0.506116
0.002030 0.506150
0.002030 0.506166
0.002030 0.506233
0.002030 0.506250
0.002051 0.506250
0.002051 0.506300
0.002051 0.506317
0.002051 0.506350
0.002051 0.506434
0.002051 0.506467
0.002051 0.506568
0.002051 0.506618
0.002061 0.506618
0.002061 0.506668
0.002061 0.506701
0.002061 0.506718
0.002061 0.506751
0.002061 0.506852
0.002061 0.506885
0.002061 0.506918
0.002071 0.506918
0.002071 0.506935
0.002071 0.506969
0.002071 0.506985
0.002071 0.507035
0.002071 0.507102
0.002071 0.507119
0.002071 0.507186
0.002071 0.507320
0.002071 0.507336
0.002071 0.507370
0.002071 0.507386
0.002071 0.507453
0.002071 0.507520
0.002071 0.507570
0.002071 0.507587
0.002071 0.507687
0.002071 0.507787
0.002071 0.507821
0.002071 0.507871
0.002071 0.507938
0.002071 0.508005
0.002082 0.508021
0.002082 0.508055
0.002082 0.508105
0.002092 0.508105
0.002102 0.508122
0.002102 0.508189
0.002102 0.508205
0.002102 0.508272
0.002102 0.508305
0.002102 0.508339
0.002102 0.508389
0.002102 0.508422
0.002102 0.508439
0.002102 0.508473
0.002102 0.508489
0.002102 0.508523
0.002102 0.508573
0.002102 0.508590
0.002102 0.508640
0.002102 0.508673
0.002102 0.508690
0.002112 0.508707
0.002123 0.508707
0.002123 0.508757
0.002123 0.508773
0.002123 0.508807
0.002123 0.508857
0.002123 0.508874
0.002123 0.508924
0.002123 0.508957
0.002123 0.508991
0.002123 0.509024
0.002123 0.509074
0.002123 0.509108
0.002123 0.509158
0.002133 0.509158
0.002133 0.509191
0.002133 0.509258
0.002133 0.509308
0.002133 0.509342
0.002143 0.509342
0.002143 0.509392
0.002143 0.509425
0.002153 0.509442
0.002153 0.509542
0.002153 0.509609
0.002153 0.509642
0.002153 0.509709
0.002164 0.509709
0.002164 0.509776
0.002164 0.509826
0.002164 0.509860
0.002164 0.509910
0.002164 0.509943
0.002164 0.509993
0.002174 0.509993
0.002174 0.510060
0.002184 0.510060
0.002184 0.510127
0.002184 0.510194
0.002184 0.510227
0.002184 0.510244
0.002184 0.510277
0.002184 0.510294
0.002184 0.510344
0.002194 0.510361
0.002194 0.510378
0.002194 0.510478
0.002194 0.510511
0.002194 0.510545
0.002194 0.510612
0.002205 0.510612
0.002205 0.510628
0.002205 0.510662
0.002205 0.510729
0.002205 0.510779
0.002205 0.510812
0.002205 0.510829
0.002205 0.510862
0.002215 0.510879
0.002215 0.510929
0.002215 0.510996
0.002215 0.511013
0.002215 0.511063
0.002215 0.511130
0.002215 0.511197
0.002225 0.511213
0.002225 0.511280
0.002225 0.511297
0.002235 0.511297
0.002235 0.511430
0.002235 0.511481
0.002235 0.511514
0.002235 0.511531
0.002235 0.511598
0.002235 0.511648
0.002235 0.511715
0.002246 0.511748
0.002246 0.511781
0.002256 0.511781
0.002256 0.511815
0.002256 0.511865
0.002256 0.511882
0.002256 0.511949
0.002256 0.511965
0.002266 0.511999
0.002266 0.512015
0.002266 0.512049
0.002266 0.512066
0.002266 0.512099
0.002266 0.512116
0.002266 0.512149
0.002266 0.512166
0.002266 0.512233
0.002266 0.512350
0.002266 0.512383
0.002266 0.512416
0.002276 0.512416
0.002276 0.512450
0.002276 0.512500
0.002276 0.512517
0.002287 0.512517
0.002287 0.512584
0.002287 0.512634
0.002287 0.512667
0.002287 0.512717
0.002287 0.512767
0.002287 0.512784
0.002287 0.512834
0.002287 0.512868
0.002287 0.512901
0.002287 0.512918
0.002287 0.512968
0.002287 0.513001
0.002287 0.513051
0.002287 0.513118
0.002287 0.513168
0.002287 0.513202
0.002287 0.513269
0.002287 0.513285
0.002287 0.513352
0.002287 0.513386
0.002297 0.513386
0.002297 0.513402
0.002297 0.513436
0.002297 0.513603
0.002297 0.513670
0.002297 0.513703
0.002297 0.513753
0.002297 0.513820
0.002297 0.513854
0.002297 0.513904
0.002297 0.514004
0.002297 0.514037
0.002297 0.514071
0.002297 0.514104
0.002297 0.514121
0.002297 0.514154
0.002297 0.514171
0.002307 0.514205
0.002307 0.514255
0.002307 0.514288
0.002307 0.514305
0.002307 0.514372
0.002307 0.514388
0.002307 0.514455
0.002307 0.514489
0.002307 0.514555
0.002317 0.514572
0.002317 0.514606
0.002317 0.514656
0.002317 0.514689
0.002317 0.514739
0.002317 0.514789
0.002317 0.515040
0.002317 0.515074
0.002317 0.515090
0.002317 0.515157
0.002317 0.515207
0.002317 0.515274
0.002317 0.515307
0.002317 0.515358
0.002317 0.515424
0.002317 0.515508
0.002317 0.515558
0.002317 0.515608
0.002317 0.515642
0.002317 0.515692
0.002328 0.515692
0.002328 0.515725
0.002328 0.515775
0.002328 0.515792
0.002328 0.515826
0.002328 0.515842
0.002328 0.515892
0.002328 0.515909
0.002328 0.515959
0.002328 0.516043
0.002328 0.516110
0.002328 0.516160
0.002328 0.516176
0.002328 0.516243
0.002328 0.516260
0.002328 0.516344
0.002328 0.516410
0.002328 0.516427
0.002338 0.516427
0.002338 0.516461
0.002338 0.516494
0.002338 0.516527
0.002338 0.516544
0.002338 0.516578
0.002338 0.516594
0.002338 0.516644
0.002338 0.516661
0.002338 0.516711
0.002338 0.516745
0.002338 0.516778
0.002338 0.516828
0.002338 0.516862
0.002338 0.516912
0.002338 0.516979
0.002338 0.517012
0.002338 0.517112
0.002338 0.517146
0.002338 0.517162
0.002338 0.517213
0.002338 0.517246
0.002338 0.517296
0.002338 0.517313
0.002338 0.517380
0.002338 0.517396
0.002338 0.517447
0.002338 0.517480
0.002338 0.517513
0.002338 0.517580
0.002338 0.517614
0.002338 0.517630
0.002348 0.517630
0.002348 0.517697
0.002348 0.517714
0.002348 0.517747
0.002348 0.517781
0.002348 0.517831
0.002348 0.517898
0.002348 0.517931
0.002348 0.517948
0.002358 0.517965
0.002358 0.518031
0.002358 0.518082
0.002358 0.518098
0.002358 0.518132
0.002358 0.518215
0.002358 0.518282
0.002358 0.518332
0.002358 0.518349
0.002358 0.518449
0.002358 0.518483
0.002358 0.518549
0.002358 0.518650
0.002358 0.518683
0.002358 0.518717
0.002358 0.518817
0.002358 0.518884
0.002369 0.518884
0.002369 0.518917
0.002369 0.518967
0.002369 0.519034
0.002369 0.519068
0.002369 0.519101
0.002369 0.519134
0.002369 0.519201
0.002369 0.519268
0.002369 0.519318
0.002369 0.519352
0.002369 0.519385
0.002369 0.519402
0.002369 0.519469
0.002369 0.519552
0.002369 0.519619
0.002369 0.519652
0.002369 0.519703
0.002369 0.519719
0.002369 0.519769
0.002369 0.519803
0.002369 0.519836
0.002369 0.519886
0.002369 0.519920
0.002369 0.520003
0.002369 0.520037
0.002379 0.520053
0.002379 0.520137
0.002379 0.520187
0.002379 0.520221
0.002379 0.520304
0.002379 0.520354
0.002379 0.520404
0.002379 0.520471
0.002379 0.520521
0.002379 0.520555
0.002379 0.520588
0.002379 0.520622
0.002379 0.520672
0.002379 0.520755
0.002379 0.520789
0.002379 0.520856
0.002379 0.520889
0.002389 0.520889
0.002389 0.520922
0.002389 0.520956
0.002399 0.520956
0.002399 0.520973
0.002399 0.521006
0.002399 0.521039
0.002399 0.521073
0.002399 0.521090
0.002410 0.521106
0.002410 0.521123
0.002410 0.521156
0.002420 0.521156
0.002420 0.521190
0.002420 0.521207
0.002420 0.521257
0.002420 0.521273
0.002420 0.521374
0.002420 0.521390
0.002420 0.521424
0.002420 0.521457
0.002420 0.521491
0.002420 0.521507
0.002420 0.521541
0.002430 0.521557
0.002430 0.521591
0.002430 0.521624
0.002430 0.521674
0.002430 0.521708
0.002430 0.521758
0.002430 0.521858
0.002440 0.521858
0.002440 0.521925
0.002440 0.521959
0.002440 0.522009
0.002440 0.522025
0.002461 0.522025
0.002461 0.522059
0.002461 0.522076
0.002461 0.522109
0.002461 0.522209
0.002461 0.522259
0.002461 0.522293
0.002461 0.522309
0.002471 0.522309
0.002471 0.522443
0.002471 0.522460
0.002471 0.522493
0.002471 0.522510
0.002471 0.522560
0.002471 0.522610
0.002471 0.522644
0.002471 0.522660
0.002471 0.522711
0.002471 0.522777
0.002471 0.522861
0.002481 0.522878
0.002481 0.522894
0.002481 0.522945
0.002481 0.522961
0.002481 0.523011
0.002481 0.523045
0.002481 0.523112
0.002492 0.523128
0.002492 0.523162
0.002492 0.523195
0.002492 0.523212
0.002492 0.523245
0.002492 0.523262
0.002492 0.523295
0.002492 0.523312
0.002492 0.523379
0.002492 0.523412
0.002492 0.523496
0.002502 0.523596
0.002502 0.523646
0.002502 0.523680
0.002502 0.523713
0.002502 0.523747
0.002502 0.523763
0.002502 0.523797
0.002512 0.523797
0.002522 0.523830
0.002522 0.523947
0.002522 0.523981
0.002522 0.523997
0.002522 0.524064
0.002522 0.524164
0.002522 0.524198
0.002522 0.524215
0.002522 0.524248
0.002522 0.524298
0.002533 0.524315
0.002543 0.524315
0.002543 0.524382
0.002543 0.524415
0.002543 0.524449
0.002543 0.524482
0.002543 0.524532
0.002543 0.524599
0.002543 0.524649
0.002543 0.524682
0.002543 0.524749
0.002543 0.524799
0.002543 0.524833
0.002543 0.524850
0.002543 0.524883
0.002543 0.524916
0.002543 0.524950
0.002543 0.524983
0.002553 0.524983
0.002553 0.525000
0.002553 0.525067
0.002553 0.525084
0.002553 0.525117
0.002553 0.525167
0.002553 0.525201
0.002553 0.525234
0.002553 0.525284
0.002563 0.525301
0.002563 0.525401
0.002563 0.525501
0.002563 0.525535
0.002563 0.525568
0.002563 0.525585
0.002563 0.525618
0.002563 0.525635
0.002563 0.525668
0.002563 0.525719
0.002563 0.525752
0.002563 0.525802
0.002563 0.525836
0.002563 0.525852
0.002563 0.525886
0.002563 0.525902
0.002563 0.525936
0.002563 0.525953
0.002563 0.525986
0.002574 0.526036
0.002574 0.526053
0.002574 0.526153
0.002574 0.526186
0.002594 0.526203
0.002594 0.526237
0.002594 0.526287
0.002594 0.526354
0.002594 0.526404
0.002594 0.526420
0.002594 0.526554
0.002594 0.526571
0.002604 0.526571
0.002604 0.526638
0.002604 0.526705
0.002604 0.526738
0.002604 0.526788
0.002615 0.526788
0.002615 0.526955
0.002615 0.527055
0.002615 0.527106
0.002615 0.527139
0.002615 0.527189
0.002625 0.527189
0.002625 0.527239
0.002645 0.527289
0.002645 0.527323
0.002645 0.527356
0.002645 0.527373
0.002645 0.527423
0.002645 0.527440
0.002645 0.527490
0.002645 0.527523
0.002656 0.527523
0.002666 0.527557
0.002666 0.527674
0.002686 0.527674
0.002686 0.527774
0.002686 0.527841
0.002697 0.527841
0.002697 0.527924
0.002697 0.527958
0.002697 0.528008
0.002697 0.528041
0.002697 0.528075
0.002707 0.528092
0.002707 0.528108
0.002707 0.528142
0.002707 0.528175
0.002707 0.528209
0.002707 0.528225
0.002707 0.528292
0.002707 0.528309
0.002707 0.528359
0.002707 0.528392
0.002707 0.528426
0.002707 0.528526
0.002707 0.528576
0.002707 0.528610
0.002707 0.528643
0.002707 0.528676
0.002717 0.528676
0.002717 0.528693
0.002717 0.528743
0.002717 0.528760
0.002717 0.528810
0.002717 0.528860
0.002717 0.528894
0.002717 0.528910
0.002717 0.528944
0.002717 0.528977
0.002717 0.529011
0.002717 0.529128
0.002717 0.529161
0.002717 0.529178
0.002717 0.529211
0.002717 0.529261
0.002717 0.529278
0.002717 0.529345
0.002717 0.529378
0.002717 0.529412
0.002717 0.529479
0.002717 0.529529
0.002717 0.529562
0.002717 0.529596
0.002717 0.529629
0.002717 0.529679
0.002717 0.529696
0.002728 0.529713
0.002728 0.529729
0.002728 0.529763
0.002728 0.529863
0.002728 0.529930
0.002728 0.529947
0.002728 0.529980
0.002728 0.530030
0.002728 0.530064
0.002728 0.530130
0.002738 0.530130
0.002738 0.530164
0.002758 0.530164
0.002758 0.530180
0.002758 0.530281
0.002758 0.530348
0.002758 0.530398
0.002758 0.530465
0.002758 0.530481
0.002758 0.530515
0.002758 0.530565
0.002758 0.530632
0.002758 0.530699
0.002758 0.530799
0.002758 0.530816
0.002769 0.530816
0.002769 0.530849
0.002769 0.530882
0.002769 0.530916
0.002769 0.530932
0.002769 0.530966
0.002769 0.531033
0.002769 0.531083
0.002769 0.531100
0.002769 0.531150
0.002769 0.531166
0.002769 0.531200
0.002769 0.531250
0.002769 0.531300
0.002769 0.531350
0.002769 0.531384
0.002769 0.531417
0.002769 0.531467
0.002769 0.531484
0.002769 0.531517
0.002769 0.531534
0.002779 0.531551
0.002779 0.531618
0.002779 0.531651
0.002779 0.531668
0.002779 0.531768
0.002779 0.531801
0.002789 0.531835
0.002789 0.531852
0.002789 0.531902
0.002789 0.531918
0.002789 0.531952
0.002789 0.531969
0.002789 0.532019
0.002789 0.532052
0.002789 0.532086
0.002789 0.532136
0.002789 0.532203
0.002789 0.532253
0.002789 0.532303
0.002789 0.532370
0.002789 0.532420
0.002789 0.532520
0.002789 0.532537
0.002799 0.532604
0.002799 0.532670
0.002799 0.532721
0.002820 0.532721
0.002820 0.532754
0.002820 0.532771
0.002820 0.532821
0.002820 0.532854
0.002820 0.532871
0.002820 0.532938
0.002820 0.532988
0.002820 0.533021
0.002820 0.533122
0.002820 0.533155
0.002830 0.533155
0.002830 0.533222
0.002830 0.533322
0.002830 0.533406
0.002830 0.533506
0.002830 0.533523
0.002830 0.533556
0.002830 0.533606
0.002830 0.533673
0.002830 0.533707
0.002830 0.533723
0.002830 0.533757
0.002840 0.533757
0.002840 0.533790
0.002840 0.533840
0.002840 0.533941
0.002840 0.533974
0.002840 0.534041
0.002851 0.534041
0.002851 0.534108
0.002851 0.534124
0.002851 0.534158
0.002851 0.534174
0.002851 0.534225
0.002851 0.534258
0.002851 0.534275
0.002851 0.534308
0.002851 0.534325
0.002861 0.534342
0.002861 0.534358
0.002861 0.534425
0.002861 0.534459
0.002861 0.534609
0.002861 0.534642
0.002871 0.534642
0.002871 0.534676
0.002871 0.534726
0.002871 0.534826
0.002871 0.534860
0.002871 0.534893
0.002871 0.534943
0.002871 0.535010
0.002881 0.535027
0.002881 0.535043
0.002881 0.535110
0.002881 0.535211
0.002892 0.535261
0.002892 0.535277
0.002892 0.535311
0.002902 0.535311
0.002902 0.535361
0.002912 0.535378
0.002912 0.535411
0.002912 0.535495
0.002912 0.535561
0.002912 0.535578
0.002912 0.535628
0.002912 0.535662
0.002912 0.535712
0.002912 0.535779
0.002922 0.535795
0.002922 0.535879
0.002922 0.535912
0.002922 0.535946
0.002922 0.535979
0.002922 0.535996
0.002933 0.536013
0.002933 0.536096
0.002933 0.536163
0.002933 0.536180
0.002933 0.536230
0.002933 0.536263
0.002943 0.536280
0.002943 0.536314
0.002943 0.536364
0.002943 0.536380
0.002943 0.536447
0.002943 0.536481
0.002943 0.536531
0.002943 0.536581
0.002943 0.536614
0.002953 0.536614
0.002953 0.536648
0.002953 0.536681
0.002953 0.536731
0.002953 0.536781
0.002953 0.536882
0.002963 0.536932
0.002974 0.536965
0.002974 0.536999
0.002974 0.537066
0.002974 0.537099
0.002974 0.537166
0.002974 0.537233
0.002984 0.537249
0.002984 0.537316
0.002994 0.537316
0.002994 0.537333
0.003004 0.537383
0.003004 0.537416
0.003004 0.537450
0.003004 0.537567
0.003004 0.537600
0.003004 0.537634
0.003004 0.537667
0.003004 0.537701
0.003004 0.537751
0.003004 0.537784
0.003004 0.537818
0.003004 0.537834
0.003004 0.537884
0.003004 0.537901
0.003004 0.537934
0.003015 0.537934
0.003015 0.537985
0.003015 0.538051
0.003015 0.538068
0.003015 0.538118
0.003015 0.538135
0.003015 0.538168
0.003015 0.538202
0.003015 0.538252
0.003015 0.538319
0.003015 0.538419
0.003015 0.538436
0.003015 0.538486
0.003015 0.538519
0.003015 0.538570
0.003015 0.538620
0.003015 0.538636
0.003025 0.538653
0.003025 0.538670
0.003035 0.538670
0.003035 0.538703
0.003045 0.538737
0.003045 0.538753
0.003045 0.538803
0.003045 0.538837
0.003045 0.538870
0.003056 0.538870
0.003056 0.538904
0.003056 0.538971
0.003056 0.538987
0.003076 0.538987
0.003086 0.539021
0.003086 0.539071
0.003086 0.539138
0.003086 0.539171
0.003086 0.539205
0.003086 0.539255
0.003086 0.539355
0.003086 0.539388
0.003086 0.539455
0.003086 0.539505
0.003086 0.539539
0.003086 0.539656
0.003086 0.539689
0.003086 0.539723
0.003086 0.539773
0.003086 0.539856
0.003086 0.539890
0.003086 0.539957
0.003086 0.539990
0.003086 0.540007
0.003097 0.540007
0.003097 0.540040
0.003097 0.540074
0.003097 0.540090
0.003097 0.540124
0.003097 0.540140
0.003097 0.540174
0.003097 0.540191
0.003097 0.540291
0.003097 0.540324
0.003097 0.540358
0.003097 0.540391
0.003097 0.540408
0.003097 0.540441
0.003097 0.540458
0.003097 0.540525
0.003097 0.540541
0.003097 0.540592
0.003097 0.540709
0.003097 0.540742
0.003117 0.540742
0.003117 0.540759
0.003117 0.540859
0.003117 0.540909
0.003117 0.541009
0.003117 0.541043
0.003117 0.541076
0.003117 0.541126
0.003117 0.541160
0.003127 0.541160
0.003127 0.541176
0.003127 0.541227
0.003127 0.541243
0.003127 0.541277
0.003127 0.541327
0.003127 0.541360
0.003127 0.541410
0.003127 0.541444
0.003127 0.541494
0.003138 0.541494
0.003138 0.541511
0.003138 0.541578
0.003138 0.541644
0.003138 0.541678
0.003138 0.541711
0.003138 0.541745
0.003138 0.541795
0.003138 0.541828
0.003138 0.541845
0.003138 0.541878
0.003148 0.541878
0.003148 0.541912
0.003148 0.541962
0.003148 0.542012
0.003158 0.542029
0.003158 0.542062
0.003158 0.542112
0.003158 0.542179
0.003158 0.542196
0.003158 0.542229
0.003158 0.542279
0.003158 0.542296
0.003158 0.542330
0.003158 0.542346
0.003158 0.542380
0.003158 0.542413
0.003158 0.542463
0.003158 0.542480
0.003168 0.542480
0.003168 0.542547
0.003168 0.542564
0.003168 0.542630
0.003168 0.542697
0.003168 0.542747
0.003168 0.542764
0.003168 0.542797
0.003179 0.542814
0.003179 0.542864
0.003179 0.542881
0.003189 0.542881
0.003189 0.542965
0.003199 0.542981
0.003199 0.542998
0.003209 0.542998
0.003209 0.543015
0.003209 0.543065
0.003209 0.543098
0.003209 0.543132
0.003209 0.543232
0.003209 0.543249
0.003209 0.543299
0.003209 0.543332
0.003209 0.543366
0.003220 0.543366
0.003220 0.543432
0.003220 0.543466
0.003220 0.543499
0.003220 0.543549
0.003220 0.543666
0.003220 0.543717
0.003220 0.543750
0.003230 0.543817
0.003230 0.543834
0.003240 0.543867
0.003240 0.543917
0.003250 0.543951
0.003250 0.543967
0.003261 0.544017
0.003261 0.544084
0.003261 0.544134
0.003261 0.544151
0.003271 0.544151
0.003271 0.544168
0.003271 0.544218
0.003271 0.544251
0.003271 0.544285
0.003271 0.544368
0.003271 0.544385
0.003281 0.544385
0.003281 0.544402
0.003281 0.544502
0.003291 0.544519
0.003291 0.544535
0.003291 0.544636
0.003291 0.544652
0.003291 0.544719
0.003291 0.544753
0.003302 0.544753
0.003302 0.544836
0.003312 0.544836
0.003312 0.544870
0.003312 0.544903
0.003312 0.544936
0.003312 0.545003
0.003312 0.545037
0.003322 0.545053
0.003322 0.545070
0.003322 0.545137
0.003322 0.545204
0.003322 0.545254
0.003322 0.545287
0.003332 0.545287
0.003332 0.545304
0.003332 0.545338
0.003332 0.545354
0.003332 0.545388
0.003332 0.545404
0.003332 0.545471
0.003332 0.545505
0.003332 0.545555
0.003343 0.545572
0.003343 0.545638
0.003343 0.545655
0.003343 0.545689
0.003343 0.545705
0.003343 0.545739
0.003343 0.545789
0.003353 0.545805
0.003353 0.545872
0.003353 0.545906
0.003353 0.545922
0.003353 0.545973
0.003353 0.545989
0.003363 0.546023
0.003363 0.546039
0.003363 0.546073
0.003363 0.546090
0.003363 0.546123
0.003363 0.546173
0.003373 0.546173
0.003373 0.546207
0.003373 0.546223
0.003373 0.546257
0.003373 0.546307
0.003394 0.546307
0.003394 0.546340
0.003394 0.546407
0.003394 0.546441
0.003394 0.546457
0.003394 0.546524
0.003394 0.546557
0.003394 0.546591
0.003394 0.546624
0.003394 0.546658
0.003394 0.546674
0.003415 0.546674
0.003415 0.546775
0.003415 0.546808
0.003415 0.546842
0.003415 0.546892
0.003415 0.546925
0.003425 0.546925
0.003425 0.546959
0.003425 0.546975
0.003425 0.547009
0.003425 0.547059
0.003425 0.547092
0.003425 0.547109
0.003425 0.547176
0.003435 0.547176
0.003435 0.547209
0.003445 0.547226
0.003445 0.547276
0.003445 0.547309
0.003445 0.547376
0.003445 0.547426
0.003445 0.547560
0.003445 0.547610
0.003445 0.547711
0.003445 0.547761
0.003445 0.547828
0.003445 0.547878
0.003445 0.547978
0.003445 0.548011
0.003445 0.548112
0.003445 0.548128
0.003456 0.548128
0.003456 0.548162
0.003456 0.548195
0.003456 0.548229
0.003476 0.548229
0.003476 0.548245
0.003476 0.548279
0.003476 0.548312
0.003476 0.548346
0.003476 0.548362
0.003486 0.548362
0.003486 0.548396
0.003486 0.548463
0.003486 0.548513
0.003486 0.548529
0.003486 0.548580
0.003497 0.548596
0.003497 0.548613
0.003497 0.548646
0.003497 0.548697
0.003507 0.548713
0.003517 0.548747
0.003517 0.548880
0.003517 0.548981
0.003517 0.549014
0.003517 0.549047
0.003527 0.549064
0.003527 0.549081
0.003527 0.549114
0.003527 0.549131
0.003527 0.549181
0.003527 0.549215
0.003527 0.549248
0.003527 0.549265
0.003538 0.549265
0.003548 0.549298
0.003548 0.549315
0.003548 0.549365
0.003548 0.549432
0.003548 0.549449
0.003548 0.549482
0.003548 0.549532
0.003548 0.549599
0.003558 0.549599
0.003558 0.549649
0.003558 0.549682
0.003568 0.549682
0.003589 0.549716
0.003589 0.549783
0.003589 0.549850
0.003589 0.549866
0.003589 0.549933
0.003589 0.549983
0.003589 0.550017
0.003589 0.550033
0.003589 0.550067
0.003589 0.550084
0.003589 0.550117
0.003589 0.550167
0.003589 0.550201
0.003589 0.550234
0.003589 0.550267
0.003589 0.550301
0.003589 0.550401
0.003589 0.550418
0.003589 0.550485
0.003589 0.550518
0.003589 0.550568
0.003589 0.550602
0.003589 0.550635
0.003589 0.550652
0.003589 0.550719
0.003589 0.550752
0.003599 0.550785
0.003599 0.550819
0.003599 0.550869
0.003599 0.550902
0.003599 0.550953
0.003599 0.551186
0.003599 0.551220
0.003599 0.551237
0.003609 0.551253
0.003609 0.551270
0.003609 0.551303
0.003609 0.551320
0.003620 0.551320
0.003620 0.551387
0.003620 0.551420
0.003620 0.551437
0.003620 0.551471
0.003620 0.551537
0.003630 0.551537
0.003630 0.551571
0.003630 0.551621
0.003640 0.551621
0.003640 0.551638
0.003640 0.551721
0.003640 0.551872
0.003640 0.551939
0.003640 0.551989
0.003640 0.552022
0.003640 0.552055
0.003640 0.552089
0.003640 0.552106
0.003640 0.552172
0.003640 0.552206
0.003640 0.552239
0.003640 0.552256
0.003640 0.552306
0.003661 0.552323
0.003661 0.552373
0.003671 0.552406
0.003671 0.552457
0.003671 0.552490
0.003671 0.552523
0.003671 0.552590
0.003671 0.552624
0.003671 0.552657
0.003671 0.552724
0.003671 0.552757
0.003671 0.552791
0.003681 0.552791
0.003681 0.552841
0.003691 0.552841
0.003691 0.552874
0.003691 0.552891
0.003691 0.552924
0.003691 0.552991
0.003691 0.553025
0.003691 0.553041
0.003691 0.553075
0.003691 0.553092
0.003702 0.553092
0.003702 0.553125
0.003702 0.553158
0.003702 0.553192
0.003722 0.553209
0.003732 0.553209
0.003732 0.553225
0.003732 0.553309
0.003732 0.553342
0.003732 0.553409
0.003732 0.553443
0.003732 0.553459
0.003753 0.553509
0.003753 0.553543
0.003763 0.553559
0.003763 0.553643
0.003763 0.553676
0.003763 0.553727
0.003763 0.553760
0.003763 0.553777
0.003763 0.553810
0.003763 0.553860
0.003763 0.553894
0.003763 0.553927
0.003763 0.553961
0.003763 0.554011
0.003763 0.554044
0.003763 0.554144
0.003763 0.554178
0.003763 0.554211
0.003763 0.554245
0.003763 0.554345
0.003763 0.554378
0.003763 0.554412
0.003763 0.554428
0.003773 0.554428
0.003773 0.554445
0.003773 0.554479
0.003773 0.554512
0.003773 0.554545
0.003773 0.554562
0.003773 0.554596
0.003773 0.554612
0.003773 0.554646
0.003773 0.554696
0.003773 0.554763
0.003773 0.554830
0.003773 0.554846
0.003773 0.554896
0.003773 0.554913
0.003773 0.554947
0.003773 0.554963
0.003784 0.554963
0.003784 0.555013
0.003784 0.555047
0.003784 0.555080
0.003784 0.555130
0.003784 0.555164
0.003784 0.555214
0.003784 0.555231
0.003794 0.555264
0.003794 0.555281
0.003794 0.555331
0.003794 0.555348
0.003804 0.555348
0.003804 0.555381
0.003804 0.555431
0.003804 0.555498
0.003814 0.555498
0.003814 0.555598
0.003814 0.555632
0.003814 0.555732
0.003814 0.555749
0.003825 0.555749
0.003825 0.555782
0.003825 0.555849
0.003825 0.555916
0.003825 0.555949
0.003825 0.556016
0.003825 0.556033
0.003845 0.556033
0.003845 0.556066
0.003845 0.556133
0.003855 0.556166
0.003855 0.556200
0.003855 0.556217
0.003855 0.556250
0.003866 0.556250
0.003866 0.556283
0.003866 0.556317
0.003866 0.556384
0.003866 0.556451
0.003866 0.556467
0.003886 0.556467
0.003886 0.556484
0.003886 0.556568
0.003886 0.556651
0.003886 0.556718
0.003896 0.556735
0.003896 0.556818
0.003907 0.556835
0.003907 0.556868
0.003907 0.556885
0.003907 0.556985
0.003907 0.557052
0.003907 0.557152
0.003907 0.557186
0.003917 0.557203
0.003917 0.557269
0.003917 0.557286
0.003917 0.557353
0.003917 0.557386
0.003917 0.557420
0.003917 0.557436
0.003917 0.557487
0.003917 0.557503
0.003917 0.557537
0.003917 0.557587
0.003917 0.557620
0.003917 0.557687
0.003917 0.557754
0.003917 0.557771
0.003927 0.557787
0.003927 0.557804
0.003927 0.557838
0.003937 0.557871
0.003937 0.557938
0.003937 0.558038
0.003937 0.558088
0.003937 0.558122
0.003937 0.558138
0.003937 0.558172
0.003937 0.558222
0.003937 0.558255
0.003937 0.558272
0.003948 0.558272
0.003948 0.558305
0.003948 0.558356
0.003948 0.558406
0.003948 0.558489
0.003948 0.558539
0.003948 0.558573
0.003948 0.558606
0.003948 0.558640
0.003958 0.558656
0.003958 0.558690
0.003958 0.558707
0.003958 0.558740
0.003958 0.558757
0.003958 0.558790
0.003978 0.558807
0.003978 0.558840
0.003989 0.558874
0.003989 0.558907
0.003989 0.558941
0.003989 0.558991
0.003989 0.559091
0.003989 0.559158
0.003989 0.559191
0.003989 0.559241
0.003989 0.559275
0.003989 0.559358
0.003989 0.559375
0.003989 0.559408
0.003989 0.559459
0.003999 0.559459
0.003999 0.559542
0.003999 0.559592
0.003999 0.559609
0.003999 0.559642
0.003999 0.559693
0.003999 0.559726
0.003999 0.559743
0.003999 0.559776
0.003999 0.559860
0.003999 0.559893
0.003999 0.559943
0.003999 0.559960
0.003999 0.560027
0.003999 0.560077
0.003999 0.560144
0.003999 0.560160
0.003999 0.560211
0.003999 0.560227
0.003999 0.560261
0.003999 0.560445
0.004009 0.560445
0.004009 0.560478
0.004019 0.560478
0.004019 0.560495
0.004030 0.560528
0.004030 0.560578
0.004030 0.560645
0.004030 0.560678
0.004030 0.560762
0.004030 0.560795
0.004030 0.560812
0.004030 0.560862
0.004030 0.560912
0.004040 0.560912
0.004040 0.560946
0.004040 0.560996
0.004040 0.561029
0.004040 0.561080
0.004040 0.561113
0.004040 0.561146
0.004040 0.561197
0.004040 0.561230
0.004040 0.561280
0.004040 0.561297
0.004040 0.561330
0.004040 0.561347
0.004040 0.561380
0.004040 0.561414
0.004040 0.561447
0.004050 0.561447
0.004050 0.561481
0.004050 0.561531
0.004050 0.561598
0.004050 0.561648
0.004071 0.561664
0.004071 0.561731
0.004071 0.561765
0.004081 0.561798
0.004081 0.561832
0.004081 0.561882
0.004081 0.561949
0.004081 0.561999
0.004081 0.562032
0.004091 0.562066
0.004091 0.562082
0.004091 0.562182
0.004091 0.562249
0.004091 0.562283
0.004091 0.562383
0.004102 0.562383
0.004102 0.562450
0.004102 0.562517
0.004102 0.562567
0.004102 0.562584
0.004102 0.562650
0.004102 0.562684
0.004102 0.562734
0.004102 0.562784
0.004102 0.562851
0.004102 0.562868
0.004102 0.562901
0.004102 0.562951
0.004102 0.563018
0.004102 0.563068
0.004102 0.563102
0.004102 0.563252
0.004102 0.563285
0.004102 0.563386
0.004112 0.563386
0.004122 0.563402
0.004122 0.563436
0.004122 0.563453
0.004122 0.563503
0.004122 0.563519
0.004132 0.563519
0.004132 0.563570
0.004132 0.563603
0.004132 0.563620
0.004132 0.563670
0.004132 0.563737
0.004132 0.563753
0.004132 0.563820
0.004132 0.563837
0.004132 0.563870
0.004143 0.563870
0.004143 0.563904
0.004143 0.563937
0.004143 0.564037
0.004143 0.564071
0.004143 0.564171
0.004143 0.564205
0.004153 0.564205
0.004153 0.564288
0.004153 0.564355
0.004163 0.564372
0.004163 0.564439
0.004163 0.564489
0.004184 0.564489
0.004184 0.564522
0.004184 0.564555
0.004184 0.564606
0.004184 0.564672
0.004184 0.564689
0.004184 0.564756
0.004184 0.564773
0.004184 0.564873
0.004184 0.564957
0.004184 0.564990
0.004184 0.565007
0.004184 0.565057
0.004184 0.565107
0.004184 0.565140
0.004184 0.565174
0.004184 0.565207
0.004184 0.565224
0.004184 0.565307
0.004184 0.565341
0.004184 0.565358
0.004194 0.565374
0.004194 0.565408
0.004194 0.565491
0.004194 0.565592
0.004194 0.565625
0.004194 0.565658
0.004194 0.565692
0.004194 0.565742
0.004194 0.565759
0.004194 0.565826
0.004194 0.565859
0.004194 0.565909
0.004194 0.565959
0.004194 0.565993
0.004194 0.566059
0.004194 0.566076
0.004194 0.566110
0.004194 0.566126
0.004194 0.566160
0.004204 0.566210
0.004204 0.566277
0.004204 0.566293
0.004204 0.566327
0.004204 0.566344
0.004204 0.566377
0.004204 0.566394
0.004214 0.566394
0.004214 0.566410
0.004214 0.566511
0.004214 0.566527
0.004214 0.566561
0.004214 0.566578
0.004225 0.566594
0.004225 0.566628
0.004225 0.566678
0.004225 0.566695
0.004235 0.566695
0.004235 0.566711
0.004235 0.566761
0.004235 0.566828
0.004235 0.566895
0.004235 0.566912
0.004235 0.566945
0.004235 0.566995
0.004245 0.567062
0.004245 0.567096
0.004245 0.567112
0.004245 0.567162
0.004245 0.567196
0.004255 0.567196
0.004255 0.567229
0.004255 0.567263
0.004255 0.567330
0.004255 0.567363
0.004255 0.567413
0.004255 0.567513
0.004266 0.567513
0.004266 0.567564
0.004266 0.567580
0.004266 0.567614
0.004266 0.567630
0.004266 0.567697
0.004266 0.567797
0.004266 0.567848
0.004266 0.567898
0.004266 0.567931
0.004266 0.567948
0.004266 0.568048
0.004276 0.568048
0.004276 0.568165
0.004276 0.568215
0.004276 0.568366
0.004276 0.568466
0.004276 0.568483
0.004286 0.568483
0.004286 0.568549
0.004286 0.568616
0.004286 0.568633
0.004286 0.568683
0.004286 0.568700
0.004286 0.568750
0.004286 0.568767
0.004286 0.568800
0.004286 0.568817
0.004296 0.568867
0.004296 0.568884
0.004296 0.568951
0.004296 0.569001
0.004307 0.569034
0.004307 0.569051
0.004307 0.569118
0.004307 0.569168
0.004307 0.569218
0.004307 0.569251
0.004307 0.569285
0.004317 0.569285
0.004317 0.569318
0.004317 0.569335
0.004317 0.569385
0.004317 0.569435
0.004327 0.569469
0.004327 0.569485
0.004327 0.569535
0.004327 0.569552
0.004327 0.569586
0.004327 0.569602
0.004327 0.569636
0.004327 0.569719
0.004327 0.569820
0.004327 0.569853
0.004327 0.569870
0.004327 0.569903
0.004327 0.569953
0.004327 0.569987
0.004358 0.570003
0.004368 0.570003
0.004368 0.570020
0.004368 0.570087
0.004368 0.570137
0.004368 0.570170
0.004378 0.570170
0.004378 0.570221
0.004378 0.570254
0.004378 0.570287
0.004378 0.570338
0.004378 0.570354
0.004378 0.570388
0.004389 0.570404
0.004389 0.570421
0.004389 0.570488
0.004399 0.570488
0.004399 0.570555
0.004399 0.570588
0.004409 0.570588
0.004409 0.570638
0.004409 0.570672
0.004409 0.570722
0.004419 0.570722
0.004430 0.570755
0.004430 0.570772
0.004430 0.570839
0.004430 0.570856
0.004430 0.570889
0.004430 0.570989
0.004430 0.571023
0.004440 0.571023
0.004440 0.571090
0.004450 0.571106
0.004450 0.571140
0.004450 0.571156
0.004450 0.571207
0.004450 0.571273
0.004450 0.571290
0.004460 0.571290
0.004460 0.571340
0.004460 0.571407
0.004460 0.571457
0.004460 0.571524
0.004460 0.571557
0.004460 0.571624
0.004460 0.571691
0.004460 0.571741
0.004471 0.571775
0.004471 0.571808
0.004471 0.571825
0.004481 0.571842
0.004481 0.571892
0.004481 0.571975
0.004481 0.572009
0.004481 0.572109
0.004481 0.572142
0.004481 0.572159
0.004491 0.572159
0.004501 0.572176
0.004501 0.572193
0.004512 0.572243
0.004512 0.572276
0.004512 0.572293
0.004512 0.572343
0.004512 0.572393
0.004512 0.572460
0.004512 0.572477
0.004522 0.572493
0.004522 0.572543
0.004522 0.572560
0.004522 0.572627
0.004522 0.572644
0.004532 0.572660
0.004532 0.572711
0.004532 0.572744
0.004532 0.572761
0.004532 0.572794
0.004532 0.572811
0.004532 0.572844
0.004532 0.572945
0.004532 0.572978
0.004532 0.573011
0.004532 0.573061
0.004532 0.573078
0.004532 0.573128
0.004532 0.573145
0.004532 0.573178
0.004532 0.573229
0.004553 0.573229
0.004553 0.573295
0.004553 0.573329
0.004563 0.573329
0.004573 0.573346
0.004573 0.573446
0.004573 0.573496
0.004583 0.573496
0.004583 0.573529
0.004583 0.573546
0.004594 0.573563
0.004594 0.573613
0.004594 0.573646
0.004594 0.573663
0.004594 0.573697
0.004594 0.573747
0.004594 0.573780
0.004594 0.573797
0.004604 0.573797
0.004604 0.573830
0.004614 0.573830
0.004614 0.573864
0.004614 0.573914
0.004614 0.573947
0.004624 0.573947
0.004624 0.573981
0.004624 0.574031
0.004624 0.574047
0.004624 0.574081
0.004624 0.574131
0.004624 0.574164
0.004624 0.574181
0.004635 0.574181
0.004635 0.574198
0.004635 0.574265
0.004635 0.574398
0.004645 0.574415
0.004645 0.574465
0.004645 0.574515
0.004645 0.574549
0.004645 0.574566
0.004645 0.574699
0.004645 0.574733
0.004645 0.574783
0.004645 0.574833
0.004645 0.574866
0.004655 0.574866
0.004655 0.574916
0.004665 0.574916
0.004676 0.574933
0.004676 0.574983
0.004696 0.575017
0.004696 0.575050
0.004706 0.575067
0.004706 0.575134
0.004706 0.575167
0.004706 0.575217
0.004706 0.575251
0.004706 0.575318
0.004717 0.575368
0.004727 0.575384
0.004727 0.575401
0.004727 0.575434
0.004727 0.575451
0.004737 0.575451
0.004737 0.575485
0.004737 0.575501
0.004737 0.575568
0.004737 0.575585
0.004737 0.575618
0.004737 0.575652
0.004737 0.575685
0.004737 0.575702
0.004748 0.575702
0.004748 0.575735
0.004748 0.575785
0.004758 0.575802
0.004758 0.575836
0.004758 0.575869
0.004758 0.575919
0.004758 0.575986
0.004758 0.576003
0.004758 0.576036
0.004768 0.576070
0.004768 0.576086
0.004768 0.576120
0.004768 0.576136
0.004768 0.576203
0.004768 0.576220
0.004768 0.576287
0.004768 0.576303
0.004768 0.576404
0.004778 0.576437
0.004778 0.576454
0.004778 0.576588
0.004778 0.576688
0.004778 0.576705
0.004778 0.576755
0.004778 0.576822
0.004778 0.576888
0.004778 0.576905
0.004778 0.576939
0.004789 0.576939
0.004789 0.577005
0.004789 0.577039
0.004789 0.577055
0.004789 0.577122
0.004789 0.577139
0.004789 0.577172
0.004789 0.577189
0.004789 0.577223
0.004799 0.577239
0.004799 0.577306
0.004799 0.577356
0.004799 0.577373
0.004799 0.577440
0.004799 0.577540
0.004799 0.577574
0.004799 0.577607
0.004799 0.577624
0.004809 0.577624
0.004809 0.577691
0.004809 0.577741
0.004809 0.577807
0.004830 0.577807
0.004830 0.577824
0.004830 0.577891
0.004830 0.578058
0.004830 0.578092
0.004830 0.578108
0.004830 0.578142
0.004830 0.578158
0.004830 0.578192
0.004830 0.578209
0.004830 0.578242
0.004830 0.578292
0.004830 0.578309
0.004850 0.578309
0.004850 0.578376
0.004850 0.578426
0.004850 0.578493
0.004850 0.578509
0.004850 0.578559
0.004850 0.578576
0.004850 0.578610
0.004850 0.578727
0.004850 0.578760
0.004850 0.578777
0.004850 0.578827
0.004850 0.578860
0.004850 0.578877
0.004850 0.578910
0.004850 0.578927
0.004850 0.578961
0.004850 0.578977
0.004850 0.579011
0.004850 0.579094
0.004850 0.579161
0.004860 0.579161
0.004860 0.579195
0.004860 0.579228
0.004860 0.579245
0.004860 0.579295
0.004860 0.579328
0.004860 0.579345
0.004860 0.579445
0.004860 0.579462
0.004860 0.579529
0.004860 0.579545
0.004881 0.579579
0.004881 0.579629
0.004881 0.579662
0.004881 0.579696
0.004881 0.579729
0.004891 0.579746
0.004891 0.579763
0.004891 0.579796
0.004901 0.579863
0.004901 0.579896
0.004901 0.579963
0.004901 0.580064
0.004901 0.580097
0.004901 0.580130
0.004901 0.580164
0.004901 0.580264
0.004901 0.580331
0.004901 0.580364
0.004901 0.580398
0.004901 0.580414
0.004901 0.580465
0.004901 0.580481
0.004901 0.580515
0.004901 0.580582
0.004912 0.580582
0.004922 0.580598
0.004922 0.580648
0.004922 0.580682
0.004922 0.580782
0.004922 0.580816
0.004922 0.580832
0.004922 0.580882
0.004922 0.580899
0.004922 0.580999
0.004932 0.581016
0.004932 0.581049
0.004932 0.581116
0.004932 0.581166
0.004932 0.581200
0.004932 0.581233
0.004932 0.581267
0.004932 0.581317
0.004942 0.581317
0.004942 0.581367
0.004942 0.581417
0.004942 0.581584
0.004942 0.581651
0.004942 0.581684
0.004942 0.581701
0.004963 0.581718
0.004963 0.581751
0.004963 0.581768
0.004963 0.581818
0.004963 0.581885
0.004963 0.581902
0.004963 0.581952
0.004963 0.581985
0.004963 0.582002
0.004963 0.582069
0.004963 0.582086
0.004963 0.582119
0.004963 0.582136
0.004973 0.582136
0.004973 0.582169
0.004973 0.582203
0.004983 0.582203
0.004983 0.582286
0.004983 0.582320
0.004983 0.582336
0.004983 0.582436
0.004983 0.582537
0.004983 0.582570
0.004994 0.582604
0.004994 0.582637
0.004994 0.582670
0.004994 0.582721
0.004994 0.582787
0.004994 0.582804
0.005004 0.582804
0.005004 0.582854
0.005004 0.582888
0.005004 0.582904
0.005004 0.582971
0.005004 0.582988
0.005004 0.583021
0.005004 0.583072
0.005004 0.583105
0.005004 0.583138
0.005014 0.583155
0.005024 0.583155
0.005024 0.583222
0.005024 0.583255
0.005035 0.583272
0.005035 0.583372
0.005035 0.583422
0.005035 0.583439
0.005035 0.583473
0.005035 0.583523
0.005035 0.583556
0.005035 0.583573
0.005045 0.583590
0.005045 0.583606
0.005045 0.583673
0.005045 0.583690
0.005045 0.583723
0.005055 0.583757
0.005055 0.583773
0.005055 0.583807
0.005055 0.583840
0.005055 0.583874
0.005055 0.583890
0.005055 0.583941
0.005055 0.583957
0.005055 0.583991
0.005055 0.584024
0.005055 0.584057
0.005055 0.584091
0.005055 0.584124
0.005055 0.584191
0.005055 0.584225
0.005055 0.584275
0.005055 0.584291
0.005065 0.584325
0.005065 0.584358
0.005065 0.584375
0.005065 0.584408
0.005065 0.584509
0.005065 0.584559
0.005076 0.584559
0.005076 0.584626
0.005086 0.584659
0.005086 0.584693
0.005086 0.584726
0.005096 0.584726
0.005096 0.584759
0.005106 0.584776
0.005106 0.584809
0.005106 0.584826
0.005106 0.584876
0.005106 0.584910
0.005106 0.584926
0.005106 0.584977
0.005106 0.584993
0.005106 0.585027
0.005117 0.585060
0.005117 0.585077
0.005117 0.585144
0.005117 0.585194
0.005117 0.585227
0.005127 0.585227
0.005127 0.585294
0.005127 0.585311
0.005147 0.585328
0.005147 0.585361
0.005147 0.585445
0.005147 0.585478
0.005147 0.585528
0.005147 0.585595
0.005147 0.585612
0.005158 0.585678
0.005178 0.585678
0.005178 0.585712
0.005178 0.585745
0.005178 0.585846
0.005178 0.585862
0.005178 0.585929
0.005178 0.586029
0.005178 0.586096
0.005188 0.586113
0.005188 0.586130
0.005188 0.586180
0.005188 0.586213
0.005188 0.586314
0.005199 0.586314
0.005199 0.586330
0.005199 0.586397
0.005199 0.586414
0.005219 0.586414
0.005219 0.586447
0.005219 0.586464
0.005219 0.586564
0.005219 0.586598
0.005219 0.586631
0.005219 0.586648
0.005219 0.586681
0.005219 0.586715
0.005219 0.586848
0.005219 0.586932
0.005219 0.586982
0.005219 0.587066
0.005219 0.587099
0.005219 0.587149
0.005219 0.587182
0.005229 0.587199
0.005229 0.587216
0.005229 0.587283
0.005229 0.587333
0.005229 0.587350
0.005229 0.587383
0.005229 0.587400
0.005240 0.587416
0.005240 0.587483
0.005250 0.587500
0.005250 0.587533
0.005260 0.587533
0.005270 0.587567
0.005270 0.587600
0.005270 0.587634
0.005270 0.587667
0.005281 0.587667
0.005281 0.587701
0.005281 0.587734
0.005291 0.587734
0.005291 0.587784
0.005291 0.587801
0.005291 0.587834
0.005301 0.587884
0.005301 0.587901
0.005311 0.587901
0.005322 0.587918
0.005322 0.587934
0.005322 0.587968
0.005322 0.587985
0.005332 0.588018
0.005352 0.588018
0.005352 0.588085
0.005373 0.588085
0.005383 0.588085
0.005383 0.588102
0.005383 0.588168
0.005383 0.588202
0.005383 0.588285
0.005383 0.588336
0.005383 0.588386
0.005383 0.588436
0.005393 0.588453
0.005404 0.588486
0.005414 0.588486
0.005414 0.588503
0.005414 0.588536
0.005424 0.588553
0.005424 0.588570
0.005435 0.588570
0.005435 0.588620
0.005435 0.588653
0.005435 0.588670
0.005435 0.588770
0.005435 0.588820
0.005435 0.588887
0.005435 0.588920
0.005445 0.588954
0.005445 0.588987
0.005445 0.589021
0.005445 0.589121
0.005455 0.589138
0.005455 0.589154
0.005455 0.589188
0.005455 0.589238
0.005455 0.589271
0.005455 0.589372
0.005465 0.589372
0.005465 0.589405
0.005465 0.589439
0.005465 0.589455
0.005465 0.589489
0.005476 0.589489
0.005476 0.589522
0.005476 0.589555
0.005476 0.589606
0.005476 0.589622
0.005486 0.589622
0.005496 0.589672
0.005496 0.589723
0.005506 0.589773
0.005506 0.589823
0.005517 0.589856
0.005517 0.589890
0.005517 0.589923
0.005517 0.589973
0.005527 0.589990
0.005527 0.590023
0.005527 0.590074
0.005527 0.590174
0.005527 0.590241
0.005537 0.590241
0.005537 0.590274
0.005547 0.590291
0.005547 0.590307
0.005558 0.590307
0.005558 0.590358
0.005578 0.590358
0.005578 0.590391
0.005578 0.590424
0.005588 0.590458
0.005588 0.590558
0.005588 0.590625
0.005588 0.590675
0.005588 0.590709
0.005588 0.590742
0.005599 0.590742
0.005599 0.590959
0.005599 0.591009
0.005599 0.591026
0.005599 0.591093
0.005599 0.591176
0.005619 0.591176
0.005619 0.591210
0.005619 0.591260
0.005619 0.591293
0.005619 0.591360
0.005619 0.591377
0.005629 0.591394
0.005629 0.591427
0.005629 0.591461
0.005629 0.591511
0.005629 0.591527
0.005629 0.591561
0.005629 0.591578
0.005629 0.591611
0.005629 0.591644
0.005629 0.591695
0.005629 0.591728
0.005640 0.591745
0.005640 0.591795
0.005640 0.591845
0.005640 0.591912
0.005640 0.591928
0.005640 0.591979
0.005640 0.591995
0.005640 0.592045
0.005640 0.592079
0.005640 0.592129
0.005660 0.592129
0.005660 0.592162
0.005660 0.592229
0.005660 0.592246
0.005660 0.592279
0.005670 0.592279
0.005670 0.592330
0.005681 0.592346
0.005681 0.592380
0.005681 0.592396
0.005681 0.592447
0.005681 0.592497
0.005681 0.592530
0.005681 0.592564
0.005691 0.592580
0.005691 0.592630
0.005691 0.592664
0.005691 0.592697
0.005691 0.592714
0.005691 0.592764
0.005691 0.592781
0.005691 0.592831
0.005691 0.592898
0.005691 0.592965
0.005691 0.593015
0.005701 0.593065
0.005701 0.593098
0.005701 0.593148
0.005711 0.593165
0.005711 0.593182
0.005711 0.593215
0.005711 0.593232
0.005722 0.593232
0.005722 0.593332
0.005722 0.593366
0.005732 0.593416
0.005742 0.593416
0.005742 0.593466
0.005742 0.593516
0.005742 0.593549
0.005752 0.593549
0.005752 0.593566
0.005752 0.593616
0.005752 0.593650
0.005752 0.593750
0.005752 0.593767
0.005752 0.593800
0.005752 0.593817
0.005752 0.593850
0.005752 0.593900
0.005752 0.594001
0.005763 0.594034
0.005763 0.594051
0.005763 0.594084
0.005763 0.594134
0.005763 0.594151
0.005793 0.594151
0.005793 0.594168
0.005793 0.594268
0.005793 0.594335
0.005793 0.594402
0.005804 0.594402
0.005804 0.594469
0.005804 0.594502
0.005824 0.594535
0.005824 0.594619
0.005824 0.594652
0.005824 0.594686
0.005824 0.594736
0.005824 0.594769
0.005824 0.594786
0.005824 0.594820
0.005824 0.594853
0.005834 0.594886
0.005834 0.594987
0.005834 0.595003
0.005845 0.595003
0.005845 0.595037
0.005845 0.595087
0.005845 0.595120
0.005845 0.595137
0.005845 0.595170
0.005845 0.595204
0.005845 0.595237
0.005845 0.595254
0.005855 0.595271
0.005855 0.595321
0.005855 0.595338
0.005865 0.595338
0.005865 0.595371
0.005865 0.595388
0.005865 0.595438
0.005865 0.595505
0.005865 0.595605
0.005865 0.595655
0.005865 0.595689
0.005865 0.595722
0.005865 0.595755
0.005865 0.595805
0.005865 0.595839
0.005875 0.595839
0.005875 0.595856
0.005875 0.595889
0.005875 0.595922
0.005875 0.595973
0.005875 0.596006
0.005886 0.596006
0.005896 0.596023
0.005896 0.596106
0.005896 0.596140
0.005906 0.596140
0.005906 0.596173
0.005927 0.596173
0.005927 0.596190
0.005927 0.596223
0.005927 0.596257
0.005927 0.596307
0.005927 0.596324
0.005927 0.596357
0.005927 0.596424
0.005927 0.596474
0.005927 0.596507
0.005927 0.596557
0.005927 0.596608
0.005927 0.596641
0.005927 0.596691
0.005937 0.596725
0.005947 0.596741
0.005957 0.596775
0.005957 0.596875
0.005957 0.596908
0.005957 0.596925
0.005957 0.596992
0.005968 0.597009
0.005968 0.597059
0.005978 0.597059
0.005978 0.597092
0.005978 0.597142
0.005978 0.597176
0.005978 0.597276
0.005978 0.597293
0.005978 0.597326
0.005978 0.597343
0.005978 0.597393
0.005978 0.597426
0.005988 0.597443
0.005998 0.597443
0.005998 0.597510
0.006009 0.597527
0.006009 0.597543
0.006009 0.597577
0.006009 0.597594
0.006019 0.597610
0.006029 0.597644
0.006029 0.597694
0.006029 0.597761
0.006029 0.597794
0.006029 0.597828
0.006039 0.597844
0.006039 0.597878
0.006039 0.597894
0.006060 0.597911
0.006060 0.598011
0.006060 0.598045
0.006060 0.598061
0.006060 0.598112
0.006060 0.598145
0.006060 0.598162
0.006060 0.598229
0.006060 0.598262
0.006060 0.598312
0.006060 0.598346
0.006060 0.598379
0.006070 0.598412
0.006070 0.598446
0.006070 0.598529
0.006070 0.598580
0.006070 0.598596
0.006070 0.598630
0.006070 0.598646
0.006070 0.598697
0.006070 0.598797
0.006070 0.598864
0.006070 0.598897
0.006070 0.598930
0.006070 0.598981
0.006070 0.599031
0.006070 0.599064
0.006070 0.599098
0.006070 0.599131
0.006070 0.599181
0.006070 0.599198
0.006070 0.599231
0.006080 0.599281
0.006080 0.599348
0.006080 0.599482
0.006080 0.599532
0.006091 0.599549
0.006091 0.599699
0.006091 0.599733
0.006091 0.599783
0.006091 0.599799
0.006091 0.599833
0.006091 0.599850
0.006101 0.599866
0.006101 0.599950
0.006111 0.600000
0.006111 0.600033
0.006111 0.600050
0.006111 0.600117
0.006111 0.600167
0.006111 0.600234
0.006122 0.600234
0.006122 0.600267
0.006122 0.600284
0.006122 0.600351
0.006122 0.600384
0.006132 0.600401
0.006132 0.600418
0.006132 0.600485
0.006132 0.600501
0.006142 0.600518
0.006152 0.600551
0.006163 0.600551
0.006163 0.600602
0.006163 0.600668
0.006163 0.600685
0.006163 0.600719
0.006173 0.600719
0.006173 0.600735
0.006173 0.600802
0.006173 0.600852
0.006183 0.600869
0.006183 0.600886
0.006183 0.600919
0.006183 0.600969
0.006183 0.600986
0.006183 0.601019
0.006193 0.601086
0.006193 0.601136
0.006193 0.601203
0.006193 0.601220
0.006193 0.601253
0.006193 0.601287
0.006193 0.601354
0.006193 0.601404
0.006193 0.601437
0.006193 0.601487
0.006204 0.601521
0.006204 0.601537
0.006204 0.601571
0.006214 0.601621
0.006214 0.601638
0.006224 0.601638
0.006224 0.601688
0.006224 0.601771
0.006224 0.601805
0.006234 0.601838
0.006234 0.601905
0.006234 0.601972
0.006234 0.601989
0.006245 0.602022
0.006245 0.602039
0.006245 0.602072
0.006255 0.602106
0.006255 0.602122
0.006265 0.602156
0.006275 0.602172
0.006275 0.602239
0.006275 0.602273
0.006275 0.602306
0.006275 0.602373
0.006275 0.602440
0.006275 0.602490
0.006275 0.602523
0.006275 0.602540
0.006275 0.602574
0.006286 0.602607
0.006286 0.602640
0.006296 0.602640
0.006296 0.602674
0.006296 0.602741
0.006296 0.602757
0.006296 0.602791
0.006296 0.602807
0.006296 0.602841
0.006296 0.602891
0.006296 0.602924
0.006296 0.602941
0.006306 0.602975
0.006306 0.603025
0.006306 0.603092
0.006327 0.603092
0.006327 0.603125
0.006327 0.603192
0.006327 0.603209
0.006337 0.603209
0.006337 0.603242
0.006337 0.603292
0.006337 0.603342
0.006337 0.603376
0.006337 0.603409
0.006347 0.603426
0.006347 0.603443
0.006357 0.603443
0.006357 0.603476
0.006357 0.603509
0.006357 0.603526
0.006357 0.603593
0.006357 0.603610
0.006357 0.603660
0.006368 0.603693
0.006368 0.603710
0.006368 0.603760
0.006368 0.603777
0.006368 0.603844
0.006368 0.603894
0.006368 0.603927
0.006368 0.603944
0.006368 0.603977
0.006368 0.604027
0.006368 0.604094
0.006368 0.604128
0.006368 0.604178
0.006368 0.604245
0.006368 0.604295
0.006368 0.604362
0.006368 0.604378
0.006368 0.604445
0.006368 0.604462
0.006378 0.604462
0.006378 0.604479
0.006378 0.604579
0.006378 0.604629
0.006388 0.604629
0.006388 0.604646
0.006388 0.604679
0.006388 0.604763
0.006388 0.604796
0.006398 0.604813
0.006398 0.604830
0.006398 0.604863
0.006409 0.604863
0.006409 0.604913
0.006409 0.604963
0.006409 0.604997
0.006439 0.604997
0.006439 0.605064
0.006439 0.605147
0.006439 0.605164
0.006439 0.605197
0.006439 0.605264
0.006450 0.605281
0.006450 0.605331
0.006450 0.605348
0.006450 0.605414
0.006460 0.605414
0.006460 0.605448
0.006460 0.605548
0.006460 0.605565
0.006470 0.605582
0.006470 0.605632
0.006480 0.605648
0.006480 0.605749
0.006480 0.605782
0.006480 0.605849
0.006480 0.605916
0.006480 0.605966
0.006480 0.605983
0.006480 0.606016
0.006480 0.606066
0.006480 0.606100
0.006480 0.606116
0.006491 0.606150
0.006491 0.606183
0.006491 0.606217
0.006501 0.606250
0.006501 0.606317
0.006501 0.606517
0.006501 0.606551
0.006501 0.606601
0.006501 0.606618
0.006501 0.606668
0.006501 0.606684
0.006501 0.606718
0.006501 0.606768
0.006501 0.606785
0.006511 0.606785
0.006511 0.606852
0.006511 0.606918
0.006521 0.606918
0.006521 0.606969
0.006521 0.606985
0.006521 0.607019
0.006521 0.607052
0.006521 0.607086
0.006521 0.607219
0.006532 0.607219
0.006532 0.607286
0.006532 0.607320
0.006532 0.607353
0.006542 0.607353
0.006542 0.607386
0.006542 0.607470
0.006542 0.607487
0.006542 0.607520
0.006542 0.607537
0.006542 0.607570
0.006542 0.607620
0.006542 0.607637
0.006552 0.607637
0.006552 0.607670
0.006562 0.607704
0.006562 0.607721
0.006562 0.607771
0.006573 0.607771
0.006573 0.607804
0.006573 0.607854
0.006573 0.607888
0.006573 0.607955
0.006573 0.608021
0.006573 0.608055
0.006583 0.608072
0.006583 0.608172
0.006583 0.608189
0.006583 0.608272
0.006583 0.608339
0.006583 0.608406
0.006583 0.608473
0.006603 0.608473
0.006603 0.608539
0.006603 0.608556
0.006603 0.608623
0.006603 0.608640
0.006603 0.608673
0.006614 0.608690
0.006614 0.608740
0.006614 0.608807
0.006614 0.608824
0.006614 0.608874
0.006614 0.608890
0.006614 0.608924
0.006614 0.608991
0.006614 0.609057
0.006614 0.609108
0.006624 0.609124
0.006624 0.609258
0.006624 0.609325
0.006624 0.609342
0.006624 0.609425
0.006624 0.609525
0.006624 0.609559
0.006624 0.609576
0.006624 0.609626
0.006624 0.609709
0.006624 0.609743
0.006634 0.609759
0.006634 0.609809
0.006644 0.609843
0.006644 0.609876
0.006655 0.609876
0.006655 0.609926
0.006655 0.609943
0.006655 0.609993
0.006655 0.610027
0.006665 0.610027
0.006665 0.610043
0.006675 0.610077
0.006675 0.610110
0.006675 0.610160
0.006675 0.610227
0.006675 0.610294
0.006675 0.610344
0.006675 0.610411
0.006675 0.610445
0.006685 0.610478
0.006685 0.610495
0.006706 0.610511
0.006706 0.610528
0.006706 0.610561
0.006716 0.610561
0.006726 0.610578
0.006726 0.610595
0.006737 0.610645
0.006737 0.610695
0.006737 0.610729
0.006747 0.610779
0.006747 0.610812
0.006757 0.610829
0.006757 0.610862
0.006778 0.610929
0.006778 0.610946
0.006778 0.610979
0.006778 0.610996
0.006778 0.611029
0.006778 0.611046
0.006778 0.611146
0.006778 0.611180
0.006778 0.611197
0.006798 0.611230
0.006798 0.611247
0.006809 0.611280
0.006809 0.611330
0.006809 0.611397
0.006809 0.611414
0.006809 0.611447
0.006809 0.611464
0.006809 0.611531
0.006809 0.611547
0.006809 0.611614
0.006809 0.611631
0.006809 0.611664
0.006809 0.611715
0.006809 0.611731
0.006809 0.611798
0.006809 0.611815
0.006809 0.611848
0.006809 0.611865
0.006819 0.611882
0.006819 0.611915
0.006819 0.611949
0.006819 0.611999
0.006819 0.612099
0.006819 0.612132
0.006819 0.612182
0.006819 0.612216
0.006819 0.612249
0.006819 0.612283
0.006819 0.612299
0.006819 0.612333
0.006819 0.612400
0.006819 0.612433
0.006819 0.612483
0.006829 0.612483
0.006829 0.612567
0.006829 0.612600
0.006839 0.612634
0.006850 0.612634
0.006850 0.612650
0.006860 0.612667
0.006860 0.612701
0.006860 0.612717
0.006860 0.612751
0.006860 0.612884
0.006870 0.612918
0.006870 0.612951
0.006880 0.612951
0.006880 0.612968
0.006911 0.613001
0.006911 0.613035
0.006911 0.613068
0.006911 0.613102
0.006921 0.613118
0.006921 0.613185
0.006921 0.613219
0.006921 0.613269
0.006932 0.613269
0.006932 0.613285
0.006932 0.613336
0.006932 0.613352
0.006932 0.613486
0.006932 0.613503
0.006932 0.613536
0.006932 0.613570
0.006932 0.613603
0.006932 0.613653
0.006952 0.613686
0.006952 0.613753
0.006962 0.613753
0.006962 0.613787
0.006962 0.613803
0.006962 0.613904
0.006962 0.613920
0.006973 0.613937
0.006973 0.613971
0.006973 0.614037
0.006983 0.614037
0.006983 0.614104
0.006983 0.614205
0.006983 0.614271
0.006993 0.614338
0.006993 0.614388
0.006993 0.614405
0.006993 0.614439
0.006993 0.614455
0.007014 0.614472
0.007014 0.614572
0.007014 0.614589
0.007014 0.614656
0.007014 0.614672
0.007014 0.614706
0.007014 0.614756
0.007014 0.614789
0.007014 0.614806
0.007024 0.614840
0.007024 0.614890
0.007034 0.614890
0.007034 0.614923
0.007034 0.614973
0.007034 0.615007
0.007034 0.615057
0.007044 0.615057
0.007055 0.615074
0.007055 0.615090
0.007055 0.615124
0.007065 0.615124
0.007065 0.615140
0.007065 0.615174
0.007065 0.615224
0.007065 0.615257
0.007075 0.615257
0.007075 0.615291
0.007075 0.615358
0.007075 0.615391
0.007075 0.615441
0.007075 0.615491
0.007075 0.615525
0.007075 0.615558
0.007085 0.615558
0.007096 0.615575
0.007096 0.615592
0.007096 0.615625
0.007096 0.615642
0.007096 0.615675
0.007096 0.615692
0.007096 0.615742
0.007106 0.615759
0.007116 0.615759
0.007116 0.615809
0.007116 0.615876
0.007116 0.615926
0.007126 0.615943
0.007126 0.615993
0.007126 0.616009
0.007126 0.616110
0.007126 0.616193
0.007126 0.616227
0.007126 0.616260
0.007126 0.616327
0.007126 0.616360
0.007126 0.616427
0.007126 0.616461
0.007126 0.616477
0.007126 0.616511
0.007137 0.616527
0.007137 0.616561
0.007137 0.616611
0.007147 0.616611
0.007147 0.616644
0.007147 0.616695
0.007147 0.616761
0.007147 0.616778
0.007147 0.616811
0.007147 0.616862
0.007147 0.616878
0.007147 0.616945
0.007147 0.616962
0.007147 0.616995
0.007147 0.617012
0.007147 0.617045
0.007147 0.617079
0.007147 0.617129
0.007178 0.617129
0.007178 0.617162
0.007178 0.617213
0.007178 0.617229
0.007178 0.617296
0.007178 0.617313
0.007178 0.617363
0.007188 0.617380
0.007188 0.617480
0.007188 0.617547
0.007198 0.617547
0.007198 0.617614
0.007198 0.617630
0.007208 0.617630
0.007208 0.617664
0.007219 0.617664
0.007219 0.617697
0.007219 0.617781
0.007219 0.617814
0.007219 0.617831
0.007219 0.617898
0.007219 0.617965
0.007219 0.617998
0.007219 0.618015
0.007229 0.618031
0.007229 0.618065
0.007239 0.618115
0.007239 0.618148
0.007239 0.618165
0.007239 0.618215
0.007239 0.618249
0.007239 0.618265
0.007239 0.618299
0.007239 0.618349
0.007239 0.618382
0.007239 0.618432
0.007239 0.618466
0.007239 0.618483
0.007239 0.618516
0.007239 0.618533
0.007239 0.618600
0.007239 0.618616
0.007249 0.618616
0.007249 0.618650
0.007249 0.618666
0.007260 0.618717
0.007260 0.618750
0.007260 0.618767
0.007260 0.618800
0.007260 0.618817
0.007260 0.618867
0.007260 0.618900
0.007260 0.618934
0.007260 0.618967
0.007290 0.619001
0.007290 0.619017
0.007290 0.619051
0.007290 0.619084
0.007301 0.619084
0.007301 0.619101
0.007301 0.619151
0.007301 0.619235
0.007301 0.619251
0.007301 0.619285
0.007311 0.619285
0.007311 0.619335
0.007311 0.619352
0.007311 0.619402
0.007311 0.619435
0.007311 0.619502
0.007321 0.619519
0.007321 0.619669
0.007321 0.619703
0.007331 0.619703
0.007331 0.619769
0.007331 0.619786
0.007352 0.619803
0.007352 0.619820
0.007352 0.619886
0.007352 0.619903
0.007352 0.619936
0.007352 0.619953
0.007352 0.620003
0.007362 0.620070
0.007383 0.620070
0.007383 0.620104
0.007383 0.620154
0.007393 0.620154
0.007393 0.620204
0.007393 0.620237
0.007393 0.620254
0.007403 0.620254
0.007403 0.620304
0.007403 0.620321
0.007403 0.620354
0.007403 0.620371
0.007444 0.620371
0.007444 0.620471
0.007454 0.620505
0.007454 0.620521
0.007465 0.620521
0.007465 0.620555
0.007475 0.620572
0.007475 0.620655
0.007475 0.620789
0.007475 0.620856
0.007485 0.620889
0.007485 0.620906
0.007485 0.620939
0.007485 0.620956
0.007485 0.620989
0.007485 0.621039
0.007496 0.621073
0.007496 0.621090
0.007506 0.621140
0.007506 0.621207
0.007516 0.621223
0.007516 0.621290
0.007516 0.621340
0.007516 0.621357
0.007526 0.621374
0.007526 0.621390
0.007526 0.621457
0.007537 0.621474
0.007537 0.621491
0.007537 0.621524
0.007537 0.621557
0.007537 0.621591
0.007537 0.621674
0.007537 0.621691
0.007537 0.621725
0.007537 0.621791
0.007537 0.621892
0.007537 0.621908
0.007537 0.621959
0.007547 0.621975
0.007547 0.621992
0.007557 0.621992
0.007557 0.622025
0.007557 0.622092
0.007567 0.622092
0.007567 0.622142
0.007567 0.622176
0.007567 0.622226
0.007567 0.622243
0.007567 0.622309
0.007567 0.622360
0.007578 0.622376
0.007578 0.622443
0.007588 0.622460
0.007598 0.622460
0.007598 0.622477
0.007598 0.622510
0.007598 0.622577
0.007598 0.622610
0.007598 0.622677
0.007598 0.622694
0.007598 0.622727
0.007598 0.622828
0.007598 0.622861
0.007608 0.622911
0.007608 0.622945
0.007608 0.622961
0.007619 0.622978
0.007619 0.623028
0.007629 0.623028
0.007629 0.623045
0.007629 0.623112
0.007629 0.623162
0.007629 0.623229
0.007629 0.623245
0.007639 0.623262
0.007649 0.623262
0.007649 0.623279
0.007649 0.623329
0.007649 0.623362
0.007649 0.623396
0.007649 0.623412
0.007649 0.623446
0.007660 0.623463
0.007660 0.623479
0.007670 0.623479
0.007670 0.623529
0.007680 0.623529
0.007680 0.623546
0.007680 0.623580
0.007680 0.623596
0.007680 0.623663
0.007680 0.623713
0.007680 0.623747
0.007690 0.623780
0.007690 0.623797
0.007690 0.623830
0.007701 0.623847
0.007701 0.623897
0.007701 0.623914
0.007701 0.623981
0.007701 0.624031
0.007711 0.624031
0.007711 0.624098
0.007711 0.624131
0.007711 0.624164
0.007721 0.624164
0.007721 0.624181
0.007721 0.624215
0.007721 0.624231
0.007731 0.624248
0.007731 0.624265
0.007731 0.624365
0.007731 0.624398
0.007731 0.624482
0.007731 0.624532
0.007742 0.624532
0.007742 0.624632
0.007742 0.624699
0.007742 0.624716
0.007752 0.624733
0.007762 0.624733
0.007762 0.624766
0.007762 0.624799
0.007762 0.624833
0.007762 0.624933
0.007772 0.624933
0.007772 0.624967
0.007772 0.625067
0.007783 0.625100
0.007783 0.625117
0.007783 0.625184
0.007783 0.625267
0.007793 0.625284
0.007803 0.625284
0.007803 0.625318
0.007824 0.625318
0.007824 0.625368
0.007834 0.625368
0.007834 0.625384
0.007834 0.625418
0.007834 0.625451
0.007844 0.625485
0.007844 0.625518
0.007844 0.625568
0.007844 0.625585
0.007844 0.625618
0.007844 0.625668
0.007844 0.625702
0.007844 0.625836
0.007844 0.625869
0.007844 0.625953
0.007854 0.625969
0.007854 0.626003
0.007854 0.626053
0.007854 0.626070
0.007854 0.626136
0.007854 0.626170
0.007854 0.626220
0.007865 0.626220
0.007865 0.626287
0.007875 0.626303
0.007875 0.626320
0.007875 0.626354
0.007885 0.626354
0.007885 0.626387
0.007895 0.626420
0.007906 0.626420
0.007916 0.626454
0.007916 0.626554
0.007916 0.626654
0.007916 0.626688
0.007926 0.626705
0.007936 0.626755
0.007936 0.626805
0.007936 0.626838
0.007936 0.626872
0.007936 0.626939
0.007947 0.626972
0.007947 0.627022
0.007947 0.627072
0.007947 0.627139
0.007947 0.627239
0.007947 0.627256
0.007967 0.627256
0.007977 0.627289
0.007977 0.627306
0.007977 0.627356
0.007977 0.627423
0.007977 0.627473
0.007977 0.627523
0.007988 0.627540
0.007988 0.627557
0.007988 0.627590
0.007998 0.627590
0.007998 0.627624
0.008008 0.627640
0.008008 0.627657
0.008008 0.627691
0.008008 0.627707
0.008008 0.627757
0.008018 0.627757
0.008029 0.627774
0.008029 0.627791
0.008039 0.627824
0.008039 0.627841
0.008039 0.627874
0.008039 0.627924
0.008039 0.627941
0.008039 0.628008
0.008039 0.628025
0.008039 0.628058
0.008049 0.628058
0.008049 0.628092
0.008049 0.628108
0.008049 0.628175
0.008049 0.628259
0.008049 0.628275
0.008059 0.628275
0.008059 0.628359
0.008059 0.628376
0.008059 0.628409
0.008059 0.628443
0.008070 0.628443
0.008070 0.628459
0.008070 0.628493
0.008070 0.628526
0.008080 0.628593
0.008080 0.628626
0.008080 0.628643
0.008080 0.628676
0.008090 0.628793
0.008090 0.628827
0.008090 0.628927
0.008090 0.628994
0.008100 0.628994
0.008100 0.629044
0.008111 0.629044
0.008111 0.629078
0.008111 0.629094
0.008121 0.629094
0.008121 0.629144
0.008121 0.629195
0.008142 0.629228
0.008142 0.629261
0.008142 0.629311
0.008142 0.629328
0.008152 0.629345
0.008152 0.629378
0.008152 0.629395
0.008172 0.629428
0.008172 0.629445
0.008172 0.629479
0.008172 0.629512
0.008183 0.629529
0.008183 0.629562
0.008193 0.629562
0.008193 0.629612
0.008193 0.629629
0.008193 0.629696
0.008193 0.629746
0.008193 0.629763
0.008203 0.629779
0.008203 0.629813
0.008203 0.629846
0.008224 0.629863
0.008234 0.629880
0.008234 0.629947
0.008244 0.629947
0.008244 0.630097
0.008244 0.630130
0.008244 0.630147
0.008244 0.630180
0.008244 0.630197
0.008254 0.630197
0.008254 0.630214
0.008254 0.630264
0.008254 0.630281
0.008265 0.630281
0.008265 0.630314
0.008275 0.630364
0.008275 0.630398
0.008275 0.630465
0.008275 0.630531
0.008275 0.630582
0.008275 0.630598
0.008275 0.630648
0.008275 0.630682
0.008275 0.630749
0.008275 0.630782
0.008275 0.630799
0.008275 0.630832
0.008275 0.630882
0.008275 0.630966
0.008275 0.630983
0.008275 0.631083
0.008275 0.631100
0.008275 0.631133
0.008285 0.631133
0.008285 0.631233
0.008285 0.631283
0.008285 0.631317
0.008295 0.631317
0.008295 0.631350
0.008306 0.631350
0.008306 0.631400
0.008306 0.631417
0.008316 0.631417
0.008316 0.631467
0.008316 0.631534
0.008316 0.631568
0.008316 0.631601
0.008316 0.631651
0.008316 0.631684
0.008316 0.631701
0.008316 0.631801
0.008316 0.631818
0.008316 0.631852
0.008316 0.631952
0.008316 0.631985
0.008316 0.632052
0.008316 0.632086
0.008316 0.632152
0.008316 0.632219
0.008316 0.632269
0.008316 0.632303
0.008316 0.632336
0.008316 0.632386
0.008316 0.632436
0.008316 0.632470
0.008316 0.632487
0.008316 0.632553
0.008326 0.632553
0.008326 0.632570
0.008326 0.632620
0.008326 0.632654
0.008336 0.632704
0.008336 0.632721
0.008336 0.632787
0.008357 0.632854
0.008357 0.632921
0.008367 0.632955
0.008367 0.632988
0.008367 0.633005
0.008367 0.633038
0.008367 0.633088
0.008367 0.633172
0.008367 0.633189
0.008367 0.633322
0.008367 0.633389
0.008388 0.633389
0.008388 0.633439
0.008408 0.633439
0.008408 0.633489
0.008408 0.633506
0.008408 0.633539
0.008408 0.633590
0.008408 0.633623
0.008408 0.633656
0.008418 0.633673
0.008418 0.633707
0.008429 0.633740
0.008429 0.633790
0.008429 0.633824
0.008439 0.633874
0.008439 0.633907
0.008439 0.633941
0.008439 0.633957
0.008449 0.633957
0.008449 0.634007
0.008459 0.634007
0.008459 0.634057
0.008459 0.634091
0.008459 0.634141
0.008470 0.634174
0.008490 0.634191
0.008490 0.634241
0.008490 0.634275
0.008490 0.634291
0.008500 0.634291
0.008500 0.634308
0.008500 0.634358
0.008500 0.634442
0.008500 0.634459
0.008500 0.634525
0.008500 0.634576
0.008500 0.634609
0.008531 0.634626
0.008531 0.634659
0.008531 0.634693
0.008531 0.634743
0.008531 0.634809
0.008531 0.634843
0.008541 0.634893
0.008541 0.634960
0.008541 0.634993
0.008541 0.635010
0.008541 0.635160
0.008541 0.635194
0.008541 0.635227
0.008541 0.635261
0.008541 0.635277
0.008541 0.635328
0.008552 0.635378
0.008562 0.635394
0.008572 0.635394
0.008572 0.635495
0.008582 0.635495
0.008582 0.635528
0.008593 0.635578
0.008593 0.635612
0.008603 0.635645
0.008603 0.635662
0.008613 0.635662
0.008613 0.635729
0.008623 0.635729
0.008623 0.635779
0.008623 0.635829
0.008634 0.635829
0.008634 0.635862
0.008634 0.635896
0.008644 0.635946
0.008644 0.635963
0.008654 0.635996
0.008654 0.636063
0.008664 0.636096
0.008664 0.636113
0.008664 0.636163
0.008664 0.636197
0.008664 0.636247
0.008664 0.636397
0.008664 0.636414
0.008685 0.636447
0.008685 0.636514
0.008685 0.636531
0.008685 0.636581
0.008705 0.636581
0.008726 0.636614
0.008726 0.636648
0.008726 0.636698
0.008746 0.636715
0.008757 0.636748
0.008757 0.636798
0.008777 0.636798
0.008787 0.636848
0.008787 0.636865
0.008798 0.636882
0.008798 0.636949
0.008798 0.636982
0.008798 0.637066
0.008798 0.637082
0.008798 0.637149
0.008798 0.637166
0.008798 0.637199
0.008808 0.637199
0.008808 0.637249
0.008808 0.637299
0.008808 0.637350
0.008818 0.637366
0.008818 0.637400
0.008818 0.637416
0.008818 0.637467
0.008818 0.637533
0.008818 0.637617
0.008839 0.637617
0.008839 0.637634
0.008849 0.637650
0.008849 0.637667
0.008859 0.637667
0.008859 0.637734
0.008859 0.637751
0.008859 0.637801
0.008859 0.637818
0.008859 0.637918
0.008859 0.638001
0.008870 0.638018
0.008870 0.638035
0.008870 0.638068
0.008870 0.638102
0.008870 0.638202
0.008870 0.638302
0.008870 0.638402
0.008870 0.638436
0.008870 0.638453
0.008880 0.638469
0.008880 0.638570
0.008880 0.638603
0.008890 0.638620
0.008890 0.638653
0.008900 0.638670
0.008900 0.638737
0.008900 0.638787
0.008900 0.638820
0.008900 0.638904
0.008900 0.638920
0.008900 0.638954
0.008900 0.638971
0.008911 0.639021
0.008911 0.639037
0.008911 0.639071
0.008911 0.639121
0.008911 0.639154
0.008911 0.639171
0.008921 0.639171
0.008921 0.639188
0.008921 0.639238
0.008921 0.639255
0.008921 0.639288
0.008921 0.639305
0.008921 0.639372
0.008931 0.639372
0.008931 0.639388
0.008931 0.639455
0.008931 0.639472
0.008931 0.639539
0.008931 0.639639
0.008931 0.639672
0.008931 0.639723
0.008941 0.639756
0.008941 0.639823
0.008952 0.639856
0.008952 0.639906
0.008952 0.639973
0.008952 0.639990
0.008962 0.640007
0.008962 0.640040
0.008982 0.640057
0.008982 0.640074
0.008993 0.640074
0.008993 0.640107
0.008993 0.640124
0.009003 0.640140
0.009003 0.640157
0.009003 0.640191
0.009013 0.640191
0.009023 0.640241
0.009034 0.640257
0.009034 0.640358
0.009034 0.640374
0.009044 0.640391
0.009044 0.640441
0.009044 0.640475
0.009054 0.640525
0.009054 0.640558
0.009054 0.640608
0.009054 0.640625
0.009054 0.640658
0.009054 0.640709
0.009064 0.640709
0.009064 0.640742
0.009075 0.640759
0.009085 0.640759
0.009085 0.640892
0.009085 0.640959
0.009085 0.641009
0.009085 0.641026
0.009095 0.641043
0.009095 0.641093
0.009095 0.641126
0.009095 0.641143
0.009095 0.641193
0.009105 0.641227
0.009105 0.641243
0.009105 0.641293
0.009116 0.641344
0.009116 0.641360
0.009116 0.641410
0.009116 0.641444
0.009116 0.641461
0.009116 0.641494
0.009116 0.641511
0.009116 0.641544
0.009116 0.641578
0.009116 0.641644
0.009116 0.641661
0.009116 0.641761
0.009126 0.641761
0.009126 0.641778
0.009136 0.641828
0.009146 0.641828
0.009146 0.641862
0.009146 0.641878
0.009157 0.641895
0.009157 0.641928
0.009157 0.641962
0.009157 0.641995
0.009157 0.642012
0.009167 0.642012
0.009177 0.642096
0.009177 0.642129
0.009208 0.642129
0.009208 0.642196
0.009208 0.642213
0.009208 0.642296
0.009208 0.642396
0.009208 0.642447
0.009208 0.642547
0.009208 0.642564
0.009208 0.642597
0.009218 0.642614
0.009218 0.642630
0.009218 0.642680
0.009228 0.642680
0.009228 0.642697
0.009228 0.642781
0.009228 0.642814
0.009228 0.642881
0.009228 0.642898
0.009228 0.642931
0.009228 0.643031
0.009228 0.643048
0.009239 0.643065
0.009239 0.643115
0.009239 0.643148
0.009239 0.643182
0.009249 0.643232
0.009249 0.643249
0.009249 0.643282
0.009249 0.643316
0.009269 0.643316
0.009269 0.643366
0.009269 0.643399
0.009269 0.643466
0.009269 0.643499
0.009269 0.643533
0.009269 0.643549
0.009269 0.643583
0.009269 0.643600
0.009269 0.643666
0.009269 0.643683
0.009269 0.643733
0.009269 0.643783
0.009269 0.643817
0.009269 0.643867
0.009269 0.643967
0.009269 0.644017
0.009269 0.644084
0.009269 0.644118
0.009269 0.644168
0.009280 0.644201
0.009280 0.644235
0.009280 0.644251
0.009280 0.644335
0.009280 0.644368
0.009280 0.644402
0.009321 0.644402
0.009321 0.644452
0.009321 0.644485
0.009321 0.644502
0.009331 0.644502
0.009331 0.644569
0.009331 0.644586
0.009341 0.644586
0.009341 0.644636
0.009341 0.644703
0.009341 0.644719
0.009341 0.644786
0.009341 0.644803
0.009351 0.644836
0.009351 0.644903
0.009351 0.644970
0.009351 0.645020
0.009351 0.645053
0.009362 0.645053
0.009362 0.645104
0.009362 0.645120
0.009362 0.645170
0.009362 0.645204
0.009362 0.645221
0.009362 0.645271
0.009362 0.645304
0.009362 0.645354
0.009362 0.645388
0.009362 0.645488
0.009372 0.645521
0.009372 0.645588
0.009372 0.645638
0.009372 0.645672
0.009382 0.645755
0.009382 0.645822
0.009382 0.645872
0.009392 0.645906
0.009392 0.645973
0.009392 0.646006
0.009392 0.646039
0.009392 0.646056
0.009392 0.646123
0.009392 0.646140
0.009392 0.646207
0.009392 0.646223
0.009392 0.646257
0.009392 0.646290
0.009392 0.646357
0.009392 0.646390
0.009392 0.646407
0.009403 0.646407
0.009403 0.646424
0.009423 0.646491
0.009423 0.646591
0.009423 0.646624
0.009423 0.646691
0.009423 0.646725
0.009433 0.646725
0.009433 0.646775
0.009433 0.646808
0.009444 0.646808
0.009444 0.646842
0.009444 0.646892
0.009444 0.646925
0.009454 0.646925
0.009454 0.646992
0.009454 0.647025
0.009464 0.647042
0.009464 0.647126
0.009464 0.647176
0.009464 0.647226
0.009464 0.647259
0.009464 0.647276
0.009464 0.647343
0.009464 0.647393
0.009464 0.647443
0.009464 0.647460
0.009474 0.647460
0.009474 0.647510
0.009485 0.647577
0.009495 0.647610
0.009495 0.647627
0.009505 0.647644
0.009505 0.647694
0.009505 0.647727
0.009505 0.647744
0.009505 0.647777
0.009516 0.647794
0.009516 0.647811
0.009516 0.647844
0.009516 0.647894
0.009516 0.647995
0.009516 0.648028
0.009516 0.648061
0.009516 0.648078
0.009526 0.648095
0.009536 0.648145
0.009536 0.648229
0.009536 0.648245
0.009536 0.648279
0.009536 0.648295
0.009546 0.648295
0.009546 0.648346
0.009546 0.648379
0.009546 0.648396
0.009557 0.648396
0.009557 0.648429
0.009557 0.648479
0.009557 0.648513
0.009557 0.648563
0.009557 0.648596
0.009557 0.648646
0.009557 0.648680
0.009567 0.648697
0.009567 0.648713
0.009567 0.648747
0.009567 0.648763
0.009567 0.648797
0.009567 0.648814
0.009577 0.648864
0.009577 0.648930
0.009577 0.648947
0.009577 0.649014
0.009577 0.649031
0.009608 0.649081
0.009608 0.649148
0.009608 0.649215
0.009608 0.649231
0.009618 0.649265
0.009618 0.649281
0.009618 0.649315
0.009618 0.649365
0.009628 0.649398
0.009639 0.649415
0.009639 0.649449
0.009639 0.649465
0.009639 0.649532
0.009639 0.649616
0.009639 0.649632
0.009649 0.649632
0.009649 0.649682
0.009649 0.649699
0.009649 0.649766
0.009649 0.649816
0.009649 0.649866
0.009649 0.649900
0.009649 0.649933
0.009649 0.649950
0.009649 0.650017
0.009659 0.650033
0.009659 0.650067
0.009680 0.650100
0.009680 0.650167
0.009680 0.650201
0.009690 0.650234
0.009690 0.650284
0.009690 0.650301
0.009690 0.650401
0.009690 0.650535
0.009700 0.650551
0.009700 0.650585
0.009700 0.650652
0.009700 0.650668
0.009721 0.650769
0.009721 0.650802
0.009721 0.650819
0.009721 0.650852
0.009731 0.650869
0.009731 0.650886
0.009741 0.650886
0.009741 0.650953
0.009741 0.651036
0.009751 0.651070
0.009751 0.651120
0.009751 0.651186
0.009751 0.651237
0.009751 0.651303
0.009762 0.651303
0.009762 0.651337
0.009782 0.651370
0.009792 0.651404
0.009792 0.651420
0.009792 0.651454
0.009792 0.651487
0.009792 0.651537
0.009792 0.651604
0.009792 0.651621
0.009792 0.651654
0.009792 0.651688
0.009803 0.651688
0.009803 0.651738
0.009803 0.651805
0.009803 0.651872
0.009803 0.651905
0.009813 0.651939
0.009813 0.651989
0.009813 0.652022
0.009823 0.652022
0.009823 0.652055
0.009833 0.652072
0.009833 0.652089
0.009833 0.652189
0.009844 0.652239
0.009844 0.652273
0.009844 0.652289
0.009854 0.652340
0.009854 0.652390
0.009854 0.652423
0.009864 0.652490
0.009864 0.652507
0.009864 0.652557
0.009864 0.652607
0.009864 0.652640
0.009864 0.652657
0.009864 0.652741
0.009864 0.652807
0.009864 0.652824
0.009864 0.652858
0.009874 0.652908
0.009874 0.652941
0.009874 0.652991
0.009874 0.653125
0.009874 0.653142
0.009874 0.653175
0.009874 0.653242
0.009874 0.653309
0.009885 0.653342
0.009885 0.653443
0.009885 0.653476
0.009885 0.653509
0.009885 0.653526
0.009885 0.653593
0.009885 0.653610
0.009895 0.653643
0.009895 0.653676
0.009895 0.653727
0.009926 0.653777
0.009926 0.653810
0.009926 0.653844
0.009926 0.653860
0.009926 0.653894
0.009946 0.653944
0.009946 0.654011
0.009946 0.654061
0.009946 0.654078
0.009956 0.654111
0.009956 0.654128
0.009956 0.654278
0.009956 0.654311
0.009967 0.654345
0.009967 0.654412
0.009967 0.654462
0.009977 0.654495
0.009977 0.654529
0.009997 0.654545
0.009997 0.654562
0.009997 0.654596
0.009997 0.654629
0.009997 0.654662
0.010008 0.654679
0.010008 0.654696
0.010018 0.654713
0.010018 0.654796
0.010018 0.654830
0.010028 0.654846
0.010038 0.654846
0.010038 0.654863
0.010038 0.654896
0.010038 0.654913
0.010049 0.654913
0.010049 0.654930
0.010049 0.654997
0.010049 0.655013
0.010049 0.655047
0.010049 0.655080
0.010059 0.655114
0.010059 0.655147
0.010069 0.655147
0.010069 0.655180
0.010069 0.655281
0.010069 0.655364
0.010079 0.655364
0.010079 0.655381
0.010090 0.655398
0.010090 0.655431
0.010090 0.655481
0.010090 0.655498
0.010090 0.655531
0.010090 0.655632
0.010090 0.655665
0.010090 0.655715
0.010090 0.655732
0.010100 0.655749
0.010100 0.655765
0.010100 0.655832
0.010100 0.655849
0.010100 0.655882
0.010100 0.655916
0.010100 0.655949
0.010100 0.656016
0.010100 0.656049
0.010100 0.656100
0.010100 0.656133
0.010100 0.656166
0.010110 0.656166
0.010110 0.656200
0.010110 0.656267
0.010110 0.656317
0.010110 0.656350
0.010110 0.656367
0.010120 0.656367
0.010120 0.656384
0.010141 0.656400
0.010151 0.656451
0.010151 0.656467
0.010151 0.656534
0.010151 0.656551
0.010151 0.656584
0.010151 0.656651
0.010151 0.656684
0.010161 0.656735
0.010161 0.656751
0.010161 0.656785
0.010161 0.656818
0.010161 0.656868
0.010161 0.656918
0.010172 0.656969
0.010172 0.656985
0.010172 0.657035
0.010182 0.657035
0.010182 0.657069
0.010182 0.657136
0.010192 0.657136
0.010192 0.657169
0.010192 0.657203
0.010192 0.657236
0.010192 0.657253
0.010192 0.657286
0.010192 0.657336
0.010192 0.657436
0.010192 0.657453
0.010203 0.657453
0.010203 0.657553
0.010213 0.657553
0.010213 0.657570
0.010223 0.657587
0.010233 0.657620
0.010244 0.657670
0.010254 0.657670
0.010274 0.657704
0.010274 0.657721
0.010274 0.657754
0.010274 0.657804
0.010274 0.657854
0.010274 0.657888
0.010274 0.657938
0.010274 0.657971
0.010274 0.657988
0.010274 0.658038
0.010274 0.658055
0.010274 0.658088
0.010295 0.658105
0.010295 0.658155
0.010295 0.658189
0.010326 0.658189
0.010326 0.658222
0.010346 0.658272
0.010356 0.658339
0.010356 0.658372
0.010356 0.658473
0.010356 0.658523
0.010367 0.658523
0.010367 0.658590
0.010367 0.658690
0.010367 0.658740
0.010367 0.658790
0.010377 0.658807
0.010377 0.658857
0.010377 0.658890
0.010387 0.658890
0.010387 0.658924
0.010387 0.658941
0.010397 0.658974
0.010408 0.658991
0.010408 0.659024
0.010408 0.659091
0.010408 0.659141
0.010408 0.659241
0.010418 0.659258
0.010418 0.659325
0.010428 0.659358
0.010428 0.659375
0.010438 0.659375
0.010438 0.659425
0.010438 0.659475
0.010438 0.659509
0.010438 0.659525
0.010449 0.659525
0.010449 0.659559
0.010449 0.659592
0.010449 0.659626
0.010449 0.659659
0.010449 0.659693
0.010449 0.659726
0.010449 0.659743
0.010449 0.659776
0.010459 0.659793
0.010469 0.659793
0.010469 0.659860
0.010469 0.660060
0.010469 0.660094
0.010479 0.660094
0.010479 0.660110
0.010510 0.660127
0.010510 0.660144
0.010510 0.660211
0.010520 0.660211
0.010520 0.660311
0.010520 0.660344
0.010520 0.660411
0.010520 0.660461
0.010520 0.660478
0.010531 0.660495
0.010531 0.660545
0.010531 0.660578
0.010551 0.660612
0.010561 0.660612
0.010582 0.660645
0.010582 0.660678
0.010582 0.660712
0.010592 0.660729
0.010592 0.660745
0.010592 0.660779
0.010602 0.660812
0.010602 0.660862
0.010602 0.660879
0.010613 0.660946
0.010613 0.660979
0.010623 0.660979
0.010623 0.661013
0.010643 0.661046
0.010643 0.661063
0.010643 0.661096
0.010643 0.661146
0.010643 0.661180
0.010643 0.661197
0.010654 0.661197
0.010674 0.661247
0.010674 0.661297
0.010674 0.661314
0.010674 0.661397
0.010674 0.661447
0.010674 0.661497
0.010674 0.661531
0.010674 0.661547
0.010674 0.661581
0.010674 0.661598
0.010674 0.661648
0.010684 0.661748
0.010695 0.661748
0.010715 0.661781
0.010715 0.661815
0.010715 0.661848
0.010725 0.661848
0.010725 0.661882
0.010725 0.661915
0.010725 0.661949
0.010736 0.662032
0.010736 0.662132
0.010746 0.662149
0.010746 0.662182
0.010746 0.662266
0.010746 0.662283
0.010756 0.662316
0.010756 0.662333
0.010756 0.662433
0.010756 0.662467
0.010756 0.662500
0.010777 0.662517
0.010777 0.662550
0.010787 0.662584
0.010787 0.662650
0.010787 0.662717
0.010787 0.662767
0.010787 0.662801
0.010797 0.662801
0.010818 0.662801
0.010818 0.662868
0.010818 0.662884
0.010818 0.662918
0.010828 0.662951
0.010838 0.662951
0.010838 0.663001
0.010838 0.663035
0.010838 0.663051
0.010838 0.663118
0.010849 0.663135
0.010869 0.663152
0.010879 0.663202
0.010879 0.663269
0.010879 0.663302
0.010879 0.663369
0.010890 0.663386
0.010890 0.663419
0.010900 0.663453
0.010900 0.663486
0.010910 0.663503
0.010910 0.663536
0.010910 0.663653
0.010910 0.663670
0.010931 0.663703
0.010931 0.663737
0.010941 0.663737
0.010951 0.663787
0.010951 0.663854
0.010961 0.663920
0.010961 0.664021
0.010961 0.664071
0.010961 0.664121
0.010972 0.664138
0.010972 0.664154
0.010972 0.664205
0.010972 0.664221
0.010972 0.664255
0.010972 0.664271
0.010972 0.664305
0.010972 0.664372
0.010972 0.664439
0.010982 0.664439
0.010982 0.664455
0.010992 0.664522
0.010992 0.664572
0.010992 0.664656
0.010992 0.664723
0.011002 0.664739
0.011002 0.664806
0.011002 0.664823
0.011013 0.664823
0.011013 0.664856
0.011013 0.664906
0.011033 0.664923
0.011033 0.664973
0.011033 0.665007
0.011033 0.665074
0.011033 0.665090
0.011033 0.665157
0.011043 0.665174
0.011043 0.665224
0.011054 0.665274
0.011054 0.665324
0.011054 0.665358
0.011054 0.665424
0.011054 0.665441
0.011054 0.665475
0.011054 0.665491
0.011054 0.665525
0.011054 0.665541
0.011064 0.665558
0.011064 0.665592
0.011064 0.665625
0.011064 0.665692
0.011064 0.665725
0.011064 0.665759
0.011074 0.665759
0.011074 0.665809
0.011074 0.665876
0.011084 0.665909
0.011095 0.665926
0.011105 0.665926
0.011105 0.665959
0.011105 0.666026
0.011105 0.666093
0.011125 0.666110
0.011146 0.666110
0.011146 0.666143
0.011166 0.666176
0.011166 0.666193
0.011177 0.666210
0.011177 0.666260
0.011177 0.666293
0.011177 0.666344
0.011177 0.666377
0.011177 0.666427
0.011177 0.666461
0.011197 0.666461
0.011197 0.666561
0.011197 0.666578
0.011218 0.666644
0.011218 0.666661
0.011218 0.666695
0.011218 0.666745
0.011218 0.666795
0.011228 0.666811
0.011238 0.666811
0.011238 0.666845
0.011248 0.666862
0.011248 0.666912
0.011248 0.666928
0.011269 0.666945
0.011279 0.666979
0.011300 0.666995
0.011300 0.667029
0.011300 0.667062
0.011300 0.667129
0.011310 0.667146
0.011330 0.667162
0.011330 0.667179
0.011330 0.667263
0.011330 0.667330
0.011341 0.667330
0.011341 0.667363
0.011341 0.667380
0.011351 0.667380
0.011351 0.667396
0.011351 0.667447
0.011351 0.667480
0.011351 0.667564
0.011351 0.667630
0.011351 0.667664
0.011351 0.667697
0.011351 0.667747
0.011351 0.667831
0.011351 0.667881
0.011361 0.667881
0.011361 0.667948
0.011361 0.667998
0.011361 0.668031
0.011371 0.668031
0.011371 0.668065
0.011371 0.668098
0.011382 0.668115
0.011382 0.668165
0.011392 0.668199
0.011392 0.668249
0.011392 0.668265
0.011392 0.668299
0.011392 0.668316
0.011392 0.668349
0.011392 0.668399
0.011392 0.668416
0.011392 0.668449
0.011392 0.668466
0.011423 0.668466
0.011433 0.668483
0.011433 0.668499
0.011453 0.668583
0.011453 0.668633
0.011453 0.668733
0.011453 0.668817
0.011453 0.668834
0.011453 0.668867
0.011453 0.668884
0.011464 0.668884
0.011464 0.668934
0.011464 0.668951
0.011474 0.668984
0.011484 0.669001
0.011484 0.669017
0.011494 0.669084
0.011494 0.669134
0.011494 0.669151
0.011494 0.669184
0.011494 0.669268
0.011494 0.669335
0.011494 0.669368
0.011494 0.669435
0.011494 0.669452
0.011505 0.669502
0.011505 0.669535
0.011505 0.669552
0.011505 0.669619
0.011505 0.669669
0.011515 0.669686
0.011525 0.669736
0.011536 0.669769
0.011536 0.669803
0.011536 0.669820
0.011536 0.669886
0.011546 0.669920
0.011546 0.669987
0.011546 0.670053
0.011546 0.670120
0.011566 0.670120
0.011566 0.670137
0.011566 0.670204
0.011566 0.670221
0.011566 0.670271
0.011587 0.670304
0.011587 0.670354
0.011597 0.670388
0.011618 0.670388
0.011628 0.670421
0.011628 0.670455
0.011628 0.670471
0.011638 0.670488
0.011638 0.670521
0.011638 0.670572
0.011659 0.670622
0.011669 0.670622
0.011669 0.670655
0.011669 0.670705
0.011679 0.670722
0.011679 0.670739
0.011679 0.670872
0.011679 0.670889
0.011679 0.670956
0.011689 0.670973
0.011689 0.671006
0.011700 0.671006
0.011700 0.671023
0.011700 0.671056
0.011700 0.671073
0.011700 0.671106
0.011700 0.671123
0.011710 0.671123
0.011710 0.671140
0.011730 0.671173
0.011730 0.671190
0.011741 0.671240
0.011741 0.671257
0.011751 0.671257
0.011751 0.671290
0.011761 0.671290
0.011761 0.671357
0.011761 0.671374
0.011761 0.671424
0.011761 0.671457
0.011771 0.671474
0.011782 0.671541
0.011802 0.671557
0.011802 0.671591
0.011802 0.671608
0.011823 0.671624
0.011823 0.671658
0.011823 0.671674
0.011833 0.671691
0.011833 0.671758
0.011833 0.671791
0.011833 0.671808
0.011833 0.671842
0.011833 0.671858
0.011853 0.671875
0.011853 0.671908
0.011853 0.671942
0.011864 0.672009
0.011874 0.672009
0.011874 0.672042
0.011874 0.672076
0.011874 0.672092
0.011874 0.672159
0.011874 0.672209
0.011874 0.672259
0.011874 0.672309
0.011884 0.672309
0.011884 0.672360
0.011884 0.672393
0.011884 0.672426
0.011884 0.672443
0.011884 0.672510
0.011884 0.672610
0.011884 0.672644
0.011905 0.672677
0.011905 0.672694
0.011905 0.672727
0.011905 0.672744
0.011905 0.672878
0.011905 0.672894
0.011915 0.672911
0.011915 0.672961
0.011925 0.673011
0.011925 0.673045
0.011925 0.673061
0.011925 0.673112
0.011925 0.673162
0.011935 0.673195
0.011946 0.673212
0.011946 0.673229
0.011946 0.673262
0.011946 0.673279
0.011946 0.673312
0.011946 0.673329
0.011946 0.673362
0.011946 0.673379
0.011946 0.673429
0.011956 0.673463
0.011956 0.673479
0.011966 0.673479
0.011966 0.673563
0.011976 0.673580
0.011987 0.673580
0.011987 0.673596
0.011997 0.673596
0.011997 0.673663
0.011997 0.673697
0.012007 0.673697
0.012007 0.673713
0.012007 0.673747
0.012017 0.673763
0.012017 0.673797
0.012017 0.673814
0.012017 0.673847
0.012017 0.673864
0.012017 0.673897
0.012028 0.673897
0.012028 0.673914
0.012038 0.673914
0.012038 0.673930
0.012038 0.673964
0.012038 0.674047
0.012038 0.674114
0.012048 0.674114
0.012048 0.674148
0.012058 0.674198
0.012058 0.674248
0.012069 0.674281
0.012069 0.674348
0.012069 0.674382
0.012069 0.674432
0.012069 0.674482
0.012069 0.674515
0.012079 0.674566
0.012099 0.674566
0.012099 0.674599
0.012099 0.674699
0.012099 0.674733
0.012110 0.674766
0.012110 0.674850
0.012120 0.674866
0.012140 0.674866
0.012140 0.674900
0.012140 0.674933
0.012151 0.674967
0.012151 0.674983
0.012161 0.675000
0.012161 0.675017
0.012161 0.675117
0.012161 0.675167
0.012171 0.675184
0.012171 0.675234
0.012171 0.675267
0.012181 0.675284
0.012181 0.675334
0.012181 0.675351
0.012192 0.675384
0.012192 0.675468
0.012192 0.675602
0.012192 0.675618
0.012192 0.675685
0.012192 0.675719
0.012192 0.675769
0.012192 0.675802
0.012202 0.675802
0.012202 0.675836
0.012212 0.675852
0.012212 0.675886
0.012223 0.675886
0.012223 0.675902
0.012243 0.675969
0.012243 0.675986
0.012253 0.676003
0.012253 0.676036
0.012264 0.676103
0.012264 0.676120
0.012274 0.676170
0.012274 0.676186
0.012274 0.676237
0.012274 0.676253
0.012274 0.676303
0.012274 0.676337
0.012274 0.676370
0.012274 0.676420
0.012284 0.676454
0.012284 0.676521
0.012305 0.676537
0.012305 0.676604
0.012315 0.676621
0.012315 0.676721
0.012315 0.676738
0.012315 0.676788
0.012315 0.676805
0.012325 0.676838
0.012325 0.676872
0.012325 0.676905
0.012335 0.676955
0.012335 0.676972
0.012346 0.676989
0.012356 0.676989
0.012356 0.677005
0.012366 0.677039
0.012366 0.677072
0.012366 0.677106
0.012387 0.677106
0.012387 0.677139
0.012387 0.677189
0.012387 0.677223
0.012387 0.677256
0.012387 0.677289
0.012387 0.677306
0.012397 0.677340
0.012397 0.677373
0.012407 0.677440
0.012407 0.677490
0.012407 0.677507
0.012407 0.677540
0.012407 0.677557
0.012407 0.677590
0.012407 0.677691
0.012407 0.677724
0.012417 0.677757
0.012428 0.677824
0.012428 0.677858
0.012458 0.677891
0.012469 0.677924
0.012479 0.677991
0.012479 0.678041
0.012489 0.678092
0.012499 0.678092
0.012499 0.678175
0.012520 0.678209
0.012520 0.678259
0.012520 0.678292
0.012520 0.678309
0.012530 0.678342
0.012530 0.678376
0.012530 0.678392
0.012551 0.678526
0.012551 0.678543
0.012561 0.678559
0.012581 0.678576
0.012581 0.678610
0.012581 0.678626
0.012592 0.678676
0.012612 0.678693
0.012612 0.678710
0.012622 0.678743
0.012622 0.678760
0.012643 0.678777
0.012653 0.678793
0.012653 0.678827
0.012653 0.678844
0.012674 0.678877
0.012674 0.678894
0.012674 0.678927
0.012674 0.678961
0.012674 0.679011
0.012674 0.679044
0.012674 0.679061
0.012674 0.679144
0.012674 0.679178
0.012674 0.679195
0.012674 0.679245
0.012694 0.679278
0.012694 0.679295
0.012694 0.679328
0.012694 0.679362
0.012694 0.679395
0.012694 0.679412
0.012704 0.679445
0.012704 0.679462
0.012704 0.679495
0.012704 0.679512
0.012725 0.679529
0.012745 0.679529
0.012745 0.679545
0.012745 0.679596
0.012756 0.679596
0.012756 0.679679
0.012756 0.679713
0.012756 0.679779
0.012766 0.679813
0.012766 0.679830
0.012766 0.679930
0.012766 0.679947
0.012766 0.680013
0.012766 0.680030
0.012776 0.680030
0.012776 0.680064
0.012776 0.680097
0.012776 0.680130
0.012776 0.680180
0.012776 0.680247
0.012786 0.680247
0.012786 0.680297
0.012786 0.680381
0.012797 0.680381
0.012807 0.680431
0.012807 0.680481
0.012817 0.680498
0.012817 0.680515
0.012827 0.680565
0.012838 0.680565
0.012838 0.680598
0.012838 0.680632
0.012848 0.680699
0.012848 0.680715
0.012858 0.680749
0.012858 0.680765
0.012868 0.680816
0.012868 0.680832
0.012868 0.680882
0.012868 0.680899
0.012868 0.680949
0.012868 0.680966
0.012868 0.680999
0.012868 0.681049
0.012868 0.681066
0.012868 0.681116
0.012868 0.681133
0.012868 0.681200
0.012868 0.681233
0.012868 0.681250
0.012868 0.681283
0.012868 0.681300
0.012879 0.681317
0.012879 0.681334
0.012879 0.681384
0.012879 0.681417
0.012889 0.681434
0.012889 0.681484
0.012889 0.681517
0.012910 0.681517
0.012910 0.681618
0.012920 0.681618
0.012920 0.681634
0.012930 0.681684
0.012930 0.681718
0.012930 0.681818
0.012930 0.681835
0.012930 0.681885
0.012940 0.681902
0.012940 0.682002
0.012951 0.682035
0.012951 0.682086
0.012951 0.682119
0.012951 0.682186
0.012951 0.682286
0.012951 0.682336
0.012951 0.682353
0.012951 0.682453
0.012951 0.682487
0.012951 0.682520
0.012951 0.682587
0.012951 0.682604
0.012951 0.682637
0.012951 0.682654
0.012961 0.682654
0.012961 0.682737
0.012961 0.682771
0.012961 0.682787
0.012961 0.682838
0.012971 0.682854
0.012971 0.682888
0.012971 0.682904
0.012971 0.682938
0.012971 0.682955
0.012981 0.682971
0.012981 0.683021
0.012981 0.683055
0.012981 0.683138
0.012981 0.683172
0.012981 0.683189
0.012981 0.683222
0.012981 0.683239
0.012992 0.683272
0.012992 0.683339
0.012992 0.683389
0.012992 0.683406
0.012992 0.683473
0.012992 0.683489
0.012992 0.683523
0.012992 0.683539
0.012992 0.683573
0.012992 0.683623
0.012992 0.683640
0.012992 0.683673
0.013002 0.683690
0.013002 0.683740
0.013002 0.683773
0.013012 0.683790
0.013022 0.683790
0.013022 0.683824
0.013022 0.683840
0.013022 0.683874
0.013033 0.683890
0.013043 0.683941
0.013043 0.683957
0.013053 0.683957
0.013053 0.684007
0.013074 0.684007
0.013074 0.684041
0.013074 0.684057
0.013084 0.684091
0.013084 0.684158
0.013084 0.684174
0.013094 0.684225
0.013104 0.684258
0.013104 0.684325
0.013104 0.684375
0.013115 0.684375
0.013115 0.684425
0.013115 0.684442
0.013135 0.684459
0.013135 0.684475
0.013145 0.684475
0.013145 0.684492
0.013145 0.684559
0.013156 0.684576
0.013156 0.684626
0.013166 0.684642
0.013166 0.684676
0.013176 0.684709
0.013176 0.684726
0.013176 0.684759
0.013197 0.684776
0.013197 0.684843
0.013197 0.684860
0.013207 0.684860
0.013207 0.684993
0.013207 0.685094
0.013217 0.685094
0.013217 0.685144
0.013227 0.685177
0.013238 0.685177
0.013248 0.685244
0.013258 0.685294
0.013268 0.685311
0.013268 0.685378
0.013279 0.685378
0.013279 0.685394
0.013299 0.685394
0.013299 0.685411
0.013299 0.685461
0.013299 0.685511
0.013299 0.685545
0.013299 0.685561
0.013299 0.685628
0.013299 0.685645
0.013299 0.685678
0.013309 0.685712
0.013309 0.685745
0.013330 0.685745
0.013340 0.685762
0.013361 0.685779
0.013371 0.685812
0.013371 0.685862
0.013371 0.685879
0.013371 0.685912
0.013381 0.685929
0.013381 0.686096
0.013391 0.686096
0.013391 0.686130
0.013402 0.686146
0.013402 0.686163
0.013412 0.686163
0.013412 0.686197
0.013422 0.686197
0.013422 0.686213
0.013432 0.686213
0.013443 0.686247
0.013443 0.686280
0.013443 0.686380
0.013443 0.686397
0.013443 0.686464
0.013443 0.686497
0.013443 0.686598
0.013443 0.686631
0.013443 0.686648
0.013453 0.686648
0.013453 0.686664
0.013463 0.686681
0.013463 0.686698
0.013473 0.686731
0.013484 0.686748
0.013484 0.686798
0.013494 0.686798
0.013494 0.686848
0.013494 0.686882
0.013494 0.686949
0.013494 0.686999
0.013494 0.687032
0.013494 0.687049
0.013494 0.687082
0.013514 0.687116
0.013525 0.687166
0.013525 0.687233
0.013525 0.687266
0.013535 0.687266
0.013535 0.687299
0.013535 0.687350
0.013535 0.687400
0.013535 0.687467
0.013545 0.687500
0.013545 0.687533
0.013555 0.687533
0.013576 0.687567
0.013617 0.687584
0.013617 0.687617
0.013617 0.687650
0.013617 0.687684
0.013617 0.687701
0.013627 0.687701
0.013648 0.687701
0.013658 0.687717
0.013658 0.687734
0.013658 0.687784
0.013658 0.687818
0.013668 0.687818
0.013668 0.687851
0.013668 0.687918
0.013679 0.687918
0.013679 0.687951
0.013679 0.687968
0.013679 0.688001
0.013689 0.688001
0.013689 0.688035
0.013689 0.688051
0.013689 0.688085
0.013709 0.688152
0.013709 0.688185
0.013720 0.688252
0.013720 0.688269
0.013720 0.688336
0.013720 0.688369
0.013730 0.688369
0.013730 0.688419
0.013730 0.688453
0.013740 0.688453
0.013740 0.688486
0.013750 0.688536
0.013750 0.688603
0.013750 0.688620
0.013750 0.688686
0.013771 0.688703
0.013781 0.688737
0.013791 0.688753
0.013791 0.688803
0.013802 0.688820
0.013802 0.688837
0.013812 0.688837
0.013822 0.688854
0.013822 0.688870
0.013822 0.688920
0.013832 0.688937
0.013832 0.688971
0.013843 0.688971
0.013843 0.689004
0.013843 0.689021
0.013853 0.689021
0.013853 0.689054
0.013853 0.689071
0.013853 0.689171
0.013853 0.689205
0.013853 0.689255
0.013873 0.689255
0.013884 0.689255
0.013884 0.689288
0.013904 0.689305
0.013914 0.689338
0.013914 0.689355
0.013914 0.689405
0.013914 0.689472
0.013914 0.689539
0.013914 0.689606
0.013914 0.689739
0.013914 0.689806
0.013914 0.689840
0.013925 0.689890
0.013945 0.689890
0.013945 0.689923
0.013945 0.689957
0.013955 0.689973
0.013966 0.690007
0.013966 0.690057
0.013986 0.690074
0.013986 0.690124
0.013986 0.690140
0.013996 0.690174
0.013996 0.690207
0.013996 0.690224
0.013996 0.690257
0.014007 0.690274
0.014017 0.690307
0.014017 0.690341
0.014027 0.690341
0.014027 0.690374
0.014027 0.690408
0.014037 0.690424
0.014037 0.690458
0.014048 0.690491
0.014048 0.690525
0.014058 0.690541
0.014058 0.690558
0.014058 0.690592
0.014068 0.690592
0.014089 0.690592
0.014089 0.690625
0.014089 0.690675
0.014099 0.690709
0.014109 0.690709
0.014109 0.690725
0.014119 0.690742
0.014119 0.690759
0.014119 0.690842
0.014119 0.690859
0.014130 0.690892
0.014140 0.690892
0.014140 0.690959
0.014140 0.690976
0.014150 0.691043
0.014150 0.691110
0.014160 0.691110
0.014160 0.691126
0.014160 0.691193
0.014160 0.691327
0.014160 0.691344
0.014191 0.691344
0.014191 0.691377
0.014191 0.691394
0.014191 0.691427
0.014201 0.691527
0.014201 0.691561
0.014201 0.691628
0.014201 0.691644
0.014212 0.691678
0.014212 0.691728
0.014232 0.691761
0.014243 0.691795
0.014253 0.691845
0.014253 0.691912
0.014253 0.691928
0.014263 0.691962
0.014284 0.691995
0.014284 0.692012
0.014294 0.692029
0.014294 0.692045
0.014304 0.692062
0.014304 0.692079
0.014304 0.692129
0.014304 0.692162
0.014304 0.692196
0.014304 0.692246
0.014304 0.692313
0.014304 0.692363
0.014314 0.692413
0.014314 0.692497
0.014314 0.692530
0.014345 0.692547
0.014345 0.692597
0.014355 0.692614
0.014355 0.692630
0.014376 0.692630
0.014376 0.692697
0.014376 0.692731
0.014396 0.692764
0.014396 0.692831
0.014396 0.692848
0.014407 0.692898
0.014417 0.692898
0.014417 0.692931
0.014427 0.692931
0.014427 0.692948
0.014437 0.692981
0.014448 0.692981
0.014458 0.693015
0.014458 0.693082
0.014458 0.693132
0.014468 0.693165
0.014468 0.693199
0.014489 0.693299
0.014489 0.693349
0.014489 0.693382
0.014499 0.693399
0.014499 0.693432
0.014499 0.693449
0.014499 0.693483
0.014499 0.693499
0.014519 0.693600
0.014519 0.693666
0.014519 0.693700
0.014530 0.693783
0.014540 0.693817
0.014540 0.693850
0.014540 0.693900
0.014540 0.693934
0.014540 0.694034
0.014540 0.694051
0.014540 0.694084
0.014550 0.694118
0.014560 0.694118
0.014560 0.694134
0.014581 0.694151
0.014591 0.694184
0.014591 0.694218
0.014591 0.694251
0.014612 0.694251
0.014612 0.694285
0.014622 0.694301
0.014632 0.694301
0.014632 0.694335
0.014632 0.694352
0.014642 0.694402
0.014642 0.694452
0.014642 0.694519
0.014653 0.694519
0.014653 0.694552
0.014653 0.694569
0.014653 0.694669
0.014663 0.694736
0.014683 0.694820
0.014683 0.694870
0.014683 0.695037
0.014704 0.695087
0.014704 0.695170
0.014704 0.695204
0.014714 0.695204
0.014714 0.695221
0.014714 0.695321
0.014714 0.695338
0.014714 0.695371
0.014714 0.695438
0.014714 0.695471
0.014714 0.695521
0.014714 0.695538
0.014714 0.695572
0.014714 0.695588
0.014714 0.695655
0.014724 0.695705
0.014724 0.695739
0.014724 0.695755
0.014735 0.695755
0.014776 0.695755
0.014776 0.695789
0.014796 0.695789
0.014817 0.695805
0.014817 0.695839
0.014817 0.695872
0.014817 0.695906
0.014817 0.695922
0.014817 0.696023
0.014817 0.696056
0.014817 0.696123
0.014817 0.696173
0.014827 0.696207
0.014827 0.696223
0.014827 0.696257
0.014837 0.696307
0.014837 0.696357
0.014837 0.696390
0.014837 0.696474
0.014837 0.696507
0.014837 0.696574
0.014847 0.696574
0.014847 0.696591
0.014847 0.696658
0.014847 0.696725
0.014847 0.696791
0.014847 0.696808
0.014847 0.696842
0.014847 0.696858
0.014858 0.696875
0.014868 0.696875
0.014878 0.696925
0.014878 0.696942
0.014878 0.697042
0.014878 0.697059
0.014888 0.697076
0.014909 0.697142
0.014930 0.697176
0.014940 0.697209
0.014950 0.697226
0.014950 0.697259
0.014960 0.697259
0.014960 0.697293
0.014971 0.697309
0.014971 0.697360
0.014981 0.697360
0.014981 0.697376
0.014991 0.697393
0.014991 0.697426
0.014991 0.697527
0.014991 0.697543
0.015001 0.697560
0.015001 0.697594
0.015001 0.697711
0.015001 0.697777
0.015001 0.697794
0.015012 0.697811
0.015012 0.697828
0.015012 0.697894
0.015012 0.697961
0.015022 0.697978
0.015022 0.698011
0.015022 0.698078
0.015032 0.698128
0.015032 0.698178
0.015042 0.698195
0.015063 0.698212
0.015063 0.698245
0.015063 0.698262
0.015073 0.698262
0.015083 0.698329
0.015104 0.698346
0.015104 0.698362
0.015104 0.698396
0.015114 0.698412
0.015114 0.698446
0.015114 0.698513
0.015114 0.698546
0.015135 0.698580
0.015155 0.698580
0.015165 0.698596
0.015165 0.698630
0.015165 0.698646
0.015165 0.698680
0.015165 0.698697
0.015165 0.698797
0.015165 0.698830
0.015176 0.698847
0.015176 0.698864
0.015176 0.698914
0.015186 0.698914
0.015217 0.698914
0.015217 0.698964
0.015217 0.698981
0.015227 0.699014
0.015227 0.699031
0.015227 0.699114
0.015237 0.699181
0.015237 0.699198
0.015237 0.699265
0.015258 0.699315
0.015258 0.699348
0.015258 0.699415
0.015258 0.699432
0.015268 0.699432
0.015268 0.699482
0.015268 0.699549
0.015268 0.699566
0.015278 0.699582
0.015278 0.699632
0.015288 0.699649
0.015288 0.699699
0.015299 0.699716
0.015309 0.699716
0.015309 0.699783
0.015309 0.699833
0.015309 0.699883
0.015319 0.699916
0.015319 0.699933
0.015319 0.699967
0.015319 0.699983
0.015340 0.700000
0.015340 0.700033
0.015360 0.700033
0.015360 0.700050
0.015360 0.700084
0.015360 0.700100
0.015370 0.700150
0.015370 0.700184
0.015370 0.700234
0.015381 0.700267
0.015381 0.700284
0.015401 0.700301
0.015411 0.700334
0.015411 0.700351
0.015411 0.700401
0.015411 0.700418
0.015422 0.700418
0.015442 0.700418
0.015442 0.700434
0.015442 0.700501
0.015452 0.700518
0.015452 0.700568
0.015452 0.700635
0.015452 0.700652
0.015473 0.700685
0.015483 0.700702
0.015493 0.700735
0.015493 0.700769
0.015493 0.700836
0.015493 0.700852
0.015504 0.700919
0.015514 0.700919
0.015514 0.700953
0.015524 0.700969
0.015534 0.701003
0.015534 0.701103
0.015534 0.701120
0.015545 0.701120
0.015555 0.701170
0.015555 0.701203
0.015555 0.701237
0.015575 0.701237
0.015575 0.701270
0.015575 0.701303
0.015617 0.701337
0.015617 0.701354
0.015617 0.701387
0.015627 0.701404
0.015627 0.701437
0.015637 0.701454
0.015637 0.701487
0.015647 0.701487
0.015647 0.701504
0.015658 0.701504
0.015658 0.701521
0.015658 0.701571
0.015678 0.701571
0.015678 0.701621
0.015699 0.701621
0.015719 0.701638
0.015729 0.701688
0.015729 0.701721
0.015729 0.701788
0.015729 0.701855
0.015750 0.701855
0.015750 0.701922
0.015760 0.701955
0.015760 0.701989
0.015770 0.702039
0.015770 0.702055
0.015770 0.702106
0.015770 0.702122
0.015781 0.702122
0.015781 0.702189
0.015801 0.702223
0.015801 0.702256
0.015801 0.702306
0.015811 0.702306
0.015811 0.702340
0.015832 0.702340
0.015832 0.702373
0.015832 0.702440
0.015832 0.702473
0.015842 0.702490
0.015842 0.702540
0.015842 0.702557
0.015842 0.702624
0.015842 0.702640
0.015852 0.702657
0.015852 0.702691
0.015852 0.702741
0.015852 0.702757
0.015863 0.702757
0.015883 0.702791
0.015883 0.702841
0.015904 0.702891
0.015904 0.702908
0.015904 0.702941
0.015904 0.703025
0.015924 0.703058
0.015924 0.703092
0.015924 0.703125
0.015924 0.703175
0.015945 0.703209
0.015945 0.703242
0.015945 0.703309
0.015955 0.703342
0.015955 0.703359
0.015975 0.703359
0.015975 0.703376
0.015975 0.703409
0.015975 0.703443
0.016016 0.703443
0.016027 0.703493
0.016027 0.703509
0.016027 0.703559
0.016037 0.703593
0.016037 0.703610
0.016047 0.703660
0.016057 0.703660
0.016057 0.703710
0.016057 0.703727
0.016068 0.703760
0.016068 0.703777
0.016078 0.703793
0.016078 0.703827
0.016088 0.703860
0.016098 0.703860
0.016098 0.703910
0.016098 0.703927
0.016119 0.703927
0.016119 0.703961
0.016129 0.703977
0.016139 0.703977
0.016139 0.703994
0.016139 0.704094
0.016139 0.704128
0.016139 0.704178
0.016139 0.704211
0.016160 0.704245
0.016160 0.704295
0.016170 0.704362
0.016201 0.704445
0.016201 0.704479
0.016201 0.704512
0.016201 0.704562
0.016201 0.704579
0.016221 0.704579
0.016232 0.704579
0.016232 0.704646
0.016232 0.704662
0.016242 0.704713
0.016252 0.704729
0.016252 0.704746
0.016262 0.704746
0.016262 0.704763
0.016283 0.704763
0.016283 0.704779
0.016293 0.704880
0.016304 0.704880
0.016314 0.704930
0.016314 0.704947
0.016324 0.704997
0.016324 0.705030
0.016324 0.705064
0.016324 0.705097
0.016345 0.705164
0.016345 0.705180
0.016345 0.705247
0.016345 0.705281
0.016345 0.705348
0.016355 0.705348
0.016375 0.705381
0.016375 0.705398
0.016375 0.705431
0.016375 0.705481
0.016375 0.705515
0.016386 0.705531
0.016386 0.705565
0.016396 0.705598
0.016416 0.705648
0.016416 0.705749
0.016416 0.705782
0.016416 0.705816
0.016437 0.705832
0.016437 0.705866
0.016437 0.705932
0.016437 0.705966
0.016437 0.705999
0.016437 0.706033
0.016447 0.706033
0.016447 0.706100
0.016457 0.706133
0.016468 0.706150
0.016478 0.706150
0.016478 0.706183
0.016478 0.706200
0.016488 0.706200
0.016488 0.706217
0.016488 0.706250
0.016488 0.706300
0.016488 0.706317
0.016498 0.706350
0.016498 0.706451
0.016498 0.706501
0.016498 0.706534
0.016498 0.706551
0.016498 0.706584
0.016498 0.706668
0.016498 0.706701
0.016519 0.706768
0.016519 0.706835
0.016529 0.706852
0.016539 0.706885
0.016560 0.706902
0.016560 0.706935
0.016570 0.707002
0.016570 0.707019
0.016570 0.707052
0.016591 0.707052
0.016611 0.707102
0.016621 0.707136
0.016621 0.707169
0.016621 0.707186
0.016632 0.707203
0.016642 0.707236
0.016642 0.707303
0.016652 0.707386
0.016673 0.707403
0.016673 0.707420
0.016683 0.707436
0.016683 0.707487
0.016693 0.707487
0.016703 0.707537
0.016703 0.707570
0.016703 0.707637
0.016703 0.707654
0.016703 0.707687
0.016703 0.707737
0.016703 0.707771
0.016714 0.707771
0.016734 0.707771
0.016734 0.707804
0.016734 0.707821
0.016734 0.707888
0.016734 0.707955
0.016734 0.708005
0.016744 0.708021
0.016755 0.708055
0.016765 0.708105
0.016775 0.708105
0.016775 0.708138
0.016775 0.708172
0.016775 0.708239
0.016785 0.708255
0.016785 0.708272
0.016785 0.708322
0.016785 0.708356
0.016785 0.708422
0.016785 0.708489
0.016785 0.708590
0.016806 0.708590
0.016816 0.708590
0.016826 0.708606
0.016826 0.708623
0.016837 0.708623
0.016837 0.708690
0.016847 0.708707
0.016857 0.708740
0.016867 0.708824
0.016867 0.708874
0.016878 0.708907
0.016888 0.708907
0.016908 0.708924
0.016908 0.708991
0.016919 0.709024
0.016919 0.709041
0.016919 0.709074
0.016939 0.709108
0.016950 0.709108
0.016970 0.709108
0.016991 0.709124
0.017001 0.709158
0.017001 0.709174
0.017042 0.709174
0.017042 0.709208
0.017042 0.709258
0.017042 0.709275
0.017042 0.709308
0.017042 0.709358
0.017042 0.709408
0.017042 0.709425
0.017042 0.709459
0.017062 0.709459
0.017062 0.709492
0.017073 0.709542
0.017073 0.709559
0.017073 0.709592
0.017083 0.709609
0.017114 0.709693
0.017114 0.709726
0.017114 0.709743
0.017114 0.709776
0.017114 0.709793
0.017134 0.709860
0.017155 0.709893
0.017155 0.709943
0.017155 0.710043
0.017175 0.710060
0.017175 0.710094
0.017175 0.710127
0.017175 0.710177
0.017175 0.710244
0.017175 0.710294
0.017175 0.710328
0.017185 0.710328
0.017185 0.710428
0.017185 0.710445
0.017185 0.710495
0.017185 0.710511
0.017216 0.710511
0.017216 0.710561
0.017216 0.710595
0.017237 0.710628
0.017237 0.710678
0.017237 0.710712
0.017237 0.710762
0.017247 0.710762
0.017247 0.710829
0.017247 0.710846
0.017257 0.710862
0.017278 0.710879
0.017278 0.710929
0.017278 0.710946
0.017278 0.710996
0.017278 0.711013
0.017278 0.711080
0.017288 0.711130
0.017319 0.711130
0.017319 0.711197
0.017319 0.711230
0.017329 0.711247
0.017329 0.711263
0.017329 0.711297
0.017349 0.711330
0.017349 0.711380
0.017349 0.711414
0.017349 0.711464
0.017349 0.711481
0.017360 0.711497
0.017360 0.711514
0.017370 0.711547
0.017380 0.711547
0.017380 0.711581
0.017411 0.711581
0.017411 0.711631
0.017411 0.711664
0.017411 0.711715
0.017421 0.711731
0.017421 0.711781
0.017452 0.711781
0.017452 0.711798
0.017462 0.711832
0.017462 0.711848
0.017462 0.711882
0.017462 0.711898
0.017462 0.711932
0.017462 0.711982
0.017462 0.712015
0.017483 0.712066
0.017483 0.712099
0.017493 0.712132
0.017493 0.712166
0.017503 0.712182
0.017503 0.712216
0.017503 0.712366
0.017503 0.712383
0.017513 0.712383
0.017524 0.712400
0.017534 0.712450
0.017534 0.712483
0.017534 0.712517
0.017554 0.712517
0.017565 0.712517
0.017585 0.712600
0.017595 0.712600
0.017595 0.712634
0.017606 0.712634
0.017616 0.712650
0.017626 0.712650
0.017637 0.712701
0.017637 0.712751
0.017637 0.712784
0.017667 0.712801
0.017667 0.712834
0.017667 0.712868
0.017678 0.712884
0.017688 0.712884
0.017698 0.712901
0.017698 0.712918
0.017708 0.712951
0.017708 0.712985
0.017708 0.713001
0.017719 0.713018
0.017739 0.713035
0.017749 0.713085
0.017770 0.713168
0.017780 0.713168
0.017780 0.713202
0.017780 0.713219
0.017780 0.713302
0.017790 0.713319
0.017790 0.713386
0.017790 0.713419
0.017790 0.713469
0.017790 0.713503
0.017801 0.713519
0.017801 0.713553
0.017801 0.713586
0.017801 0.713653
0.017801 0.713670
0.017801 0.713703
0.017811 0.713720
0.017811 0.713787
0.017831 0.713870
0.017831 0.713937
0.017842 0.713987
0.017842 0.714021
0.017862 0.714054
0.017862 0.714071
0.017872 0.714071
0.017883 0.714138
0.017883 0.714154
0.017883 0.714255
0.017883 0.714288
0.017883 0.714322
0.017883 0.714388
0.017893 0.714439
0.017903 0.714472
0.017903 0.714489
0.017913 0.714539
0.017924 0.714572
0.017924 0.714589
0.017924 0.714639
0.017924 0.714672
0.017924 0.714723
0.017934 0.714756
0.017934 0.714773
0.017944 0.714773
0.017944 0.714806
0.017944 0.714823
0.017954 0.714823
0.017954 0.714840
0.017965 0.714856
0.017965 0.714873
0.017975 0.714906
0.017975 0.715007
0.017985 0.715023
0.017985 0.715040
0.017985 0.715074
0.017985 0.715090
0.017995 0.715124
0.017995 0.715140
0.017995 0.715191
0.018016 0.715207
0.018016 0.715274
0.018016 0.715307
0.018026 0.715307
0.018057 0.715324
0.018057 0.715358
0.018067 0.715391
0.018067 0.715424
0.018067 0.715491
0.018067 0.715508
0.018077 0.715541
0.018077 0.715592
0.018098 0.715592
0.018118 0.715608
0.018129 0.715658
0.018129 0.715742
0.018139 0.715742
0.018139 0.715759
0.018149 0.715775
0.018159 0.715809
0.018180 0.715809
0.018180 0.715842
0.018180 0.715909
0.018190 0.715926
0.018190 0.715943
0.018200 0.715959
0.018200 0.715993
0.018211 0.716009
0.018211 0.716076
0.018211 0.716126
0.018221 0.716176
0.018221 0.716193
0.018221 0.716243
0.018231 0.716260
0.018231 0.716344
0.018241 0.716360
0.018241 0.716394
0.018252 0.716427
0.018252 0.716444
0.018262 0.716461
0.018262 0.716477
0.018262 0.716561
0.018262 0.716594
0.018262 0.716644
0.018272 0.716644
0.018272 0.716661
0.018272 0.716761
0.018272 0.716778
0.018282 0.716795
0.018282 0.716862
0.018282 0.716928
0.018282 0.716995
0.018282 0.717012
0.018282 0.717045
0.018282 0.717096
0.018313 0.717146
0.018313 0.717279
0.018313 0.717330
0.018313 0.717363
0.018313 0.717380
0.018313 0.717413
0.018313 0.717430
0.018324 0.717430
0.018344 0.717430
0.018354 0.717463
0.018354 0.717480
0.018354 0.717530
0.018354 0.717580
0.018354 0.717630
0.018354 0.717664
0.018365 0.717731
0.018365 0.717747
0.018365 0.717797
0.018375 0.717848
0.018375 0.717864
0.018385 0.717898
0.018385 0.717948
0.018406 0.717965
0.018416 0.718015
0.018416 0.718065
0.018416 0.718082
0.018426 0.718082
0.018436 0.718098
0.018436 0.718165
0.018436 0.718199
0.018436 0.718232
0.018457 0.718299
0.018457 0.718316
0.018457 0.718382
0.018467 0.718399
0.018467 0.718416
0.018467 0.718466
0.018488 0.718483
0.018488 0.718549
0.018488 0.718566
0.018498 0.718583
0.018498 0.718600
0.018508 0.718600
0.018518 0.718633
0.018529 0.718633
0.018529 0.718666
0.018549 0.718700
0.018549 0.718717
0.018559 0.718783
0.018570 0.718834
0.018570 0.718850
0.018590 0.718884
0.018600 0.718884
0.018600 0.718900
0.018600 0.718951
0.018600 0.718984
0.018611 0.719051
0.018611 0.719068
0.018621 0.719084
0.018621 0.719118
0.018631 0.719151
0.018631 0.719201
0.018641 0.719201
0.018641 0.719218
0.018662 0.719218
0.018662 0.719235
0.018662 0.719285
0.018662 0.719301
0.018672 0.719301
0.018672 0.719335
0.018693 0.719385
0.018693 0.719402
0.018713 0.719418
0.018713 0.719452
0.018713 0.719502
0.018734 0.719552
0.018734 0.719602
0.018734 0.719619
0.018734 0.719686
0.018744 0.719703
0.018744 0.719736
0.018754 0.719786
0.018754 0.719803
0.018754 0.719870
0.018764 0.719920
0.018764 0.719953
0.018775 0.719953
0.018785 0.719987
0.018785 0.720053
0.018785 0.720204
0.018785 0.720237
0.018805 0.720271
0.018805 0.720321
0.018805 0.720338
0.018816 0.720338
0.018816 0.720354
0.018816 0.720438
0.018816 0.720455
0.018836 0.720521
0.018836 0.720555
0.018836 0.720588
0.018846 0.720622
0.018857 0.720638
0.018867 0.720638
0.018877 0.720655
0.018877 0.720689
0.018898 0.720705
0.018908 0.720772
0.018918 0.720789
0.018918 0.720822
0.018928 0.720839
0.018939 0.720839
0.018949 0.720889
0.018949 0.720956
0.018949 0.720973
0.018959 0.720973
0.018959 0.721006
0.018959 0.721039
0.018969 0.721090
0.018969 0.721140
0.018969 0.721173
0.018990 0.721190
0.019000 0.721207
0.019000 0.721240
0.019000 0.721257
0.019021 0.721273
0.019021 0.721307
0.019031 0.721324
0.019031 0.721374
0.019041 0.721407
0.019041 0.721441
0.019062 0.721457
0.019062 0.721507
0.019062 0.721524
0.019062 0.721574
0.019062 0.721591
0.019072 0.721674
0.019072 0.721725
0.019082 0.721725
0.019123 0.721791
0.019123 0.721825
0.019123 0.721875
0.019134 0.721959
0.019134 0.722009
0.019134 0.722025
0.019154 0.722076
0.019154 0.722092
0.019164 0.722142
0.019185 0.722159
0.019185 0.722209
0.019195 0.722226
0.019195 0.722243
0.019195 0.722309
0.019195 0.722326
0.019205 0.722343
0.019205 0.722376
0.019205 0.722426
0.019205 0.722460
0.019216 0.722493
0.019216 0.722527
0.019216 0.722577
0.019236 0.722694
0.019236 0.722744
0.019236 0.722811
0.019246 0.722844
0.019246 0.722878
0.019277 0.722945
0.019277 0.723011
0.019287 0.723011
0.019298 0.723061
0.019298 0.723128
0.019308 0.723128
0.019308 0.723145
0.019308 0.723178
0.019308 0.723195
0.019328 0.723229
0.019328 0.723245
0.019328 0.723279
0.019328 0.723329
0.019339 0.723346
0.019339 0.723429
0.019339 0.723496
0.019339 0.723529
0.019349 0.723546
0.019380 0.723563
0.019380 0.723580
0.019390 0.723596
0.019390 0.723646
0.019400 0.723680
0.019400 0.723697
0.019410 0.723747
0.019410 0.723763
0.019421 0.723780
0.019421 0.723847
0.019421 0.723880
0.019421 0.723947
0.019431 0.723981
0.019431 0.723997
0.019441 0.723997
0.019441 0.724031
0.019441 0.724098
0.019462 0.724114
0.019462 0.724148
0.019462 0.724164
0.019462 0.724265
0.019462 0.724315
0.019482 0.724348
0.019492 0.724365
0.019492 0.724398
0.019503 0.724449
0.019523 0.724515
0.019523 0.724582
0.019523 0.724632
0.019533 0.724682
0.019554 0.724716
0.019564 0.724749
0.019564 0.724783
0.019564 0.724799
0.019574 0.724833
0.019585 0.724833
0.019585 0.724900
0.019585 0.724916
0.019605 0.724933
0.019605 0.724967
0.019615 0.725017
0.019636 0.725017
0.019636 0.725050
0.019646 0.725067
0.019646 0.725084
0.019667 0.725100
0.019677 0.725117
0.019687 0.725167
0.019698 0.725184
0.019708 0.725184
0.019708 0.725217
0.019718 0.725217
0.019718 0.725334
0.019718 0.725368
0.019728 0.725384
0.019728 0.725418
0.019728 0.725468
0.019759 0.725468
0.019769 0.725468
0.019780 0.725501
0.019780 0.725518
0.019780 0.725551
0.019790 0.725568
0.019810 0.725602
0.019831 0.725668
0.019831 0.725735
0.019831 0.725785
0.019862 0.725802
0.019862 0.725836
0.019872 0.725852
0.019872 0.725869
0.019872 0.725919
0.019882 0.725919
0.019882 0.725936
0.019903 0.725936
0.019913 0.725953
0.019913 0.726003
0.019913 0.726053
0.019944 0.726070
0.019964 0.726120
0.019964 0.726170
0.019974 0.726220
0.019974 0.726270
0.019974 0.726303
0.019974 0.726354
0.019974 0.726370
0.019974 0.726437
0.019974 0.726454
0.019985 0.726537
0.020005 0.726554
0.020005 0.726571
0.020015 0.726588
0.020015 0.726638
0.020015 0.726671
0.020015 0.726688
0.020026 0.726688
0.020026 0.726738
0.020026 0.726771
0.020026 0.726822
0.020026 0.726838
0.020026 0.726888
0.020026 0.726905
0.020026 0.726939
0.020036 0.726989
0.020036 0.727005
0.020036 0.727055
0.020036 0.727089
0.020036 0.727106
0.020036 0.727156
0.020036 0.727223
0.020056 0.727256
0.020067 0.727289
0.020077 0.727356
0.020087 0.727390
0.020108 0.727390
0.020108 0.727423
0.020118 0.727457
0.020118 0.727473
0.020128 0.727490
0.020128 0.727507
0.020138 0.727540
0.020149 0.727540
0.020159 0.727557
0.020159 0.727624
0.020159 0.727657
0.020200 0.727691
0.020210 0.727724
0.020210 0.727774
0.020210 0.727807
0.020220 0.727841
0.020220 0.727874
0.020220 0.727924
0.020231 0.727941
0.020231 0.727975
0.020241 0.727975
0.020241 0.728025
0.020251 0.728075
0.020251 0.728108
0.020261 0.728108
0.020261 0.728142
0.020272 0.728175
0.020272 0.728192
0.020272 0.728225
0.020282 0.728242
0.020282 0.728292
0.020282 0.728326
0.020302 0.728359
0.020302 0.728376
0.020302 0.728409
0.020302 0.728426
0.020302 0.728459
0.020302 0.728526
0.020302 0.728576
0.020313 0.728626
0.020313 0.728676
0.020313 0.728693
0.020313 0.728760
0.020313 0.728777
0.020313 0.728810
0.020313 0.728827
0.020333 0.728827
0.020344 0.728860
0.020385 0.728927
0.020395 0.728977
0.020395 0.728994
0.020395 0.729044
0.020436 0.729044
0.020436 0.729061
0.020446 0.729061
0.020446 0.729094
0.020467 0.729094
0.020467 0.729178
0.020467 0.729245
0.020467 0.729261
0.020477 0.729278
0.020477 0.729311
0.020497 0.729412
0.020497 0.729462
0.020497 0.729495
0.020497 0.729512
0.020508 0.729545
0.020518 0.729562
0.020518 0.729629
0.020518 0.729646
0.020518 0.729679
0.020518 0.729696
0.020528 0.729729
0.020538 0.729746
0.020538 0.729763
0.020559 0.729796
0.020569 0.729863
0.020569 0.729880
0.020590 0.729947
0.020631 0.729963
0.020631 0.729997
0.020631 0.730013
0.020641 0.730030
0.020661 0.730030
0.020672 0.730030
0.020672 0.730080
0.020672 0.730114
0.020682 0.730114
0.020682 0.730147
0.020702 0.730147
0.020702 0.730214
0.020702 0.730247
0.020702 0.730314
0.020702 0.730348
0.020723 0.730381
0.020733 0.730381
0.020733 0.730431
0.020754 0.730431
0.020754 0.730448
0.020754 0.730498
0.020754 0.730531
0.020764 0.730548
0.020774 0.730598
0.020774 0.730648
0.020774 0.730715
0.020784 0.730749
0.020795 0.730799
0.020795 0.730816
0.020805 0.730832
0.020805 0.730849
0.020805 0.730882
0.020805 0.730932
0.020815 0.730932
0.020815 0.730966
0.020836 0.730983
0.020836 0.730999
0.020846 0.731049
0.020846 0.731100
0.020846 0.731116
0.020846 0.731166
0.020846 0.731250
0.020846 0.731300
0.020846 0.731317
0.020846 0.731350
0.020846 0.731451
0.020856 0.731467
0.020877 0.731467
0.020877 0.731501
0.020877 0.731551
0.020877 0.731568
0.020887 0.731634
0.020887 0.731684
0.020897 0.731684
0.020897 0.731718
0.020907 0.731718
0.020918 0.731751
0.020918 0.731768
0.020918 0.731818
0.020918 0.731852
0.020948 0.731852
0.020959 0.731868
0.020959 0.731902
0.020969 0.731918
0.020979 0.731969
0.020979 0.732035
0.020989 0.732102
0.021000 0.732102
0.021010 0.732119
0.021010 0.732219
0.021010 0.732236
0.021020 0.732286
0.021020 0.732320
0.021020 0.732386
0.021020 0.732420
0.021031 0.732487
0.021031 0.732587
0.021031 0.732620
0.021031 0.732687
0.021031 0.732754
0.021031 0.732821
0.021051 0.732854
0.021051 0.732955
0.021051 0.733038
0.021051 0.733055
0.021051 0.733189
0.021072 0.733205
0.021082 0.733239
0.021082 0.733289
0.021092 0.733322
0.021092 0.733389
0.021092 0.733439
0.021092 0.733473
0.021102 0.733489
0.021113 0.733573
0.021113 0.733590
0.021113 0.733656
0.021123 0.733707
0.021133 0.733740
0.021133 0.733824
0.021154 0.733840
0.021154 0.733874
0.021164 0.733907
0.021174 0.733907
0.021195 0.733941
0.021205 0.733974
0.021205 0.734041
0.021215 0.734041
0.021236 0.734041
0.021246 0.734057
0.021246 0.734108
0.021256 0.734141
0.021266 0.734158
0.021287 0.734191
0.021297 0.734208
0.021297 0.734241
0.021297 0.734291
0.021307 0.734308
0.021307 0.734325
0.021328 0.734342
0.021338 0.734392
0.021338 0.734442
0.021338 0.734459
0.021348 0.734475
0.021369 0.734475
0.021369 0.734509
0.021379 0.734542
0.021389 0.734592
0.021389 0.734609
0.021389 0.734659
0.021400 0.734659
0.021400 0.734676
0.021410 0.734726
0.021420 0.734759
0.021441 0.734759
0.021441 0.734793
0.021451 0.734826
0.021451 0.734843
0.021451 0.734876
0.021461 0.734910
0.021482 0.734943
0.021512 0.734943
0.021512 0.734977
0.021512 0.735043
0.021512 0.735060
0.021523 0.735094
0.021523 0.735144
0.021523 0.735160
0.021523 0.735227
0.021533 0.735227
0.021543 0.735277
0.021543 0.735328
0.021553 0.735344
0.021553 0.735378
0.021584 0.735478
0.021584 0.735495
0.021594 0.735511
0.021605 0.735511
0.021625 0.735528
0.021625 0.735578
0.021625 0.735612
0.021635 0.735645
0.021666 0.735645
0.021676 0.735678
0.021676 0.735712
0.021676 0.735729
0.021718 0.735729
0.021718 0.735745
0.021728 0.735829
0.021728 0.735896
0.021728 0.735912
0.021738 0.735946
0.021748 0.735963
0.021748 0.736013
0.021748 0.736029
0.021759 0.736029
0.021759 0.736063
0.021789 0.736163
0.021789 0.736180
0.021789 0.736213
0.021789 0.736263
0.021810 0.736280
0.021820 0.736330
0.021820 0.736380
0.021841 0.736397
0.021841 0.736464
0.021851 0.736531
0.021861 0.736564
0.021871 0.736564
0.021871 0.736598
0.021871 0.736631
0.021882 0.736648
0.021912 0.736648
0.021912 0.736681
0.021912 0.736715
0.021912 0.736731
0.021912 0.736765
0.021912 0.736815
0.021923 0.736832
0.021923 0.736898
0.021923 0.736932
0.021923 0.736999
0.021923 0.737015
0.021923 0.737066
0.021923 0.737099
0.021943 0.737099
0.021943 0.737116
0.021953 0.737149
0.021953 0.737166
0.021974 0.737166
0.021974 0.737216
0.021984 0.737266
0.021994 0.737266
0.021994 0.737283
0.022025 0.737383
0.022025 0.737400
0.022035 0.737416
0.022035 0.737467
0.022056 0.737467
0.022056 0.737483
0.022056 0.737517
0.022056 0.737533
0.022087 0.737567
0.022097 0.737600
0.022097 0.737634
0.022097 0.737701
0.022107 0.737701
0.022128 0.737701
0.022128 0.737901
0.022138 0.737934
0.022138 0.737951
0.022148 0.737968
0.022148 0.738018
0.022148 0.738051
0.022148 0.738135
0.022148 0.738168
0.022179 0.738185
0.022179 0.738252
0.022179 0.738302
0.022189 0.738319
0.022189 0.738369
0.022189 0.738402
0.022210 0.738469
0.022230 0.738469
0.022230 0.738486
0.022230 0.738519
0.022230 0.738570
0.022230 0.738586
0.022240 0.738653
0.022240 0.738670
0.022251 0.738686
0.022251 0.738737
0.022261 0.738737
0.022261 0.738770
0.022281 0.738837
0.022281 0.738904
0.022281 0.739004
0.022281 0.739021
0.022281 0.739054
0.022281 0.739088
0.022292 0.739121
0.022292 0.739188
0.022292 0.739205
0.022292 0.739255
0.022292 0.739288
0.022292 0.739305
0.022302 0.739322
0.022302 0.739338
0.022302 0.739388
0.022302 0.739422
0.022302 0.739489
0.022302 0.739522
0.022322 0.739522
0.022343 0.739539
0.022343 0.739572
0.022363 0.739606
0.022363 0.739639
0.022363 0.739656
0.022374 0.739672
0.022374 0.739689
0.022384 0.739689
0.022415 0.739739
0.022415 0.739756
0.022425 0.739789
0.022435 0.739856
0.022435 0.739890
0.022435 0.739923
0.022446 0.739957
0.022456 0.739973
0.022456 0.740007
0.022466 0.740074
0.022466 0.740124
0.022466 0.740140
0.022476 0.740191
0.022507 0.740191
0.022528 0.740241
0.022548 0.740257
0.022548 0.740274
0.022558 0.740291
0.022558 0.740374
0.022569 0.740391
0.022589 0.740424
0.022599 0.740475
0.022610 0.740508
0.022630 0.740558
0.022630 0.740592
0.022630 0.740625
0.022640 0.740675
0.022651 0.740709
0.022651 0.740759
0.022661 0.740826
0.022661 0.740876
0.022681 0.740909
0.022681 0.740976
0.022692 0.741009
0.022692 0.741026
0.022702 0.741026
0.022722 0.741076
0.022743 0.741093
0.022743 0.741143
0.022753 0.741176
0.022753 0.741193
0.022763 0.741227
0.022774 0.741243
0.022774 0.741277
0.022784 0.741293
0.022784 0.741310
0.022784 0.741360
0.022794 0.741360
0.022794 0.741377
0.022815 0.741477
0.022815 0.741527
0.022825 0.741527
0.022856 0.741527
0.022856 0.741561
0.022866 0.741611
0.022866 0.741628
0.022866 0.741661
0.022876 0.741661
0.022876 0.741728
0.022876 0.741778
0.022876 0.741845
0.022886 0.741895
0.022886 0.741928
0.022897 0.741995
0.022897 0.742062
0.022907 0.742062
0.022938 0.742079
0.022948 0.742112
0.022948 0.742129
0.022979 0.742146
0.022979 0.742213
0.022989 0.742213
0.022989 0.742246
0.022999 0.742263
0.023020 0.742279
0.023020 0.742296
0.023020 0.742346
0.023040 0.742447
0.023050 0.742463
0.023061 0.742463
0.023061 0.742480
0.023061 0.742530
0.023071 0.742547
0.023081 0.742580
0.023092 0.742597
0.023092 0.742630
0.023092 0.742680
0.023102 0.742697
0.023112 0.742731
0.023122 0.742781
0.023122 0.742881
0.023143 0.742881
0.023153 0.742898
0.023153 0.742965
0.023163 0.742965
0.023174 0.743015
0.023174 0.743031
0.023174 0.743065
0.023174 0.743115
0.023184 0.743132
0.023194 0.743182
0.023194 0.743232
0.023194 0.743332
0.023194 0.743432
0.023204 0.743533
0.023204 0.743566
0.023225 0.743600
0.023225 0.743616
0.023225 0.743650
0.023235 0.743650
0.023256 0.743650
0.023276 0.743666
0.023276 0.743683
0.023286 0.743700
0.023286 0.743733
0.023286 0.743767
0.023297 0.743834
0.023338 0.743834
0.023338 0.743850
0.023338 0.743934
0.023338 0.743967
0.023338 0.744001
0.023338 0.744051
0.023348 0.744051
0.023348 0.744134
0.023348 0.744184
0.023348 0.744218
0.023368 0.744268
0.023368 0.744301
0.023389 0.744318
0.023389 0.744402
0.023399 0.744452
0.023409 0.744452
0.023420 0.744502
0.023430 0.744535
0.023430 0.744552
0.023450 0.744552
0.023461 0.744569
0.023461 0.744586
0.023471 0.744636
0.023491 0.744669
0.023491 0.744786
0.023491 0.744836
0.023491 0.744853
0.023491 0.744903
0.023491 0.744920
0.023502 0.744953
0.023512 0.744953
0.023512 0.745020
0.023522 0.745070
0.023532 0.745087
0.023532 0.745120
0.023543 0.745120
0.023573 0.745137
0.023584 0.745170
0.023614 0.745187
0.023625 0.745187
0.023625 0.745221
0.023645 0.745237
0.023655 0.745254
0.023666 0.745254
0.023666 0.745304
0.023676 0.745388
0.023676 0.745455
0.023696 0.745471
0.023696 0.745521
0.023738 0.745538
0.023738 0.745572
0.023758 0.745588
0.023768 0.745622
0.023768 0.745638
0.023779 0.745689
0.023789 0.745689
0.023789 0.745722
0.023789 0.745772
0.023789 0.745789
0.023799 0.745789
0.023820 0.745789
0.023840 0.745856
0.023840 0.745889
0.023840 0.745939
0.023840 0.746006
0.023850 0.746006
0.023850 0.746023
0.023850 0.746056
0.023861 0.746056
0.023881 0.746090
0.023891 0.746090
0.023891 0.746123
0.023902 0.746140
0.023902 0.746190
0.023922 0.746207
0.023922 0.746240
0.023932 0.746240
0.023943 0.746257
0.023953 0.746307
0.023973 0.746324
0.023973 0.746357
0.023984 0.746424
0.023984 0.746474
0.023994 0.746474
0.024014 0.746507
0.024014 0.746541
0.024025 0.746574
0.024025 0.746608
0.024025 0.746674
0.024025 0.746691
0.024025 0.746725
0.024025 0.746741
0.024035 0.746808
0.024035 0.746842
0.024045 0.746858
0.024045 0.746892
0.024066 0.746892
0.024107 0.746908
0.024107 0.746942
0.024107 0.746959
0.024107 0.746992
0.024117 0.747009
0.024117 0.747042
0.024117 0.747142
0.024117 0.747159
0.024117 0.747209
0.024117 0.747243
0.024127 0.747276
0.024127 0.747326
0.024127 0.747343
0.024127 0.747393
0.024137 0.747393
0.024137 0.747443
0.024148 0.747527
0.024148 0.747594
0.024168 0.747627
0.024178 0.747660
0.024178 0.747677
0.024209 0.747677
0.024230 0.747677
0.024250 0.747694
0.024250 0.747761
0.024250 0.747794
0.024271 0.747828
0.024281 0.747828
0.024291 0.747861
0.024301 0.747878
0.024301 0.747894
0.024322 0.747894
0.024332 0.747911
0.024353 0.747911
0.024353 0.747945
0.024353 0.747961
0.024353 0.748011
0.024373 0.748045
0.024383 0.748078
0.024383 0.748095
0.024394 0.748178
0.024404 0.748212
0.024414 0.748262
0.024425 0.748262
0.024425 0.748362
0.024435 0.748396
0.024435 0.748496
0.024455 0.748496
0.024455 0.748529
0.024466 0.748563
0.024466 0.748580
0.024466 0.748630
0.024466 0.748646
0.024466 0.748730
0.024476 0.748763
0.024476 0.748797
0.024476 0.748847
0.024476 0.748930
0.024476 0.748947
0.024486 0.748981
0.024517 0.749031
0.024527 0.749031
0.024537 0.749081
0.024537 0.749131
0.024537 0.749148
0.024558 0.749248
0.024578 0.749315
0.024578 0.749365
0.024599 0.749382
0.024599 0.749415
0.024599 0.749449
0.024619 0.749482
0.024619 0.749515
0.024619 0.749566
0.024640 0.749582
0.024640 0.749649
0.024640 0.749666
0.024650 0.749716
0.024660 0.749716
0.024701 0.749783
0.024701 0.749866
0.024732 0.749883
0.024732 0.749916
0.024732 0.749933
0.024753 0.749983
0.024763 0.749983
0.024773 0.750033
0.024773 0.750084
0.024783 0.750134
0.024804 0.750150
0.024824 0.750150
0.024824 0.750167
0.024845 0.750217
0.024845 0.750284
0.024845 0.750301
0.024876 0.750418
0.024876 0.750451
0.024876 0.750518
0.024896 0.750535
0.024896 0.750585
0.024896 0.750652
0.024906 0.750685
0.024906 0.750735
0.024906 0.750802
0.024917 0.750802
0.024937 0.750836
0.024947 0.750869
0.024947 0.750886
0.024958 0.750919
0.024958 0.750969
0.024958 0.751003
0.024958 0.751053
0.024958 0.751070
0.024958 0.751103
0.024958 0.751136
0.024978 0.751136
0.024999 0.751170
0.025009 0.751203
0.025019 0.751203
0.025029 0.751270
0.025040 0.751270
0.025040 0.751320
0.025050 0.751320
0.025050 0.751337
0.025070 0.751337
0.025101 0.751387
0.025112 0.751420
0.025122 0.751487
0.025122 0.751554
0.025132 0.751604
0.025173 0.751671
0.025173 0.751705
0.025183 0.751755
0.025183 0.751771
0.025183 0.751805
0.025183 0.751822
0.025183 0.751872
0.025204 0.751905
0.025214 0.751939
0.025214 0.751989
0.025224 0.752089
0.025224 0.752106
0.025235 0.752122
0.025235 0.752156
0.025255 0.752189
0.025255 0.752206
0.025255 0.752273
0.025296 0.752306
0.025296 0.752323
0.025306 0.752323
0.025317 0.752340
0.025317 0.752390
0.025337 0.752423
0.025347 0.752440
0.025347 0.752473
0.025347 0.752490
0.025358 0.752523
0.025358 0.752557
0.025358 0.752574
0.025368 0.752574
0.025368 0.752607
0.025388 0.752640
0.025388 0.752691
0.025399 0.752691
0.025409 0.752707
0.025429 0.752741
0.025429 0.752774
0.025450 0.752774
0.025470 0.752791
0.025470 0.752807
0.025470 0.752841
0.025481 0.752874
0.025481 0.752908
0.025491 0.752908
0.025491 0.752941
0.025491 0.752975
0.025501 0.752991
0.025522 0.752991
0.025532 0.752991
0.025552 0.753008
0.025552 0.753041
0.025552 0.753108
0.025563 0.753142
0.025563 0.753192
0.025573 0.753192
0.025593 0.753225
0.025593 0.753292
0.025614 0.753326
0.025614 0.753392
0.025614 0.753426
0.025624 0.753459
0.025624 0.753559
0.025634 0.753576
0.025634 0.753610
0.025634 0.753626
0.025645 0.753643
0.025665 0.753660
0.025665 0.753743
0.025675 0.753743
0.025686 0.753810
0.025686 0.753877
0.025696 0.753894
0.025716 0.753894
0.025737 0.753961
0.025737 0.754011
0.025737 0.754044
0.025768 0.754078
0.025768 0.754144
0.025778 0.754144
0.025778 0.754161
0.025778 0.754228
0.025778 0.754311
0.025778 0.754328
0.025778 0.754378
0.025799 0.754412
0.025809 0.754412
0.025809 0.754479
0.025809 0.754495
0.025819 0.754529
0.025829 0.754545
0.025850 0.754579
0.025850 0.754646
0.025860 0.754646
0.025860 0.754662
0.025881 0.754679
0.025881 0.754696
0.025881 0.754729
0.025881 0.754779
0.025911 0.754779
0.025911 0.754813
0.025911 0.754863
0.025932 0.754896
0.025942 0.754930
0.025942 0.754947
0.025963 0.754980
0.025963 0.755013
0.025973 0.755013
0.025973 0.755047
0.025983 0.755114
0.025983 0.755130
0.025993 0.755164
0.026004 0.755214
0.026004 0.755264
0.026034 0.755281
0.026045 0.755281
0.026086 0.755348
0.026086 0.755381
0.026086 0.755431
0.026106 0.755465
0.026127 0.755498
0.026137 0.755565
0.026147 0.755565
0.026147 0.755598
0.026157 0.755615
0.026168 0.755699
0.026168 0.755732
0.026188 0.755749
0.026188 0.755782
0.026188 0.755816
0.026198 0.755849
0.026198 0.755866
0.026209 0.755866
0.026219 0.755949
0.026219 0.755983
0.026239 0.755983
0.026250 0.755999
0.026270 0.756049
0.026280 0.756049
0.026280 0.756100
0.026301 0.756116
0.026301 0.756133
0.026332 0.756133
0.026332 0.756166
0.026342 0.756217
0.026373 0.756267
0.026383 0.756283
0.026383 0.756317
0.026383 0.756367
0.026383 0.756400
0.026393 0.756400
0.026393 0.756417
0.026414 0.756417
0.026424 0.756484
0.026434 0.756501
0.026434 0.756534
0.026434 0.756551
0.026434 0.756618
0.026445 0.756668
0.026445 0.756684
0.026445 0.756718
0.026465 0.756735
0.026465 0.756768
0.026465 0.756785
0.026475 0.756818
0.026496 0.756818
0.026496 0.756835
0.026506 0.756885
0.026516 0.756918
0.026527 0.756918
0.026537 0.756935
0.026568 0.756969
0.026568 0.757052
0.026568 0.757069
0.026598 0.757069
0.026598 0.757102
0.026609 0.757152
0.026619 0.757186
0.026639 0.757186
0.026650 0.757203
0.026660 0.757203
0.026670 0.757219
0.026670 0.757253
0.026680 0.757269
0.026680 0.757303
0.026691 0.757320
0.026691 0.757403
0.026691 0.757436
0.026691 0.757520
0.026691 0.757553
0.026711 0.757570
0.026721 0.757587
0.026721 0.757670
0.026732 0.757670
0.026732 0.757704
0.026732 0.757721
0.026732 0.757754
0.026742 0.757787
0.026742 0.757838
0.026752 0.757854
0.026762 0.757888
0.026773 0.757888
0.026773 0.757904
0.026783 0.757904
0.026783 0.757938
0.026793 0.757955
0.026814 0.757971
0.026814 0.757988
0.026844 0.757988
0.026844 0.758072
0.026865 0.758138
0.026865 0.758205
0.026875 0.758222
0.026885 0.758222
0.026885 0.758239
0.026896 0.758272
0.026896 0.758289
0.026937 0.758356
0.026937 0.758422
0.026937 0.758473
0.026967 0.758506
0.026967 0.758523
0.026978 0.758606
0.026998 0.758623
0.026998 0.758640
0.027008 0.758690
0.027019 0.758707
0.027019 0.758723
0.027029 0.758757
0.027029 0.758790
0.027029 0.758807
0.027039 0.758824
0.027039 0.758840
0.027049 0.758890
0.027049 0.758941
0.027049 0.759007
0.027070 0.759074
0.027080 0.759074
0.027080 0.759141
0.027101 0.759141
0.027101 0.759208
0.027111 0.759241
0.027121 0.759308
0.027121 0.759358
0.027132 0.759392
0.027132 0.759408
0.027152 0.759408
0.027152 0.759492
0.027162 0.759509
0.027162 0.759525
0.027173 0.759525
0.027173 0.759559
0.027183 0.759576
0.027183 0.759609
0.027193 0.759609
0.027193 0.759626
0.027193 0.759659
0.027203 0.759693
0.027224 0.759743
0.027265 0.759776
0.027275 0.759776
0.027275 0.759826
0.027296 0.759843
0.027316 0.759876
0.027316 0.759943
0.027316 0.759960
0.027357 0.759993
0.027367 0.759993
0.027378 0.760027
0.027408 0.760027
0.027408 0.760060
0.027408 0.760110
0.027408 0.760177
0.027439 0.760227
0.027439 0.760261
0.027460 0.760311
0.027470 0.760344
0.027470 0.760361
0.027470 0.760394
0.027490 0.760411
0.027490 0.760428
0.027521 0.760478
0.027542 0.760478
0.027542 0.760511
0.027552 0.760528
0.027562 0.760561
0.027572 0.760561
0.027572 0.760595
0.027583 0.760628
0.027583 0.760729
0.027583 0.760745
0.027593 0.760812
0.027613 0.760879
0.027654 0.760946
0.027685 0.761013
0.027695 0.761046
0.027695 0.761113
0.027695 0.761130
0.027716 0.761163
0.027716 0.761180
0.027726 0.761230
0.027747 0.761247
0.027757 0.761297
0.027757 0.761330
0.027757 0.761380
0.027777 0.761397
0.027777 0.761481
0.027788 0.761497
0.027808 0.761531
0.027808 0.761648
0.027808 0.761715
0.027808 0.761748
0.027808 0.761798
0.027808 0.761815
0.027819 0.761832
0.027819 0.761848
0.027819 0.761898
0.027829 0.761898
0.027860 0.761915
0.027880 0.761949
0.027890 0.761982
0.027901 0.762032
0.027901 0.762066
0.027911 0.762132
0.027942 0.762166
0.027962 0.762166
0.027962 0.762216
0.027993 0.762233
0.027993 0.762266
0.028003 0.762283
0.028013 0.762283
0.028013 0.762316
0.028013 0.762333
0.028024 0.762333
0.028024 0.762383
0.028034 0.762416
0.028044 0.762433
0.028065 0.762450
0.028075 0.762483
0.028075 0.762517
0.028075 0.762567
0.028095 0.762600
0.028095 0.762617
0.028095 0.762667
0.028095 0.762701
0.028095 0.762734
0.028106 0.762734
0.028106 0.762767
0.028106 0.762801
0.028106 0.762868
0.028116 0.762868
0.028147 0.762901
0.028147 0.762918
0.028147 0.762951
0.028157 0.763018
0.028167 0.763068
0.028167 0.763085
0.028167 0.763135
0.028167 0.763152
0.028177 0.763202
0.028229 0.763219
0.028239 0.763219
0.028249 0.763252
0.028249 0.763285
0.028249 0.763302
0.028259 0.763336
0.028270 0.763336
0.028270 0.763352
0.028270 0.763402
0.028280 0.763436
0.028290 0.763503
0.028311 0.763519
0.028311 0.763570
0.028311 0.763586
0.028331 0.763653
0.028331 0.763686
0.028331 0.763720
0.028341 0.763720
0.028362 0.763737
0.028362 0.763770
0.028372 0.763770
0.028372 0.763787
0.028393 0.763820
0.028393 0.763837
0.028393 0.763971
0.028393 0.763987
0.028423 0.763987
0.028423 0.764004
0.028454 0.764004
0.028454 0.764071
0.028464 0.764104
0.028485 0.764104
0.028485 0.764121
0.028485 0.764154
0.028485 0.764171
0.028485 0.764205
0.028485 0.764221
0.028516 0.764255
0.028526 0.764255
0.028547 0.764271
0.028547 0.764288
0.028547 0.764322
0.028547 0.764338
0.028557 0.764372
0.028557 0.764388
0.028567 0.764388
0.028577 0.764439
0.028577 0.764489
0.028577 0.764505
0.028608 0.764522
0.028608 0.764572
0.028608 0.764589
0.028618 0.764589
0.028629 0.764656
0.028649 0.764672
0.028670 0.764706
0.028680 0.764706
0.028690 0.764739
0.028690 0.764756
0.028721 0.764840
0.028721 0.764873
0.028731 0.764890
0.028741 0.764957
0.028741 0.764990
0.028752 0.764990
0.028762 0.765023
0.028782 0.765074
0.028782 0.765191
0.028782 0.765207
0.028793 0.765257
0.028793 0.765291
0.028803 0.765307
0.028844 0.765341
0.028844 0.765391
0.028844 0.765458
0.028854 0.765558
0.028885 0.765558
0.028895 0.765558
0.028895 0.765575
0.028916 0.765608
0.028936 0.765692
0.028946 0.765725
0.028946 0.765742
0.028957 0.765742
0.028957 0.765775
0.028977 0.765775
0.029008 0.765809
0.029008 0.765826
0.029018 0.765826
0.029018 0.765859
0.029018 0.765926
0.029018 0.765943
0.029039 0.765943
0.029039 0.766026
0.029049 0.766026
0.029059 0.766059
0.029080 0.766126
0.029121 0.766160
0.029131 0.766160
0.029131 0.766193
0.029131 0.766243
0.029151 0.766243
0.029151 0.766310
0.029162 0.766360
0.029172 0.766394
0.029193 0.766410
0.029193 0.766427
0.029193 0.766494
0.029193 0.766527
0.029203 0.766527
0.029223 0.766544
0.029234 0.766611
0.029234 0.766661
0.029234 0.766695
0.029234 0.766745
0.029234 0.766828
0.029244 0.766862
0.029254 0.766862
0.029275 0.766862
0.029285 0.766895
0.029295 0.766895
0.029316 0.766912
0.029316 0.766962
0.029346 0.766995
0.029346 0.767012
0.029346 0.767079
0.029346 0.767112
0.029367 0.767129
0.029377 0.767146
0.029408 0.767179
0.029418 0.767179
0.029418 0.767213
0.029418 0.767279
0.029418 0.767313
0.029428 0.767380
0.029439 0.767396
0.029439 0.767430
0.029449 0.767497
0.029459 0.767547
0.029459 0.767580
0.029480 0.767647
0.029521 0.767680
0.029531 0.767697
0.029531 0.767714
0.029551 0.767781
0.029551 0.767797
0.029562 0.767797
0.029562 0.767814
0.029562 0.767881
0.029603 0.767881
0.029623 0.767881
0.029644 0.767914
0.029644 0.767931
0.029644 0.767965
0.029664 0.767965
0.029664 0.767998
0.029685 0.767998
0.029695 0.768031
0.029695 0.768065
0.029695 0.768132
0.029705 0.768165
0.029705 0.768199
0.029736 0.768232
0.029736 0.768249
0.029746 0.768265
0.029746 0.768366
0.029767 0.768382
0.029777 0.768432
0.029777 0.768449
0.029787 0.768483
0.029787 0.768533
0.029797 0.768549
0.029797 0.768566
0.029818 0.768566
0.029839 0.768600
0.029839 0.768633
0.029839 0.768717
0.029839 0.768767
0.029839 0.768834
0.029849 0.768850
0.029859 0.768884
0.029859 0.768900
0.029869 0.768900
0.029869 0.768951
0.029890 0.768951
0.029890 0.768984
0.029890 0.769001
0.029900 0.769017
0.029900 0.769051
0.029910 0.769068
0.029931 0.769134
0.029941 0.769151
0.029951 0.769218
0.029982 0.769218
0.029992 0.769268
0.029992 0.769285
0.030023 0.769301
0.030044 0.769335
0.030054 0.769352
0.030054 0.769418
0.030054 0.769469
0.030064 0.769469
0.030064 0.769535
0.030095 0.769552
0.030115 0.769586
0.030115 0.769619
0.030126 0.769619
0.030136 0.769652
0.030136 0.769703
0.030146 0.769719
0.030167 0.769753
0.030167 0.769786
0.030177 0.769786
0.030208 0.769820
0.030228 0.769886
0.030238 0.769903
0.030249 0.769936
0.030249 0.769987
0.030269 0.770037
0.030269 0.770087
0.030269 0.770120
0.030269 0.770137
0.030279 0.770170
0.030290 0.770237
0.030290 0.770254
0.030300 0.770271
0.030300 0.770338
0.030300 0.770371
0.030300 0.770438
0.030320 0.770455
0.030331 0.770455
0.030331 0.770471
0.030361 0.770505
0.030382 0.770521
0.030382 0.770538
0.030413 0.770538
0.030423 0.770622
0.030443 0.770638
0.030454 0.770655
0.030454 0.770722
0.030484 0.770772
0.030484 0.770789
0.030495 0.770805
0.030495 0.770839
0.030505 0.770839
0.030515 0.770856
0.030515 0.770872
0.030515 0.770906
0.030515 0.770922
0.030536 0.770939
0.030546 0.770973
0.030546 0.771006
0.030556 0.771023
0.030577 0.771023
0.030587 0.771073
0.030597 0.771106
0.030608 0.771106
0.030608 0.771156
0.030628 0.771190
0.030649 0.771207
0.030649 0.771273
0.030659 0.771273
0.030690 0.771307
0.030690 0.771407
0.030720 0.771457
0.030720 0.771557
0.030720 0.771641
0.030731 0.771641
0.030741 0.771658
0.030751 0.771658
0.030761 0.771674
0.030792 0.771708
0.030802 0.771725
0.030802 0.771758
0.030833 0.771791
0.030843 0.771808
0.030843 0.771842
0.030854 0.771892
0.030864 0.771925
0.030864 0.771959
0.030884 0.771975
0.030884 0.771992
0.030915 0.771992
0.030936 0.771992
0.030936 0.772042
0.030946 0.772042
0.030966 0.772042
0.030987 0.772076
0.030997 0.772126
0.031018 0.772226
0.031018 0.772259
0.031038 0.772293
0.031038 0.772326
0.031038 0.772410
0.031038 0.772443
0.031038 0.772510
0.031038 0.772527
0.031038 0.772560
0.031048 0.772577
0.031048 0.772627
0.031059 0.772627
0.031059 0.772711
0.031059 0.772727
0.031089 0.772727
0.031110 0.772744
0.031110 0.772811
0.031120 0.772811
0.031120 0.772828
0.031120 0.772878
0.031141 0.772911
0.031141 0.772945
0.031141 0.772978
0.031151 0.772978
0.031161 0.773011
0.031182 0.773061
0.031182 0.773078
0.031182 0.773162
0.031182 0.773178
0.031182 0.773229
0.031202 0.773245
0.031202 0.773262
0.031213 0.773262
0.031223 0.773295
0.031223 0.773312
0.031264 0.773312
0.031295 0.773329
0.031295 0.773379
0.031305 0.773379
0.031315 0.773412
0.031346 0.773446
0.031356 0.773496
0.031377 0.773496
0.031387 0.773563
0.031387 0.773580
0.031397 0.773580
0.031407 0.773596
0.031407 0.773630
0.031407 0.773646
0.031407 0.773697
0.031438 0.773730
0.031438 0.773747
0.031479 0.773780
0.031500 0.773814
0.031510 0.773847
0.031510 0.773897
0.031510 0.773914
0.031510 0.773964
0.031510 0.773997
0.031510 0.774098
0.031541 0.774131
0.031551 0.774198
0.031551 0.774215
0.031561 0.774265
0.031561 0.774281
0.031561 0.774315
0.031571 0.774332
0.031592 0.774365
0.031592 0.774398
0.031612 0.774415
0.031633 0.774449
0.031643 0.774515
0.031653 0.774532
0.031653 0.774549
0.031664 0.774549
0.031674 0.774566
0.031674 0.774599
0.031684 0.774616
0.031725 0.774649
0.031725 0.774699
0.031766 0.774716
0.031776 0.774749
0.031797 0.774749
0.031807 0.774749
0.031807 0.774783
0.031828 0.774816
0.031828 0.774833
0.031848 0.774916
0.031848 0.774933
0.031869 0.774933
0.031879 0.774933
0.031889 0.774967
0.031910 0.775017
0.031930 0.775033
0.031930 0.775050
0.031930 0.775084
0.031930 0.775134
0.031941 0.775167
0.031941 0.775251
0.031951 0.775284
0.031971 0.775318
0.031971 0.775384
0.032002 0.775418
0.032043 0.775451
0.032043 0.775485
0.032074 0.775485
0.032094 0.775501
0.032105 0.775518
0.032125 0.775551
0.032146 0.775568
0.032156 0.775568
0.032156 0.775635
0.032166 0.775652
0.032166 0.775685
0.032197 0.775685
0.032197 0.775735
0.032197 0.775802
0.032197 0.775819
0.032228 0.775836
0.032228 0.775886
0.032248 0.775902
0.032279 0.776003
0.032279 0.776036
0.032299 0.776070
0.032320 0.776086
0.032330 0.776086
0.032340 0.776103
0.032340 0.776203
0.032351 0.776220
0.032361 0.776303
0.032361 0.776320
0.032361 0.776370
0.032361 0.776487
0.032361 0.776537
0.032381 0.776554
0.032381 0.776621
0.032392 0.776671
0.032402 0.776705
0.032402 0.776838
0.032422 0.776838
0.032443 0.776905
0.032463 0.776955
0.032474 0.777005
0.032494 0.777039
0.032504 0.777055
0.032515 0.777055
0.032525 0.777139
0.032535 0.777156
0.032535 0.777172
0.032546 0.777189
0.032546 0.777206
0.032546 0.777239
0.032546 0.777273
0.032546 0.777356
0.032556 0.777373
0.032576 0.777406
0.032617 0.777423
0.032648 0.777440
0.032648 0.777473
0.032658 0.777490
0.032658 0.777557
0.032669 0.777607
0.032699 0.777607
0.032710 0.777607
0.032730 0.777624
0.032751 0.777657
0.032771 0.777657
0.032781 0.777691
0.032781 0.777724
0.032781 0.777774
0.032802 0.777774
0.032802 0.777841
0.032802 0.777891
0.032822 0.777924
0.032843 0.777924
0.032863 0.777958
0.032863 0.777975
0.032874 0.778025
0.032874 0.778075
0.032884 0.778092
0.032894 0.778092
0.032935 0.778108
0.032935 0.778142
0.032935 0.778192
0.032935 0.778209
0.032945 0.778209
0.032945 0.778292
0.032945 0.778309
0.032966 0.778309
0.032966 0.778376
0.032997 0.778392
0.033007 0.778476
0.033027 0.778509
0.033027 0.778526
0.033038 0.778576
0.033038 0.778610
0.033048 0.778626
0.033048 0.778676
0.033079 0.778676
0.033089 0.778693
0.033089 0.778743
0.033109 0.778777
0.033120 0.778777
0.033161 0.778793
0.033171 0.778793
0.033181 0.778810
0.033202 0.778827
0.033202 0.778844
0.033212 0.778877
0.033212 0.778910
0.033222 0.778944
0.033253 0.778961
0.033263 0.778994
0.033274 0.779011
0.033284 0.779044
0.033284 0.779094
0.033284 0.779111
0.033294 0.779161
0.033304 0.779161
0.033304 0.779195
0.033315 0.779245
0.033315 0.779278
0.033335 0.779278
0.033345 0.779295
0.033345 0.779362
0.033356 0.779428
0.033366 0.779445
0.033366 0.779512
0.033386 0.779562
0.033397 0.779646
0.033407 0.779696
0.033407 0.779713
0.033427 0.779729
0.033427 0.779813
0.033448 0.779846
0.033458 0.779913
0.033479 0.779947
0.033479 0.779997
0.033489 0.780080
0.033489 0.780097
0.033509 0.780097
0.033550 0.780097
0.033581 0.780097
0.033581 0.780147
0.033581 0.780214
0.033602 0.780231
0.033612 0.780247
0.033622 0.780281
0.033653 0.780281
0.033684 0.780331
0.033684 0.780364
0.033704 0.780398
0.033725 0.780431
0.033725 0.780515
0.033745 0.780531
0.033755 0.780548
0.033766 0.780598
0.033776 0.780665
0.033786 0.780715
0.033796 0.780715
0.033796 0.780732
0.033807 0.780765
0.033807 0.780799
0.033807 0.780882
0.033807 0.780916
0.033807 0.780949
0.033827 0.780966
0.033827 0.781016
0.033858 0.781049
0.033868 0.781049
0.033868 0.781083
0.033868 0.781100
0.033878 0.781116
0.033878 0.781150
0.033920 0.781183
0.033950 0.781217
0.033971 0.781283
0.034012 0.781334
0.034012 0.781367
0.034032 0.781384
0.034043 0.781384
0.034053 0.781434
0.034063 0.781451
0.034063 0.781517
0.034073 0.781551
0.034094 0.781584
0.034094 0.781618
0.034094 0.781651
0.034094 0.781718
0.034114 0.781718
0.034125 0.781768
0.034145 0.781785
0.034155 0.781868
0.034155 0.781918
0.034166 0.781918
0.034176 0.781935
0.034176 0.781969
0.034186 0.781969
0.034196 0.781985
0.034196 0.782069
0.034207 0.782119
0.034207 0.782152
0.034237 0.782169
0.034237 0.782186
0.034248 0.782219
0.034248 0.782236
0.034248 0.782269
0.034258 0.782303
0.034258 0.782336
0.034268 0.782353
0.034278 0.782403
0.034289 0.782403
0.034309 0.782453
0.034319 0.782470
0.034350 0.782470
0.034360 0.782503
0.034360 0.782520
0.034371 0.782537
0.034371 0.782587
0.034381 0.782637
0.034412 0.782637
0.034432 0.782654
0.034442 0.782687
0.034453 0.782687
0.034463 0.782721
0.034463 0.782737
0.034463 0.782838
0.034463 0.782938
0.034483 0.782971
0.034504 0.783021
0.034504 0.783038
0.034514 0.783105
0.034524 0.783155
0.034524 0.783172
0.034524 0.783205
0.034545 0.783222
0.034555 0.783222
0.034555 0.783255
0.034555 0.783339
0.034555 0.783356
0.034576 0.783372
0.034576 0.783389
0.034617 0.783456
0.034637 0.783556
0.034658 0.783573
0.034668 0.783590
0.034668 0.783656
0.034699 0.783673
0.034699 0.783690
0.034709 0.783707
0.034730 0.783723
0.034760 0.783740
0.034771 0.783790
0.034781 0.783824
0.034801 0.783857
0.034801 0.783907
0.034822 0.783924
0.034832 0.783924
0.034832 0.783974
0.034832 0.784007
0.034853 0.784041
0.034873 0.784074
0.034883 0.784074
0.034914 0.784074
0.034945 0.784108
0.034965 0.784124
0.034976 0.784124
0.034996 0.784158
0.034996 0.784174
0.035017 0.784225
0.035017 0.784241
0.035017 0.784342
0.035047 0.784358
0.035058 0.784358
0.035068 0.784375
0.035099 0.784408
0.035109 0.784442
0.035140 0.784459
0.035160 0.784459
0.035181 0.784475
0.035181 0.784525
0.035211 0.784542
0.035211 0.784559
0.035232 0.784659
0.035242 0.784759
0.035242 0.784793
0.035252 0.784826
0.035263 0.784843
0.035263 0.784910
0.035273 0.784943
0.035273 0.784960
0.035283 0.784977
0.035294 0.785027
0.035294 0.785043
0.035314 0.785060
0.035324 0.785060
0.035345 0.785144
0.035355 0.785144
0.035355 0.785160
0.035365 0.785227
0.035376 0.785277
0.035406 0.785277
0.035406 0.785328
0.035427 0.785394
0.035447 0.785428
0.035458 0.785478
0.035478 0.785528
0.035478 0.785578
0.035478 0.785595
0.035488 0.785612
0.035488 0.785645
0.035499 0.785662
0.035499 0.785745
0.035499 0.785762
0.035499 0.785896
0.035499 0.785912
0.035529 0.785912
0.035529 0.785929
0.035529 0.785963
0.035540 0.785996
0.035560 0.786029
0.035570 0.786096
0.035581 0.786146
0.035581 0.786180
0.035591 0.786230
0.035611 0.786280
0.035611 0.786297
0.035611 0.786347
0.035622 0.786347
0.035632 0.786397
0.035632 0.786414
0.035632 0.786447
0.035642 0.786531
0.035642 0.786581
0.035663 0.786581
0.035663 0.786614
0.035673 0.786614
0.035693 0.786631
0.035693 0.786715
0.035693 0.786765
0.035724 0.786781
0.035745 0.786848
0.035755 0.786932
0.035765 0.786932
0.035775 0.786949
0.035796 0.786949
0.035806 0.786949
0.035806 0.786999
0.035806 0.787015
0.035827 0.787032
0.035827 0.787049
0.035847 0.787099
0.035857 0.787149
0.035878 0.787199
0.035878 0.787233
0.035888 0.787249
0.035898 0.787249
0.035919 0.787266
0.035919 0.787283
0.035919 0.787350
0.035940 0.787350
0.035940 0.787366
0.035940 0.787433
0.035960 0.787433
0.035981 0.787467
0.035981 0.787483
0.036001 0.787517
0.036001 0.787600
0.036011 0.787617
0.036042 0.787634
0.036073 0.787667
0.036083 0.787667
0.036083 0.787684
0.036083 0.787751
0.036083 0.787801
0.036093 0.787801
0.036093 0.787818
0.036093 0.787851
0.036114 0.787884
0.036114 0.787918
0.036114 0.787951
0.036114 0.788001
0.036155 0.788051
0.036165 0.788085
0.036175 0.788168
0.036196 0.788185
0.036206 0.788185
0.036206 0.788235
0.036216 0.788285
0.036227 0.788302
0.036227 0.788352
0.036227 0.788386
0.036247 0.788402
0.036257 0.788402
0.036257 0.788486
0.036278 0.788519
0.036288 0.788519
0.036329 0.788536
0.036350 0.788536
0.036360 0.788553
0.036370 0.788586
0.036391 0.788653
0.036401 0.788670
0.036432 0.788670
0.036442 0.788670
0.036442 0.788720
0.036452 0.788720
0.036452 0.788787
0.036462 0.788787
0.036483 0.788803
0.036483 0.788820
0.036503 0.788820
0.036514 0.788820
0.036544 0.788820
0.036544 0.788837
0.036555 0.788854
0.036555 0.788870
0.036596 0.788870
0.036596 0.788920
0.036616 0.788937
0.036616 0.788954
0.036627 0.788954
0.036657 0.788954
0.036657 0.789021
0.036668 0.789054
0.036678 0.789054
0.036678 0.789071
0.036698 0.789138
0.036698 0.789154
0.036709 0.789205
0.036729 0.789221
0.036739 0.789221
0.036760 0.789271
0.036770 0.789288
0.036791 0.789305
0.036801 0.789322
0.036801 0.789355
0.036801 0.789455
0.036811 0.789505
0.036821 0.789522
0.036821 0.789539
0.036842 0.789539
0.036873 0.789606
0.036873 0.789656
0.036893 0.789723
0.036893 0.789756
0.036914 0.789823
0.036924 0.789856
0.036944 0.789873
0.036965 0.789923
0.036996 0.789990
0.037037 0.790007
0.037047 0.790040
0.037057 0.790057
0.037078 0.790074
0.037078 0.790107
0.037078 0.790124
0.037088 0.790157
0.037108 0.790191
0.037139 0.790241
0.037139 0.790291
0.037180 0.790324
0.037190 0.790391
0.037221 0.790391
0.037221 0.790424
0.037231 0.790525
0.037252 0.790575
0.037262 0.790642
0.037283 0.790658
0.037283 0.790692
0.037283 0.790792
0.037293 0.790842
0.037314 0.790909
0.037324 0.790909
0.037355 0.790943
0.037385 0.790959
0.037385 0.791009
0.037396 0.791093
0.037416 0.791110
0.037437 0.791176
0.037437 0.791227
0.037457 0.791243
0.037467 0.791243
0.037488 0.791277
0.037488 0.791310
0.037508 0.791344
0.037529 0.791394
0.037529 0.791494
0.037570 0.791511
0.037590 0.791578
0.037590 0.791594
0.037621 0.791611
0.037642 0.791644
0.037672 0.791661
0.037672 0.791695
0.037703 0.791711
0.037713 0.791745
0.037724 0.791745
0.037744 0.791761
0.037775 0.791761
0.037816 0.791761
0.037857 0.791795
0.037877 0.791795
0.037877 0.791828
0.037898 0.791862
0.037898 0.791912
0.037898 0.791945
0.037918 0.791979
0.037918 0.792029
0.037929 0.792062
0.037959 0.792096
0.037980 0.792112
0.037980 0.792213
0.037990 0.792213
0.038021 0.792346
0.038021 0.792363
0.038021 0.792396
0.038042 0.792430
0.038072 0.792430
0.038083 0.792447
0.038093 0.792447
0.038093 0.792497
0.038103 0.792530
0.038113 0.792597
0.038124 0.792630
0.038134 0.792647
0.038144 0.792647
0.038154 0.792697
0.038154 0.792714
0.038185 0.792714
0.038206 0.792731
0.038216 0.792781
0.038216 0.792814
0.038216 0.792831
0.038226 0.792848
0.038226 0.792881
0.038247 0.792914
0.038277 0.792931
0.038288 0.792998
0.038308 0.792998
0.038308 0.793015
0.038318 0.793048
0.038329 0.793098
0.038329 0.793182
0.038339 0.793199
0.038339 0.793249
0.038370 0.793265
0.038411 0.793282
0.038431 0.793282
0.038431 0.793316
0.038452 0.793349
0.038482 0.793399
0.038482 0.793449
0.038493 0.793483
0.038493 0.793499
0.038534 0.793533
0.038534 0.793566
0.038554 0.793566
0.038554 0.793666
0.038554 0.793683
0.038564 0.793717
0.038564 0.793733
0.038595 0.793767
0.038595 0.793834
0.038605 0.793850
0.038616 0.793884
0.038616 0.793917
0.038636 0.793951
0.038647 0.793967
0.038667 0.794068
0.038677 0.794101
0.038677 0.794118
0.038688 0.794134
0.038688 0.794151
0.038729 0.794184
0.038729 0.794235
0.038729 0.794251
0.038749 0.794285
0.038770 0.794352
0.038770 0.794385
0.038790 0.794385
0.038800 0.794418
0.038800 0.794452
0.038811 0.794469
0.038831 0.794535
0.038852 0.794569
0.038872 0.794602
0.038882 0.794619
0.038903 0.794636
0.038913 0.794652
0.038913 0.794703
0.038944 0.794719
0.038944 0.794753
0.038954 0.794786
0.038964 0.794886
0.038985 0.794936
0.039005 0.794936
0.039026 0.794970
0.039026 0.795070
0.039026 0.795087
0.039036 0.795137
0.039067 0.795170
0.039067 0.795204
0.039077 0.795204
0.039087 0.795254
0.039087 0.795287
0.039087 0.795304
0.039098 0.795321
0.039098 0.795421
0.039108 0.795438
0.039108 0.795455
0.039118 0.795505
0.039139 0.795538
0.039139 0.795588
0.039149 0.795588
0.039169 0.795672
0.039180 0.795739
0.039190 0.795789
0.039190 0.795839
0.039210 0.795889
0.039221 0.795939
0.039221 0.796006
0.039221 0.796039
0.039221 0.796056
0.039231 0.796073
0.039251 0.796140
0.039251 0.796156
0.039251 0.796223
0.039251 0.796240
0.039251 0.796273
0.039272 0.796407
0.039282 0.796457
0.039282 0.796507
0.039313 0.796524
0.039323 0.796591
0.039334 0.796624
0.039344 0.796624
0.039375 0.796691
0.039375 0.796725
0.039375 0.796791
0.039375 0.796808
0.039395 0.796842
0.039405 0.796842
0.039416 0.796892
0.039436 0.796925
0.039436 0.797025
0.039467 0.797042
0.039467 0.797076
0.039477 0.797126
0.039498 0.797126
0.039518 0.797142
0.039518 0.797193
0.039539 0.797193
0.039559 0.797226
0.039559 0.797293
0.039569 0.797293
0.039569 0.797326
0.039580 0.797360
0.039580 0.797376
0.039580 0.797410
0.039600 0.797426
0.039600 0.797443
0.039610 0.797477
0.039621 0.797543
0.039631 0.797594
0.039631 0.797627
0.039662 0.797660
0.039662 0.797711
0.039682 0.797727
0.039682 0.797894
0.039692 0.797928
0.039713 0.797928
0.039723 0.797978
0.039733 0.797995
0.039764 0.798028
0.039774 0.798061
0.039785 0.798112
0.039785 0.798128
0.039795 0.798145
0.039815 0.798145
0.039836 0.798212
0.039836 0.798245
0.039846 0.798245
0.039846 0.798262
0.039856 0.798295
0.039867 0.798362
0.039877 0.798362
0.039877 0.798396
0.039877 0.798446
0.039897 0.798496
0.039897 0.798529
0.039908 0.798613
0.039918 0.798646
0.039938 0.798680
0.039938 0.798713
0.039959 0.798797
0.039969 0.798814
0.039990 0.798864
0.040000 0.798864
0.040021 0.798897
0.040021 0.798947
0.040031 0.798947
0.040051 0.798947
0.040062 0.798981
0.040062 0.798997
0.040072 0.799031
0.040072 0.799064
0.040113 0.799131
0.040113 0.799198
0.040113 0.799298
0.040123 0.799382
0.040174 0.799398
0.040195 0.799415
0.040195 0.799432
0.040195 0.799465
0.040215 0.799482
0.040226 0.799482
0.040226 0.799499
0.040236 0.799566
0.040267 0.799566
0.040287 0.799582
0.040308 0.799632
0.040318 0.799632
0.040318 0.799666
0.040318 0.799682
0.040328 0.799682
0.040328 0.799699
0.040338 0.799716
0.040359 0.799716
0.040369 0.799733
0.040390 0.799749
0.040400 0.799766
0.040400 0.799799
0.040410 0.799799
0.040441 0.799866
0.040441 0.799883
0.040451 0.799916
0.040451 0.799967
0.040451 0.800000
0.040482 0.800050
0.040502 0.800067
0.040513 0.800067
0.040523 0.800084
0.040554 0.800100
0.040564 0.800134
0.040584 0.800167
0.040605 0.800167
0.040605 0.800184
0.040625 0.800217
0.040656 0.800251
0.040677 0.800267
0.040677 0.800301
0.040677 0.800318
0.040708 0.800351
0.040728 0.800384
0.040769 0.800384
0.040790 0.800401
0.040800 0.800418
0.040810 0.800485
0.040820 0.800485
0.040820 0.800518
0.040831 0.800568
0.040831 0.800602
0.040882 0.800602
0.040882 0.800635
0.040882 0.800652
0.040882 0.800719
0.040882 0.800752
0.040913 0.800802
0.040923 0.800836
0.040933 0.800836
0.040964 0.800852
0.041005 0.800852
0.041015 0.800902
0.041025 0.800936
0.041046 0.800953
0.041056 0.801003
0.041066 0.801036
0.041077 0.801053
0.041087 0.801053
0.041087 0.801070
0.041128 0.801086
0.041138 0.801086
0.041138 0.801103
0.041148 0.801120
0.041159 0.801153
0.041159 0.801203
0.041169 0.801237
0.041189 0.801253
0.041189 0.801270
0.041200 0.801287
0.041220 0.801303
0.041251 0.801320
0.041282 0.801320
0.041292 0.801337
0.041292 0.801354
0.041302 0.801370
0.041302 0.801420
0.041302 0.801454
0.041312 0.801454
0.041312 0.801487
0.041323 0.801487
0.041333 0.801521
0.041333 0.801537
0.041374 0.801621
0.041405 0.801671
0.041415 0.801671
0.041436 0.801705
0.041446 0.801705
0.041446 0.801738
0.041446 0.801805
0.041456 0.801838
0.041466 0.801888
0.041466 0.801922
0.041477 0.801955
0.041477 0.801972
0.041477 0.802039
0.041538 0.802039
0.041538 0.802089
0.041569 0.802122
0.041589 0.802122
0.041630 0.802172
0.041641 0.802223
0.041661 0.802256
0.041671 0.802256
0.041671 0.802273
0.041702 0.802289
0.041702 0.802306
0.041712 0.802340
0.041733 0.802356
0.041743 0.802373
0.041764 0.802390
0.041774 0.802390
0.041784 0.802440
0.041794 0.802457
0.041815 0.802507
0.041846 0.802557
0.041846 0.802590
0.041856 0.802590
0.041887 0.802590
0.041907 0.802590
0.041928 0.802640
0.041928 0.802657
0.041948 0.802674
0.041999 0.802741
0.042010 0.802841
0.042010 0.802874
0.042010 0.802891
0.042020 0.802908
0.042030 0.802941
0.042041 0.802958
0.042051 0.802958
0.042061 0.802991
0.042082 0.802991
0.042092 0.803025
0.042112 0.803025
0.042112 0.803058
0.042133 0.803125
0.042133 0.803158
0.042133 0.803175
0.042133 0.803209
0.042153 0.803242
0.042164 0.803275
0.042174 0.803326
0.042194 0.803342
0.042205 0.803359
0.042205 0.803392
0.042215 0.803409
0.042225 0.803459
0.042235 0.803493
0.042235 0.803509
0.042235 0.803576
0.042256 0.803593
0.042256 0.803676
0.042266 0.803676
0.042287 0.803727
0.042307 0.803727
0.042317 0.803727
0.042328 0.803760
0.042338 0.803810
0.042348 0.803844
0.042358 0.803860
0.042379 0.803910
0.042389 0.803961
0.042420 0.803961
0.042420 0.803994
0.042430 0.804044
0.042430 0.804078
0.042451 0.804128
0.042451 0.804144
0.042471 0.804195
0.042481 0.804228
0.042512 0.804295
0.042512 0.804378
0.042522 0.804395
0.042522 0.804412
0.042563 0.804428
0.042584 0.804462
0.042584 0.804479
0.042594 0.804479
0.042604 0.804495
0.042604 0.804529
0.042615 0.804545
0.042615 0.804579
0.042635 0.804579
0.042645 0.804612
0.042656 0.804679
0.042666 0.804696
0.042676 0.804696
0.042686 0.804713
0.042707 0.804729
0.042707 0.804763
0.042717 0.804763
0.042728 0.804830
0.042738 0.804913
0.042738 0.804947
0.042748 0.804947
0.042769 0.804963
0.042779 0.804963
0.042779 0.804997
0.042789 0.805047
0.042810 0.805047
0.042820 0.805080
0.042840 0.805080
0.042851 0.805097
0.042892 0.805130
0.042902 0.805147
0.042922 0.805231
0.042933 0.805231
0.042933 0.805297
0.042943 0.805331
0.042953 0.805331
0.042953 0.805364
0.042974 0.805398
0.042974 0.805465
0.042994 0.805498
0.043004 0.805515
0.043035 0.805515
0.043035 0.805565
0.043045 0.805565
0.043056 0.805632
0.043056 0.805665
0.043066 0.805665
0.043066 0.805715
0.043076 0.805765
0.043097 0.805765
0.043138 0.805816
0.043148 0.805866
0.043148 0.805899
0.043148 0.805932
0.043158 0.805999
0.043199 0.805999
0.043220 0.806016
0.043230 0.806083
0.043250 0.806100
0.043291 0.806100
0.043302 0.806100
0.043302 0.806150
0.043322 0.806217
0.043322 0.806233
0.043332 0.806250
0.043332 0.806283
0.043384 0.806317
0.043394 0.806367
0.043415 0.806367
0.043425 0.806384
0.043456 0.806384
0.043476 0.806400
0.043486 0.806400
0.043497 0.806417
0.043497 0.806451
0.043517 0.806467
0.043517 0.806534
0.043517 0.806568
0.043548 0.806634
0.043568 0.806651
0.043579 0.806701
0.043579 0.806735
0.043589 0.806735
0.043589 0.806751
0.043599 0.806768
0.043599 0.806785
0.043609 0.806785
0.043609 0.806818
0.043630 0.806818
0.043640 0.806835
0.043661 0.806868
0.043671 0.806885
0.043681 0.806885
0.043681 0.806952
0.043691 0.806952
0.043712 0.806969
0.043722 0.806969
0.043732 0.806985
0.043753 0.807002
0.043753 0.807035
0.043763 0.807102
0.043804 0.807136
0.043814 0.807203
0.043814 0.807253
0.043835 0.807269
0.043845 0.807286
0.043886 0.807320
0.043886 0.807336
0.043907 0.807336
0.043907 0.807370
0.043927 0.807420
0.043948 0.807420
0.043948 0.807453
0.043968 0.807453
0.043978 0.807487
0.043999 0.807487
0.044009 0.807503
0.044009 0.807587
0.044019 0.807620
0.044019 0.807687
0.044040 0.807704
0.044050 0.807787
0.044071 0.807787
0.044081 0.807804
0.044102 0.807854
0.044122 0.807871
0.044122 0.807921
0.044122 0.807938
0.044132 0.807988
0.044143 0.807988
0.044143 0.808055
0.044163 0.808088
0.044184 0.808155
0.044204 0.808172
0.044235 0.808205
0.044235 0.808222
0.044286 0.808239
0.044296 0.808239
0.044296 0.808255
0.044307 0.808322
0.044348 0.808372
0.044358 0.808439
0.044378 0.808489
0.044409 0.808489
0.044419 0.808523
0.044471 0.808523
0.044471 0.808539
0.044471 0.808573
0.044522 0.808606
0.044553 0.808640
0.044553 0.808673
0.044553 0.808690
0.044573 0.808690
0.044604 0.808690
0.044624 0.808690
0.044635 0.808707
0.044676 0.808707
0.044717 0.808740
0.044758 0.808773
0.044768 0.808790
0.044809 0.808807
0.044840 0.808807
0.044840 0.808824
0.044850 0.808840
0.044850 0.808874
0.044850 0.808924
0.044850 0.808941
0.044860 0.808957
0.044860 0.808974
0.044860 0.809041
0.044860 0.809057
0.044860 0.809108
0.044881 0.809174
0.044901 0.809174
0.044901 0.809241
0.044912 0.809258
0.044932 0.809342
0.044942 0.809375
0.045004 0.809475
0.045004 0.809492
0.045014 0.809492
0.045014 0.809559
0.045045 0.809576
0.045045 0.809609
0.045055 0.809626
0.045086 0.809659
0.045086 0.809693
0.045096 0.809693
0.045106 0.809726
0.045106 0.809743
0.045137 0.809793
0.045158 0.809843
0.045158 0.809876
0.045168 0.809926
0.045178 0.809926
0.045188 0.809943
0.045209 0.809943
0.045229 0.809960
0.045240 0.809977
0.045270 0.810010
0.045301 0.810027
0.045301 0.810043
0.045322 0.810094
0.045342 0.810227
0.045373 0.810244
0.045373 0.810277
0.045383 0.810277
0.045383 0.810294
0.045404 0.810294
0.045404 0.810311
0.045465 0.810311
0.045486 0.810344
0.045486 0.810378
0.045506 0.810511
0.045517 0.810561
0.045527 0.810561
0.045537 0.810578
0.045568 0.810595
0.045568 0.810612
0.045599 0.810645
0.045609 0.810678
0.045609 0.810695
0.045629 0.810729
0.045629 0.810745
0.045640 0.810762
0.045681 0.810829
0.045691 0.810862
0.045711 0.810896
0.045722 0.810896
0.045722 0.810963
0.045722 0.810979
0.045732 0.810996
0.045752 0.810996
0.045763 0.811013
0.045763 0.811046
0.045773 0.811130
0.045773 0.811163
0.045783 0.811180
0.045783 0.811197
0.045804 0.811230
0.045814 0.811230
0.045834 0.811263
0.045865 0.811263
0.045865 0.811280
0.045896 0.811280
0.045916 0.811314
0.045937 0.811330
0.045937 0.811380
0.045978 0.811380
0.045978 0.811447
0.045998 0.811497
0.046019 0.811514
0.046039 0.811514
0.046060 0.811547
0.046060 0.811598
0.046080 0.811614
0.046091 0.811648
0.046101 0.811648
0.046122 0.811648
0.046132 0.811648
0.046163 0.811664
0.046183 0.811698
0.046204 0.811698
0.046234 0.811715
0.046245 0.811765
0.046245 0.811815
0.046255 0.811832
0.046265 0.811882
0.046286 0.811882
0.046286 0.811915
0.046286 0.811932
0.046316 0.811932
0.046327 0.811965
0.046337 0.811982
0.046347 0.812049
0.046357 0.812082
0.046378 0.812082
0.046398 0.812082
0.046429 0.812132
0.046429 0.812166
0.046450 0.812166
0.046450 0.812182
0.046460 0.812199
0.046480 0.812216
0.046480 0.812249
0.046491 0.812266
0.046501 0.812266
0.046532 0.812266
0.046532 0.812283
0.046532 0.812333
0.046562 0.812350
0.046573 0.812350
0.046593 0.812383
0.046614 0.812433
0.046614 0.812450
0.046614 0.812483
0.046614 0.812567
0.046614 0.812634
0.046634 0.812650
0.046634 0.812701
0.046655 0.812734
0.046747 0.812767
0.046788 0.812801
0.046798 0.812818
0.046829 0.812818
0.046860 0.812851
0.046870 0.812851
0.046891 0.812868
0.046901 0.812868
0.046911 0.812918
0.046942 0.812934
0.046952 0.812985
0.046973 0.813001
0.046973 0.813068
0.046993 0.813135
0.046993 0.813202
0.047014 0.813235
0.047034 0.813235
0.047075 0.813252
0.047085 0.813285
0.047096 0.813302
0.047096 0.813369
0.047106 0.813386
0.047126 0.813436
0.047126 0.813453
0.047147 0.813469
0.047147 0.813486
0.047147 0.813536
0.047157 0.813553
0.047157 0.813620
0.047178 0.813620
0.047188 0.813653
0.047208 0.813653
0.047229 0.813686
0.047260 0.813703
0.047260 0.813737
0.047270 0.813737
0.047280 0.813753
0.047280 0.813770
0.047311 0.813770
0.047331 0.813787
0.047342 0.813837
0.047342 0.813870
0.047352 0.813887
0.047352 0.813920
0.047372 0.813920
0.047434 0.813920
0.047444 0.813937
0.047465 0.814004
0.047475 0.814021
0.047506 0.814054
0.047506 0.814071
0.047526 0.814071
0.047526 0.814138
0.047537 0.814154
0.047537 0.814205
0.047557 0.814271
0.047567 0.814271
0.047598 0.814372
0.047608 0.814388
0.047629 0.814422
0.047639 0.814439
0.047639 0.814472
0.047670 0.814522
0.047701 0.814522
0.047701 0.814606
0.047731 0.814639
0.047731 0.814672
0.047731 0.814689
0.047742 0.814706
0.047752 0.814706
0.047752 0.814739
0.047793 0.814806
0.047803 0.814823
0.047813 0.814823
0.047813 0.814856
0.047834 0.814906
0.047844 0.814923
0.047854 0.814923
0.047854 0.814973
0.047865 0.814990
0.047865 0.815040
0.047906 0.815057
0.047936 0.815124
0.047936 0.815157
0.047967 0.815174
0.047977 0.815174
0.047998 0.815207
0.048008 0.815224
0.048018 0.815274
0.048029 0.815307
0.048059 0.815307
0.048080 0.815341
0.048100 0.815391
0.048100 0.815408
0.048111 0.815408
0.048111 0.815441
0.048131 0.815441
0.048131 0.815475
0.048142 0.815475
0.048142 0.815541
0.048152 0.815558
0.048172 0.815608
0.048193 0.815608
0.048234 0.815675
0.048244 0.815692
0.048244 0.815709
0.048285 0.815709
0.048295 0.815742
0.048336 0.815759
0.048357 0.815759
0.048367 0.815792
0.048388 0.815826
0.048388 0.815842
0.048398 0.815876
0.048439 0.815892
0.048449 0.815909
0.048490 0.815926
0.048500 0.815959
0.048500 0.815976
0.048521 0.815993
0.048521 0.816026
0.048541 0.816026
0.048552 0.816059
0.048572 0.816126
0.048572 0.816143
0.048603 0.816176
0.048613 0.816193
0.048623 0.816327
0.048634 0.816344
0.048654 0.816360
0.048675 0.816360
0.048675 0.816427
0.048695 0.816477
0.048726 0.816494
0.048736 0.816561
0.048746 0.816611
0.048787 0.816628
0.048798 0.816628
0.048798 0.816761
0.048808 0.816811
0.048808 0.816828
0.048818 0.816845
0.048818 0.816862
0.048818 0.816895
0.048829 0.816928
0.048839 0.816995
0.048849 0.817029
0.048849 0.817096
0.048859 0.817112
0.048880 0.817129
0.048880 0.817146
0.048890 0.817196
0.048900 0.817263
0.048900 0.817296
0.048941 0.817296
0.048941 0.817313
0.048952 0.817380
0.048962 0.817380
0.048972 0.817413
0.048993 0.817413
0.049034 0.817547
0.049034 0.817647
0.049044 0.817697
0.049064 0.817697
0.049075 0.817714
0.049095 0.817781
0.049095 0.817814
0.049116 0.817814
0.049136 0.817864
0.049136 0.817881
0.049157 0.817898
0.049157 0.817914
0.049177 0.817965
0.049187 0.817965
0.049228 0.818031
0.049239 0.818048
0.049239 0.818082
0.049249 0.818115
0.049269 0.818115
0.049280 0.818132
0.049280 0.818165
0.049290 0.818199
0.049310 0.818265
0.049331 0.818299
0.049341 0.818349
0.049351 0.818366
0.049351 0.818466
0.049372 0.818466
0.049382 0.818483
0.049392 0.818516
0.049403 0.818516
0.049444 0.818516
0.049464 0.818549
0.049495 0.818583
0.049505 0.818600
0.049526 0.818633
0.049546 0.818717
0.049557 0.818717
0.049577 0.818750
0.049587 0.818783
0.049608 0.818783
0.049608 0.818834
0.049618 0.818834
0.049639 0.818884
0.049659 0.818967
0.049659 0.819017
0.049669 0.819068
0.049690 0.819068
0.049690 0.819084
0.049710 0.819101
0.049710 0.819134
0.049731 0.819151
0.049741 0.819151
0.049772 0.819151
0.049772 0.819184
0.049782 0.819184
0.049782 0.819201
0.049792 0.819268
0.049803 0.819268
0.049803 0.819301
0.049854 0.819301
0.049885 0.819368
0.049885 0.819435
0.049885 0.819452
0.049895 0.819485
0.049905 0.819535
0.049915 0.819535
0.049915 0.819569
0.049915 0.819619
0.049946 0.819686
0.049987 0.819736
0.049997 0.819753
0.049997 0.819769
0.050018 0.819786
0.050018 0.819820
0.050059 0.819886
0.050079 0.819886
0.050100 0.819920
0.050131 0.819920
0.050151 0.819987
0.050151 0.820003
0.050151 0.820037
0.050151 0.820137
0.050172 0.820154
0.050182 0.820170
0.050182 0.820204
0.050192 0.820221
0.050192 0.820237
0.050203 0.820287
0.050213 0.820321
0.050233 0.820338
0.050233 0.820388
0.050233 0.820488
0.050264 0.820521
0.050274 0.820538
0.050285 0.820538
0.050285 0.820555
0.050285 0.820588
0.050285 0.820605
0.050315 0.820605
0.050326 0.820622
0.050336 0.820655
0.050356 0.820705
0.050356 0.820755
0.050367 0.820805
0.050367 0.820822
0.050377 0.820839
0.050408 0.820856
0.050428 0.820872
0.050449 0.820939
0.050449 0.820956
0.050479 0.821023
0.050490 0.821023
0.050500 0.821056
0.050510 0.821056
0.050531 0.821056
0.050551 0.821123
0.050551 0.821156
0.050551 0.821207
0.050551 0.821240
0.050561 0.821240
0.050582 0.821240
0.050592 0.821257
0.050592 0.821290
0.050602 0.821357
0.050613 0.821357
0.050613 0.821390
0.050613 0.821424
0.050613 0.821457
0.050643 0.821457
0.050654 0.821457
0.050674 0.821491
0.050705 0.821524
0.050705 0.821557
0.050715 0.821591
0.050725 0.821641
0.050736 0.821658
0.050756 0.821708
0.050756 0.821741
0.050766 0.821775
0.050766 0.821808
0.050787 0.821808
0.050787 0.821825
0.050797 0.821825
0.050797 0.821842
0.050807 0.821842
0.050807 0.821908
0.050818 0.821925
0.050828 0.821992
0.050869 0.822025
0.050890 0.822126
0.050900 0.822126
0.050900 0.822142
0.050920 0.822142
0.050920 0.822159
0.050931 0.822226
0.050941 0.822226
0.050961 0.822259
0.050982 0.822276
0.050992 0.822326
0.051023 0.822376
0.051023 0.822410
0.051043 0.822410
0.051054 0.822443
0.051074 0.822493
0.051095 0.822527
0.051095 0.822610
0.051095 0.822644
0.051125 0.822694
0.051125 0.822727
0.051136 0.822777
0.051146 0.822777
0.051166 0.822777
0.051166 0.822794
0.051177 0.822844
0.051197 0.822894
0.051197 0.822945
0.051228 0.822945
0.051238 0.822978
0.051259 0.823028
0.051279 0.823045
0.051289 0.823045
0.051289 0.823095
0.051320 0.823128
0.051341 0.823162
0.051341 0.823212
0.051371 0.823212
0.051382 0.823212
0.051382 0.823229
0.051402 0.823279
0.051412 0.823295
0.051433 0.823329
0.051464 0.823329
0.051474 0.823346
0.051515 0.823379
0.051525 0.823412
0.051536 0.823412
0.051536 0.823446
0.051546 0.823479
0.051546 0.823496
0.051566 0.823529
0.051577 0.823563
0.051597 0.823596
0.051628 0.823596
0.051638 0.823596
0.051659 0.823596
0.051679 0.823630
0.051720 0.823646
0.051720 0.823680
0.051720 0.823763
0.051730 0.823763
0.051741 0.823780
0.051741 0.823814
0.051751 0.823847
0.051761 0.823864
0.051761 0.823880
0.051771 0.823897
0.051782 0.823930
0.051802 0.823981
0.051802 0.824098
0.051833 0.824131
0.051833 0.824164
0.051843 0.824181
0.051843 0.824231
0.051843 0.824265
0.051853 0.824281
0.051874 0.824382
0.051884 0.824382
0.051905 0.824382
0.051915 0.824398
0.051925 0.824398
0.051946 0.824415
0.051976 0.824465
0.052017 0.824515
0.052017 0.824582
0.052058 0.824616
0.052069 0.824632
0.052069 0.824649
0.052089 0.824682
0.052089 0.824699
0.052110 0.824716
0.052120 0.824783
0.052120 0.824833
0.052140 0.824833
0.052151 0.824850
0.052171 0.824900
0.052192 0.824967
0.052212 0.824983
0.052212 0.825184
0.052223 0.825217
0.052243 0.825217
0.052243 0.825234
0.052274 0.825234
0.052284 0.825234
0.052294 0.825284
0.052294 0.825318
0.052294 0.825368
0.052305 0.825434
0.052305 0.825468
0.052315 0.825535
0.052325 0.825568
0.052335 0.825585
0.052335 0.825618
0.052346 0.825668
0.052356 0.825685
0.052356 0.825719
0.052366 0.825719
0.052366 0.825735
0.052387 0.825752
0.052397 0.825769
0.052397 0.825802
0.052417 0.825819
0.052438 0.825902
0.052438 0.825936
0.052458 0.825969
0.052458 0.826003
0.052458 0.826019
0.052479 0.826019
0.052489 0.826019
0.052499 0.826053
0.052520 0.826086
0.052551 0.826120
0.052561 0.826170
0.052581 0.826203
0.052592 0.826287
0.052592 0.826354
0.052592 0.826370
0.052602 0.826387
0.052612 0.826420
0.052663 0.826437
0.052694 0.826437
0.052704 0.826471
0.052704 0.826504
0.052715 0.826521
0.052715 0.826554
0.052735 0.826588
0.052745 0.826621
0.052756 0.826671
0.052766 0.826671
0.052786 0.826738
0.052807 0.826755
0.052827 0.826805
0.052838 0.826838
0.052868 0.826855
0.052868 0.826888
0.052868 0.826905
0.052879 0.826905
0.052889 0.826955
0.052889 0.826972
0.052910 0.826989
0.052920 0.826989
0.052940 0.827005
0.052961 0.827039
0.052971 0.827039
0.052992 0.827072
0.053012 0.827072
0.053033 0.827106
0.053053 0.827156
0.053063 0.827189
0.053063 0.827223
0.053084 0.827239
0.053094 0.827273
0.053125 0.827306
0.053135 0.827306
0.053156 0.827323
0.053166 0.827356
0.053166 0.827373
0.053186 0.827406
0.053186 0.827423
0.053197 0.827440
0.053197 0.827473
0.053227 0.827473
0.053268 0.827540
0.053289 0.827557
0.053299 0.827590
0.053330 0.827607
0.053340 0.827607
0.053340 0.827640
0.053350 0.827674
0.053350 0.827707
0.053381 0.827774
0.053381 0.827791
0.053412 0.827807
0.053412 0.827841
0.053443 0.827858
0.053453 0.827874
0.053473 0.827874
0.053494 0.827891
0.053494 0.827924
0.053494 0.827991
0.053525 0.827991
0.053555 0.828008
0.053566 0.828041
0.053617 0.828058
0.053617 0.828092
0.053627 0.828092
0.053627 0.828108
0.053638 0.828125
0.053658 0.828125
0.053679 0.828175
0.053689 0.828209
0.053699 0.828209
0.053730 0.828209
0.053750 0.828209
0.053771 0.828225
0.053781 0.828225
0.053791 0.828242
0.053791 0.828259
0.053812 0.828259
0.053812 0.828309
0.053843 0.828342
0.053863 0.828392
0.053884 0.828392
0.053894 0.828426
0.053894 0.828443
0.053904 0.828443
0.053925 0.828459
0.053935 0.828493
0.053945 0.828509
0.053945 0.828526
0.053976 0.828543
0.053996 0.828543
0.054027 0.828576
0.054058 0.828593
0.054058 0.828626
0.054068 0.828643
0.054078 0.828760
0.054099 0.828793
0.054119 0.828810
0.054119 0.828860
0.054119 0.828877
0.054150 0.828877
0.054150 0.828927
0.054191 0.828927
0.054222 0.828944
0.054222 0.828977
0.054263 0.828977
0.054273 0.828977
0.054294 0.829011
0.054294 0.829027
0.054335 0.829061
0.054335 0.829078
0.054335 0.829128
0.054376 0.829128
0.054396 0.829195
0.054427 0.829278
0.054448 0.829295
0.054448 0.829311
0.054458 0.829345
0.054468 0.829395
0.054489 0.829395
0.054519 0.829479
0.054530 0.829479
0.054540 0.829512
0.054571 0.829596
0.054591 0.829612
0.054591 0.829646
0.054622 0.829679
0.054642 0.829679
0.054673 0.829713
0.054673 0.829796
0.054683 0.829813
0.054694 0.829813
0.054704 0.829863
0.054714 0.829880
0.054735 0.829896
0.054745 0.829947
0.054755 0.829980
0.054786 0.829997
0.054786 0.830013
0.054796 0.830064
0.054827 0.830097
0.054827 0.830114
0.054837 0.830147
0.054847 0.830147
0.054868 0.830147
0.054878 0.830164
0.054899 0.830231
0.054930 0.830264
0.054950 0.830264
0.054991 0.830281
0.054991 0.830297
0.054991 0.830331
0.055001 0.830364
0.055022 0.830381
0.055032 0.830381
0.055063 0.830431
0.055063 0.830481
0.055063 0.830498
0.055063 0.830582
0.055073 0.830615
0.055083 0.830615
0.055104 0.830615
0.055124 0.830682
0.055165 0.830682
0.055186 0.830732
0.055217 0.830749
0.055227 0.830799
0.055268 0.830799
0.055299 0.830799
0.055309 0.830832
0.055319 0.830849
0.055329 0.830849
0.055340 0.830866
0.055350 0.830866
0.055360 0.830899
0.055360 0.830916
0.055381 0.830932
0.055391 0.830966
0.055432 0.830999
0.055442 0.831066
0.055473 0.831083
0.055493 0.831100
0.055504 0.831116
0.055524 0.831133
0.055555 0.831183
0.055555 0.831200
0.055586 0.831233
0.055596 0.831233
0.055617 0.831233
0.055627 0.831233
0.055627 0.831300
0.055637 0.831300
0.055637 0.831317
0.055668 0.831350
0.055688 0.831367
0.055688 0.831384
0.055719 0.831400
0.055729 0.831400
0.055750 0.831434
0.055781 0.831467
0.055822 0.831467
0.055842 0.831484
0.055852 0.831484
0.055873 0.831517
0.055873 0.831534
0.055893 0.831534
0.055914 0.831584
0.055924 0.831584
0.055934 0.831618
0.055945 0.831668
0.055975 0.831701
0.055975 0.831735
0.056037 0.831751
0.056068 0.831751
0.056088 0.831768
0.056119 0.831818
0.056139 0.831852
0.056150 0.831885
0.056160 0.831885
0.056170 0.831918
0.056170 0.831952
0.056191 0.831952
0.056191 0.831969
0.056191 0.832019
0.056191 0.832035
0.056201 0.832052
0.056232 0.832069
0.056242 0.832069
0.056242 0.832102
0.056262 0.832136
0.056273 0.832169
0.056273 0.832186
0.056314 0.832186
0.056314 0.832203
0.056324 0.832236
0.056355 0.832286
0.056355 0.832303
0.056375 0.832303
0.056427 0.832336
0.056457 0.832386
0.056509 0.832420
0.056509 0.832503
0.056519 0.832520
0.056539 0.832520
0.056550 0.832553
0.056560 0.832553
0.056580 0.832570
0.056601 0.832604
0.056632 0.832620
0.056652 0.832620
0.056683 0.832654
0.056693 0.832687
0.056693 0.832704
0.056693 0.832804
0.056693 0.832854
0.056724 0.832921
0.056734 0.832955
0.056734 0.832971
0.056744 0.832988
0.056775 0.832988
0.056785 0.833005
0.056816 0.833021
0.056837 0.833072
0.056857 0.833072
0.056888 0.833122
0.056898 0.833205
0.056908 0.833205
0.056908 0.833222
0.056950 0.833222
0.056950 0.833239
0.056950 0.833272
0.056960 0.833289
0.056970 0.833289
0.056980 0.833339
0.056980 0.833356
0.057001 0.833406
0.057001 0.833422
0.057001 0.833456
0.057032 0.833473
0.057032 0.833539
0.057052 0.833556
0.057052 0.833590
0.057083 0.833590
0.057093 0.833606
0.057134 0.833606
0.057155 0.833640
0.057175 0.833640
0.057196 0.833673
0.057196 0.833773
0.057237 0.833857
0.057247 0.833874
0.057267 0.833924
0.057267 0.833941
0.057288 0.833974
0.057288 0.834007
0.057298 0.834007
0.057319 0.834041
0.057360 0.834057
0.057380 0.834074
0.057390 0.834108
0.057431 0.834141
0.057442 0.834191
0.057442 0.834241
0.057442 0.834275
0.057452 0.834325
0.057472 0.834358
0.057503 0.834375
0.057524 0.834392
0.057534 0.834392
0.057534 0.834408
0.057544 0.834408
0.057544 0.834442
0.057544 0.834492
0.057554 0.834492
0.057554 0.834559
0.057606 0.834592
0.057606 0.834626
0.057616 0.834626
0.057616 0.834659
0.057647 0.834676
0.057667 0.834709
0.057678 0.834726
0.057698 0.834743
0.057729 0.834776
0.057729 0.834809
0.057739 0.834843
0.057760 0.834876
0.057760 0.834926
0.057790 0.834960
0.057790 0.835043
0.057842 0.835060
0.057842 0.835077
0.057852 0.835077
0.057852 0.835127
0.057862 0.835144
0.057872 0.835194
0.057893 0.835227
0.057903 0.835277
0.057903 0.835294
0.057913 0.835294
0.057944 0.835311
0.057944 0.835344
0.057954 0.835394
0.057985 0.835394
0.057985 0.835411
0.058016 0.835428
0.058026 0.835461
0.058026 0.835478
0.058047 0.835478
0.058067 0.835511
0.058108 0.835528
0.058118 0.835561
0.058159 0.835578
0.058170 0.835662
0.058180 0.835695
0.058190 0.835712
0.058200 0.835712
0.058231 0.835779
0.058231 0.835795
0.058303 0.835829
0.058303 0.835862
0.058344 0.835862
0.058375 0.835879
0.058385 0.835896
0.058416 0.835896
0.058426 0.835946
0.058426 0.836046
0.058447 0.836046
0.058477 0.836080
0.058518 0.836096
0.058529 0.836096
0.058549 0.836113
0.058580 0.836180
0.058611 0.836180
0.058621 0.836197
0.058641 0.836197
0.058662 0.836230
0.058693 0.836247
0.058693 0.836314
0.058703 0.836314
0.058723 0.836347
0.058723 0.836364
0.058744 0.836397
0.058754 0.836414
0.058764 0.836497
0.058785 0.836581
0.058816 0.836631
0.058816 0.836648
0.058836 0.836648
0.058867 0.836648
0.058887 0.836648
0.058887 0.836681
0.058939 0.836731
0.058949 0.836748
0.058969 0.836748
0.058990 0.836765
0.058990 0.836781
0.059000 0.836781
0.059021 0.836781
0.059062 0.836798
0.059103 0.836832
0.059103 0.836848
0.059113 0.836865
0.059134 0.836882
0.059154 0.836915
0.059195 0.836949
0.059216 0.836949
0.059246 0.836999
0.059267 0.836999
0.059277 0.836999
0.059287 0.837066
0.059287 0.837116
0.059287 0.837149
0.059308 0.837166
0.059318 0.837199
0.059349 0.837233
0.059359 0.837283
0.059369 0.837299
0.059369 0.837366
0.059390 0.837366
0.059390 0.837433
0.059431 0.837467
0.059462 0.837500
0.059472 0.837550
0.059492 0.837550
0.059503 0.837567
0.059503 0.837634
0.059513 0.837667
0.059513 0.837684
0.059585 0.837717
0.059585 0.837767
0.059605 0.837784
0.059646 0.837851
0.059667 0.837884
0.059687 0.837951
0.059739 0.837951
0.059749 0.837985
0.059749 0.838018
0.059759 0.838085
0.059759 0.838152
0.059769 0.838168
0.059810 0.838252
0.059841 0.838252
0.059862 0.838252
0.059862 0.838302
0.059892 0.838302
0.059903 0.838319
0.059913 0.838319
0.059933 0.838352
0.059933 0.838369
0.059944 0.838402
0.059974 0.838419
0.059985 0.838419
0.060005 0.838503
0.060005 0.838570
0.060046 0.838620
0.060046 0.838653
0.060056 0.838686
0.060077 0.838686
0.060097 0.838720
0.060108 0.838720
0.060118 0.838770
0.060138 0.838770
0.060159 0.838904
0.060200 0.838937
0.060210 0.838971
0.060210 0.839021
0.060241 0.839021
0.060302 0.839037
0.060302 0.839071
0.060323 0.839071
0.060333 0.839088
0.060344 0.839121
0.060354 0.839188
0.060385 0.839221
0.060405 0.839221
0.060426 0.839255
0.060456 0.839271
0.060477 0.839338
0.060508 0.839338
0.060518 0.839355
0.060518 0.839372
0.060528 0.839405
0.060538 0.839422
0.060569 0.839455
0.060579 0.839472
0.060600 0.839505
0.060610 0.839555
0.060610 0.839589
0.060620 0.839639
0.060641 0.839672
0.060672 0.839672
0.060682 0.839723
0.060713 0.839789
0.060733 0.839789
0.060754 0.839840
0.060774 0.839906
0.060805 0.839923
0.060836 0.839957
0.060866 0.839973
0.060918 0.840007
0.060928 0.840040
0.060928 0.840057
0.060938 0.840090
0.060948 0.840140
0.060959 0.840157
0.060979 0.840174
0.061020 0.840174
0.061020 0.840191
0.061020 0.840257
0.061031 0.840341
0.061031 0.840358
0.061041 0.840358
0.061061 0.840374
0.061072 0.840424
0.061092 0.840475
0.061113 0.840491
0.061113 0.840592
0.061123 0.840592
0.061133 0.840625
0.061164 0.840642
0.061164 0.840675
0.061164 0.840692
0.061174 0.840775
0.061184 0.840809
0.061215 0.840826
0.061256 0.840876
0.061307 0.840892
0.061328 0.840892
0.061338 0.840909
0.061348 0.840943
0.061359 0.840959
0.061379 0.840976
0.061389 0.840993
0.061400 0.841026
0.061410 0.841026
0.061420 0.841059
0.061420 0.841076
0.061420 0.841110
0.061430 0.841160
0.061430 0.841176
0.061451 0.841210
0.061461 0.841243
0.061461 0.841277
0.061492 0.841310
0.061502 0.841360
0.061512 0.841360
0.061533 0.841427
0.061543 0.841444
0.061574 0.841444
0.061594 0.841477
0.061605 0.841494
0.061615 0.841527
0.061646 0.841561
0.061666 0.841628
0.061666 0.841644
0.061697 0.841644
0.061738 0.841678
0.061759 0.841778
0.061779 0.841778
0.061789 0.841795
0.061830 0.841811
0.061830 0.841845
0.061851 0.841878
0.061871 0.841912
0.061882 0.841912
0.061902 0.841928
0.061912 0.841962
0.061933 0.841995
0.061964 0.842012
0.061984 0.842029
0.062015 0.842045
0.062025 0.842045
0.062056 0.842045
0.062066 0.842079
0.062087 0.842129
0.062107 0.842129
0.062117 0.842129
0.062138 0.842229
0.062148 0.842229
0.062158 0.842246
0.062179 0.842313
0.062179 0.842330
0.062189 0.842346
0.062189 0.842363
0.062251 0.842363
0.062271 0.842430
0.062302 0.842463
0.062312 0.842480
0.062312 0.842547
0.062343 0.842597
0.062353 0.842597
0.062353 0.842647
0.062374 0.842680
0.062394 0.842797
0.062415 0.842848
0.062415 0.842864
0.062425 0.842898
0.062425 0.842914
0.062435 0.842914
0.062435 0.842965
0.062456 0.842981
0.062476 0.842981
0.062507 0.842981
0.062507 0.843031
0.062538 0.843098
0.062548 0.843115
0.062548 0.843148
0.062558 0.843148
0.062599 0.843182
0.062599 0.843215
0.062620 0.843215
0.062640 0.843249
0.062651 0.843249
0.062681 0.843282
0.062722 0.843316
0.062733 0.843349
0.062753 0.843349
0.062784 0.843382
0.062784 0.843399
0.062804 0.843416
0.062815 0.843466
0.062835 0.843549
0.062856 0.843566
0.062866 0.843600
0.062866 0.843616
0.062866 0.843700
0.062866 0.843717
0.062897 0.843750
0.062907 0.843750
0.062938 0.843783
0.062938 0.843817
0.062968 0.843834
0.062968 0.843850
0.062979 0.843884
0.063009 0.843900
0.063020 0.843900
0.063020 0.843967
0.063040 0.843967
0.063050 0.843984
0.063061 0.843984
0.063061 0.844001
0.063071 0.844034
0.063081 0.844051
0.063102 0.844051
0.063112 0.844051
0.063153 0.844051
0.063153 0.844084
0.063184 0.844084
0.063194 0.844084
0.063204 0.844101
0.063225 0.844134
0.063256 0.844168
0.063276 0.844201
0.063286 0.844218
0.063317 0.844218
0.063327 0.844218
0.063338 0.844235
0.063368 0.844268
0.063399 0.844318
0.063409 0.844368
0.063430 0.844402
0.063440 0.844435
0.063471 0.844485
0.063512 0.844502
0.063543 0.844519
0.063573 0.844519
0.063594 0.844535
0.063625 0.844619
0.063645 0.844619
0.063655 0.844636
0.063686 0.844636
0.063696 0.844652
0.063717 0.844669
0.063738 0.844669
0.063758 0.844686
0.063779 0.844753
0.063789 0.844753
0.063809 0.844769
0.063809 0.844786
0.063820 0.844836
0.063820 0.844853
0.063820 0.844903
0.063840 0.845003
0.063871 0.845053
0.063912 0.845120
0.063943 0.845120
0.063953 0.845187
0.063994 0.845304
0.063994 0.845404
0.064004 0.845455
0.064014 0.845488
0.064025 0.845505
0.064025 0.845521
0.064055 0.845538
0.064096 0.845538
0.064127 0.845572
0.064127 0.845605
0.064148 0.845638
0.064178 0.845672
0.064178 0.845705
0.064209 0.845705
0.064250 0.845772
0.064271 0.845839
0.064301 0.845839
0.064312 0.845872
0.064332 0.845872
0.064332 0.845889
0.064353 0.845989
0.064373 0.846039
0.064383 0.846106
0.064394 0.846140
0.064435 0.846207
0.064455 0.846223
0.064455 0.846257
0.064466 0.846273
0.064507 0.846324
0.064507 0.846340
0.064537 0.846340
0.064537 0.846374
0.064558 0.846407
0.064578 0.846407
0.064589 0.846441
0.064599 0.846491
0.064630 0.846524
0.064640 0.846524
0.064650 0.846541
0.064671 0.846541
0.064712 0.846557
0.064732 0.846574
0.064732 0.846624
0.064742 0.846708
0.064763 0.846725
0.064763 0.846741
0.064763 0.846791
0.064794 0.846808
0.064814 0.846808
0.064824 0.846808
0.064824 0.846825
0.064824 0.846858
0.064824 0.846875
0.064835 0.846892
0.064835 0.846908
0.064865 0.846908
0.064896 0.846975
0.064917 0.846975
0.064947 0.847009
0.064947 0.847109
0.064988 0.847109
0.065009 0.847126
0.065040 0.847159
0.065050 0.847159
0.065081 0.847209
0.065081 0.847226
0.065091 0.847276
0.065101 0.847293
0.065112 0.847360
0.065122 0.847376
0.065153 0.847376
0.065163 0.847393
0.065173 0.847426
0.065194 0.847460
0.065204 0.847460
0.065204 0.847477
0.065224 0.847510
0.065245 0.847510
0.065265 0.847543
0.065306 0.847577
0.065337 0.847594
0.065337 0.847610
0.065358 0.847660
0.065358 0.847677
0.065368 0.847727
0.065368 0.847761
0.065388 0.847777
0.065399 0.847777
0.065409 0.847811
0.065409 0.847878
0.065450 0.847911
0.065460 0.847978
0.065481 0.847995
0.065491 0.848045
0.065511 0.848095
0.065552 0.848128
0.065563 0.848145
0.065583 0.848178
0.065604 0.848245
0.065634 0.848279
0.065655 0.848295
0.065665 0.848329
0.065706 0.848362
0.065716 0.848379
0.065716 0.848412
0.065727 0.848429
0.065737 0.848496
0.065747 0.848513
0.065809 0.848563
0.065829 0.848613
0.065860 0.848613
0.065870 0.848646
0.065870 0.848713
0.065870 0.848730
0.065870 0.848763
0.065870 0.848780
0.065881 0.848780
0.065891 0.848830
0.065911 0.848830
0.065922 0.848914
0.065942 0.848947
0.065942 0.848981
0.065973 0.849014
0.066014 0.849081
0.066055 0.849081
0.066065 0.849131
0.066065 0.849164
0.066075 0.849181
0.066075 0.849248
0.066096 0.849248
0.066116 0.849281
0.066137 0.849298
0.066137 0.849332
0.066178 0.849365
0.066178 0.849398
0.066188 0.849398
0.066188 0.849432
0.066188 0.849449
0.066209 0.849515
0.066209 0.849549
0.066219 0.849549
0.066239 0.849582
0.066250 0.849616
0.066260 0.849632
0.066270 0.849632
0.066280 0.849649
0.066280 0.849666
0.066291 0.849682
0.066291 0.849699
0.066342 0.849699
0.066373 0.849716
0.066403 0.849749
0.066424 0.849833
0.066434 0.849866
0.066455 0.849883
0.066496 0.849900
0.066496 0.849933
0.066506 0.850000
0.066516 0.850017
0.066537 0.850050
0.066537 0.850117
0.066547 0.850167
0.066568 0.850217
0.066578 0.850251
0.066588 0.850267
0.066619 0.850318
0.066639 0.850334
0.066650 0.850368
0.066680 0.850368
0.066680 0.850384
0.066701 0.850418
0.066711 0.850451
0.066732 0.850451
0.066742 0.850485
0.066762 0.850485
0.066783 0.850501
0.066783 0.850518
0.066814 0.850535
0.066875 0.850551
0.066885 0.850585
0.066916 0.850585
0.066957 0.850618
0.066967 0.850618
0.066967 0.850685
0.066978 0.850719
0.066998 0.850735
0.067019 0.850735
0.067029 0.850752
0.067039 0.850785
0.067070 0.850819
0.067070 0.850886
0.067090 0.850886
0.067090 0.850936
0.067101 0.850953
0.067101 0.851003
0.067101 0.851036
0.067121 0.851103
0.067142 0.851136
0.067152 0.851153
0.067173 0.851153
0.067203 0.851170
0.067214 0.851170
0.067234 0.851203
0.067265 0.851237
0.067275 0.851253
0.067316 0.851303
0.067347 0.851303
0.067388 0.851320
0.067408 0.851320
0.067408 0.851354
0.067429 0.851370
0.067439 0.851420
0.067460 0.851437
0.067460 0.851454
0.067470 0.851471
0.067470 0.851504
0.067470 0.851537
0.067480 0.851537
0.067521 0.851554
0.067531 0.851554
0.067552 0.851621
0.067562 0.851705
0.067583 0.851705
0.067593 0.851705
0.067603 0.851721
0.067603 0.851738
0.067624 0.851738
0.067624 0.851771
0.067634 0.851771
0.067665 0.851838
0.067685 0.851855
0.067716 0.851888
0.067736 0.851922
0.067747 0.851939
0.067767 0.851955
0.067798 0.852022
0.067808 0.852022
0.067829 0.852039
0.067839 0.852039
0.067870 0.852072
0.067870 0.852206
0.067890 0.852239
0.067890 0.852256
0.067911 0.852256
0.067921 0.852306
0.067942 0.852306
0.067942 0.852323
0.067962 0.852323
0.067983 0.852340
0.067993 0.852373
0.068034 0.852373
0.068054 0.852373
0.068065 0.852423
0.068085 0.852423
0.068116 0.852423
0.068126 0.852440
0.068126 0.852490
0.068157 0.852490
0.068167 0.852507
0.068188 0.852574
0.068198 0.852590
0.068198 0.852624
0.068208 0.852624
0.068229 0.852624
0.068229 0.852640
0.068249 0.852640
0.068280 0.852657
0.068300 0.852691
0.068300 0.852707
0.068321 0.852724
0.068362 0.852724
0.068372 0.852757
0.068393 0.852807
0.068393 0.852824
0.068403 0.852824
0.068413 0.852874
0.068423 0.852874
0.068423 0.852924
0.068434 0.852941
0.068434 0.852975
0.068464 0.852975
0.068495 0.852991
0.068516 0.853025
0.068536 0.853025
0.068547 0.853025
0.068557 0.853041
0.068629 0.853058
0.068659 0.853092
0.068670 0.853142
0.068680 0.853142
0.068690 0.853175
0.068711 0.853175
0.068752 0.853192
0.068752 0.853225
0.068752 0.853275
0.068752 0.853342
0.068752 0.853359
0.068834 0.853376
0.068844 0.853392
0.068844 0.853409
0.068854 0.853409
0.068864 0.853543
0.068885 0.853593
0.068916 0.853593
0.068936 0.853593
0.068957 0.853626
0.068998 0.853676
0.069008 0.853710
0.069039 0.853727
0.069049 0.853743
0.069049 0.853844
0.069069 0.853844
0.069090 0.853877
0.069110 0.853877
0.069141 0.853894
0.069172 0.853944
0.069193 0.853994
0.069213 0.854027
0.069244 0.854078
0.069254 0.854094
0.069264 0.854161
0.069305 0.854178
0.069346 0.854178
0.069346 0.854211
0.069367 0.854245
0.069377 0.854261
0.069408 0.854278
0.069418 0.854328
0.069428 0.854328
0.069449 0.854345
0.069449 0.854395
0.069459 0.854428
0.069459 0.854462
0.069490 0.854479
0.069500 0.854495
0.069531 0.854512
0.069541 0.854529
0.069541 0.854562
0.069572 0.854579
0.069623 0.854646
0.069644 0.854662
0.069664 0.854662
0.069705 0.854746
0.069746 0.854763
0.069756 0.854763
0.069808 0.854779
0.069839 0.854796
0.069859 0.854830
0.069859 0.854880
0.069890 0.854930
0.069900 0.854930
0.069900 0.854947
0.069921 0.854947
0.069951 0.854963
0.069951 0.855030
0.069951 0.855047
0.069962 0.855047
0.069972 0.855064
0.069992 0.855080
0.070013 0.855114
0.070033 0.855164
0.070074 0.855231
0.070095 0.855247
0.070105 0.855264
0.070136 0.855264
0.070136 0.855331
0.070146 0.855331
0.070187 0.855364
0.070208 0.855364
0.070218 0.855398
0.070238 0.855431
0.070259 0.855448
0.070279 0.855481
0.070290 0.855498
0.070320 0.855498
0.070382 0.855565
0.070392 0.855582
0.070413 0.855598
0.070443 0.855598
0.070454 0.855598
0.070454 0.855632
0.070505 0.855665
0.070536 0.855665
0.070546 0.855665
0.070577 0.855699
0.070597 0.855715
0.070638 0.855749
0.070659 0.855782
0.070669 0.855816
0.070679 0.855816
0.070690 0.855849
0.070710 0.855849
0.070710 0.855866
0.070720 0.855899
0.070761 0.855949
0.070813 0.855983
0.070833 0.856016
0.070843 0.856033
0.070864 0.856049
0.070895 0.856083
0.070895 0.856100
0.070895 0.856150
0.070905 0.856150
0.070915 0.856183
0.070956 0.856217
0.070966 0.856267
0.070977 0.856267
0.070997 0.856300
0.071007 0.856300
0.071007 0.856350
0.071007 0.856434
0.071007 0.856467
0.071018 0.856467
0.071048 0.856467
0.071069 0.856534
0.071100 0.856551
0.071110 0.856584
0.071120 0.856601
0.071141 0.856618
0.071141 0.856684
0.071171 0.856701
0.071182 0.856768
0.071182 0.856801
0.071182 0.856818
0.071192 0.856935
0.071213 0.856935
0.071213 0.856952
0.071243 0.856969
0.071274 0.856969
0.071295 0.857035
0.071325 0.857035
0.071336 0.857052
0.071336 0.857086
0.071366 0.857136
0.071387 0.857169
0.071397 0.857203
0.071428 0.857219
0.071428 0.857236
0.071438 0.857269
0.071448 0.857269
0.071469 0.857269
0.071479 0.857269
0.071500 0.857286
0.071530 0.857286
0.071541 0.857320
0.071582 0.857320
0.071592 0.857336
0.071633 0.857353
0.071643 0.857370
0.071643 0.857420
0.071684 0.857436
0.071705 0.857470
0.071725 0.857520
0.071766 0.857570
0.071787 0.857587
0.071787 0.857620
0.071807 0.857637
0.071858 0.857670
0.071869 0.857721
0.071900 0.857721
0.071910 0.857737
0.071961 0.857771
0.071961 0.857787
0.071961 0.857838
0.071971 0.857871
0.072002 0.857904
0.072043 0.857904
0.072053 0.857955
0.072064 0.857955
0.072084 0.857955
0.072084 0.857988
0.072105 0.858072
0.072115 0.858088
0.072156 0.858122
0.072166 0.858155
0.072176 0.858172
0.072187 0.858222
0.072197 0.858239
0.072207 0.858239
0.072228 0.858255
0.072258 0.858272
0.072289 0.858272
0.072320 0.858322
0.072320 0.858339
0.072351 0.858389
0.072392 0.858389
0.072412 0.858389
0.072422 0.858439
0.072453 0.858439
0.072484 0.858473
0.072535 0.858506
0.072535 0.858523
0.072566 0.858523
0.072587 0.858523
0.072607 0.858573
0.072617 0.858590
0.072628 0.858590
0.072628 0.858606
0.072669 0.858606
0.072699 0.858606
0.072710 0.858606
0.072710 0.858640
0.072710 0.858656
0.072710 0.858690
0.072710 0.858707
0.072710 0.858740
0.072751 0.858773
0.072781 0.858857
0.072792 0.858890
0.072812 0.858924
0.072843 0.858924
0.072884 0.858924
0.072894 0.858924
0.072925 0.858957
0.072935 0.858974
0.072976 0.858974
0.073007 0.858991
0.073027 0.859007
0.073058 0.859007
0.073058 0.859024
0.073089 0.859041
0.073109 0.859041
0.073212 0.859041
0.073233 0.859041
0.073253 0.859057
0.073284 0.859124
0.073294 0.859124
0.073304 0.859158
0.073335 0.859158
0.073345 0.859208
0.073386 0.859208
0.073386 0.859258
0.073397 0.859275
0.073427 0.859275
0.073427 0.859308
0.073438 0.859325
0.073448 0.859392
0.073479 0.859408
0.073509 0.859408
0.073550 0.859425
0.073571 0.859475
0.073602 0.859475
0.073643 0.859525
0.073663 0.859525
0.073684 0.859542
0.073704 0.859576
0.073745 0.859642
0.073745 0.859676
0.073755 0.859693
0.073776 0.859709
0.073796 0.859743
0.073817 0.859743
0.073827 0.859776
0.073827 0.859793
0.073837 0.859793
0.073868 0.859826
0.073868 0.859843
0.073930 0.859943
0.073940 0.859943
0.073950 0.859960
0.073971 0.859977
0.073991 0.860027
0.074002 0.860027
0.074032 0.860043
0.074063 0.860077
0.074063 0.860110
0.074125 0.860127
0.074135 0.860144
0.074155 0.860211
0.074176 0.860244
0.074196 0.860294
0.074196 0.860328
0.074207 0.860328
0.074207 0.860344
0.074237 0.860378
0.074278 0.860394
0.074289 0.860461
0.074330 0.860461
0.074350 0.860495
0.074381 0.860528
0.074401 0.860528
0.074422 0.860545
0.074432 0.860545
0.074483 0.860561
0.074514 0.860595
0.074514 0.860628
0.074535 0.860628
0.074576 0.860662
0.074576 0.860745
0.074596 0.860745
0.074617 0.860779
0.074627 0.860779
0.074637 0.860795
0.074658 0.860812
0.074668 0.860812
0.074678 0.860829
0.074699 0.860846
0.074730 0.860846
0.074740 0.860896
0.074750 0.860929
0.074760 0.860929
0.074812 0.860929
0.074853 0.860963
0.074873 0.861013
0.074894 0.861013
0.074894 0.861029
0.074894 0.861096
0.074914 0.861113
0.074924 0.861130
0.074935 0.861197
0.074935 0.861230
0.074955 0.861230
0.074955 0.861247
0.074955 0.861280
0.074976 0.861280
0.074976 0.861297
0.074976 0.861347
0.074996 0.861347
0.075017 0.861364
0.075088 0.861364
0.075119 0.861397
0.075129 0.861414
0.075140 0.861414
0.075170 0.861430
0.075181 0.861464
0.075191 0.861464
0.075222 0.861481
0.075232 0.861481
0.075242 0.861514
0.075283 0.861564
0.075324 0.861564
0.075335 0.861598
0.075355 0.861598
0.075365 0.861614
0.075376 0.861664
0.075386 0.861664
0.075437 0.861698
0.075458 0.861731
0.075468 0.861731
0.075468 0.861748
0.075488 0.861815
0.075529 0.861882
0.075570 0.861915
0.075581 0.861965
0.075591 0.861999
0.075611 0.861999
0.075611 0.862015
0.075673 0.862015
0.075683 0.862032
0.075714 0.862032
0.075734 0.862032
0.075745 0.862049
0.075755 0.862049
0.075816 0.862099
0.075857 0.862149
0.075868 0.862166
0.075898 0.862182
0.075909 0.862182
0.075929 0.862249
0.075940 0.862266
0.075950 0.862266
0.075970 0.862266
0.075970 0.862283
0.075970 0.862316
0.076011 0.862383
0.076052 0.862383
0.076083 0.862433
0.076093 0.862433
0.076124 0.862433
0.076145 0.862483
0.076155 0.862483
0.076186 0.862500
0.076206 0.862500
0.076247 0.862567
0.076268 0.862584
0.076298 0.862600
0.076329 0.862600
0.076339 0.862617
0.076350 0.862617
0.076391 0.862617
0.076401 0.862650
0.076421 0.862667
0.076421 0.862717
0.076442 0.862734
0.076452 0.862751
0.076483 0.862767
0.076524 0.862801
0.076524 0.862818
0.076534 0.862851
0.076534 0.862868
0.076565 0.862884
0.076575 0.862884
0.076637 0.862884
0.076647 0.862985
0.076668 0.863018
0.076678 0.863018
0.076688 0.863035
0.076709 0.863035
0.076729 0.863051
0.076760 0.863085
0.076801 0.863102
0.076811 0.863102
0.076852 0.863118
0.076862 0.863152
0.076862 0.863185
0.076873 0.863202
0.076903 0.863269
0.076914 0.863269
0.076934 0.863319
0.076965 0.863319
0.077006 0.863319
0.077026 0.863352
0.077037 0.863419
0.077067 0.863436
0.077067 0.863453
0.077108 0.863453
0.077129 0.863469
0.077139 0.863469
0.077160 0.863486
0.077190 0.863536
0.077211 0.863553
0.077242 0.863603
0.077252 0.863620
0.077272 0.863620
0.077283 0.863686
0.077303 0.863703
0.077334 0.863703
0.077385 0.863753
0.077396 0.863770
0.077406 0.863770
0.077426 0.863770
0.077437 0.863787
0.077457 0.863837
0.077488 0.863870
0.077519 0.863870
0.077529 0.863887
0.077570 0.863887
0.077611 0.863887
0.077621 0.863887
0.077621 0.863904
0.077642 0.863904
0.077642 0.863954
0.077662 0.863987
0.077662 0.864004
0.077683 0.864021
0.077713 0.864071
0.077734 0.864104
0.077744 0.864121
0.077765 0.864205
0.077765 0.864238
0.077785 0.864238
0.077785 0.864305
0.077806 0.864338
0.077806 0.864388
0.077826 0.864405
0.077857 0.864439
0.077877 0.864472
0.077908 0.864489
0.077949 0.864489
0.077970 0.864505
0.077980 0.864522
0.078011 0.864539
0.078052 0.864555
0.078072 0.864572
0.078103 0.864589
0.078103 0.864672
0.078113 0.864672
0.078113 0.864706
0.078154 0.864706
0.078154 0.864723
0.078175 0.864739
0.078195 0.864789
0.078206 0.864789
0.078216 0.864806
0.078236 0.864823
0.078267 0.864923
0.078267 0.864940
0.078288 0.864940
0.078329 0.864940
0.078349 0.864940
0.078359 0.864957
0.078370 0.864957
0.078390 0.864957
0.078390 0.864990
0.078400 0.865057
0.078441 0.865124
0.078452 0.865157
0.078452 0.865174
0.078493 0.865207
0.078493 0.865224
0.078534 0.865224
0.078575 0.865241
0.078575 0.865274
0.078575 0.865341
0.078585 0.865358
0.078616 0.865475
0.078647 0.865491
0.078667 0.865508
0.078688 0.865575
0.078708 0.865592
0.078739 0.865592
0.078780 0.865592
0.078790 0.865608
0.078831 0.865642
0.078841 0.865658
0.078862 0.865658
0.078872 0.865692
0.078893 0.865692
0.078903 0.865692
0.078923 0.865725
0.078934 0.865742
0.078944 0.865742
0.078975 0.865742
0.079005 0.865759
0.079046 0.865759
0.079067 0.865809
0.079098 0.865826
0.079098 0.865876
0.079128 0.865876
0.079190 0.865926
0.079210 0.865976
0.079210 0.865993
0.079272 0.865993
0.079272 0.866026
0.079292 0.866043
0.079303 0.866076
0.079323 0.866093
0.079323 0.866126
0.079334 0.866126
0.079354 0.866143
0.079364 0.866143
0.079364 0.866160
0.079405 0.866160
0.079457 0.866160
0.079477 0.866160
0.079539 0.866160
0.079590 0.866210
0.079590 0.866227
0.079610 0.866227
0.079621 0.866243
0.079672 0.866260
0.079692 0.866293
0.079703 0.866310
0.079703 0.866377
0.079703 0.866394
0.079703 0.866444
0.079703 0.866461
0.079723 0.866477
0.079744 0.866527
0.079754 0.866544
0.079764 0.866544
0.079785 0.866561
0.079815 0.866578
0.079836 0.866578
0.079846 0.866578
0.079856 0.866628
0.079877 0.866644
0.079908 0.866661
0.079908 0.866711
0.079918 0.866728
0.079938 0.866761
0.079949 0.866778
0.079969 0.866778
0.080000 0.866811
0.080041 0.866811
0.080051 0.866828
0.080051 0.866845
0.080072 0.866845
0.080123 0.866878
0.080133 0.866878
0.080174 0.866895
0.080195 0.866912
0.080267 0.866945
0.080287 0.866962
0.080308 0.866995
0.080318 0.867012
0.080359 0.867096
0.080369 0.867112
0.080410 0.867146
0.080441 0.867179
0.080451 0.867196
0.080472 0.867213
0.080492 0.867279
0.080502 0.867279
0.080502 0.867296
0.080513 0.867313
0.080533 0.867330
0.080564 0.867380
0.080595 0.867396
0.080615 0.867413
0.080636 0.867447
0.080677 0.867480
0.080708 0.867480
0.080759 0.867547
0.080779 0.867547
0.080779 0.867614
0.080790 0.867630
0.080800 0.867664
0.080820 0.867714
0.080820 0.867731
0.080841 0.867747
0.080861 0.867781
0.080861 0.867797
0.080882 0.867831
0.080892 0.867831
0.080933 0.867831
0.080954 0.867864
0.080974 0.867898
0.080995 0.867898
0.081005 0.867914
0.081046 0.867998
0.081138 0.868015
0.081169 0.868015
0.081179 0.868015
0.081189 0.868031
0.081210 0.868031
0.081210 0.868082
0.081220 0.868082
0.081241 0.868082
0.081271 0.868098
0.081323 0.868115
0.081364 0.868115
0.081395 0.868132
0.081405 0.868165
0.081456 0.868199
0.081477 0.868199
0.081518 0.868232
0.081538 0.868265
0.081569 0.868299
0.081579 0.868332
0.081589 0.868349
0.081610 0.868416
0.081630 0.868466
0.081641 0.868483
0.081641 0.868533
0.081651 0.868566
0.081702 0.868616
0.081743 0.868616
0.081743 0.868633
0.081784 0.868650
0.081815 0.868733
0.081825 0.868750
0.081866 0.868767
0.081887 0.868767
0.081897 0.868767
0.081928 0.868767
0.081948 0.868767
0.081969 0.868783
0.081979 0.868783
0.082010 0.868783
0.082020 0.868783
0.082041 0.868800
0.082041 0.868817
0.082082 0.868834
0.082092 0.868850
0.082102 0.868850
0.082143 0.868867
0.082153 0.868900
0.082184 0.868917
0.082205 0.868917
0.082205 0.868951
0.082225 0.868967
0.082256 0.869001
0.082266 0.869034
0.082287 0.869051
0.082297 0.869068
0.082317 0.869068
0.082369 0.869084
0.082389 0.869134
0.082399 0.869134
0.082420 0.869168
0.082451 0.869235
0.082461 0.869268
0.082492 0.869268
0.082512 0.869285
0.082543 0.869301
0.082553 0.869318
0.082594 0.869352
0.082625 0.869368
0.082656 0.869368
0.082676 0.869368
0.082697 0.869368
0.082707 0.869368
0.082728 0.869385
0.082769 0.869418
0.082769 0.869469
0.082779 0.869485
0.082779 0.869502
0.082799 0.869519
0.082830 0.869519
0.082861 0.869569
0.082871 0.869602
0.082892 0.869636
0.082902 0.869652
0.082953 0.869669
0.082974 0.869669
0.082984 0.869703
0.083004 0.869703
0.083015 0.869703
0.083015 0.869753
0.083025 0.869786
0.083035 0.869803
0.083086 0.869886
0.083107 0.869886
0.083117 0.869920
0.083127 0.869920
0.083158 0.869953
0.083168 0.869970
0.083179 0.869970
0.083189 0.870003
0.083199 0.870020
0.083209 0.870053
0.083240 0.870087
0.083281 0.870087
0.083291 0.870087
0.083312 0.870137
0.083332 0.870154
0.083363 0.870154
0.083435 0.870221
0.083456 0.870221
0.083486 0.870254
0.083507 0.870287
0.083517 0.870321
0.083538 0.870421
0.083538 0.870455
0.083558 0.870488
0.083579 0.870505
0.083609 0.870505
0.083609 0.870538
0.083630 0.870588
0.083671 0.870588
0.083671 0.870622
0.083681 0.870672
0.083702 0.870689
0.083753 0.870705
0.083763 0.870722
0.083773 0.870789
0.083773 0.870805
0.083794 0.870805
0.083814 0.870856
0.083855 0.870922
0.083886 0.870956
0.083907 0.870956
0.083937 0.870956
0.083958 0.871006
0.083978 0.871006
0.084009 0.871023
0.084019 0.871023
0.084091 0.871023
0.084102 0.871056
0.084102 0.871073
0.084112 0.871140
0.084112 0.871156
0.084143 0.871190
0.084153 0.871207
0.084194 0.871240
0.084204 0.871257
0.084204 0.871324
0.084214 0.871340
0.084245 0.871374
0.084266 0.871390
0.084296 0.871407
0.084307 0.871424
0.084337 0.871441
0.084348 0.871507
0.084358 0.871541
0.084358 0.871557
0.084368 0.871574
0.084399 0.871574
0.084409 0.871608
0.084419 0.871658
0.084440 0.871725
0.084460 0.871741
0.084512 0.871758
0.084512 0.871791
0.084542 0.871808
0.084553 0.871808
0.084563 0.871842
0.084573 0.871842
0.084635 0.871875
0.084655 0.871908
0.084676 0.871975
0.084696 0.871975
0.084706 0.871992
0.084758 0.872042
0.084789 0.872092
0.084819 0.872109
0.084830 0.872126
0.084840 0.872126
0.084840 0.872159
0.084860 0.872176
0.084891 0.872176
0.084891 0.872226
0.084901 0.872276
0.084922 0.872276
0.084953 0.872360
0.084953 0.872376
0.084953 0.872410
0.084994 0.872410
0.085004 0.872426
0.085004 0.872460
0.085024 0.872527
0.085065 0.872543
0.085076 0.872560
0.085076 0.872610
0.085127 0.872610
0.085137 0.872610
0.085178 0.872627
0.085199 0.872627
0.085209 0.872627
0.085260 0.872627
0.085270 0.872694
0.085281 0.872727
0.085281 0.872744
0.085291 0.872761
0.085311 0.872794
0.085322 0.872794
0.085332 0.872828
0.085363 0.872861
0.085373 0.872894
0.085424 0.872928
0.085424 0.872961
0.085435 0.873011
0.085455 0.873061
0.085465 0.873078
0.085476 0.873078
0.085506 0.873128
0.085517 0.873178
0.085527 0.873178
0.085558 0.873178
0.085578 0.873195
0.085599 0.873229
0.085619 0.873245
0.085660 0.873245
0.085670 0.873262
0.085681 0.873329
0.085691 0.873346
0.085711 0.873362
0.085711 0.873379
0.085722 0.873379
0.085732 0.873396
0.085742 0.873396
0.085763 0.873463
0.085793 0.873479
0.085804 0.873513
0.085845 0.873546
0.085855 0.873563
0.085875 0.873613
0.085886 0.873663
0.085906 0.873697
0.085916 0.873697
0.085937 0.873797
0.085988 0.873797
0.085988 0.873814
0.086029 0.873830
0.086070 0.873830
0.086091 0.873864
0.086122 0.873864
0.086142 0.873880
0.086173 0.873880
0.086183 0.873914
0.086214 0.873914
0.086224 0.873914
0.086234 0.873964
0.086265 0.874014
0.086286 0.874014
0.086296 0.874047
0.086327 0.874047
0.086347 0.874047
0.086378 0.874081
0.086409 0.874098
0.086450 0.874098
0.086470 0.874098
0.086491 0.874114
0.086511 0.874114
0.086521 0.874131
0.086532 0.874131
0.086552 0.874181
0.086583 0.874231
0.086583 0.874248
0.086603 0.874281
0.086624 0.874281
0.086655 0.874315
0.086685 0.874332
0.086685 0.874348
0.086706 0.874348
0.086726 0.874365
0.086737 0.874365
0.086778 0.874365
0.086798 0.874415
0.086809 0.874415
0.086839 0.874449
0.086860 0.874449
0.086901 0.874482
0.086911 0.874515
0.086942 0.874532
0.086983 0.874532
0.086983 0.874549
0.086993 0.874566
0.087014 0.874566
0.087024 0.874566
0.087044 0.874582
0.087055 0.874582
0.087055 0.874599
0.087096 0.874632
0.087137 0.874682
0.087147 0.874682
0.087157 0.874699
0.087188 0.874716
0.087208 0.874749
0.087208 0.874766
0.087249 0.874799
0.087280 0.874833
0.087321 0.874833
0.087342 0.874850
0.087372 0.874850
0.087383 0.874883
0.087393 0.874900
0.087403 0.874933
0.087424 0.874933
0.087444 0.874983
0.087475 0.875017
0.087475 0.875033
0.087506 0.875033
0.087506 0.875134
0.087516 0.875134
0.087537 0.875134
0.087537 0.875201
0.087537 0.875251
0.087578 0.875284
0.087598 0.875284
0.087608 0.875301
0.087629 0.875318
0.087660 0.875318
0.087680 0.875318
0.087680 0.875351
0.087711 0.875351
0.087721 0.875368
0.087731 0.875368
0.087752 0.875368
0.087772 0.875384
0.087803 0.875451
0.087813 0.875451
0.087813 0.875501
0.087824 0.875535
0.087834 0.875551
0.087854 0.875551
0.087865 0.875568
0.087895 0.875568
0.087947 0.875618
0.087957 0.875652
0.087967 0.875652
0.088008 0.875668
0.088018 0.875668
0.088029 0.875685
0.088039 0.875685
0.088039 0.875719
0.088049 0.875719
0.088059 0.875752
0.088070 0.875769
0.088080 0.875769
0.088111 0.875785
0.088152 0.875819
0.088193 0.875836
0.088213 0.875852
0.088265 0.875886
0.088306 0.875936
0.088306 0.875969
0.088367 0.876003
0.088398 0.876003
0.088398 0.876019
0.088398 0.876053
0.088398 0.876086
0.088418 0.876103
0.088459 0.876170
0.088480 0.876186
0.088490 0.876203
0.088500 0.876203
0.088521 0.876203
0.088552 0.876320
0.088562 0.876354
0.088562 0.876387
0.088562 0.876404
0.088582 0.876454
0.088603 0.876454
0.088623 0.876537
0.088634 0.876571
0.088664 0.876604
0.088685 0.876621
0.088695 0.876654
0.088736 0.876688
0.088746 0.876721
0.088777 0.876738
0.088829 0.876738
0.088849 0.876738
0.088859 0.876738
0.088900 0.876755
0.088931 0.876771
0.088952 0.876771
0.088972 0.876788
0.088993 0.876822
0.089013 0.876822
0.089023 0.876855
0.089034 0.876855
0.089044 0.876888
0.089044 0.876939
0.089054 0.876972
0.089085 0.877005
0.089095 0.877039
0.089136 0.877055
0.089146 0.877072
0.089177 0.877089
0.089208 0.877089
0.089208 0.877139
0.089239 0.877139
0.089280 0.877139
0.089300 0.877172
0.089300 0.877189
0.089321 0.877206
0.089341 0.877206
0.089372 0.877273
0.089403 0.877323
0.089423 0.877373
0.089423 0.877406
0.089433 0.877406
0.089433 0.877457
0.089444 0.877473
0.089464 0.877490
0.089516 0.877523
0.089546 0.877523
0.089546 0.877540
0.089577 0.877590
0.089598 0.877590
0.089598 0.877624
0.089639 0.877624
0.089659 0.877640
0.089680 0.877691
0.089690 0.877691
0.089690 0.877741
0.089721 0.877741
0.089721 0.877807
0.089721 0.877824
0.089813 0.877824
0.089813 0.877841
0.089833 0.877891
0.089844 0.877908
0.089854 0.877908
0.089854 0.877924
0.089885 0.877924
0.089905 0.877924
0.089915 0.877958
0.089936 0.877975
0.089946 0.877991
0.089967 0.877991
0.090008 0.878008
0.090028 0.878025
0.090028 0.878041
0.090038 0.878075
0.090069 0.878092
0.090120 0.878092
0.090141 0.878108
0.090161 0.878142
0.090203 0.878142
0.090223 0.878142
0.090223 0.878158
0.090233 0.878158
0.090285 0.878192
0.090305 0.878209
0.090315 0.878209
0.090346 0.878225
0.090356 0.878259
0.090387 0.878275
0.090397 0.878326
0.090418 0.878392
0.090438 0.878409
0.090438 0.878426
0.090479 0.878426
0.090490 0.878493
0.090510 0.878493
0.090541 0.878493
0.090561 0.878543
0.090572 0.878559
0.090592 0.878576
0.090592 0.878643
0.090592 0.878676
0.090602 0.878760
0.090643 0.878827
0.090664 0.878827
0.090684 0.878844
0.090695 0.878877
0.090705 0.878894
0.090725 0.878927
0.090736 0.878927
0.090756 0.878944
0.090777 0.878944
0.090838 0.878977
0.090849 0.879027
0.090900 0.879061
0.090920 0.879061
0.090920 0.879094
0.090941 0.879094
0.090951 0.879111
0.090951 0.879178
0.090951 0.879261
0.090961 0.879278
0.090982 0.879278
0.090992 0.879278
0.091002 0.879295
0.091043 0.879328
0.091054 0.879378
0.091054 0.879445
0.091084 0.879462
0.091095 0.879495
0.091136 0.879545
0.091166 0.879545
0.091187 0.879545
0.091218 0.879545
0.091238 0.879579
0.091269 0.879579
0.091279 0.879596
0.091289 0.879596
0.091320 0.879596
0.091341 0.879646
0.091341 0.879662
0.091382 0.879729
0.091392 0.879729
0.091402 0.879746
0.091423 0.879796
0.091433 0.879846
0.091474 0.879846
0.091484 0.879896
0.091505 0.879896
0.091566 0.879930
0.091566 0.879947
0.091607 0.879980
0.091618 0.879997
0.091618 0.880013
0.091648 0.880030
0.091659 0.880064
0.091669 0.880064
0.091700 0.880114
0.091700 0.880130
0.091720 0.880130
0.091771 0.880164
0.091792 0.880197
0.091823 0.880197
0.091823 0.880231
0.091864 0.880264
0.091894 0.880281
0.091935 0.880281
0.091976 0.880331
0.091987 0.880364
0.091987 0.880414
0.092017 0.880414
0.092038 0.880431
0.092048 0.880465
0.092058 0.880465
0.092069 0.880481
0.092079 0.880515
0.092089 0.880531
0.092110 0.880531
0.092120 0.880565
0.092130 0.880565
0.092161 0.880582
0.092192 0.880615
0.092212 0.880615
0.092243 0.880632
0.092264 0.880632
0.092294 0.880665
0.092346 0.880682
0.092387 0.880682
0.092397 0.880682
0.092428 0.880715
0.092438 0.880732
0.092438 0.880765
0.092469 0.880799
0.092489 0.880799
0.092489 0.880832
0.092510 0.880899
0.092520 0.880899
0.092540 0.880932
0.092592 0.880949
0.092612 0.880949
0.092633 0.880983
0.092653 0.880999
0.092684 0.881016
0.092725 0.881016
0.092745 0.881033
0.092776 0.881033
0.092786 0.881049
0.092807 0.881083
0.092817 0.881083
0.092868 0.881083
0.092889 0.881100
0.092910 0.881100
0.092940 0.881100
0.092971 0.881116
0.092981 0.881133
0.092981 0.881166
0.092992 0.881166
0.093033 0.881250
0.093043 0.881250
0.093074 0.881267
0.093074 0.881300
0.093104 0.881317
0.093125 0.881334
0.093145 0.881367
0.093176 0.881367
0.093207 0.881417
0.093217 0.881417
0.093248 0.881434
0.093248 0.881467
0.093248 0.881484
0.093289 0.881501
0.093330 0.881534
0.093350 0.881534
0.093381 0.881551
0.093391 0.881601
0.093402 0.881618
0.093422 0.881684
0.093473 0.881684
0.093514 0.881751
0.093525 0.881785
0.093576 0.881801
0.093586 0.881818
0.093627 0.881852
0.093638 0.881885
0.093638 0.881902
0.093668 0.881902
0.093689 0.881902
0.093709 0.881902
0.093720 0.881902
0.093720 0.881918
0.093750 0.881935
0.093761 0.881952
0.093761 0.881985
0.093761 0.882002
0.093781 0.882002
0.093812 0.882035
0.093822 0.882069
0.093853 0.882102
0.093873 0.882152
0.093935 0.882169
0.093945 0.882169
0.093976 0.882186
0.093986 0.882253
0.093986 0.882269
0.094007 0.882269
0.094017 0.882303
0.094027 0.882370
0.094027 0.882386
0.094037 0.882386
0.094078 0.882386
0.094140 0.882386
0.094140 0.882420
0.094160 0.882436
0.094191 0.882436
0.094201 0.882487
0.094212 0.882520
0.094243 0.882537
0.094253 0.882553
0.094273 0.882553
0.094273 0.882570
0.094284 0.882587
0.094304 0.882604
0.094314 0.882637
0.094355 0.882670
0.094366 0.882670
0.094386 0.882670
0.094396 0.882704
0.094427 0.882787
0.094437 0.882838
0.094509 0.882854
0.094509 0.882871
0.094530 0.882871
0.094581 0.882871
0.094581 0.882888
0.094601 0.882904
0.094612 0.882938
0.094622 0.882955
0.094642 0.882988
0.094683 0.882988
0.094724 0.883021
0.094765 0.883021
0.094786 0.883055
0.094796 0.883088
0.094806 0.883088
0.094847 0.883122
0.094847 0.883155
0.094868 0.883155
0.094899 0.883155
0.094909 0.883172
0.094930 0.883172
0.094950 0.883189
0.095001 0.883189
0.095012 0.883205
0.095022 0.883239
0.095032 0.883255
0.095032 0.883289
0.095063 0.883289
0.095063 0.883339
0.095063 0.883356
0.095083 0.883356
0.095083 0.883372
0.095104 0.883372
0.095155 0.883372
0.095186 0.883422
0.095217 0.883456
0.095268 0.883473
0.095309 0.883473
0.095340 0.883489
0.095360 0.883506
0.095360 0.883523
0.095381 0.883539
0.095391 0.883539
0.095422 0.883556
0.095432 0.883556
0.095452 0.883573
0.095473 0.883573
0.095493 0.883590
0.095524 0.883606
0.095534 0.883640
0.095555 0.883640
0.095575 0.883673
0.095575 0.883740
0.095606 0.883757
0.095627 0.883757
0.095637 0.883757
0.095658 0.883757
0.095668 0.883757
0.095678 0.883773
0.095688 0.883773
0.095709 0.883790
0.095709 0.883807
0.095750 0.883807
0.095750 0.883857
0.095770 0.883857
0.095781 0.883857
0.095811 0.883874
0.095832 0.883890
0.095842 0.883907
0.095863 0.883924
0.095873 0.883941
0.095904 0.883941
0.095904 0.883957
0.095924 0.883957
0.095945 0.883991
0.095986 0.884007
0.095986 0.884024
0.095996 0.884057
0.096006 0.884057
0.096027 0.884074
0.096037 0.884108
0.096078 0.884124
0.096119 0.884158
0.096119 0.884174
0.096139 0.884174
0.096139 0.884208
0.096150 0.884291
0.096160 0.884291
0.096170 0.884308
0.096221 0.884375
0.096232 0.884375
0.096262 0.884375
0.096262 0.884475
0.096262 0.884509
0.096273 0.884525
0.096273 0.884559
0.096293 0.884642
0.096324 0.884642
0.096324 0.884676
0.096345 0.884676
0.096345 0.884693
0.096386 0.884743
0.096447 0.884743
0.096478 0.884759
0.096498 0.884809
0.096580 0.884809
0.096591 0.884826
0.096621 0.884843
0.096621 0.884876
0.096662 0.884910
0.096662 0.884943
0.096683 0.884943
0.096683 0.884960
0.096693 0.884993
0.096693 0.885027
0.096765 0.885077
0.096775 0.885077
0.096806 0.885077
0.096816 0.885110
0.096857 0.885110
0.096878 0.885110
0.096898 0.885127
0.096939 0.885127
0.096970 0.885177
0.096980 0.885211
0.097032 0.885227
0.097042 0.885244
0.097052 0.885244
0.097093 0.885244
0.097093 0.885277
0.097103 0.885277
0.097114 0.885328
0.097124 0.885344
0.097134 0.885378
0.097134 0.885411
0.097175 0.885428
0.097185 0.885428
0.097226 0.885445
0.097237 0.885461
0.097247 0.885528
0.097257 0.885545
0.097278 0.885545
0.097278 0.885561
0.097278 0.885595
0.097288 0.885612
0.097288 0.885628
0.097298 0.885645
0.097319 0.885662
0.097360 0.885678
0.097370 0.885678
0.097390 0.885695
0.097390 0.885729
0.097431 0.885729
0.097442 0.885795
0.097462 0.885812
0.097483 0.885812
0.097544 0.885812
0.097544 0.885829
0.097575 0.885829
0.097585 0.885829
0.097606 0.885896
0.097626 0.885912
0.097626 0.885929
0.097637 0.885946
0.097678 0.885963
0.097688 0.886013
0.097688 0.886046
0.097708 0.886063
0.097719 0.886080
0.097739 0.886146
0.097760 0.886163
0.097760 0.886197
0.097780 0.886230
0.097811 0.886230
0.097821 0.886230
0.097842 0.886263
0.097842 0.886314
0.097883 0.886347
0.097893 0.886347
0.097954 0.886380
0.097975 0.886397
0.097985 0.886397
0.098016 0.886414
0.098036 0.886430
0.098067 0.886514
0.098088 0.886564
0.098098 0.886614
0.098129 0.886614
0.098129 0.886631
0.098129 0.886681
0.098180 0.886698
0.098190 0.886748
0.098211 0.886765
0.098252 0.886815
0.098262 0.886832
0.098303 0.886832
0.098313 0.886848
0.098313 0.886865
0.098324 0.886898
0.098344 0.886898
0.098375 0.886915
0.098395 0.886915
0.098426 0.886915
0.098447 0.886915
0.098457 0.886915
0.098467 0.886932
0.098518 0.886949
0.098549 0.886982
0.098570 0.886999
0.098580 0.887015
0.098631 0.887015
0.098662 0.887032
0.098703 0.887049
0.098703 0.887066
0.098723 0.887132
0.098805 0.887149
0.098816 0.887216
0.098816 0.887249
0.098836 0.887333
0.098836 0.887350
0.098846 0.887350
0.098877 0.887400
0.098887 0.887400
0.098887 0.887433
0.098898 0.887483
0.098898 0.887500
0.098928 0.887500
0.098939 0.887533
0.098990 0.887550
0.099021 0.887550
0.099041 0.887600
0.099052 0.887650
0.099072 0.887667
0.099082 0.887701
0.099123 0.887751
0.099134 0.887751
0.099164 0.887751
0.099216 0.887784
0.099246 0.887784
0.099246 0.887818
0.099277 0.887834
0.099298 0.887834
0.099308 0.887868
0.099318 0.887868
0.099349 0.887868
0.099369 0.887868
0.099390 0.887901
0.099421 0.887918
0.099421 0.887951
0.099431 0.888018
0.099451 0.888018
0.099472 0.888035
0.099482 0.888085
0.099482 0.888102
0.099513 0.888118
0.099544 0.888152
0.099564 0.888152
0.099574 0.888152
0.099626 0.888152
0.099646 0.888185
0.099656 0.888185
0.099677 0.888235
0.099708 0.888235
0.099718 0.888252
0.099749 0.888252
0.099759 0.888252
0.099790 0.888252
0.099810 0.888269
0.099821 0.888269
0.099841 0.888269
0.099851 0.888302
0.099882 0.888352
0.099882 0.888386
0.099892 0.888386
0.099892 0.888453
0.099913 0.888486
0.099954 0.888503
0.099974 0.888553
0.100015 0.888586
0.100026 0.888586
0.100046 0.888586
0.100067 0.888603
0.100118 0.888670
0.100118 0.888737
0.100128 0.888753
0.100149 0.888753
0.100241 0.888753
0.100261 0.888787
0.100272 0.888787
0.100292 0.888803
0.100333 0.888837
0.100344 0.888854
0.100364 0.888870
0.100364 0.888904
0.100405 0.888904
0.100426 0.888937
0.100446 0.888937
0.100446 0.888954
0.100477 0.888971
0.100508 0.889004
0.100508 0.889021
0.100508 0.889054
0.100518 0.889071
0.100569 0.889104
0.100600 0.889121
0.100600 0.889138
0.100620 0.889154
0.100641 0.889154
0.100641 0.889171
0.100672 0.889221
0.100692 0.889221
0.100733 0.889221
0.100754 0.889255
0.100754 0.889271
0.100774 0.889271
0.100795 0.889322
0.100846 0.889322
0.100856 0.889355
0.100907 0.889372
0.100969 0.889372
0.101010 0.889405
0.101031 0.889455
0.101041 0.889455
0.101061 0.889489
0.101082 0.889505
0.101123 0.889505
0.101143 0.889505
0.101154 0.889555
0.101174 0.889572
0.101215 0.889639
0.101225 0.889689
0.101256 0.889689
0.101266 0.889723
0.101287 0.889756
0.101328 0.889773
0.101348 0.889806
0.101359 0.889840
0.101379 0.889873
0.101389 0.889906
0.101420 0.889990
0.101461 0.890040
0.101471 0.890057
0.101492 0.890107
0.101512 0.890140
0.101523 0.890157
0.101533 0.890191
0.101533 0.890207
0.101543 0.890224
0.101584 0.890274
0.101594 0.890274
0.101615 0.890291
0.101635 0.890291
0.101635 0.890307
0.101646 0.890324
0.101676 0.890324
0.101687 0.890341
0.101697 0.890408
0.101718 0.890424
0.101738 0.890458
0.101759 0.890458
0.101769 0.890491
0.101779 0.890541
0.101779 0.890575
0.101810 0.890575
0.101841 0.890608
0.101923 0.890642
0.101953 0.890675
0.101974 0.890692
0.101984 0.890759
0.102005 0.890759
0.102015 0.890759
0.102025 0.890775
0.102066 0.890792
0.102087 0.890809
0.102117 0.890826
0.102158 0.890859
0.102199 0.890859
0.102230 0.890892
0.102240 0.890909
0.102251 0.890909
0.102292 0.890943
0.102322 0.890993
0.102322 0.891026
0.102353 0.891043
0.102415 0.891043
0.102435 0.891110
0.102466 0.891110
0.102476 0.891126
0.102497 0.891160
0.102517 0.891210
0.102548 0.891243
0.102558 0.891260
0.102579 0.891260
0.102589 0.891277
0.102589 0.891293
0.102599 0.891310
0.102610 0.891360
0.102630 0.891427
0.102651 0.891461
0.102692 0.891477
0.102712 0.891511
0.102712 0.891544
0.102712 0.891561
0.102733 0.891578
0.102733 0.891594
0.102743 0.891611
0.102784 0.891644
0.102815 0.891678
0.102835 0.891695
0.102856 0.891695
0.102866 0.891745
0.102866 0.891778
0.102917 0.891845
0.102938 0.891878
0.102999 0.891895
0.103030 0.891928
0.103050 0.891928
0.103092 0.891928
0.103102 0.891928
0.103174 0.891928
0.103184 0.891945
0.103194 0.891945
0.103245 0.891945
0.103256 0.891979
0.103338 0.891979
0.103348 0.892012
0.103379 0.892062
0.103409 0.892079
0.103420 0.892096
0.103461 0.892146
0.103481 0.892196
0.103481 0.892213
0.103491 0.892213
0.103512 0.892246
0.103563 0.892263
0.103584 0.892279
0.103604 0.892330
0.103645 0.892330
0.103655 0.892363
0.103676 0.892363
0.103696 0.892430
0.103727 0.892430
0.103768 0.892447
0.103789 0.892513
0.103820 0.892513
0.103840 0.892547
0.103881 0.892580
0.103891 0.892597
0.103891 0.892614
0.103912 0.892647
0.103912 0.892664
0.103963 0.892680
0.103994 0.892680
0.104014 0.892714
0.104025 0.892714
0.104045 0.892781
0.104055 0.892797
0.104076 0.892831
0.104086 0.892831
0.104107 0.892864
0.104127 0.892864
0.104168 0.892914
0.104178 0.892931
0.104209 0.892948
0.104219 0.892948
0.104230 0.892981
0.104250 0.893015
0.104250 0.893031
0.104271 0.893048
0.104271 0.893065
0.104281 0.893115
0.104301 0.893148
0.104312 0.893182
0.104322 0.893199
0.104353 0.893199
0.104363 0.893265
0.104394 0.893282
0.104404 0.893316
0.104414 0.893316
0.104445 0.893349
0.104455 0.893366
0.104476 0.893382
0.104496 0.893382
0.104537 0.893382
0.104568 0.893416
0.104589 0.893416
0.104599 0.893449
0.104609 0.893449
0.104630 0.893449
0.104640 0.893449
0.104681 0.893483
0.104681 0.893499
0.104681 0.893533
0.104681 0.893566
0.104722 0.893566
0.104742 0.893566
0.104753 0.893600
0.104773 0.893600
0.104804 0.893600
0.104835 0.893616
0.104845 0.893616
0.104896 0.893616
0.104947 0.893633
0.104978 0.893633
0.104978 0.893650
0.105019 0.893666
0.105081 0.893733
0.105081 0.893750
0.105091 0.893767
0.105153 0.893834
0.105173 0.893834
0.105204 0.893867
0.105255 0.893900
0.105296 0.893917
0.105317 0.893967
0.105337 0.893967
0.105388 0.894017
0.105388 0.894034
0.105399 0.894034
0.105481 0.894068
0.105491 0.894118
0.105501 0.894118
0.105563 0.894118
0.105563 0.894168
0.105583 0.894184
0.105593 0.894201
0.105614 0.894201
0.105645 0.894218
0.105675 0.894251
0.105696 0.894251
0.105727 0.894251
0.105768 0.894251
0.105799 0.894301
0.105809 0.894301
0.105850 0.894318
0.105881 0.894318
0.105932 0.894352
0.105942 0.894352
0.105973 0.894385
0.105983 0.894402
0.106034 0.894452
0.106055 0.894485
0.106096 0.894502
0.106106 0.894519
0.106147 0.894519
0.106178 0.894519
0.106188 0.894535
0.106239 0.894552
0.106250 0.894552
0.106291 0.894552
0.106301 0.894552
0.106321 0.894586
0.106352 0.894619
0.106383 0.894636
0.106393 0.894703
0.106434 0.894703
0.106434 0.894719
0.106465 0.894736
0.106496 0.894736
0.106506 0.894769
0.106527 0.894769
0.106547 0.894803
0.106598 0.894820
0.106609 0.894820
0.106609 0.894836
0.106650 0.894853
0.106660 0.894870
0.106691 0.894886
0.106711 0.894886
0.106721 0.894920
0.106732 0.894936
0.106732 0.894953
0.106742 0.894970
0.106762 0.894987
0.106773 0.894987
0.106773 0.895003
0.106793 0.895003
0.106844 0.895020
0.106865 0.895020
0.106896 0.895020
0.106906 0.895087
0.106916 0.895137
0.106937 0.895137
0.106967 0.895137
0.107008 0.895170
0.107019 0.895204
0.107019 0.895221
0.107019 0.895254
0.107070 0.895287
0.107090 0.895321
0.107121 0.895321
0.107162 0.895338
0.107193 0.895354
0.107193 0.895404
0.107214 0.895404
0.107224 0.895438
0.107244 0.895438
0.107255 0.895538
0.107265 0.895555
0.107326 0.895588
0.107367 0.895622
0.107388 0.895655
0.107419 0.895655
0.107470 0.895722
0.107490 0.895739
0.107521 0.895772
0.107583 0.895805
0.107593 0.895839
0.107613 0.895856
0.107624 0.895889
0.107624 0.895922
0.107644 0.895939
0.107706 0.895973
0.107736 0.895973
0.107747 0.896023
0.107757 0.896039
0.107777 0.896056
0.107819 0.896056
0.107829 0.896056
0.107839 0.896090
0.107901 0.896090
0.107911 0.896123
0.107931 0.896140
0.107962 0.896190
0.107962 0.896207
0.107972 0.896207
0.108003 0.896207
0.108024 0.896240
0.108054 0.896257
0.108085 0.896257
0.108095 0.896290
0.108116 0.896307
0.108147 0.896324
0.108157 0.896340
0.108167 0.896340
0.108198 0.896340
0.108198 0.896374
0.108208 0.896407
0.108218 0.896424
0.108229 0.896424
0.108280 0.896441
0.108311 0.896441
0.108311 0.896474
0.108321 0.896474
0.108352 0.896507
0.108382 0.896557
0.108413 0.896624
0.108444 0.896624
0.108464 0.896658
0.108464 0.896691
0.108495 0.896691
0.108516 0.896708
0.108557 0.896775
0.108588 0.896775
0.108608 0.896791
0.108649 0.896842
0.108700 0.896842
0.108731 0.896842
0.108741 0.896875
0.108782 0.896875
0.108823 0.896875
0.108854 0.896875
0.108864 0.896892
0.108905 0.896892
0.108916 0.896892
0.108936 0.896892
0.108967 0.896942
0.109008 0.896942
0.109018 0.896959
0.109028 0.897009
0.109028 0.897025
0.109059 0.897025
0.109100 0.897042
0.109110 0.897076
0.109141 0.897076
0.109162 0.897109
0.109182 0.897126
0.109223 0.897126
0.109223 0.897142
0.109244 0.897142
0.109295 0.897209
0.109295 0.897243
0.109326 0.897309
0.109357 0.897326
0.109387 0.897393
0.109428 0.897426
0.109459 0.897443
0.109459 0.897460
0.109490 0.897493
0.109510 0.897510
0.109510 0.897527
0.109521 0.897560
0.109562 0.897594
0.109592 0.897610
0.109592 0.897644
0.109623 0.897644
0.109664 0.897660
0.109674 0.897660
0.109705 0.897660
0.109726 0.897711
0.109756 0.897744
0.109767 0.897761
0.109828 0.897761
0.109839 0.897761
0.109869 0.897761
0.109910 0.897794
0.109921 0.897794
0.109941 0.897844
0.109951 0.897861
0.109972 0.897894
0.110023 0.897894
0.110023 0.897911
0.110033 0.897911
0.110085 0.897961
0.110136 0.897995
0.110146 0.898028
0.110187 0.898061
0.110208 0.898061
0.110228 0.898061
0.110259 0.898061
0.110279 0.898095
0.110290 0.898095
0.110320 0.898095
0.110331 0.898128
0.110331 0.898162
0.110341 0.898162
0.110351 0.898195
0.110361 0.898245
0.110382 0.898245
0.110382 0.898262
0.110433 0.898279
0.110464 0.898295
0.110484 0.898329
0.110484 0.898346
0.110526 0.898379
0.110567 0.898396
0.110587 0.898446
0.110597 0.898463
0.110608 0.898463
0.110649 0.898463
0.110659 0.898463
0.110679 0.898463
0.110710 0.898463
0.110720 0.898513
0.110731 0.898529
0.110741 0.898563
0.110782 0.898580
0.110823 0.898580
0.110843 0.898630
0.110843 0.898646
0.110874 0.898680
0.110874 0.898697
0.110895 0.898697
0.110936 0.898713
0.110936 0.898747
0.110936 0.898763
0.110946 0.898763
0.110956 0.898780
0.110977 0.898780
0.111028 0.898780
0.111089 0.898780
0.111120 0.898814
0.111120 0.898864
0.111141 0.898864
0.111171 0.898914
0.111213 0.898930
0.111243 0.898930
0.111315 0.898930
0.111346 0.898930
0.111356 0.898930
0.111407 0.898981
0.111438 0.899014
0.111438 0.899031
0.111459 0.899047
0.111479 0.899047
0.111489 0.899064
0.111551 0.899064
0.111592 0.899064
0.111602 0.899064
0.111623 0.899081
0.111664 0.899148
0.111694 0.899148
0.111746 0.899198
0.111756 0.899198
0.111766 0.899231
0.111787 0.899231
0.111817 0.899231
0.111838 0.899231
0.111869 0.899231
0.111869 0.899265
0.111889 0.899315
0.111900 0.899365
0.111930 0.899382
0.111971 0.899382
0.111992 0.899415
0.112002 0.899415
0.112023 0.899415
0.112043 0.899449
0.112053 0.899482
0.112064 0.899482
0.112084 0.899532
0.112094 0.899532
0.112115 0.899532
0.112135 0.899549
0.112156 0.899549
0.112176 0.899566
0.112207 0.899566
0.112258 0.899616
0.112269 0.899632
0.112299 0.899666
0.112320 0.899682
0.112340 0.899682
0.112351 0.899699
0.112381 0.899716
0.112422 0.899733
0.112443 0.899749
0.112474 0.899766
0.112484 0.899799
0.112494 0.899816
0.112525 0.899850
0.112566 0.899866
0.112597 0.899883
0.112617 0.899883
0.112617 0.899916
0.112648 0.899916
0.112689 0.899950
0.112720 0.900000
0.112730 0.900050
0.112751 0.900084
0.112781 0.900084
0.112812 0.900100
0.112843 0.900100
0.112874 0.900117
0.112915 0.900117
0.112976 0.900117
0.112986 0.900134
0.113017 0.900167
0.113079 0.900184
0.113089 0.900184
0.113120 0.900201
0.113150 0.900234
0.113150 0.900251
0.113161 0.900251
0.113171 0.900301
0.113191 0.900318
0.113222 0.900368
0.113274 0.900401
0.113304 0.900401
0.113304 0.900451
0.113356 0.900518
0.113366 0.900518
0.113386 0.900518
0.113397 0.900551
0.113417 0.900585
0.113427 0.900585
0.113438 0.900602
0.113448 0.900602
0.113468 0.900602
0.113479 0.900602
0.113479 0.900618
0.113489 0.900618
0.113520 0.900618
0.113540 0.900618
0.113550 0.900635
0.113581 0.900635
0.113591 0.900735
0.113612 0.900752
0.113632 0.900785
0.113632 0.900802
0.113643 0.900836
0.113684 0.900836
0.113694 0.900852
0.113725 0.900852
0.113786 0.900886
0.113837 0.900886
0.113858 0.900886
0.113878 0.900919
0.113920 0.900936
0.113920 0.900969
0.113930 0.900969
0.113950 0.901003
0.113950 0.901070
0.113961 0.901086
0.113961 0.901120
0.113981 0.901153
0.114012 0.901186
0.114043 0.901203
0.114073 0.901203
0.114084 0.901220
0.114114 0.901220
0.114114 0.901237
0.114145 0.901237
0.114155 0.901237
0.114217 0.901270
0.114237 0.901287
0.114248 0.901337
0.114268 0.901354
0.114299 0.901387
0.114309 0.901404
0.114330 0.901420
0.114340 0.901437
0.114340 0.901471
0.114350 0.901471
0.114371 0.901487
0.114391 0.901487
0.114391 0.901521
0.114422 0.901537
0.114453 0.901537
0.114473 0.901554
0.114473 0.901621
0.114494 0.901621
0.114514 0.901638
0.114535 0.901688
0.114545 0.901688
0.114586 0.901688
0.114617 0.901705
0.114648 0.901705
0.114658 0.901705
0.114678 0.901738
0.114699 0.901738
0.114730 0.901738
0.114740 0.901788
0.114760 0.901822
0.114791 0.901838
0.114832 0.901872
0.114853 0.901922
0.114873 0.901939
0.114894 0.901989
0.114904 0.902022
0.114945 0.902039
0.114955 0.902055
0.114965 0.902055
0.114986 0.902122
0.115017 0.902122
0.115037 0.902156
0.115047 0.902189
0.115058 0.902206
0.115068 0.902256
0.115078 0.902256
0.115150 0.902289
0.115181 0.902306
0.115201 0.902356
0.115232 0.902356
0.115242 0.902373
0.115273 0.902423
0.115324 0.902423
0.115335 0.902440
0.115345 0.902440
0.115376 0.902473
0.115396 0.902473
0.115406 0.902473
0.115437 0.902490
0.115488 0.902490
0.115529 0.902490
0.115550 0.902507
0.115601 0.902507
0.115642 0.902523
0.115652 0.902523
0.115683 0.902557
0.115704 0.902557
0.115714 0.902607
0.115734 0.902607
0.115734 0.902640
0.115755 0.902657
0.115775 0.902707
0.115827 0.902707
0.115847 0.902707
0.115878 0.902741
0.115888 0.902741
0.115888 0.902791
0.115919 0.902841
0.115929 0.902841
0.115929 0.902924
0.115950 0.902958
0.115981 0.902958
0.115991 0.902958
0.116032 0.902958
0.116042 0.902975
0.116104 0.902991
0.116145 0.903025
0.116175 0.903041
0.116206 0.903041
0.116206 0.903058
0.116216 0.903075
0.116268 0.903092
0.116278 0.903108
0.116298 0.903125
0.116339 0.903125
0.116350 0.903125
0.116360 0.903175
0.116370 0.903209
0.116391 0.903225
0.116432 0.903225
0.116462 0.903242
0.116483 0.903259
0.116503 0.903292
0.116514 0.903342
0.116514 0.903359
0.116544 0.903409
0.116585 0.903443
0.116596 0.903459
0.116668 0.903493
0.116668 0.903509
0.116688 0.903526
0.116698 0.903526
0.116698 0.903543
0.116719 0.903660
0.116750 0.903693
0.116750 0.903710
0.116770 0.903710
0.116780 0.903727
0.116832 0.903727
0.116862 0.903727
0.116873 0.903727
0.116883 0.903777
0.116903 0.903810
0.116985 0.903827
0.116996 0.903827
0.117016 0.903860
0.117057 0.903877
0.117098 0.903877
0.117119 0.903894
0.117129 0.903894
0.117160 0.903944
0.117170 0.903944
0.117221 0.903944
0.117242 0.903961
0.117252 0.903977
0.117252 0.903994
0.117283 0.903994
0.117293 0.904061
0.117314 0.904078
0.117314 0.904111
0.117324 0.904111
0.117344 0.904111
0.117375 0.904144
0.117416 0.904144
0.117437 0.904161
0.117467 0.904195
0.117467 0.904211
0.117498 0.904211
0.117529 0.904228
0.117580 0.904278
0.117611 0.904278
0.117631 0.904278
0.117642 0.904295
0.117642 0.904328
0.117642 0.904362
0.117683 0.904378
0.117703 0.904412
0.117765 0.904412
0.117785 0.904412
0.117816 0.904428
0.117836 0.904495
0.117857 0.904495
0.117888 0.904495
0.117898 0.904512
0.117918 0.904512
0.117949 0.904512
0.117959 0.904512
0.118001 0.904512
0.118031 0.904545
0.118031 0.904596
0.118072 0.904612
0.118093 0.904629
0.118113 0.904679
0.118134 0.904679
0.118165 0.904679
0.118206 0.904713
0.118216 0.904713
0.118236 0.904713
0.118257 0.904729
0.118288 0.904729
0.118308 0.904729
0.118359 0.904746
0.118380 0.904796
0.118411 0.904796
0.118452 0.904813
0.118462 0.904813
0.118462 0.904846
0.118503 0.904863
0.118503 0.904880
0.118513 0.904913
0.118554 0.904913
0.118554 0.904930
0.118564 0.904930
0.118595 0.904930
0.118626 0.904947
0.118636 0.904963
0.118647 0.904963
0.118688 0.904963
0.118708 0.904997
0.118708 0.905030
0.118729 0.905030
0.118749 0.905047
0.118770 0.905047
0.118790 0.905080
0.118852 0.905114
0.118852 0.905130
0.118872 0.905164
0.118903 0.905164
0.118913 0.905164
0.118923 0.905197
0.118954 0.905214
0.118975 0.905214
0.118985 0.905231
0.119016 0.905247
0.119046 0.905247
0.119067 0.905297
0.119098 0.905331
0.119159 0.905348
0.119210 0.905364
0.119231 0.905381
0.119231 0.905398
0.119262 0.905431
0.119282 0.905481
0.119313 0.905481
0.119344 0.905531
0.119364 0.905531
0.119375 0.905531
0.119385 0.905548
0.119436 0.905565
0.119467 0.905565
0.119467 0.905582
0.119508 0.905582
0.119539 0.905582
0.119651 0.905582
0.119672 0.905598
0.119682 0.905632
0.119692 0.905632
0.119703 0.905665
0.119733 0.905665
0.119774 0.905699
0.119785 0.905699
0.119795 0.905732
0.119815 0.905782
0.119867 0.905799
0.119877 0.905799
0.119897 0.905799
0.119918 0.905799
0.119938 0.905816
0.119938 0.905849
0.119969 0.905849
0.119990 0.905882
0.120000 0.905882
0.120031 0.905882
0.120051 0.905882
0.120072 0.905899
0.120103 0.905949
0.120123 0.905999
0.120164 0.905999
0.120174 0.905999
0.120185 0.906016
0.120205 0.906016
0.120226 0.906033
0.120256 0.906049
0.120308 0.906049
0.120308 0.906100
0.120318 0.906116
0.120328 0.906116
0.120369 0.906116
0.120379 0.906183
0.120410 0.906200
0.120420 0.906200
0.120441 0.906200
0.120461 0.906200
0.120472 0.906233
0.120492 0.906233
0.120543 0.906233
0.120543 0.906250
0.120564 0.906250
0.120605 0.906250
0.120615 0.906250
0.120625 0.906283
0.120656 0.906300
0.120718 0.906367
0.120769 0.906384
0.120810 0.906384
0.120841 0.906400
0.120902 0.906400
0.120923 0.906417
0.120943 0.906417
0.120974 0.906417
0.120995 0.906417
0.121056 0.906434
0.121056 0.906451
0.121097 0.906484
0.121128 0.906484
0.121159 0.906551
0.121169 0.906551
0.121200 0.906551
0.121200 0.906568
0.121220 0.906618
0.121261 0.906618
0.121292 0.906651
0.121323 0.906668
0.121343 0.906668
0.121374 0.906701
0.121415 0.906735
0.121456 0.906735
0.121456 0.906751
0.121487 0.906768
0.121507 0.906785
0.121559 0.906801
0.121569 0.906818
0.121579 0.906852
0.121610 0.906852
0.121692 0.906918
0.121753 0.906918
0.121784 0.906935
0.121815 0.906935
0.121825 0.906952
0.121856 0.906969
0.121917 0.906969
0.121928 0.906985
0.121938 0.906985
0.121938 0.907019
0.121948 0.907019
0.121979 0.907052
0.121999 0.907069
0.122041 0.907136
0.122041 0.907169
0.122071 0.907186
0.122092 0.907219
0.122112 0.907219
0.122164 0.907219
0.122205 0.907236
0.122215 0.907236
0.122215 0.907269
0.122235 0.907269
0.122246 0.907286
0.122266 0.907286
0.122307 0.907303
0.122328 0.907320
0.122338 0.907320
0.122379 0.907336
0.122399 0.907336
0.122399 0.907353
0.122420 0.907370
0.122430 0.907370
0.122471 0.907403
0.122471 0.907420
0.122512 0.907487
0.122512 0.907520
0.122553 0.907537
0.122574 0.907537
0.122574 0.907570
0.122594 0.907604
0.122615 0.907604
0.122625 0.907604
0.122645 0.907620
0.122645 0.907654
0.122676 0.907670
0.122728 0.907670
0.122738 0.907670
0.122758 0.907704
0.122758 0.907721
0.122789 0.907754
0.122789 0.907771
0.122799 0.907821
0.122810 0.907838
0.122830 0.907854
0.122902 0.907854
0.122912 0.907888
0.122933 0.907888
0.122963 0.907888
0.123004 0.907938
0.123025 0.907955
0.123066 0.907955
0.123076 0.907988
0.123076 0.908005
0.123097 0.908005
0.123127 0.908005
0.123168 0.908021
0.123179 0.908038
0.123189 0.908038
0.123230 0.908072
0.123271 0.908072
0.123322 0.908122
0.123332 0.908122
0.123363 0.908138
0.123373 0.908155
0.123415 0.908172
0.123425 0.908222
0.123456 0.908239
0.123517 0.908255
0.123527 0.908272
0.123548 0.908305
0.123568 0.908305
0.123630 0.908305
0.123681 0.908339
0.123691 0.908372
0.123691 0.908406
0.123722 0.908406
0.123743 0.908422
0.123773 0.908456
0.123794 0.908489
0.123814 0.908489
0.123845 0.908523
0.123866 0.908539
0.123896 0.908640
0.123948 0.908656
0.123968 0.908707
0.123968 0.908757
0.123999 0.908773
0.124009 0.908840
0.124030 0.908840
0.124030 0.908857
0.124091 0.908857
0.124132 0.908857
0.124163 0.908857
0.124204 0.908874
0.124214 0.908874
0.124245 0.908907
0.124255 0.908941
0.124266 0.908957
0.124307 0.908957
0.124327 0.908991
0.124337 0.908991
0.124358 0.909024
0.124378 0.909041
0.124389 0.909074
0.124430 0.909074
0.124450 0.909091
0.124460 0.909108
0.124481 0.909124
0.124532 0.909174
0.124553 0.909174
0.124594 0.909225
0.124614 0.909258
0.124635 0.909275
0.124676 0.909275
0.124686 0.909275
0.124706 0.909291
0.124737 0.909325
0.124768 0.909375
0.124778 0.909375
0.124799 0.909392
0.124840 0.909392
0.124860 0.909392
0.124881 0.909425
0.124891 0.909425
0.124912 0.909442
0.124922 0.909459
0.124983 0.909475
0.124983 0.909492
0.125086 0.909525
0.125096 0.909525
0.125106 0.909542
0.125117 0.909576
0.125117 0.909609
0.125147 0.909626
0.125209 0.909659
0.125209 0.909693
0.125229 0.909726
0.125240 0.909776
0.125240 0.909793
0.125250 0.909793
0.125291 0.909793
0.125311 0.909860
0.125383 0.909860
0.125465 0.909876
0.125506 0.909876
0.125537 0.909943
0.125609 0.909977
0.125629 0.909977
0.125640 0.909977
0.125670 0.909993
0.125701 0.909993
0.125732 0.910010
0.125783 0.910027
0.125804 0.910027
0.125814 0.910060
0.125845 0.910094
0.125916 0.910110
0.125927 0.910127
0.125957 0.910144
0.126029 0.910144
0.126050 0.910227
0.126091 0.910227
0.126122 0.910227
0.126163 0.910227
0.126193 0.910227
0.126193 0.910244
0.126224 0.910277
0.126265 0.910294
0.126275 0.910294
0.126306 0.910311
0.126368 0.910311
0.126388 0.910311
0.126398 0.910328
0.126429 0.910394
0.126460 0.910394
0.126460 0.910411
0.126480 0.910411
0.126521 0.910445
0.126562 0.910445
0.126573 0.910445
0.126583 0.910478
0.126593 0.910478
0.126603 0.910511
0.126624 0.910545
0.126634 0.910578
0.126644 0.910578
0.126655 0.910662
0.126665 0.910712
0.126726 0.910712
0.126737 0.910762
0.126757 0.910762
0.126767 0.910795
0.126819 0.910812
0.126839 0.910812
0.126860 0.910829
0.126901 0.910862
0.126921 0.910896
0.126921 0.910929
0.126932 0.910946
0.126952 0.910946
0.126973 0.910996
0.126993 0.911063
0.127024 0.911080
0.127065 0.911080
0.127085 0.911096
0.127106 0.911130
0.127116 0.911130
0.127157 0.911163
0.127178 0.911163
0.127178 0.911197
0.127208 0.911230
0.127249 0.911230
0.127290 0.911247
0.127342 0.911247
0.127372 0.911280
0.127413 0.911297
0.127444 0.911297
0.127454 0.911330
0.127465 0.911330
0.127496 0.911364
0.127557 0.911364
0.127578 0.911364
0.127608 0.911397
0.127619 0.911414
0.127629 0.911447
0.127639 0.911497
0.127649 0.911514
0.127670 0.911581
0.127701 0.911581
0.127721 0.911581
0.127731 0.911598
0.127752 0.911614
0.127783 0.911614
0.127813 0.911631
0.127844 0.911664
0.127875 0.911664
0.127885 0.911664
0.127916 0.911681
0.127947 0.911681
0.127977 0.911715
0.127998 0.911765
0.128008 0.911765
0.128039 0.911815
0.128049 0.911815
0.128070 0.911815
0.128070 0.911865
0.128080 0.911882
0.128111 0.911915
0.128121 0.911932
0.128142 0.911932
0.128244 0.911949
0.128244 0.911965
0.128254 0.911982
0.128275 0.912015
0.128285 0.912032
0.128295 0.912032
0.128306 0.912066
0.128326 0.912082
0.128367 0.912099
0.128377 0.912132
0.128398 0.912132
0.128418 0.912149
0.128459 0.912199
0.128459 0.912249
0.128459 0.912283
0.128480 0.912316
0.128511 0.912316
0.128511 0.912333
0.128572 0.912350
0.128613 0.912366
0.128634 0.912400
0.128695 0.912416
0.128705 0.912416
0.128736 0.912467
0.128757 0.912533
0.128787 0.912550
0.128798 0.912584
0.128808 0.912584
0.128859 0.912584
0.128900 0.912600
0.128921 0.912617
0.128941 0.912667
0.128952 0.912684
0.128982 0.912717
0.129034 0.912717
0.129075 0.912751
0.129085 0.912767
0.129105 0.912801
0.129187 0.912801
0.129218 0.912834
0.129239 0.912834
0.129249 0.912868
0.129259 0.912884
0.129290 0.912901
0.129321 0.912951
0.129351 0.912968
0.129372 0.913001
0.129413 0.913001
0.129444 0.913035
0.129474 0.913051
0.129505 0.913085
0.129516 0.913085
0.129526 0.913102
0.129546 0.913118
0.129557 0.913135
0.129567 0.913135
0.129598 0.913168
0.129608 0.913185
0.129639 0.913185
0.129680 0.913202
0.129741 0.913219
0.129772 0.913269
0.129813 0.913269
0.129864 0.913269
0.129874 0.913285
0.129895 0.913285
0.129936 0.913302
0.129946 0.913319
0.129956 0.913319
0.129977 0.913369
0.129987 0.913386
0.130008 0.913386
0.130038 0.913386
0.130079 0.913386
0.130141 0.913402
0.130161 0.913436
0.130203 0.913469
0.130264 0.913469
0.130264 0.913486
0.130326 0.913486
0.130367 0.913486
0.130377 0.913486
0.130387 0.913503
0.130418 0.913503
0.130438 0.913503
0.130449 0.913570
0.130531 0.913570
0.130561 0.913603
0.130572 0.913603
0.130613 0.913620
0.130643 0.913636
0.130705 0.913636
0.130725 0.913670
0.130746 0.913686
0.130777 0.913703
0.130797 0.913737
0.130818 0.913737
0.130818 0.913753
0.130838 0.913753
0.130859 0.913787
0.130869 0.913803
0.130879 0.913803
0.130920 0.913820
0.130931 0.913837
0.130951 0.913837
0.130982 0.913854
0.130992 0.913870
0.131043 0.913870
0.131074 0.913887
0.131095 0.913887
0.131115 0.913904
0.131146 0.913904
0.131177 0.913920
0.131197 0.913920
0.131228 0.913920
0.131238 0.913937
0.131300 0.913937
0.131320 0.913937
0.131341 0.913954
0.131361 0.913954
0.131371 0.913954
0.131371 0.913987
0.131392 0.914021
0.131453 0.914104
0.131484 0.914104
0.131505 0.914104
0.131515 0.914104
0.131566 0.914138
0.131597 0.914138
0.131618 0.914171
0.131638 0.914188
0.131638 0.914221
0.131638 0.914355
0.131638 0.914405
0.131669 0.914439
0.131689 0.914472
0.131761 0.914489
0.131761 0.914505
0.131782 0.914522
0.131802 0.914522
0.131853 0.914539
0.131864 0.914539
0.131884 0.914572
0.131905 0.914572
0.131925 0.914572
0.131925 0.914606
0.131946 0.914606
0.131956 0.914606
0.131997 0.914606
0.131997 0.914672
0.132017 0.914672
0.132058 0.914672
0.132069 0.914723
0.132130 0.914723
0.132140 0.914723
0.132140 0.914739
0.132171 0.914739
0.132253 0.914773
0.132274 0.914789
0.132274 0.914806
0.132325 0.914806
0.132346 0.914840
0.132387 0.914840
0.132438 0.914873
0.132469 0.914906
0.132479 0.914940
0.132540 0.914973
0.132581 0.914990
0.132612 0.914990
0.132633 0.914990
0.132674 0.914990
0.132694 0.915007
0.132715 0.915007
0.132725 0.915057
0.132756 0.915140
0.132776 0.915140
0.132797 0.915157
0.132797 0.915207
0.132817 0.915207
0.132827 0.915207
0.132868 0.915224
0.132879 0.915241
0.132899 0.915241
0.132940 0.915241
0.132951 0.915241
0.132981 0.915241
0.132992 0.915257
0.133033 0.915291
0.133053 0.915307
0.133063 0.915307
0.133104 0.915324
0.133104 0.915341
0.133115 0.915341
0.133125 0.915391
0.133135 0.915391
0.133217 0.915391
0.133258 0.915441
0.133268 0.915458
0.133279 0.915458
0.133299 0.915458
0.133299 0.915475
0.133320 0.915525
0.133371 0.915525
0.133432 0.915525
0.133453 0.915558
0.133463 0.915558
0.133494 0.915558
0.133494 0.915575
0.133514 0.915592
0.133525 0.915592
0.133566 0.915592
0.133586 0.915642
0.133648 0.915658
0.133709 0.915759
0.133720 0.915792
0.133720 0.915809
0.133730 0.915809
0.133750 0.915826
0.133771 0.915826
0.133781 0.915826
0.133832 0.915826
0.133863 0.915826
0.133873 0.915826
0.133914 0.915826
0.133945 0.915826
0.133986 0.915826
0.133986 0.915842
0.134007 0.915859
0.134048 0.915876
0.134068 0.915892
0.134089 0.915926
0.134089 0.915943
0.134119 0.915943
0.134130 0.915976
0.134191 0.915976
0.134191 0.915993
0.134201 0.916043
0.134232 0.916076
0.134232 0.916093
0.134253 0.916093
0.134263 0.916110
0.134284 0.916143
0.134294 0.916143
0.134304 0.916160
0.134335 0.916193
0.134386 0.916210
0.134396 0.916210
0.134417 0.916227
0.134437 0.916260
0.134458 0.916260
0.134499 0.916277
0.134519 0.916293
0.134519 0.916327
0.134540 0.916327
0.134591 0.916327
0.134601 0.916360
0.134632 0.916360
0.134653 0.916394
0.134704 0.916427
0.134704 0.916444
0.134765 0.916461
0.134847 0.916511
0.134888 0.916578
0.134899 0.916628
0.134909 0.916628
0.134940 0.916628
0.134971 0.916644
0.135012 0.916661
0.135022 0.916678
0.135053 0.916695
0.135083 0.916695
0.135083 0.916728
0.135104 0.916728
0.135135 0.916761
0.135155 0.916778
0.135186 0.916778
0.135196 0.916795
0.135196 0.916862
0.135217 0.916862
0.135237 0.916878
0.135278 0.916878
0.135299 0.916895
0.135309 0.916895
0.135370 0.916912
0.135381 0.916928
0.135401 0.916928
0.135442 0.916962
0.135452 0.916979
0.135534 0.917012
0.135545 0.917029
0.135555 0.917029
0.135617 0.917045
0.135627 0.917062
0.135647 0.917112
0.135678 0.917146
0.135709 0.917213
0.135729 0.917229
0.135750 0.917263
0.135760 0.917279
0.135791 0.917279
0.135801 0.917296
0.135801 0.917313
0.135822 0.917330
0.135852 0.917363
0.135863 0.917363
0.135914 0.917396
0.135934 0.917396
0.135945 0.917430
0.136016 0.917463
0.136047 0.917497
0.136047 0.917530
0.136068 0.917547
0.136078 0.917597
0.136088 0.917630
0.136109 0.917630
0.136170 0.917647
0.136191 0.917664
0.136211 0.917664
0.136242 0.917680
0.136262 0.917697
0.136304 0.917731
0.136324 0.917781
0.136324 0.917831
0.136334 0.917848
0.136406 0.917881
0.136437 0.917881
0.136468 0.917914
0.136478 0.917914
0.136488 0.917931
0.136529 0.917948
0.136529 0.917965
0.136539 0.918015
0.136539 0.918031
0.136560 0.918065
0.136570 0.918065
0.136580 0.918082
0.136642 0.918115
0.136652 0.918132
0.136662 0.918132
0.136693 0.918132
0.136714 0.918132
0.136744 0.918132
0.136755 0.918165
0.136755 0.918182
0.136775 0.918199
0.136775 0.918232
0.136796 0.918249
0.136826 0.918265
0.136878 0.918282
0.136908 0.918316
0.136939 0.918316
0.136950 0.918349
0.136950 0.918366
0.136980 0.918382
0.136991 0.918432
0.137011 0.918466
0.137021 0.918499
0.137032 0.918516
0.137052 0.918533
0.137073 0.918566
0.137103 0.918583
0.137134 0.918583
0.137185 0.918616
0.137196 0.918650
0.137237 0.918666
0.137257 0.918683
0.137278 0.918683
0.137288 0.918683
0.137329 0.918683
0.137329 0.918700
0.137370 0.918700
0.137411 0.918733
0.137411 0.918750
0.137431 0.918750
0.137442 0.918783
0.137452 0.918783
0.137503 0.918800
0.137534 0.918834
0.137534 0.918850
0.137554 0.918900
0.137565 0.918900
0.137585 0.918951
0.137606 0.918951
0.137616 0.918951
0.137637 0.918967
0.137647 0.918984
0.137657 0.919017
0.137719 0.919051
0.137729 0.919068
0.137749 0.919101
0.137790 0.919101
0.137811 0.919134
0.137821 0.919134
0.137862 0.919134
0.137872 0.919151
0.137934 0.919201
0.137965 0.919251
0.137975 0.919285
0.138006 0.919285
0.138067 0.919318
0.138088 0.919352
0.138118 0.919368
0.138118 0.919402
0.138139 0.919402
0.138139 0.919418
0.138180 0.919435
0.138231 0.919435
0.138262 0.919469
0.138282 0.919485
0.138303 0.919485
0.138344 0.919502
0.138406 0.919502
0.138488 0.919569
0.138508 0.919586
0.138539 0.919586
0.138539 0.919619
0.138570 0.919652
0.138580 0.919686
0.138600 0.919686
0.138621 0.919703
0.138662 0.919736
0.138682 0.919736
0.138682 0.919753
0.138693 0.919786
0.138723 0.919803
0.138734 0.919820
0.138764 0.919820
0.138775 0.919820
0.138816 0.919853
0.138867 0.919853
0.138898 0.919903
0.138939 0.919903
0.138980 0.919920
0.139011 0.919920
0.139062 0.919936
0.139093 0.919936
0.139123 0.919953
0.139164 0.919970
0.139195 0.919987
0.139216 0.919987
0.139216 0.920003
0.139236 0.920003
0.139267 0.920020
0.139267 0.920037
0.139277 0.920037
0.139277 0.920053
0.139308 0.920070
0.139359 0.920070
0.139359 0.920087
0.139369 0.920087
0.139380 0.920120
0.139410 0.920120
0.139421 0.920137
0.139441 0.920170
0.139472 0.920170
0.139472 0.920221
0.139492 0.920237
0.139533 0.920254
0.139554 0.920254
0.139615 0.920254
0.139677 0.920254
0.139687 0.920287
0.139708 0.920304
0.139749 0.920321
0.139831 0.920338
0.139831 0.920371
0.139862 0.920421
0.139882 0.920421
0.139913 0.920438
0.139944 0.920438
0.139954 0.920455
0.139995 0.920455
0.140005 0.920505
0.140026 0.920538
0.140036 0.920555
0.140067 0.920555
0.140077 0.920588
0.140097 0.920605
0.140108 0.920605
0.140149 0.920622
0.140190 0.920622
0.140210 0.920622
0.140261 0.920638
0.140302 0.920638
0.140313 0.920638
0.140354 0.920638
0.140385 0.920672
0.140405 0.920672
0.140426 0.920705
0.140436 0.920722
0.140446 0.920722
0.140456 0.920755
0.140497 0.920805
0.140528 0.920839
0.140569 0.920856
0.140569 0.920872
0.140590 0.920889
0.140590 0.920906
0.140631 0.920906
0.140713 0.920939
0.140764 0.920939
0.140764 0.920973
0.140764 0.921023
0.140774 0.921039
0.140805 0.921056
0.140825 0.921090
0.140856 0.921090
0.140887 0.921106
0.140907 0.921106
0.140938 0.921123
0.140959 0.921140
0.140979 0.921173
0.141020 0.921173
0.141051 0.921173
0.141133 0.921207
0.141174 0.921207
0.141195 0.921223
0.141215 0.921223
0.141256 0.921223
0.141266 0.921223
0.141307 0.921223
0.141328 0.921240
0.141369 0.921257
0.141389 0.921273
0.141410 0.921273
0.141451 0.921307
0.141471 0.921357
0.141482 0.921357
0.141502 0.921357
0.141553 0.921357
0.141594 0.921357
0.141605 0.921390
0.141625 0.921390
0.141656 0.921390
0.141707 0.921407
0.141718 0.921407
0.141748 0.921407
0.141789 0.921424
0.141830 0.921457
0.141841 0.921491
0.141841 0.921524
0.141851 0.921541
0.141912 0.921541
0.141933 0.921574
0.141943 0.921608
0.141964 0.921624
0.141974 0.921641
0.141994 0.921658
0.142056 0.921725
0.142066 0.921775
0.142076 0.921775
0.142097 0.921775
0.142128 0.921775
0.142169 0.921775
0.142189 0.921775
0.142230 0.921775
0.142261 0.921791
0.142302 0.921825
0.142322 0.921892
0.142333 0.921925
0.142353 0.921942
0.142374 0.921975
0.142384 0.921975
0.142405 0.921992
0.142405 0.922025
0.142425 0.922059
0.142446 0.922109
0.142487 0.922126
0.142497 0.922142
0.142548 0.922142
0.142558 0.922142
0.142579 0.922159
0.142620 0.922176
0.142640 0.922193
0.142671 0.922193
0.142692 0.922209
0.142702 0.922243
0.142722 0.922243
0.142774 0.922243
0.142825 0.922276
0.142897 0.922309
0.142938 0.922326
0.142999 0.922343
0.143009 0.922343
0.143020 0.922360
0.143071 0.922376
0.143092 0.922393
0.143143 0.922426
0.143174 0.922426
0.143215 0.922477
0.143245 0.922477
0.143256 0.922493
0.143286 0.922493
0.143297 0.922493
0.143327 0.922527
0.143338 0.922560
0.143348 0.922560
0.143358 0.922577
0.143358 0.922594
0.143379 0.922610
0.143399 0.922610
0.143430 0.922610
0.143450 0.922610
0.143491 0.922627
0.143532 0.922627
0.143553 0.922644
0.143584 0.922644
0.143594 0.922644
0.143625 0.922677
0.143666 0.922694
0.143686 0.922694
0.143717 0.922694
0.143727 0.922694
0.143768 0.922711
0.143779 0.922727
0.143799 0.922727
0.143840 0.922727
0.143871 0.922727
0.143871 0.922744
0.143912 0.922811
0.143922 0.922811
0.143963 0.922844
0.144014 0.922844
0.144055 0.922844
0.144066 0.922861
0.144117 0.922894
0.144117 0.922911
0.144168 0.922911
0.144199 0.922945
0.144230 0.922945
0.144250 0.922945
0.144250 0.922961
0.144250 0.922995
0.144271 0.922995
0.144322 0.922995
0.144363 0.923045
0.144373 0.923045
0.144394 0.923112
0.144435 0.923112
0.144476 0.923128
0.144537 0.923145
0.144558 0.923145
0.144599 0.923162
0.144599 0.923178
0.144609 0.923195
0.144630 0.923195
0.144640 0.923195
0.144701 0.923212
0.144763 0.923212
0.144814 0.923262
0.144835 0.923262
0.144855 0.923312
0.144886 0.923346
0.144927 0.923362
0.144968 0.923396
0.144978 0.923396
0.145019 0.923396
0.145040 0.923429
0.145050 0.923446
0.145070 0.923446
0.145163 0.923463
0.145194 0.923479
0.145214 0.923513
0.145255 0.923513
0.145276 0.923529
0.145327 0.923546
0.145368 0.923563
0.145429 0.923580
0.145450 0.923630
0.145470 0.923646
0.145481 0.923646
0.145481 0.923680
0.145491 0.923680
0.145511 0.923713
0.145532 0.923730
0.145563 0.923730
0.145583 0.923747
0.145614 0.923763
0.145624 0.923763
0.145675 0.923763
0.145737 0.923814
0.145768 0.923814
0.145799 0.923847
0.145809 0.923864
0.145829 0.923880
0.145850 0.923914
0.145850 0.923930
0.145891 0.923947
0.145901 0.923964
0.145932 0.923964
0.145942 0.923964
0.145963 0.923981
0.145993 0.924014
0.146034 0.924031
0.146065 0.924047
0.146116 0.924047
0.146127 0.924081
0.146137 0.924081
0.146178 0.924131
0.146198 0.924131
0.146209 0.924148
0.146239 0.924164
0.146291 0.924181
0.146301 0.924198
0.146321 0.924215
0.146362 0.924215
0.146362 0.924231
0.146362 0.924265
0.146373 0.924281
0.146403 0.924315
0.146445 0.924348
0.146496 0.924398
0.146496 0.924432
0.146557 0.924432
0.146598 0.924449
0.146629 0.924449
0.146650 0.924449
0.146670 0.924482
0.146691 0.924482
0.146721 0.924499
0.146742 0.924499
0.146773 0.924499
0.146793 0.924499
0.146875 0.924499
0.146916 0.924499
0.146926 0.924532
0.146988 0.924566
0.147008 0.924566
0.147039 0.924599
0.147070 0.924616
0.147111 0.924616
0.147152 0.924649
0.147173 0.924649
0.147193 0.924682
0.147224 0.924699
0.147234 0.924699
0.147255 0.924716
0.147275 0.924716
0.147285 0.924716
0.147296 0.924783
0.147316 0.924783
0.147337 0.924816
0.147347 0.924866
0.147398 0.924866
0.147439 0.924900
0.147460 0.924933
0.147521 0.924950
0.147531 0.924967
0.147552 0.924983
0.147613 0.925017
0.147644 0.925017
0.147665 0.925033
0.147675 0.925050
0.147747 0.925067
0.147757 0.925084
0.147777 0.925084
0.147798 0.925150
0.147808 0.925167
0.147819 0.925167
0.147819 0.925201
0.147870 0.925217
0.147890 0.925234
0.147911 0.925234
0.147921 0.925234
0.147931 0.925251
0.147952 0.925251
0.147952 0.925267
0.147962 0.925301
0.148003 0.925301
0.148013 0.925318
0.148044 0.925334
0.148106 0.925334
0.148116 0.925334
0.148147 0.925351
0.148167 0.925351
0.148208 0.925351
0.148239 0.925351
0.148280 0.925351
0.148300 0.925351
0.148341 0.925368
0.148362 0.925368
0.148382 0.925384
0.148393 0.925401
0.148423 0.925451
0.148434 0.925485
0.148495 0.925485
0.148536 0.925501
0.148547 0.925518
0.148608 0.925535
0.148629 0.925535
0.148680 0.925568
0.148711 0.925568
0.148731 0.925568
0.148762 0.925585
0.148772 0.925602
0.148772 0.925652
0.148813 0.925652
0.148854 0.925685
0.148875 0.925752
0.148895 0.925769
0.148926 0.925785
0.148946 0.925785
0.148977 0.925785
0.148998 0.925802
0.149008 0.925819
0.149039 0.925819
0.149080 0.925819
0.149121 0.925852
0.149131 0.925886
0.149162 0.925902
0.149182 0.925986
0.149223 0.925986
0.149244 0.925986
0.149295 0.926019
0.149305 0.926019
0.149305 0.926036
0.149346 0.926036
0.149387 0.926053
0.149408 0.926070
0.149449 0.926120
0.149449 0.926136
0.149469 0.926153
0.149510 0.926153
0.149541 0.926170
0.149613 0.926170
0.149633 0.926170
0.149674 0.926186
0.149695 0.926186
0.149715 0.926203
0.149726 0.926203
0.149726 0.926220
0.149736 0.926220
0.149746 0.926237
0.149767 0.926237
0.149818 0.926253
0.149828 0.926270
0.149869 0.926287
0.149880 0.926287
0.149900 0.926287
0.149921 0.926303
0.149931 0.926337
0.149951 0.926337
0.149992 0.926337
0.150054 0.926354
0.150074 0.926387
0.150115 0.926404
0.150136 0.926437
0.150167 0.926471
0.150187 0.926487
0.150228 0.926487
0.150249 0.926504
0.150249 0.926521
0.150269 0.926521
0.150290 0.926537
0.150331 0.926588
0.150372 0.926588
0.150423 0.926621
0.150484 0.926638
0.150515 0.926671
0.150526 0.926688
0.150546 0.926771
0.150567 0.926771
0.150577 0.926805
0.150597 0.926805
0.150618 0.926822
0.150690 0.926838
0.150710 0.926838
0.150751 0.926905
0.150772 0.926905
0.150772 0.926922
0.150782 0.926922
0.150843 0.926939
0.150854 0.926955
0.150864 0.927039
0.150874 0.927072
0.150884 0.927072
0.150895 0.927139
0.150915 0.927156
0.150925 0.927206
0.150936 0.927223
0.150966 0.927223
0.150997 0.927239
0.151007 0.927256
0.151059 0.927256
0.151079 0.927273
0.151110 0.927323
0.151141 0.927323
0.151161 0.927340
0.151192 0.927340
0.151202 0.927356
0.151223 0.927356
0.151243 0.927390
0.151254 0.927406
0.151274 0.927406
0.151305 0.927440
0.151315 0.927473
0.151356 0.927507
0.151387 0.927507
0.151407 0.927557
0.151438 0.927557
0.151469 0.927574
0.151489 0.927590
0.151500 0.927607
0.151510 0.927607
0.151530 0.927640
0.151561 0.927674
0.151571 0.927741
0.151592 0.927757
0.151602 0.927757
0.151633 0.927757
0.151643 0.927791
0.151674 0.927807
0.151684 0.927807
0.151694 0.927841
0.151715 0.927841
0.151746 0.927858
0.151797 0.927874
0.151817 0.927874
0.151828 0.927874
0.151828 0.927908
0.151848 0.927924
0.151858 0.927924
0.151879 0.927958
0.151982 0.927958
0.151992 0.927958
0.152043 0.927958
0.152125 0.927975
0.152125 0.927991
0.152146 0.927991
0.152207 0.928008
0.152248 0.928008
0.152269 0.928008
0.152289 0.928025
0.152299 0.928025
0.152330 0.928075
0.152340 0.928075
0.152381 0.928075
0.152381 0.928108
0.152392 0.928108
0.152392 0.928125
0.152412 0.928125
0.152474 0.928158
0.152515 0.928158
0.152535 0.928175
0.152546 0.928192
0.152566 0.928192
0.152587 0.928225
0.152587 0.928259
0.152597 0.928292
0.152628 0.928342
0.152638 0.928376
0.152648 0.928392
0.152710 0.928392
0.152730 0.928409
0.152781 0.928409
0.152802 0.928443
0.152822 0.928443
0.152884 0.928476
0.152925 0.928476
0.152986 0.928476
0.153017 0.928476
0.153027 0.928509
0.153058 0.928509
0.153099 0.928509
0.153109 0.928559
0.153140 0.928576
0.153191 0.928610
0.153233 0.928610
0.153294 0.928610
0.153325 0.928626
0.153325 0.928660
0.153356 0.928676
0.153376 0.928676
0.153376 0.928710
0.153417 0.928727
0.153468 0.928777
0.153468 0.928793
0.153479 0.928827
0.153520 0.928827
0.153550 0.928844
0.153571 0.928844
0.153581 0.928860
0.153622 0.928877
0.153643 0.928877
0.153673 0.928877
0.153684 0.928877
0.153704 0.928894
0.153725 0.928894
0.153776 0.928944
0.153786 0.928944
0.153848 0.928944
0.153858 0.928944
0.153878 0.928961
0.153920 0.928961
0.153961 0.928977
0.153991 0.928977
0.154002 0.928994
0.154043 0.929027
0.154073 0.929044
0.154094 0.929044
0.154104 0.929078
0.154125 0.929111
0.154145 0.929111
0.154166 0.929144
0.154196 0.929178
0.154217 0.929195
0.154258 0.929295
0.154319 0.929345
0.154350 0.929395
0.154350 0.929412
0.154391 0.929428
0.154422 0.929428
0.154422 0.929445
0.154442 0.929462
0.154453 0.929495
0.154453 0.929512
0.154463 0.929562
0.154494 0.929579
0.154504 0.929662
0.154535 0.929713
0.154555 0.929713
0.154565 0.929729
0.154596 0.929729
0.154607 0.929729
0.154668 0.929779
0.154678 0.929813
0.154709 0.929880
0.154771 0.929896
0.154812 0.929896
0.154832 0.929913
0.154853 0.929947
0.154853 0.929963
0.154883 0.929963
0.154904 0.929963
0.154924 0.929980
0.154935 0.929997
0.154955 0.930013
0.154976 0.930013
0.154996 0.930064
0.155006 0.930080
0.155027 0.930080
0.155037 0.930080
0.155058 0.930097
0.155088 0.930097
0.155109 0.930130
0.155140 0.930130
0.155160 0.930130
0.155170 0.930130
0.155211 0.930164
0.155222 0.930197
0.155222 0.930214
0.155242 0.930214
0.155273 0.930214
0.155283 0.930214
0.155294 0.930247
0.155314 0.930264
0.155355 0.930281
0.155365 0.930297
0.155376 0.930297
0.155396 0.930331
0.155417 0.930331
0.155447 0.930348
0.155447 0.930364
0.155488 0.930381
0.155540 0.930398
0.155560 0.930398
0.155591 0.930398
0.155611 0.930398
0.155622 0.930398
0.155652 0.930414
0.155663 0.930414
0.155693 0.930431
0.155693 0.930448
0.155693 0.930481
0.155755 0.930481
0.155786 0.930498
0.155827 0.930498
0.155827 0.930515
0.155847 0.930531
0.155857 0.930582
0.155898 0.930582
0.155929 0.930582
0.156001 0.930598
0.156022 0.930615
0.156052 0.930632
0.156104 0.930632
0.156124 0.930648
0.156134 0.930665
0.156134 0.930682
0.156134 0.930715
0.156145 0.930715
0.156186 0.930782
0.156237 0.930782
0.156257 0.930832
0.156278 0.930849
0.156309 0.930866
0.156309 0.930882
0.156319 0.930882
0.156339 0.930899
0.156401 0.930899
0.156411 0.930899
0.156452 0.930932
0.156452 0.930949
0.156503 0.930966
0.156503 0.930999
0.156514 0.931033
0.156534 0.931049
0.156575 0.931066
0.156585 0.931100
0.156637 0.931133
0.156657 0.931150
0.156678 0.931150
0.156688 0.931166
0.156719 0.931166
0.156770 0.931200
0.156791 0.931200
0.156801 0.931233
0.156821 0.931233
0.156862 0.931267
0.156914 0.931317
0.156934 0.931334
0.156965 0.931334
0.156985 0.931334
0.157026 0.931417
0.157047 0.931434
0.157047 0.931451
0.157067 0.931484
0.157190 0.931534
0.157201 0.931584
0.157221 0.931601
0.157252 0.931601
0.157272 0.931601
0.157293 0.931601
0.157344 0.931601
0.157355 0.931618
0.157375 0.931618
0.157385 0.931618
0.157396 0.931651
0.157426 0.931651
0.157467 0.931651
0.157478 0.931718
0.157519 0.931718
0.157549 0.931718
0.157560 0.931718
0.157570 0.931735
0.157570 0.931785
0.157601 0.931785
0.157611 0.931785
0.157631 0.931785
0.157652 0.931801
0.157662 0.931835
0.157672 0.931835
0.157744 0.931902
0.157744 0.931918
0.157765 0.931918
0.157775 0.931969
0.157816 0.931985
0.157826 0.932052
0.157836 0.932052
0.157877 0.932052
0.157918 0.932069
0.157990 0.932069
0.158001 0.932069
0.158031 0.932102
0.158042 0.932102
0.158062 0.932119
0.158072 0.932119
0.158124 0.932119
0.158165 0.932119
0.158165 0.932169
0.158175 0.932169
0.158206 0.932186
0.158226 0.932186
0.158257 0.932203
0.158267 0.932203
0.158308 0.932253
0.158339 0.932253
0.158370 0.932269
0.158380 0.932286
0.158411 0.932303
0.158441 0.932303
0.158462 0.932303
0.158503 0.932336
0.158544 0.932336
0.158575 0.932336
0.158636 0.932336
0.158647 0.932336
0.158657 0.932353
0.158688 0.932386
0.158708 0.932420
0.158749 0.932487
0.158770 0.932503
0.158821 0.932503
0.158831 0.932553
0.158862 0.932587
0.158862 0.932604
0.158882 0.932620
0.158923 0.932637
0.158954 0.932654
0.158964 0.932687
0.158975 0.932687
0.159005 0.932704
0.159026 0.932704
0.159036 0.932704
0.159046 0.932721
0.159057 0.932771
0.159067 0.932804
0.159149 0.932804
0.159180 0.932821
0.159221 0.932838
0.159262 0.932838
0.159272 0.932854
0.159303 0.932854
0.159313 0.932871
0.159334 0.932888
0.159344 0.932904
0.159364 0.932921
0.159385 0.932921
0.159436 0.932955
0.159467 0.932955
0.159508 0.933005
0.159528 0.933005
0.159528 0.933055
0.159528 0.933122
0.159569 0.933122
0.159580 0.933138
0.159621 0.933138
0.159621 0.933155
0.159631 0.933155
0.159651 0.933189
0.159672 0.933205
0.159682 0.933222
0.159692 0.933222
0.159713 0.933239
0.159774 0.933239
0.159785 0.933239
0.159815 0.933272
0.159867 0.933272
0.159897 0.933305
0.159949 0.933305
0.159969 0.933305
0.160000 0.933322
0.160051 0.933322
0.160092 0.933356
0.160123 0.933372
0.160144 0.933406
0.160144 0.933439
0.160164 0.933489
0.160174 0.933489
0.160205 0.933506
0.160215 0.933506
0.160215 0.933523
0.160236 0.933573
0.160267 0.933606
0.160267 0.933623
0.160308 0.933623
0.160369 0.933640
0.160379 0.933656
0.160390 0.933656
0.160400 0.933723
0.160410 0.933723
0.160461 0.933723
0.160513 0.933757
0.160533 0.933757
0.160554 0.933757
0.160574 0.933807
0.160605 0.933840
0.160625 0.933840
0.160625 0.933874
0.160646 0.933890
0.160656 0.933890
0.160708 0.933907
0.160738 0.933924
0.160759 0.933974
0.160769 0.934007
0.160800 0.934074
0.160872 0.934074
0.160933 0.934174
0.160943 0.934174
0.160984 0.934174
0.160995 0.934225
0.161005 0.934241
0.161025 0.934275
0.161046 0.934275
0.161056 0.934291
0.161087 0.934291
0.161148 0.934291
0.161179 0.934325
0.161210 0.934342
0.161230 0.934358
0.161261 0.934408
0.161302 0.934425
0.161333 0.934442
0.161374 0.934442
0.161395 0.934492
0.161415 0.934492
0.161415 0.934525
0.161456 0.934542
0.161477 0.934559
0.161477 0.934592
0.161518 0.934626
0.161579 0.934693
0.161610 0.934709
0.161641 0.934743
0.161641 0.934809
0.161651 0.934809
0.161682 0.934826
0.161702 0.934843
0.161723 0.934893
0.161743 0.934893
0.161753 0.934910
0.161815 0.934910
0.161846 0.934943
0.161856 0.934977
0.161866 0.934993
0.161887 0.935010
0.161938 0.935043
0.161958 0.935043
0.162010 0.935077
0.162030 0.935077
0.162041 0.935094
0.162061 0.935144
0.162082 0.935160
0.162123 0.935160
0.162143 0.935160
0.162153 0.935160
0.162184 0.935177
0.162225 0.935177
0.162256 0.935194
0.162276 0.935194
0.162317 0.935194
0.162348 0.935211
0.162430 0.935211
0.162461 0.935227
0.162471 0.935227
0.162502 0.935261
0.162543 0.935261
0.162563 0.935277
0.162615 0.935294
0.162625 0.935294
0.162656 0.935328
0.162697 0.935328
0.162748 0.935394
0.162769 0.935394
0.162810 0.935445
0.162840 0.935478
0.162861 0.935495
0.162892 0.935511
0.162933 0.935528
0.162953 0.935545
0.162963 0.935561
0.162974 0.935561
0.162994 0.935595
0.163004 0.935612
0.163035 0.935612
0.163076 0.935628
0.163086 0.935628
0.163097 0.935678
0.163117 0.935678
0.163148 0.935695
0.163179 0.935729
0.163179 0.935762
0.163199 0.935762
0.163209 0.935762
0.163230 0.935795
0.163230 0.935812
0.163271 0.935812
0.163332 0.935846
0.163353 0.935846
0.163384 0.935846
0.163394 0.935862
0.163415 0.935879
0.163466 0.935912
0.163486 0.935929
0.163517 0.935963
0.163589 0.935963
0.163609 0.935979
0.163650 0.935979
0.163661 0.935979
0.163722 0.936013
0.163763 0.936046
0.163773 0.936046
0.163784 0.936063
0.163794 0.936063
0.163835 0.936096
0.163876 0.936096
0.163937 0.936096
0.163958 0.936113
0.163978 0.936146
0.163999 0.936163
0.164019 0.936213
0.164030 0.936247
0.164081 0.936263
0.164102 0.936263
0.164122 0.936314
0.164132 0.936347
0.164173 0.936380
0.164184 0.936380
0.164245 0.936430
0.164266 0.936447
0.164307 0.936514
0.164337 0.936531
0.164358 0.936581
0.164419 0.936581
0.164419 0.936614
0.164450 0.936614
0.164491 0.936648
0.164522 0.936648
0.164563 0.936648
0.164583 0.936715
0.164614 0.936715
0.164624 0.936748
0.164655 0.936748
0.164676 0.936765
0.164676 0.936815
0.164737 0.936815
0.164758 0.936848
0.164778 0.936848
0.164789 0.936882
0.164819 0.936915
0.164830 0.936915
0.164850 0.936932
0.164850 0.936999
0.164871 0.936999
0.164891 0.937032
0.164922 0.937032
0.164953 0.937099
0.164963 0.937099
0.164994 0.937099
0.165004 0.937149
0.165035 0.937166
0.165055 0.937182
0.165106 0.937199
0.165147 0.937199
0.165188 0.937216
0.165219 0.937249
0.165250 0.937249
0.165250 0.937266
0.165281 0.937266
0.165291 0.937266
0.165311 0.937283
0.165342 0.937283
0.165352 0.937283
0.165435 0.937283
0.165465 0.937299
0.165517 0.937316
0.165547 0.937316
0.165568 0.937333
0.165599 0.937350
0.165609 0.937350
0.165629 0.937350
0.165681 0.937350
0.165701 0.937383
0.165722 0.937400
0.165742 0.937467
0.165783 0.937467
0.165814 0.937467
0.165824 0.937483
0.165845 0.937483
0.165886 0.937500
0.165947 0.937517
0.165957 0.937533
0.166029 0.937567
0.166050 0.937567
0.166091 0.937567
0.166101 0.937567
0.166122 0.937600
0.166163 0.937600
0.166183 0.937634
0.166204 0.937634
0.166255 0.937634
0.166265 0.937650
0.166306 0.937650
0.166337 0.937667
0.166347 0.937667
0.166378 0.937684
0.166388 0.937684
0.166429 0.937701
0.166460 0.937751
0.166491 0.937767
0.166532 0.937767
0.166562 0.937767
0.166644 0.937801
0.166665 0.937834
0.166675 0.937868
0.166706 0.937901
0.166716 0.937918
0.166716 0.937951
0.166747 0.937951
0.166757 0.937968
0.166798 0.937985
0.166850 0.938001
0.166860 0.938001
0.166911 0.938018
0.166942 0.938051
0.166952 0.938051
0.166952 0.938068
0.166993 0.938068
0.167034 0.938085
0.167044 0.938118
0.167044 0.938135
0.167055 0.938152
0.167085 0.938152
0.167096 0.938152
0.167147 0.938168
0.167167 0.938185
0.167208 0.938185
0.167229 0.938202
0.167229 0.938235
0.167270 0.938235
0.167301 0.938235
0.167301 0.938285
0.167301 0.938302
0.167321 0.938302
0.167331 0.938302
0.167393 0.938302
0.167434 0.938302
0.167444 0.938352
0.167465 0.938352
0.167496 0.938386
0.167506 0.938402
0.167526 0.938402
0.167557 0.938436
0.167567 0.938436
0.167588 0.938436
0.167629 0.938436
0.167639 0.938469
0.167649 0.938469
0.167711 0.938503
0.167721 0.938553
0.167762 0.938553
0.167793 0.938586
0.167813 0.938620
0.167895 0.938653
0.167916 0.938653
0.167947 0.938670
0.167998 0.938703
0.168029 0.938720
0.168029 0.938770
0.168059 0.938787
0.168080 0.938803
0.168090 0.938803
0.168121 0.938803
0.168183 0.938854
0.168193 0.938854
0.168213 0.938954
0.168265 0.938954
0.168285 0.938954
0.168285 0.938971
0.168295 0.938971
0.168326 0.938971
0.168367 0.938971
0.168408 0.939004
0.168429 0.939021
0.168449 0.939021
0.168449 0.939037
0.168470 0.939054
0.168480 0.939071
0.168511 0.939071
0.168593 0.939071
0.168664 0.939071
0.168695 0.939088
0.168705 0.939121
0.168736 0.939154
0.168767 0.939154
0.168787 0.939188
0.168808 0.939205
0.168818 0.939238
0.168859 0.939238
0.168890 0.939238
0.168911 0.939288
0.168911 0.939338
0.168941 0.939355
0.168982 0.939372
0.169003 0.939372
0.169023 0.939405
0.169075 0.939405
0.169075 0.939455
0.169075 0.939472
0.169116 0.939489
0.169136 0.939522
0.169167 0.939539
0.169208 0.939555
0.169259 0.939622
0.169310 0.939639
0.169341 0.939672
0.169362 0.939672
0.169362 0.939706
0.169403 0.939739
0.169444 0.939789
0.169474 0.939789
0.169546 0.939789
0.169557 0.939789
0.169639 0.939823
0.169680 0.939840
0.169690 0.939873
0.169710 0.939873
0.169741 0.939906
0.169762 0.939940
0.169803 0.939957
0.169833 0.939973
0.169844 0.940007
0.169854 0.940007
0.169885 0.940057
0.169905 0.940057
0.169915 0.940090
0.169926 0.940090
0.170008 0.940090
0.170018 0.940107
0.170069 0.940107
0.170131 0.940107
0.170161 0.940107
0.170182 0.940107
0.170223 0.940107
0.170233 0.940107
0.170254 0.940107
0.170274 0.940124
0.170336 0.940157
0.170397 0.940157
0.170428 0.940191
0.170551 0.940191
0.170572 0.940257
0.170613 0.940274
0.170654 0.940274
0.170674 0.940291
0.170674 0.940307
0.170725 0.940324
0.170766 0.940324
0.170777 0.940341
0.170787 0.940341
0.170828 0.940408
0.170838 0.940441
0.170849 0.940441
0.170869 0.940458
0.170890 0.940458
0.170920 0.940475
0.170931 0.940508
0.170941 0.940525
0.170941 0.940541
0.170972 0.940541
0.170992 0.940575
0.171033 0.940608
0.171043 0.940642
0.171074 0.940642
0.171095 0.940642
0.171125 0.940642
0.171136 0.940642
0.171166 0.940658
0.171207 0.940658
0.171228 0.940658
0.171238 0.940675
0.171238 0.940725
0.171269 0.940725
0.171300 0.940759
0.171320 0.940792
0.171330 0.940792
0.171382 0.940809
0.171402 0.940809
0.171423 0.940842
0.171433 0.940892
0.171453 0.940892
0.171494 0.940892
0.171515 0.940892
0.171536 0.940926
0.171566 0.940926
0.171577 0.940926
0.171587 0.940976
0.171587 0.940993
0.171638 0.941009
0.171669 0.941043
0.171710 0.941043
0.171751 0.941059
0.171761 0.941076
0.171761 0.941110
0.171771 0.941126
0.171782 0.941176
0.171812 0.941176
0.171915 0.941176
0.171935 0.941176
0.171987 0.941176
0.172007 0.941176
0.172038 0.941193
0.172058 0.941243
0.172058 0.941277
0.172069 0.941293
0.172120 0.941293
0.172140 0.941310
0.172181 0.941310
0.172223 0.941310
0.172233 0.941310
0.172253 0.941327
0.172264 0.941344
0.172294 0.941344
0.172346 0.941360
0.172387 0.941360
0.172407 0.941377
0.172438 0.941377
0.172458 0.941377
0.172469 0.941377
0.172510 0.941377
0.172551 0.941394
0.172581 0.941461
0.172602 0.941461
0.172633 0.941461
0.172674 0.941527
0.172735 0.941527
0.172776 0.941578
0.172827 0.941594
0.172838 0.941594
0.172868 0.941594
0.172899 0.941611
0.172910 0.941628
0.172961 0.941628
0.172971 0.941661
0.172981 0.941678
0.173012 0.941695
0.173033 0.941695
0.173043 0.941695
0.173043 0.941711
0.173084 0.941711
0.173094 0.941711
0.173115 0.941761
0.173145 0.941811
0.173166 0.941845
0.173186 0.941845
0.173197 0.941845
0.173238 0.941845
0.173268 0.941845
0.173299 0.941928
0.173340 0.941928
0.173361 0.941962
0.173391 0.941995
0.173432 0.941995
0.173443 0.942012
0.173463 0.942045
0.173484 0.942045
0.173504 0.942045
0.173535 0.942045
0.173535 0.942079
0.173545 0.942079
0.173555 0.942096
0.173607 0.942112
0.173638 0.942129
0.173658 0.942129
0.173668 0.942196
0.173720 0.942196
0.173730 0.942196
0.173750 0.942196
0.173802 0.942213
0.173853 0.942213
0.173894 0.942246
0.173914 0.942246
0.173945 0.942279
0.173966 0.942279
0.174017 0.942296
0.174037 0.942313
0.174099 0.942313
0.174099 0.942330
0.174119 0.942330
0.174140 0.942346
0.174201 0.942346
0.174232 0.942346
0.174253 0.942396
0.174273 0.942497
0.174294 0.942497
0.174314 0.942513
0.174366 0.942513
0.174396 0.942513
0.174437 0.942547
0.174519 0.942547
0.174622 0.942580
0.174653 0.942597
0.174673 0.942630
0.174673 0.942664
0.174694 0.942664
0.174745 0.942664
0.174765 0.942664
0.174806 0.942680
0.174817 0.942680
0.174940 0.942680
0.174991 0.942680
0.175012 0.942680
0.175032 0.942731
0.175042 0.942731
0.175063 0.942731
0.175073 0.942764
0.175094 0.942797
0.175124 0.942797
0.175145 0.942797
0.175165 0.942814
0.175206 0.942814
0.175227 0.942848
0.175247 0.942848
0.175247 0.942864
0.175278 0.942864
0.175329 0.942898
0.175360 0.942898
0.175381 0.942914
0.175411 0.942931
0.175432 0.942948
0.175442 0.942981
0.175452 0.942998
0.175463 0.942998
0.175504 0.942998
0.175545 0.943015
0.175545 0.943048
0.175575 0.943048
0.175596 0.943065
0.175637 0.943082
0.175668 0.943098
0.175688 0.943115
0.175699 0.943132
0.175740 0.943182
0.175750 0.943199
0.175760 0.943199
0.175822 0.943199
0.175832 0.943199
0.175842 0.943215
0.175904 0.943215
0.175914 0.943232
0.175945 0.943232
0.175975 0.943282
0.176006 0.943282
0.176016 0.943282
0.176057 0.943282
0.176109 0.943316
0.176119 0.943332
0.176129 0.943332
0.176191 0.943332
0.176201 0.943366
0.176262 0.943366
0.176283 0.943399
0.176304 0.943466
0.176304 0.943483
0.176324 0.943516
0.176365 0.943549
0.176406 0.943549
0.176447 0.943600
0.176478 0.943600
0.176488 0.943616
0.176519 0.943633
0.176539 0.943633
0.176539 0.943666
0.176560 0.943683
0.176601 0.943700
0.176611 0.943717
0.176632 0.943717
0.176642 0.943750
0.176683 0.943834
0.176714 0.943850
0.176775 0.943867
0.176796 0.943884
0.176878 0.943900
0.176919 0.943900
0.176991 0.943917
0.177021 0.943934
0.177042 0.943951
0.177083 0.943951
0.177083 0.943967
0.177114 0.944001
0.177155 0.944001
0.177196 0.944001
0.177226 0.944017
0.177257 0.944017
0.177278 0.944017
0.177319 0.944034
0.177329 0.944034
0.177360 0.944034
0.177411 0.944034
0.177442 0.944034
0.177452 0.944068
0.177472 0.944084
0.177483 0.944101
0.177503 0.944101
0.177524 0.944118
0.177565 0.944118
0.177585 0.944184
0.177595 0.944184
0.177606 0.944201
0.177647 0.944235
0.177708 0.944235
0.177729 0.944251
0.177729 0.944301
0.177760 0.944318
0.177780 0.944352
0.177801 0.944352
0.177811 0.944352
0.177842 0.944368
0.177872 0.944368
0.177913 0.944402
0.177944 0.944402
0.177965 0.944402
0.177975 0.944402
0.178006 0.944402
0.178057 0.944402
0.178077 0.944435
0.178088 0.944452
0.178108 0.944469
0.178129 0.944469
0.178170 0.944469
0.178180 0.944485
0.178231 0.944502
0.178252 0.944519
0.178272 0.944519
0.178303 0.944552
0.178334 0.944552
0.178395 0.944619
0.178447 0.944619
0.178488 0.944636
0.178580 0.944652
0.178621 0.944652
0.178641 0.944686
0.178693 0.944686
0.178734 0.944719
0.178785 0.944753
0.178826 0.944753
0.178846 0.944753
0.178887 0.944786
0.178898 0.944786
0.178928 0.944803
0.178959 0.944836
0.178990 0.944836
0.179011 0.944836
0.179011 0.944853
0.179031 0.944903
0.179052 0.944970
0.179062 0.944970
0.179093 0.944970
0.179103 0.944970
0.179134 0.944970
0.179164 0.944987
0.179195 0.944987
0.179236 0.945053
0.179277 0.945070
0.179287 0.945070
0.179308 0.945070
0.179328 0.945104
0.179359 0.945154
0.179400 0.945154
0.179431 0.945204
0.179441 0.945204
0.179441 0.945237
0.179482 0.945271
0.179492 0.945287
0.179533 0.945287
0.179564 0.945287
0.179564 0.945321
0.179585 0.945321
0.179605 0.945338
0.179615 0.945371
0.179646 0.945371
0.179656 0.945388
0.179698 0.945404
0.179800 0.945404
0.179821 0.945404
0.179851 0.945404
0.179851 0.945421
0.179892 0.945455
0.179923 0.945455
0.179954 0.945471
0.179974 0.945505
0.180056 0.945505
0.180077 0.945555
0.180097 0.945572
0.180118 0.945572
0.180128 0.945588
0.180149 0.945605
0.180210 0.945638
0.180261 0.945655
0.180272 0.945655
0.180292 0.945655
0.180333 0.945655
0.180333 0.945672
0.180385 0.945689
0.180395 0.945689
0.180395 0.945705
0.180436 0.945705
0.180477 0.945722
0.180559 0.945772
0.180579 0.945772
0.180590 0.945772
0.180631 0.945805
0.180672 0.945805
0.180692 0.945805
0.180723 0.945805
0.180743 0.945822
0.180795 0.945822
0.180846 0.945839
0.180887 0.945856
0.180897 0.945889
0.180897 0.945922
0.180928 0.945922
0.180948 0.945922
0.180959 0.945973
0.180979 0.945973
0.181031 0.945989
0.181061 0.946023
0.181092 0.946039
0.181133 0.946073
0.181133 0.946090
0.181154 0.946090
0.181225 0.946140
0.181266 0.946190
0.181297 0.946223
0.181359 0.946223
0.181369 0.946223
0.181379 0.946257
0.181420 0.946257
0.181461 0.946257
0.181512 0.946273
0.181512 0.946290
0.181523 0.946307
0.181553 0.946307
0.181605 0.946340
0.181615 0.946374
0.181635 0.946441
0.181707 0.946457
0.181718 0.946474
0.181779 0.946474
0.181800 0.946507
0.181871 0.946524
0.181912 0.946591
0.181923 0.946608
0.181933 0.946608
0.181984 0.946624
0.182015 0.946624
0.182056 0.946641
0.182076 0.946641
0.182138 0.946658
0.182158 0.946658
0.182169 0.946674
0.182189 0.946674
0.182199 0.946674
0.182220 0.946691
0.182220 0.946725
0.182281 0.946758
0.182292 0.946758
0.182322 0.946758
0.182363 0.946775
0.182394 0.946775
0.182405 0.946791
0.182466 0.946808
0.182487 0.946825
0.182507 0.946825
0.182548 0.946825
0.182569 0.946825
0.182579 0.946825
0.182610 0.946825
0.182610 0.946858
0.182681 0.946875
0.182712 0.946908
0.182763 0.946908
0.182774 0.946908
0.182794 0.946908
0.182804 0.946925
0.182825 0.946925
0.182866 0.946942
0.182876 0.946942
0.182897 0.946942
0.182917 0.946959
0.182948 0.946975
0.182989 0.946975
0.183020 0.946975
0.183030 0.946992
0.183061 0.947059
0.183102 0.947076
0.183133 0.947076
0.183143 0.947076
0.183163 0.947076
0.183174 0.947076
0.183174 0.947092
0.183194 0.947092
0.183215 0.947109
0.183245 0.947126
0.183266 0.947126
0.183276 0.947142
0.183327 0.947226
0.183368 0.947243
0.183389 0.947276
0.183409 0.947276
0.183450 0.947293
0.183512 0.947360
0.183553 0.947376
0.183573 0.947376
0.183573 0.947393
0.183584 0.947393
0.183604 0.947393
0.183645 0.947426
0.183666 0.947426
0.183676 0.947443
0.183748 0.947443
0.183779 0.947443
0.183789 0.947443
0.183830 0.947477
0.183881 0.947477
0.183943 0.947477
0.183953 0.947510
0.183963 0.947560
0.184004 0.947610
0.184025 0.947644
0.184035 0.947644
0.184066 0.947677
0.184086 0.947694
0.184096 0.947694
0.184127 0.947694
0.184137 0.947711
0.184158 0.947711
0.184168 0.947711
0.184199 0.947744
0.184240 0.947744
0.184250 0.947744
0.184260 0.947761
0.184271 0.947794
0.184291 0.947794
0.184301 0.947794
0.184353 0.947844
0.184373 0.947878
0.184383 0.947894
0.184425 0.947894
0.184445 0.947894
0.184445 0.947911
0.184466 0.947911
0.184486 0.947928
0.184517 0.947961
0.184548 0.947961
0.184578 0.947978
0.184619 0.947995
0.184650 0.947995
0.184671 0.948045
0.184701 0.948078
0.184712 0.948095
0.184763 0.948095
0.184804 0.948112
0.184814 0.948162
0.184824 0.948162
0.184886 0.948162
0.184917 0.948212
0.184937 0.948229
0.184978 0.948229
0.185009 0.948262
0.185050 0.948279
0.185060 0.948279
0.185122 0.948279
0.185153 0.948295
0.185163 0.948312
0.185204 0.948329
0.185224 0.948329
0.185235 0.948346
0.185265 0.948346
0.185296 0.948379
0.185306 0.948379
0.185327 0.948379
0.185327 0.948396
0.185347 0.948396
0.185399 0.948412
0.185419 0.948412
0.185429 0.948446
0.185481 0.948446
0.185511 0.948446
0.185522 0.948463
0.185532 0.948463
0.185542 0.948496
0.185563 0.948513
0.185583 0.948513
0.185614 0.948563
0.185624 0.948596
0.185686 0.948596
0.185706 0.948663
0.185727 0.948663
0.185737 0.948663
0.185747 0.948680
0.185768 0.948680
0.185799 0.948680
0.185809 0.948680
0.185840 0.948713
0.185860 0.948730
0.185881 0.948730
0.185911 0.948730
0.185942 0.948763
0.185973 0.948780
0.185983 0.948797
0.185983 0.948814
0.185993 0.948847
0.186034 0.948847
0.186045 0.948847
0.186086 0.948847
0.186116 0.948847
0.186157 0.948864
0.186209 0.948914
0.186229 0.948930
0.186270 0.948930
0.186291 0.948964
0.186332 0.948981
0.186383 0.949014
0.186403 0.949014
0.186414 0.949014
0.186445 0.949014
0.186506 0.949081
0.186516 0.949081
0.186547 0.949081
0.186568 0.949098
0.186619 0.949114
0.186650 0.949114
0.186691 0.949131
0.186732 0.949131
0.186742 0.949148
0.186762 0.949164
0.186793 0.949181
0.186834 0.949181
0.186855 0.949181
0.186875 0.949215
0.186875 0.949231
0.186926 0.949231
0.186926 0.949248
0.186937 0.949265
0.186957 0.949265
0.186967 0.949298
0.187029 0.949298
0.187070 0.949348
0.187132 0.949348
0.187162 0.949365
0.187162 0.949382
0.187224 0.949382
0.187244 0.949415
0.187285 0.949432
0.187316 0.949449
0.187337 0.949449
0.187367 0.949449
0.187388 0.949465
0.187419 0.949465
0.187460 0.949482
0.187501 0.949482
0.187511 0.949499
0.187521 0.949499
0.187552 0.949515
0.187572 0.949532
0.187634 0.949549
0.187665 0.949549
0.187716 0.949566
0.187747 0.949582
0.187788 0.949582
0.187798 0.949582
0.187829 0.949582
0.187880 0.949599
0.187901 0.949616
0.187931 0.949616
0.187983 0.949632
0.187993 0.949632
0.188044 0.949649
0.188075 0.949666
0.188136 0.949666
0.188147 0.949682
0.188167 0.949682
0.188188 0.949682
0.188218 0.949733
0.188249 0.949749
0.188249 0.949766
0.188249 0.949816
0.188280 0.949816
0.188311 0.949850
0.188321 0.949916
0.188341 0.949916
0.188372 0.949950
0.188382 0.949967
0.188403 0.950000
0.188413 0.950000
0.188444 0.950033
0.188485 0.950067
0.188557 0.950067
0.188567 0.950067
0.188598 0.950084
0.188659 0.950117
0.188680 0.950134
0.188711 0.950134
0.188752 0.950134
0.188782 0.950150
0.188813 0.950150
0.188823 0.950150
0.188864 0.950167
0.188916 0.950167
0.188926 0.950184
0.188967 0.950184
0.188977 0.950184
0.189028 0.950184
0.189069 0.950217
0.189090 0.950234
0.189193 0.950267
0.189203 0.950301
0.189223 0.950318
0.189275 0.950351
0.189336 0.950351
0.189346 0.950351
0.189377 0.950368
0.189428 0.950418
0.189439 0.950418
0.189480 0.950434
0.189562 0.950434
0.189633 0.950451
0.189664 0.950468
0.189705 0.950468
0.189746 0.950468
0.189767 0.950468
0.189797 0.950501
0.189839 0.950501
0.189839 0.950518
0.189859 0.950568
0.189900 0.950568
0.189921 0.950585
0.189921 0.950618
0.189962 0.950635
0.189992 0.950635
0.190033 0.950652
0.190044 0.950668
0.190064 0.950668
0.190115 0.950702
0.190136 0.950719
0.190146 0.950735
0.190156 0.950769
0.190167 0.950785
0.190208 0.950802
0.190208 0.950819
0.190228 0.950836
0.190269 0.950836
0.190310 0.950886
0.190320 0.950902
0.190372 0.950919
0.190402 0.950919
0.190423 0.950919
0.190454 0.950919
0.190495 0.950919
0.190526 0.950919
0.190567 0.950986
0.190577 0.951003
0.190587 0.951070
0.190628 0.951070
0.190649 0.951120
0.190669 0.951136
0.190690 0.951136
0.190700 0.951136
0.190720 0.951136
0.190772 0.951153
0.190813 0.951153
0.190864 0.951170
0.190905 0.951170
0.190936 0.951203
0.190936 0.951220
0.190956 0.951270
0.190987 0.951303
0.191028 0.951303
0.191048 0.951354
0.191059 0.951370
0.191089 0.951387
0.191100 0.951437
0.191110 0.951437
0.191141 0.951454
0.191151 0.951454
0.191161 0.951471
0.191192 0.951504
0.191213 0.951504
0.191233 0.951537
0.191243 0.951554
0.191295 0.951554
0.191336 0.951571
0.191366 0.951571
0.191377 0.951571
0.191418 0.951571
0.191448 0.951571
0.191469 0.951604
0.191500 0.951604
0.191520 0.951604
0.191530 0.951621
0.191551 0.951654
0.191582 0.951671
0.191623 0.951705
0.191633 0.951721
0.191664 0.951721
0.191674 0.951721
0.191705 0.951755
0.191715 0.951771
0.191746 0.951771
0.191766 0.951771
0.191797 0.951805
0.191838 0.951805
0.191838 0.951838
0.191869 0.951838
0.191889 0.951872
0.191900 0.951905
0.191910 0.951905
0.191951 0.951905
0.191982 0.951922
0.192023 0.951955
0.192084 0.951955
0.192084 0.951972
0.192146 0.951972
0.192176 0.952005
0.192197 0.952005
0.192228 0.952005
0.192269 0.952005
0.192289 0.952039
0.192330 0.952055
0.192351 0.952089
0.192371 0.952156
0.192381 0.952156
0.192412 0.952206
0.192433 0.952239
0.192443 0.952273
0.192484 0.952289
0.192484 0.952306
0.192494 0.952323
0.192494 0.952340
0.192515 0.952356
0.192566 0.952390
0.192607 0.952406
0.192638 0.952423
0.192699 0.952423
0.192740 0.952440
0.192781 0.952473
0.192812 0.952490
0.192822 0.952507
0.192853 0.952523
0.192904 0.952540
0.192966 0.952540
0.192976 0.952557
0.193038 0.952557
0.193048 0.952574
0.193079 0.952574
0.193099 0.952574
0.193140 0.952607
0.193212 0.952607
0.193243 0.952607
0.193284 0.952640
0.193315 0.952691
0.193345 0.952724
0.193397 0.952724
0.193407 0.952774
0.193448 0.952807
0.193489 0.952824
0.193499 0.952824
0.193550 0.952824
0.193581 0.952874
0.193591 0.952891
0.193632 0.952908
0.193653 0.952958
0.193673 0.952958
0.193714 0.952958
0.193725 0.952958
0.193735 0.952991
0.193766 0.952991
0.193807 0.953025
0.193837 0.953058
0.193858 0.953075
0.193868 0.953142
0.193878 0.953142
0.193909 0.953142
0.193991 0.953142
0.194002 0.953142
0.194022 0.953142
0.194084 0.953142
0.194104 0.953142
0.194145 0.953158
0.194155 0.953158
0.194186 0.953175
0.194227 0.953175
0.194237 0.953192
0.194258 0.953209
0.194319 0.953225
0.194360 0.953242
0.194371 0.953275
0.194381 0.953292
0.194391 0.953342
0.194463 0.953342
0.194504 0.953342
0.194524 0.953376
0.194576 0.953426
0.194637 0.953459
0.194678 0.953459
0.194689 0.953459
0.194709 0.953493
0.194740 0.953493
0.194760 0.953493
0.194771 0.953493
0.194781 0.953526
0.194853 0.953543
0.194863 0.953543
0.194965 0.953576
0.194965 0.953593
0.195006 0.953610
0.195027 0.953610
0.195047 0.953660
0.195099 0.953693
0.195140 0.953710
0.195150 0.953710
0.195181 0.953727
0.195201 0.953743
0.195252 0.953743
0.195283 0.953743
0.195304 0.953743
0.195314 0.953760
0.195355 0.953760
0.195406 0.953760
0.195427 0.953777
0.195447 0.953777
0.195488 0.953810
0.195509 0.953810
0.195540 0.953827
0.195601 0.953827
0.195611 0.953844
0.195663 0.953860
0.195704 0.953877
0.195755 0.953877
0.195868 0.953894
0.195909 0.953944
0.195950 0.953944
0.195981 0.953977
0.196011 0.954044
0.196032 0.954094
0.196073 0.954094
0.196093 0.954111
0.196155 0.954111
0.196175 0.954128
0.196186 0.954161
0.196278 0.954161
0.196339 0.954161
0.196360 0.954211
0.196391 0.954245
0.196421 0.954245
0.196462 0.954245
0.196493 0.954261
0.196514 0.954261
0.196555 0.954261
0.196585 0.954261
0.196585 0.954278
0.196616 0.954311
0.196647 0.954328
0.196668 0.954328
0.196668 0.954345
0.196698 0.954345
0.196709 0.954345
0.196760 0.954345
0.196780 0.954345
0.196842 0.954362
0.196883 0.954378
0.196893 0.954395
0.196914 0.954395
0.196955 0.954395
0.196985 0.954395
0.197016 0.954428
0.197047 0.954428
0.197057 0.954428
0.197088 0.954428
0.197119 0.954445
0.197201 0.954479
0.197221 0.954512
0.197231 0.954512
0.197262 0.954512
0.197303 0.954512
0.197334 0.954545
0.197375 0.954545
0.197396 0.954545
0.197406 0.954545
0.197457 0.954545
0.197467 0.954545
0.197498 0.954562
0.197508 0.954562
0.197539 0.954562
0.197590 0.954562
0.197631 0.954596
0.197642 0.954596
0.197642 0.954646
0.197652 0.954662
0.197672 0.954662
0.197693 0.954662
0.197754 0.954679
0.197765 0.954679
0.197826 0.954696
0.197847 0.954696
0.197877 0.954696
0.197898 0.954696
0.197908 0.954729
0.197939 0.954746
0.197990 0.954796
0.198011 0.954830
0.198031 0.954846
0.198062 0.954880
0.198083 0.954913
0.198134 0.954913
0.198154 0.954913
0.198175 0.954930
0.198206 0.954930
0.198226 0.954930
0.198247 0.954947
0.198267 0.954947
0.198288 0.954947
0.198329 0.954963
0.198370 0.954963
0.198421 0.954963
0.198431 0.955013
0.198452 0.955030
0.198482 0.955030
0.198493 0.955047
0.198503 0.955047
0.198554 0.955047
0.198554 0.955064
0.198564 0.955064
0.198616 0.955097
0.198667 0.955114
0.198677 0.955130
0.198708 0.955130
0.198759 0.955130
0.198790 0.955197
0.198811 0.955214
0.198831 0.955214
0.198852 0.955231
0.198954 0.955264
0.198985 0.955264
0.199036 0.955281
0.199077 0.955297
0.199128 0.955297
0.199139 0.955314
0.199159 0.955364
0.199190 0.955364
0.199210 0.955398
0.199262 0.955398
0.199303 0.955398
0.199354 0.955414
0.199395 0.955414
0.199487 0.955431
0.199487 0.955448
0.199498 0.955448
0.199539 0.955448
0.199569 0.955448
0.199621 0.955448
0.199662 0.955448
0.199672 0.955465
0.199703 0.955465
0.199764 0.955465
0.199774 0.955465
0.199805 0.955465
0.199846 0.955465
0.199877 0.955465
0.199877 0.955481
0.199918 0.955498
0.199979 0.955498
0.200010 0.955515
0.200031 0.955548
0.200092 0.955565
0.200123 0.955565
0.200133 0.955582
0.200144 0.955582
0.200174 0.955582
0.200236 0.955648
0.200246 0.955648
0.200287 0.955682
0.200297 0.955715
0.200359 0.955732
0.200369 0.955749
0.200379 0.955749
0.200379 0.955799
0.200431 0.955816
0.200441 0.955866
0.200472 0.955866
0.200502 0.955882
0.200513 0.955882
0.200533 0.955899
0.200574 0.955899
0.200584 0.955932
0.200625 0.955932
0.200677 0.955932
0.200749 0.955932
0.200820 0.955983
0.200841 0.955983
0.200923 0.955983
0.200964 0.955999
0.200984 0.955999
0.201015 0.955999
0.201025 0.955999
0.201046 0.955999
0.201107 0.956016
0.201138 0.956016
0.201200 0.956016
0.201230 0.956016
0.201302 0.956033
0.201343 0.956033
0.201374 0.956049
0.201415 0.956049
0.201446 0.956066
0.201497 0.956066
0.201528 0.956083
0.201538 0.956100
0.201569 0.956100
0.201579 0.956133
0.201620 0.956150
0.201641 0.956150
0.201671 0.956166
0.201712 0.956166
0.201733 0.956183
0.201784 0.956183
0.201784 0.956200
0.201815 0.956200
0.201866 0.956200
0.201897 0.956200
0.201907 0.956233
0.201958 0.956283
0.202020 0.956300
0.202051 0.956300
0.202061 0.956300
0.202071 0.956334
0.202071 0.956367
0.202102 0.956400
0.202153 0.956400
0.202174 0.956417
0.202205 0.956451
0.202225 0.956467
0.202287 0.956484
0.202328 0.956568
0.202348 0.956568
0.202379 0.956584
0.202410 0.956584
0.202461 0.956584
0.202461 0.956601
0.202471 0.956618
0.202492 0.956651
0.202502 0.956684
0.202553 0.956684
0.202604 0.956701
0.202635 0.956718
0.202666 0.956718
0.202666 0.956735
0.202748 0.956735
0.202758 0.956768
0.202789 0.956785
0.202799 0.956785
0.202830 0.956785
0.202840 0.956801
0.202871 0.956818
0.202892 0.956835
0.202933 0.956835
0.202984 0.956835
0.202994 0.956835
0.203025 0.956835
0.203035 0.956868
0.203056 0.956868
0.203086 0.956868
0.203127 0.956868
0.203158 0.956885
0.203189 0.956885
0.203199 0.956902
0.203250 0.956918
0.203291 0.956918
0.203322 0.956918
0.203343 0.956935
0.203363 0.956935
0.203394 0.956935
0.203404 0.956935
0.203466 0.956935
0.203476 0.956952
0.203497 0.956969
0.203507 0.956969
0.203527 0.956969
0.203558 0.956969
0.203568 0.956969
0.203599 0.956969
0.203620 0.956969
0.203691 0.956985
0.203712 0.957002
0.203753 0.957002
0.203784 0.957019
0.203804 0.957019
0.203825 0.957086
0.203886 0.957119
0.203958 0.957119
0.203978 0.957119
0.204030 0.957119
0.204060 0.957119
0.204112 0.957136
0.204173 0.957136
0.204235 0.957136
0.204255 0.957169
0.204317 0.957169
0.204337 0.957186
0.204389 0.957186
0.204450 0.957186
0.204471 0.957203
0.204501 0.957219
0.204563 0.957219
0.204604 0.957219
0.204645 0.957219
0.204706 0.957236
0.204727 0.957253
0.204748 0.957253
0.204778 0.957269
0.204789 0.957303
0.204809 0.957320
0.204809 0.957353
0.204891 0.957386
0.204912 0.957386
0.204932 0.957403
0.204983 0.957403
0.205014 0.957420
0.205035 0.957420
0.205127 0.957420
0.205168 0.957420
0.205199 0.957420
0.205240 0.957436
0.205301 0.957453
0.205342 0.957453
0.205383 0.957537
0.205424 0.957537
0.205476 0.957537
0.205486 0.957537
0.205517 0.957553
0.205537 0.957570
0.205578 0.957570
0.205599 0.957570
0.205629 0.957587
0.205650 0.957604
0.205670 0.957604
0.205681 0.957604
0.205701 0.957637
0.205732 0.957654
0.205834 0.957654
0.205855 0.957670
0.205896 0.957670
0.205947 0.957687
0.205957 0.957687
0.205968 0.957704
0.205998 0.957737
0.206029 0.957737
0.206060 0.957754
0.206091 0.957754
0.206132 0.957804
0.206163 0.957821
0.206245 0.957838
0.206275 0.957854
0.206286 0.957854
0.206316 0.957871
0.206347 0.957904
0.206368 0.957988
0.206409 0.957988
0.206429 0.958005
0.206470 0.958021
0.206491 0.958038
0.206532 0.958038
0.206593 0.958038
0.206675 0.958038
0.206716 0.958072
0.206747 0.958072
0.206788 0.958072
0.206819 0.958072
0.206870 0.958088
0.206870 0.958122
0.206891 0.958122
0.206932 0.958155
0.206983 0.958155
0.207024 0.958155
0.207085 0.958172
0.207106 0.958172
0.207126 0.958172
0.207167 0.958172
0.207178 0.958172
0.207239 0.958172
0.207260 0.958172
0.207280 0.958205
0.207321 0.958222
0.207331 0.958222
0.207362 0.958222
0.207372 0.958239
0.207403 0.958239
0.207444 0.958239
0.207475 0.958255
0.207496 0.958272
0.207516 0.958272
0.207547 0.958305
0.207598 0.958305
0.207639 0.958339
0.207670 0.958339
0.207731 0.958339
0.207742 0.958339
0.207793 0.958339
0.207854 0.958339
0.207854 0.958356
0.207875 0.958372
0.207916 0.958372
0.208018 0.958372
0.208039 0.958372
0.208090 0.958389
0.208100 0.958389
0.208111 0.958422
0.208172 0.958422
0.208193 0.958439
0.208234 0.958473
0.208285 0.958523
0.208306 0.958539
0.208316 0.958539
0.208398 0.958556
0.208429 0.958556
0.208429 0.958573
0.208449 0.958590
0.208500 0.958640
0.208531 0.958640
0.208572 0.958640
0.208613 0.958656
0.208613 0.958690
0.208623 0.958690
0.208654 0.958690
0.208685 0.958723
0.208695 0.958740
0.208705 0.958740
0.208757 0.958740
0.208798 0.958740
0.208880 0.958740
0.208921 0.958740
0.208931 0.958773
0.208972 0.958773
0.209023 0.958790
0.209085 0.958790
0.209136 0.958807
0.209167 0.958807
0.209198 0.958824
0.209239 0.958840
0.209259 0.958840
0.209290 0.958840
0.209310 0.958840
0.209341 0.958840
0.209392 0.958840
0.209485 0.958840
0.209516 0.958840
0.209536 0.958840
0.209546 0.958840
0.209567 0.958840
0.209618 0.958840
0.209618 0.958857
0.209659 0.958857
0.209700 0.958874
0.209741 0.958874
0.209762 0.958874
0.209813 0.958874
0.209813 0.958924
0.209864 0.958924
0.209885 0.958924
0.209895 0.958924
0.209946 0.958924
0.209967 0.958957
0.210018 0.958974
0.210038 0.958974
0.210049 0.958974
0.210079 0.958991
0.210100 0.958991
0.210172 0.959007
0.210182 0.959024
0.210192 0.959024
0.210233 0.959041
0.210285 0.959057
0.210295 0.959057
0.210336 0.959057
0.210346 0.959057
0.210387 0.959057
0.210438 0.959057
0.210449 0.959057
0.210469 0.959074
0.210490 0.959074
0.210520 0.959091
0.210531 0.959108
0.210592 0.959108
0.210633 0.959124
0.210664 0.959124
0.210705 0.959124
0.210736 0.959158
0.210777 0.959158
0.210797 0.959158
0.210838 0.959191
0.210900 0.959191
0.210941 0.959191
0.210961 0.959225
0.210982 0.959241
0.211064 0.959241
0.211125 0.959258
0.211166 0.959258
0.211207 0.959275
0.211259 0.959275
0.211279 0.959291
0.211310 0.959291
0.211320 0.959291
0.211341 0.959291
0.211402 0.959291
0.211443 0.959308
0.211464 0.959308
0.211474 0.959325
0.211515 0.959325
0.211556 0.959375
0.211648 0.959408
0.211689 0.959442
0.211710 0.959459
0.211761 0.959492
0.211812 0.959492
0.211843 0.959492
0.211864 0.959492
0.211884 0.959492
0.211905 0.959509
0.211925 0.959509
0.211966 0.959509
0.211976 0.959509
0.211997 0.959509
0.212028 0.959509
0.212048 0.959542
0.212048 0.959559
0.212069 0.959559
0.212110 0.959559
0.212161 0.959559
0.212161 0.959609
0.212181 0.959609
0.212202 0.959642
0.212233 0.959676
0.212253 0.959693
0.212294 0.959726
0.212305 0.959726
0.212325 0.959759
0.212366 0.959759
0.212376 0.959776
0.212397 0.959793
0.212417 0.959843
0.212438 0.959843
0.212499 0.959843
0.212530 0.959876
0.212551 0.959893
0.212602 0.959943
0.212602 0.959960
0.212612 0.959960
0.212633 0.959960
0.212643 0.959977
0.212663 0.959977
0.212704 0.959977
0.212725 0.959993
0.212756 0.959993
0.212776 0.960027
0.212786 0.960060
0.212797 0.960060
0.212807 0.960094
0.212838 0.960094
0.212889 0.960127
0.212899 0.960127
0.212920 0.960144
0.212930 0.960160
0.212930 0.960177
0.213002 0.960194
0.213043 0.960194
0.213074 0.960194
0.213166 0.960211
0.213197 0.960211
0.213207 0.960211
0.213227 0.960227
0.213238 0.960227
0.213320 0.960227
0.213381 0.960227
0.213453 0.960244
0.213494 0.960277
0.213514 0.960311
0.213535 0.960328
0.213555 0.960361
0.213627 0.960361
0.213689 0.960361
0.213730 0.960361
0.213750 0.960361
0.213781 0.960394
0.213791 0.960394
0.213812 0.960394
0.213843 0.960428
0.213894 0.960428
0.213904 0.960461
0.213935 0.960478
0.213955 0.960478
0.213986 0.960478
0.214058 0.960511
0.214099 0.960545
0.214140 0.960545
0.214181 0.960561
0.214212 0.960561
0.214222 0.960561
0.214284 0.960628
0.214345 0.960645
0.214376 0.960645
0.214386 0.960662
0.214407 0.960678
0.214417 0.960678
0.214448 0.960678
0.214509 0.960678
0.214540 0.960678
0.214581 0.960678
0.214642 0.960712
0.214663 0.960712
0.214663 0.960729
0.214735 0.960729
0.214765 0.960729
0.214827 0.960779
0.214837 0.960779
0.214878 0.960812
0.214899 0.960829
0.214919 0.960862
0.214950 0.960862
0.214960 0.960862
0.214960 0.960879
0.214991 0.960879
0.215001 0.960879
0.215053 0.960896
0.215083 0.960896
0.215094 0.960896
0.215114 0.960896
0.215124 0.960896
0.215176 0.960912
0.215217 0.960912
0.215258 0.960929
0.215299 0.960929
0.215370 0.960946
0.215401 0.960946
0.215411 0.960979
0.215432 0.960996
0.215493 0.960996
0.215534 0.961013
0.215555 0.961013
0.215586 0.961046
0.215606 0.961096
0.215617 0.961113
0.215637 0.961130
0.215688 0.961130
0.215719 0.961146
0.215760 0.961163
0.215781 0.961180
0.215822 0.961180
0.215852 0.961213
0.215863 0.961213
0.215934 0.961247
0.215945 0.961263
0.215975 0.961330
0.216006 0.961330
0.216016 0.961364
0.216047 0.961364
0.216088 0.961364
0.216150 0.961364
0.216191 0.961364
0.216211 0.961380
0.216232 0.961414
0.216273 0.961414
0.216283 0.961414
0.216324 0.961414
0.216427 0.961414
0.216498 0.961430
0.216519 0.961430
0.216570 0.961430
0.216580 0.961430
0.216611 0.961430
0.216632 0.961430
0.216652 0.961430
0.216683 0.961430
0.216724 0.961464
0.216755 0.961481
0.216765 0.961497
0.216806 0.961531
0.216826 0.961581
0.216847 0.961581
0.216908 0.961614
0.216919 0.961631
0.216929 0.961698
0.216950 0.961698
0.216960 0.961715
0.217001 0.961748
0.217042 0.961748
0.217062 0.961748
0.217083 0.961765
0.217093 0.961765
0.217134 0.961781
0.217155 0.961815
0.217155 0.961832
0.217165 0.961832
0.217206 0.961832
0.217226 0.961832
0.217267 0.961832
0.217308 0.961848
0.217349 0.961848
0.217360 0.961865
0.217380 0.961898
0.217421 0.961898
0.217452 0.961915
0.217472 0.961949
0.217503 0.961982
0.217544 0.961982
0.217626 0.961982
0.217657 0.961982
0.217698 0.962015
0.217749 0.962015
0.217770 0.962049
0.217801 0.962066
0.217924 0.962066
0.217954 0.962082
0.217975 0.962099
0.218077 0.962099
0.218108 0.962132
0.218129 0.962149
0.218170 0.962166
0.218231 0.962216
0.218293 0.962249
0.218303 0.962266
0.218344 0.962266
0.218365 0.962266
0.218375 0.962266
0.218406 0.962299
0.218416 0.962316
0.218436 0.962400
0.218467 0.962416
0.218467 0.962433
0.218529 0.962433
0.218549 0.962450
0.218600 0.962450
0.218703 0.962467
0.218734 0.962483
0.218775 0.962483
0.218795 0.962483
0.218816 0.962517
0.218857 0.962550
0.218887 0.962550
0.218918 0.962567
0.218928 0.962600
0.218959 0.962617
0.218969 0.962634
0.218980 0.962634
0.219000 0.962634
0.219041 0.962634
0.219072 0.962634
0.219072 0.962650
0.219103 0.962650
0.219123 0.962667
0.219144 0.962667
0.219175 0.962701
0.219226 0.962701
0.219246 0.962701
0.219277 0.962701
0.219349 0.962717
0.219421 0.962751
0.219462 0.962784
0.219492 0.962818
0.219513 0.962834
0.219533 0.962834
0.219544 0.962834
0.219574 0.962834
0.219585 0.962834
0.219656 0.962834
0.219698 0.962834
0.219718 0.962834
0.219769 0.962851
0.219790 0.962851
0.219831 0.962851
0.219892 0.962851
0.219892 0.962901
0.219944 0.962918
0.219995 0.962918
0.220005 0.962918
0.220067 0.962918
0.220087 0.962918
0.220097 0.962918
0.220108 0.962934
0.220159 0.962951
0.220200 0.962968
0.220220 0.963001
0.220261 0.963035
0.220302 0.963035
0.220364 0.963035
0.220446 0.963035
0.220518 0.963035
0.220518 0.963051
0.220559 0.963068
0.220590 0.963085
0.220590 0.963102
0.220620 0.963102
0.220661 0.963135
0.220661 0.963152
0.220743 0.963168
0.220764 0.963185
0.220825 0.963185
0.220866 0.963185
0.220928 0.963185
0.221000 0.963185
0.221041 0.963185
0.221061 0.963185
0.221072 0.963202
0.221082 0.963235
0.221143 0.963285
0.221143 0.963319
0.221164 0.963319
0.221225 0.963319
0.221256 0.963319
0.221307 0.963352
0.221338 0.963386
0.221338 0.963419
0.221359 0.963436
0.221400 0.963436
0.221430 0.963436
0.221451 0.963469
0.221523 0.963486
0.221543 0.963486
0.221553 0.963519
0.221594 0.963553
0.221625 0.963570
0.221635 0.963603
0.221656 0.963603
0.221728 0.963620
0.221759 0.963620
0.221841 0.963620
0.221892 0.963636
0.221953 0.963636
0.221974 0.963636
0.222066 0.963636
0.222117 0.963636
0.222189 0.963686
0.222220 0.963720
0.222230 0.963720
0.222292 0.963720
0.222363 0.963720
0.222363 0.963753
0.222394 0.963770
0.222405 0.963770
0.222435 0.963787
0.222466 0.963787
0.222548 0.963854
0.222589 0.963920
0.222599 0.963920
0.222661 0.963937
0.222763 0.963937
0.222794 0.963937
0.222825 0.963954
0.222856 0.963954
0.222866 0.963954
0.222938 0.963954
0.222958 0.963971
0.222989 0.963971
0.222999 0.963971
0.223030 0.963971
0.223071 0.963987
0.223102 0.963987
0.223122 0.963987
0.223204 0.963987
0.223215 0.964021
0.223225 0.964021
0.223276 0.964021
0.223297 0.964054
0.223307 0.964054
0.223327 0.964054
0.223338 0.964054
0.223379 0.964054
0.223409 0.964071
0.223461 0.964071
0.223522 0.964088
0.223573 0.964104
0.223594 0.964154
0.223655 0.964188
0.223707 0.964205
0.223727 0.964205
0.223758 0.964205
0.223799 0.964221
0.223830 0.964238
0.223840 0.964238
0.223861 0.964255
0.223891 0.964271
0.223912 0.964288
0.223922 0.964305
0.223953 0.964322
0.223963 0.964338
0.224035 0.964338
0.224055 0.964355
0.224096 0.964355
0.224117 0.964372
0.224127 0.964372
0.224250 0.964388
0.224281 0.964388
0.224332 0.964388
0.224363 0.964405
0.224394 0.964405
0.224455 0.964422
0.224455 0.964455
0.224496 0.964455
0.224548 0.964489
0.224568 0.964489
0.224578 0.964489
0.224640 0.964489
0.224691 0.964489
0.224712 0.964489
0.224742 0.964522
0.224783 0.964522
0.224814 0.964539
0.224824 0.964539
0.224845 0.964539
0.224917 0.964539
0.224947 0.964539
0.224988 0.964539
0.225091 0.964539
0.225112 0.964539
0.225142 0.964555
0.225183 0.964555
0.225235 0.964555
0.225265 0.964555
0.225327 0.964555
0.225337 0.964555
0.225388 0.964572
0.225460 0.964572
0.225470 0.964572
0.225501 0.964589
0.225532 0.964589
0.225542 0.964622
0.225573 0.964622
0.225655 0.964656
0.225675 0.964656
0.225716 0.964689
0.225727 0.964706
0.225737 0.964706
0.225778 0.964723
0.225819 0.964756
0.225829 0.964756
0.225870 0.964773
0.226024 0.964773
0.226034 0.964773
0.226075 0.964789
0.226116 0.964789
0.226157 0.964789
0.226178 0.964806
0.226250 0.964806
0.226332 0.964823
0.226373 0.964823
0.226414 0.964823
0.226455 0.964823
0.226506 0.964823
0.226557 0.964840
0.226598 0.964840
0.226639 0.964873
0.226660 0.964873
0.226670 0.964873
0.226691 0.964873
0.226732 0.964873
0.226762 0.964890
0.226773 0.964923
0.226834 0.964923
0.226885 0.964923
0.226937 0.964940
0.226978 0.964957
0.227049 0.964957
0.227070 0.964957
0.227101 0.964957
0.227142 0.964957
0.227162 0.964957
0.227193 0.964957
0.227214 0.964957
0.227224 0.964973
0.227234 0.964973
0.227306 0.964973
0.227337 0.964990
0.227378 0.964990
0.227388 0.964990
0.227419 0.964990
0.227449 0.965040
0.227480 0.965040
0.227521 0.965074
0.227531 0.965090
0.227572 0.965090
0.227593 0.965090
0.227624 0.965090
0.227665 0.965107
0.227685 0.965107
0.227716 0.965107
0.227788 0.965107
0.227839 0.965107
0.227860 0.965107
0.227901 0.965107
0.227962 0.965107
0.227983 0.965107
0.228003 0.965124
0.228044 0.965124
0.228116 0.965140
0.228157 0.965140
0.228188 0.965140
0.228239 0.965140
0.228300 0.965140
0.228311 0.965140
0.228341 0.965140
0.228393 0.965140
0.228423 0.965157
0.228475 0.965191
0.228506 0.965191
0.228526 0.965191
0.228567 0.965191
0.228577 0.965207
0.228618 0.965241
0.228690 0.965241
0.228700 0.965257
0.228721 0.965257
0.228731 0.965274
0.228803 0.965274
0.228885 0.965274
0.228905 0.965291
0.228977 0.965307
0.228998 0.965307
0.229049 0.965341
0.229080 0.965341
0.229131 0.965341
0.229141 0.965374
0.229141 0.965391
0.229193 0.965391
0.229213 0.965408
0.229223 0.965424
0.229316 0.965441
0.229357 0.965458
0.229418 0.965475
0.229428 0.965475
0.229459 0.965475
0.229490 0.965508
0.229541 0.965525
0.229572 0.965541
0.229592 0.965558
0.229623 0.965575
0.229664 0.965608
0.229726 0.965608
0.229777 0.965642
0.229818 0.965658
0.229869 0.965675
0.229900 0.965675
0.229962 0.965709
0.230003 0.965742
0.230003 0.965775
0.230054 0.965775
0.230064 0.965792
0.230085 0.965826
0.230115 0.965842
0.230136 0.965842
0.230167 0.965842
0.230187 0.965892
0.230218 0.965892
0.230259 0.965926
0.230290 0.965943
0.230300 0.965959
0.230331 0.965959
0.230351 0.965959
0.230443 0.965976
0.230464 0.965993
0.230515 0.966026
0.230597 0.966026
0.230669 0.966026
0.230700 0.966059
0.230720 0.966059
0.230751 0.966059
0.230772 0.966076
0.230833 0.966110
0.230864 0.966110
0.230884 0.966143
0.230946 0.966143
0.230966 0.966176
0.231007 0.966210
0.231018 0.966210
0.231069 0.966227
0.231079 0.966227
0.231089 0.966260
0.231110 0.966260
0.231151 0.966260
0.231182 0.966277
0.231264 0.966310
0.231366 0.966344
0.231428 0.966344
0.231479 0.966394
0.231520 0.966444
0.231551 0.966461
0.231571 0.966477
0.231582 0.966494
0.231633 0.966494
0.231643 0.966494
0.231715 0.966494
0.231756 0.966511
0.231776 0.966544
0.231817 0.966544
0.231848 0.966544
0.231889 0.966544
0.231910 0.966561
0.231920 0.966578
0.231951 0.966594
0.231982 0.966594
0.232002 0.966611
0.232084 0.966611
0.232105 0.966644
0.232125 0.966644
0.232135 0.966644
0.232156 0.966644
0.232248 0.966678
0.232269 0.966678
0.232310 0.966678
0.232361 0.966678
0.232412 0.966695
0.232463 0.966695
0.232474 0.966695
0.232535 0.966695
0.232566 0.966695
0.232638 0.966695
0.232658 0.966728
0.232699 0.966761
0.232710 0.966778
0.232761 0.966778
0.232771 0.966778
0.232792 0.966778
0.232822 0.966778
0.232843 0.966795
0.232904 0.966828
0.232956 0.966828
0.232966 0.966828
0.233007 0.966845
0.233017 0.966862
0.233058 0.966878
0.233089 0.966878
0.233130 0.966895
0.233181 0.966895
0.233212 0.966928
0.233294 0.966928
0.233397 0.966928
0.233458 0.966928
0.233479 0.966945
0.233499 0.966945
0.233509 0.966962
0.233550 0.966962
0.233581 0.966979
0.233643 0.967012
0.233684 0.967012
0.233694 0.967029
0.233745 0.967029
0.233837 0.967029
0.233889 0.967029
0.233889 0.967062
0.233899 0.967079
0.233940 0.967112
0.233950 0.967112
0.233981 0.967146
0.234043 0.967146
0.234114 0.967162
0.234125 0.967179
0.234145 0.967179
0.234166 0.967196
0.234196 0.967229
0.234268 0.967229
0.234330 0.967246
0.234371 0.967279
0.234371 0.967296
0.234432 0.967296
0.234483 0.967296
0.234494 0.967330
0.234504 0.967330
0.234555 0.967346
0.234555 0.967363
0.234596 0.967363
0.234617 0.967396
0.234648 0.967430
0.234668 0.967430
0.234740 0.967447
0.234781 0.967447
0.234863 0.967447
0.234894 0.967447
0.234914 0.967463
0.234965 0.967463
0.234986 0.967463
0.235047 0.967480
0.235078 0.967497
0.235099 0.967497
0.235160 0.967513
0.235191 0.967547
0.235211 0.967547
0.235222 0.967564
0.235242 0.967564
0.235252 0.967564
0.235283 0.967580
0.235294 0.967597
0.235314 0.967597
0.235324 0.967597
0.235396 0.967597
0.235417 0.967597
0.235468 0.967597
0.235499 0.967597
0.235509 0.967597
0.235550 0.967597
0.235560 0.967597
0.235622 0.967597
0.235642 0.967597
0.235683 0.967614
0.235724 0.967614
0.235755 0.967614
0.235837 0.967614
0.235878 0.967630
0.235940 0.967647
0.235960 0.967664
0.236011 0.967664
0.236042 0.967697
0.236083 0.967714
0.236093 0.967714
0.236114 0.967747
0.236206 0.967747
0.236257 0.967747
0.236268 0.967781
0.236298 0.967781
0.236339 0.967781
0.236442 0.967797
0.236493 0.967797
0.236534 0.967864
0.236565 0.967881
0.236596 0.967881
0.236616 0.967914
0.236647 0.967914
0.236657 0.967914
0.236729 0.967948
0.236760 0.967965
0.236811 0.967965
0.236842 0.967965
0.236852 0.967965
0.236903 0.967981
0.236934 0.967981
0.236955 0.967981
0.236985 0.967998
0.237006 0.968015
0.237026 0.968015
0.237037 0.968015
0.237067 0.968015
0.237149 0.968015
0.237180 0.968031
0.237221 0.968031
0.237231 0.968031
0.237262 0.968048
0.237283 0.968065
0.237334 0.968065
0.237344 0.968065
0.237426 0.968098
0.237467 0.968098
0.237498 0.968098
0.237549 0.968115
0.237590 0.968115
0.237642 0.968115
0.237662 0.968132
0.237662 0.968148
0.237662 0.968199
0.237693 0.968215
0.237703 0.968215
0.237724 0.968215
0.237775 0.968215
0.237795 0.968232
0.237836 0.968232
0.237888 0.968265
0.237908 0.968265
0.237918 0.968265
0.237939 0.968282
0.237980 0.968282
0.237980 0.968316
0.238001 0.968349
0.238021 0.968349
0.238052 0.968366
0.238154 0.968366
0.238165 0.968366
0.238206 0.968366
0.238257 0.968366
0.238288 0.968382
0.238298 0.968382
0.238329 0.968382
0.238349 0.968382
0.238452 0.968382
0.238472 0.968382
0.238513 0.968382
0.238523 0.968382
0.238554 0.968382
0.238564 0.968399
0.238595 0.968399
0.238605 0.968416
0.238657 0.968432
0.238698 0.968432
0.238718 0.968466
0.238739 0.968483
0.238821 0.968533
0.238872 0.968533
0.238944 0.968533
0.238985 0.968549
0.239057 0.968549
0.239098 0.968566
0.239118 0.968583
0.239159 0.968600
0.239210 0.968600
0.239231 0.968616
0.239282 0.968633
0.239313 0.968633
0.239375 0.968633
0.239395 0.968633
0.239416 0.968666
0.239487 0.968666
0.239518 0.968666
0.239549 0.968683
0.239569 0.968733
0.239590 0.968750
0.239631 0.968750
0.239662 0.968800
0.239662 0.968867
0.239682 0.968867
0.239723 0.968867
0.239774 0.968867
0.239826 0.968900
0.239856 0.968917
0.239867 0.968951
0.239887 0.968951
0.240010 0.968984
0.240062 0.968984
0.240144 0.968984
0.240185 0.968984
0.240195 0.969017
0.240236 0.969034
0.240277 0.969101
0.240308 0.969101
0.240318 0.969118
0.240369 0.969118
0.240400 0.969118
0.240461 0.969151
0.240482 0.969184
0.240554 0.969184
0.240595 0.969184
0.240656 0.969184
0.240697 0.969201
0.240718 0.969201
0.240800 0.969201
0.240810 0.969251
0.240831 0.969268
0.240872 0.969285
0.240882 0.969285
0.240913 0.969285
0.240923 0.969285
0.240964 0.969285
0.240974 0.969285
0.240995 0.969285
0.241005 0.969352
0.241046 0.969352
0.241066 0.969368
0.241107 0.969385
0.241128 0.969385
0.241159 0.969402
0.241200 0.969402
0.241200 0.969418
0.241241 0.969435
0.241292 0.969435
0.241353 0.969435
0.241384 0.969435
0.241538 0.969435
0.241569 0.969452
0.241610 0.969452
0.241630 0.969469
0.241651 0.969502
0.241692 0.969502
0.241733 0.969519
0.241764 0.969535
0.241794 0.969535
0.241815 0.969535
0.241856 0.969535
0.241907 0.969552
0.241948 0.969586
0.241958 0.969586
0.241979 0.969586
0.242010 0.969602
0.242051 0.969602
0.242082 0.969619
0.242112 0.969619
0.242164 0.969652
0.242174 0.969652
0.242225 0.969669
0.242246 0.969669
0.242266 0.969703
0.242328 0.969736
0.242338 0.969736
0.242358 0.969736
0.242410 0.969753
0.242471 0.969769
0.242481 0.969786
0.242502 0.969803
0.242543 0.969803
0.242553 0.969820
0.242594 0.969820
0.242615 0.969853
0.242635 0.969853
0.242635 0.969870
0.242645 0.969886
0.242676 0.969886
0.242676 0.969903
0.242697 0.969903
0.242728 0.969920
0.242789 0.969936
0.242851 0.969936
0.242892 0.969953
0.242943 0.969953
0.242994 0.969970
0.243045 0.969970
0.243076 0.969987
0.243127 0.969987
0.243168 0.969987
0.243250 0.969987
0.243322 0.969987
0.243353 0.970020
0.243363 0.970020
0.243445 0.970037
0.243497 0.970053
0.243579 0.970053
0.243599 0.970053
0.243640 0.970070
0.243702 0.970070
0.243732 0.970070
0.243794 0.970070
0.243825 0.970070
0.243876 0.970070
0.243896 0.970104
0.243917 0.970120
0.243927 0.970137
0.243968 0.970137
0.243999 0.970170
0.244050 0.970187
0.244081 0.970237
0.244122 0.970237
0.244184 0.970237
0.244255 0.970254
0.244307 0.970254
0.244327 0.970287
0.244471 0.970287
0.244512 0.970321
0.244542 0.970338
0.244604 0.970338
0.244614 0.970371
0.244717 0.970388
0.244737 0.970388
0.244768 0.970421
0.244799 0.970438
0.244819 0.970455
0.244830 0.970455
0.244860 0.970455
0.244901 0.970455
0.244973 0.970471
0.245014 0.970471
0.245045 0.970471
0.245086 0.970505
0.245127 0.970505
0.245229 0.970538
0.245281 0.970538
0.245311 0.970538
0.245383 0.970538
0.245424 0.970555
0.245455 0.970572
0.245527 0.970588
0.245558 0.970605
0.245588 0.970605
0.245609 0.970605
0.245670 0.970605
0.245681 0.970605
0.245711 0.970622
0.245722 0.970622
0.245752 0.970622
0.245773 0.970638
0.245783 0.970638
0.245824 0.970655
0.245896 0.970672
0.245947 0.970689
0.245968 0.970689
0.246070 0.970705
0.246111 0.970705
0.246142 0.970722
0.246204 0.970772
0.246234 0.970805
0.246286 0.970805
0.246316 0.970822
0.246357 0.970822
0.246398 0.970822
0.246460 0.970822
0.246480 0.970822
0.246491 0.970822
0.246552 0.970822
0.246573 0.970822
0.246603 0.970822
0.246614 0.970839
0.246634 0.970839
0.246665 0.970839
0.246716 0.970839
0.246737 0.970839
0.246788 0.970856
0.246798 0.970856
0.246860 0.970856
0.246870 0.970856
0.246901 0.970872
0.246911 0.970872
0.246932 0.970889
0.246983 0.970906
0.247014 0.970906
0.247034 0.970922
0.247044 0.970922
0.247065 0.970922
0.247157 0.970922
0.247188 0.970922
0.247249 0.970922
0.247270 0.970922
0.247311 0.970939
0.247342 0.970939
0.247352 0.970939
0.247393 0.970973
0.247393 0.971006
0.247403 0.971023
0.247465 0.971023
0.247506 0.971039
0.247537 0.971073
0.247629 0.971073
0.247711 0.971073
0.247752 0.971090
0.247772 0.971090
0.247854 0.971090
0.247875 0.971106
0.247936 0.971123
0.247998 0.971123
0.248049 0.971123
0.248070 0.971123
0.248080 0.971123
0.248090 0.971140
0.248142 0.971156
0.248152 0.971156
0.248224 0.971156
0.248244 0.971156
0.248285 0.971156
0.248306 0.971156
0.248336 0.971173
0.248388 0.971173
0.248449 0.971173
0.248470 0.971173
0.248500 0.971190
0.248531 0.971190
0.248572 0.971223
0.248623 0.971223
0.248654 0.971223
0.248685 0.971257
0.248746 0.971257
0.248777 0.971257
0.248818 0.971257
0.248880 0.971257
0.248911 0.971273
0.248921 0.971324
0.248962 0.971340
0.248993 0.971340
0.249034 0.971340
0.249064 0.971340
0.249085 0.971357
0.249136 0.971357
0.249177 0.971357
0.249187 0.971357
0.249259 0.971390
0.249259 0.971424
0.249310 0.971424
0.249331 0.971424
0.249362 0.971441
0.249382 0.971441
0.249403 0.971457
0.249403 0.971474
0.249464 0.971474
0.249516 0.971491
0.249536 0.971524
0.249577 0.971524
0.249608 0.971557
0.249649 0.971574
0.249669 0.971574
0.249772 0.971641
0.249792 0.971641
0.249833 0.971658
0.249874 0.971658
0.249895 0.971674
0.249905 0.971691
0.249936 0.971691
0.249977 0.971691
0.250069 0.971691
0.250151 0.971725
0.250182 0.971758
0.250244 0.971775
0.250285 0.971775
0.250315 0.971775
0.250377 0.971808
0.250397 0.971808
0.250469 0.971808
0.250520 0.971825
0.250561 0.971842
0.250592 0.971858
0.250613 0.971858
0.250623 0.971858
0.250664 0.971858
0.250695 0.971858
0.250746 0.971858
0.250818 0.971875
0.250859 0.971875
0.250869 0.971875
0.250879 0.971908
0.250972 0.971908
0.251013 0.971908
0.251054 0.971925
0.251105 0.971992
0.251156 0.971992
0.251228 0.972009
0.251248 0.972025
0.251279 0.972025
0.251320 0.972042
0.251423 0.972042
0.251505 0.972042
0.251536 0.972042
0.251597 0.972059
0.251628 0.972076
0.251689 0.972076
0.251741 0.972109
0.251761 0.972109
0.251802 0.972109
0.251864 0.972126
0.251884 0.972126
0.251976 0.972126
0.251987 0.972142
0.252028 0.972142
0.252058 0.972142
0.252099 0.972142
0.252120 0.972193
0.252161 0.972209
0.252223 0.972226
0.252233 0.972226
0.252233 0.972243
0.252243 0.972243
0.252274 0.972276
0.252315 0.972309
0.252346 0.972309
0.252469 0.972309
0.252510 0.972343
0.252561 0.972360
0.252581 0.972360
0.252633 0.972360
0.252674 0.972360
0.252704 0.972376
0.252735 0.972376
0.252745 0.972376
0.252766 0.972426
0.252817 0.972426
0.252838 0.972426
0.252879 0.972443
0.252910 0.972443
0.252930 0.972460
0.253002 0.972477
0.253043 0.972493
0.253063 0.972543
0.253125 0.972543
0.253145 0.972560
0.253176 0.972560
0.253227 0.972577
0.253238 0.972594
0.253258 0.972610
0.253361 0.972610
0.253402 0.972610
0.253412 0.972627
0.253432 0.972627
0.253484 0.972644
0.253504 0.972677
0.253525 0.972694
0.253566 0.972711
0.253617 0.972711
0.253638 0.972727
0.253668 0.972727
0.253720 0.972727
0.253791 0.972761
0.253812 0.972761
0.253894 0.972761
0.253945 0.972777
0.253986 0.972777
0.254007 0.972777
0.254037 0.972777
0.254078 0.972777
0.254099 0.972777
0.254130 0.972794
0.254171 0.972794
0.254232 0.972844
0.254263 0.972844
0.254304 0.972844
0.254314 0.972861
0.254345 0.972878
0.254366 0.972878
0.254417 0.972894
0.254458 0.972894
0.254489 0.972894
0.254509 0.972894
0.254591 0.972894
0.254632 0.972894
0.254683 0.972894
0.254704 0.972894
0.254755 0.972894
0.254796 0.972894
0.254847 0.972894
0.254909 0.972911
0.255001 0.972928
0.255012 0.972928
0.255042 0.972945
0.255083 0.972945
0.255114 0.972945
0.255176 0.972978
0.255217 0.972995
0.255278 0.972995
0.255288 0.972995
0.255350 0.972995
0.255391 0.972995
0.255411 0.972995
0.255432 0.973011
0.255442 0.973011
0.255463 0.973028
0.255473 0.973045
0.255483 0.973045
0.255504 0.973061
0.255524 0.973061
0.255534 0.973061
0.255596 0.973061
0.255606 0.973078
0.255647 0.973078
0.255678 0.973078
0.255719 0.973095
0.255750 0.973095
0.255770 0.973095
0.255832 0.973095
0.255852 0.973112
0.255893 0.973112
0.255945 0.973112
0.256027 0.973145
0.256037 0.973145
0.256068 0.973229
0.256160 0.973245
0.256221 0.973245
0.256232 0.973279
0.256273 0.973312
0.256314 0.973312
0.256324 0.973312
0.256386 0.973329
0.256386 0.973346
0.256468 0.973346
0.256478 0.973362
0.256498 0.973396
0.256570 0.973412
0.256591 0.973412
0.256621 0.973412
0.256673 0.973429
0.256693 0.973429
0.256755 0.973463
0.256806 0.973496
0.256837 0.973513
0.256857 0.973513
0.256919 0.973513
0.256960 0.973513
0.257032 0.973513
0.257073 0.973513
0.257124 0.973529
0.257144 0.973546
0.257185 0.973546
0.257206 0.973563
0.257206 0.973580
0.257226 0.973596
0.257257 0.973596
0.257360 0.973596
0.257380 0.973596
0.257401 0.973613
0.257411 0.973630
0.257442 0.973630
0.257462 0.973663
0.257524 0.973663
0.257544 0.973680
0.257595 0.973680
0.257637 0.973680
0.257647 0.973713
0.257678 0.973730
0.257678 0.973763
0.257729 0.973763
0.257749 0.973797
0.257790 0.973814
0.257862 0.973814
0.257883 0.973814
0.257924 0.973814
0.257985 0.973814
0.258006 0.973830
0.258036 0.973847
0.258047 0.973847
0.258098 0.973847
0.258129 0.973880
0.258211 0.973880
0.258241 0.973880
0.258272 0.973914
0.258324 0.973914
0.258344 0.973947
0.258436 0.973947
0.258467 0.973964
0.258529 0.973964
0.258580 0.973964
0.258611 0.973981
0.258621 0.973981
0.258672 0.973997
0.258693 0.973997
0.258703 0.973997
0.258805 0.974031
0.258846 0.974081
0.258887 0.974081
0.258939 0.974098
0.258980 0.974098
0.259031 0.974114
0.259072 0.974131
0.259082 0.974131
0.259134 0.974131
0.259175 0.974131
0.259205 0.974164
0.259236 0.974164
0.259267 0.974181
0.259287 0.974198
0.259318 0.974198
0.259369 0.974198
0.259441 0.974198
0.259472 0.974198
0.259533 0.974198
0.259574 0.974215
0.259585 0.974215
0.259646 0.974215
0.259718 0.974215
0.259728 0.974215
0.259769 0.974215
0.259790 0.974215
0.259831 0.974215
0.259913 0.974215
0.259933 0.974231
0.259954 0.974231
0.259995 0.974231
0.260015 0.974248
0.260056 0.974248
0.260077 0.974248
0.260169 0.974248
0.260251 0.974248
0.260292 0.974265
0.260354 0.974265
0.260374 0.974265
0.260426 0.974281
0.260487 0.974298
0.260518 0.974315
0.260579 0.974315
0.260631 0.974315
0.260641 0.974315
0.260672 0.974332
0.260713 0.974332
0.260733 0.974348
0.260774 0.974348
0.260795 0.974365
0.260825 0.974365
0.260866 0.974398
0.260887 0.974449
0.260948 0.974449
0.260989 0.974449
0.261113 0.974449
0.261133 0.974465
0.261174 0.974465
0.261246 0.974465
0.261318 0.974482
0.261348 0.974482
0.261410 0.974482
0.261461 0.974515
0.261523 0.974549
0.261564 0.974549
0.261615 0.974549
0.261646 0.974566
0.261687 0.974566
0.261707 0.974566
0.261718 0.974582
0.261779 0.974582
0.261820 0.974599
0.261871 0.974599
0.261892 0.974616
0.261933 0.974616
0.261974 0.974666
0.261994 0.974666
0.262035 0.974666
0.262107 0.974666
0.262199 0.974666
0.262220 0.974682
0.262261 0.974682
0.262271 0.974682
0.262292 0.974682
0.262333 0.974699
0.262343 0.974699
0.262384 0.974699
0.262446 0.974699
0.262466 0.974749
0.262476 0.974799
0.262517 0.974799
0.262569 0.974799
0.262610 0.974799
0.262681 0.974799
0.262712 0.974799
0.262722 0.974799
0.262774 0.974799
0.262825 0.974833
0.262876 0.974850
0.262907 0.974866
0.262927 0.974866
0.262968 0.974883
0.263009 0.974883
0.263061 0.974883
0.263081 0.974883
0.263112 0.974883
0.263184 0.974883
0.263215 0.974883
0.263338 0.974933
0.263420 0.974933
0.263450 0.974933
0.263491 0.974950
0.263512 0.974950
0.263573 0.975000
0.263666 0.975000
0.263738 0.975000
0.263768 0.975033
0.263871 0.975033
0.263932 0.975033
0.263963 0.975033
0.263973 0.975033
0.264045 0.975033
0.264096 0.975033
0.264137 0.975033
0.264158 0.975033
0.264230 0.975033
0.264281 0.975050
0.264394 0.975067
0.264404 0.975067
0.264435 0.975067
0.264496 0.975067
0.264517 0.975067
0.264548 0.975067
0.264558 0.975084
0.264619 0.975084
0.264691 0.975084
0.264753 0.975084
0.264814 0.975100
0.264855 0.975100
0.264865 0.975117
0.264917 0.975117
0.264978 0.975117
0.265009 0.975117
0.265050 0.975117
0.265070 0.975150
0.265112 0.975150
0.265122 0.975184
0.265153 0.975217
0.265183 0.975234
0.265224 0.975251
0.265245 0.975251
0.265276 0.975267
0.265327 0.975284
0.265358 0.975301
0.265419 0.975318
0.265429 0.975334
0.265450 0.975334
0.265491 0.975334
0.265532 0.975351
0.265552 0.975368
0.265563 0.975368
0.265614 0.975384
0.265624 0.975401
0.265645 0.975434
0.265665 0.975434
0.265706 0.975451
0.265757 0.975451
0.265788 0.975451
0.265809 0.975468
0.265891 0.975468
0.265922 0.975468
0.265942 0.975468
0.265993 0.975468
0.266014 0.975468
0.266055 0.975501
0.266106 0.975501
0.266147 0.975535
0.266168 0.975535
0.266250 0.975535
0.266332 0.975535
0.266393 0.975535
0.266445 0.975535
0.266568 0.975535
0.266619 0.975535
0.266639 0.975551
0.266660 0.975551
0.266691 0.975551
0.266732 0.975551
0.266783 0.975585
0.266793 0.975585
0.266824 0.975585
0.266865 0.975585
0.266896 0.975585
0.266937 0.975602
0.266978 0.975602
0.266998 0.975602
0.267060 0.975602
0.267101 0.975602
0.267152 0.975635
0.267193 0.975635
0.267265 0.975635
0.267285 0.975635
0.267408 0.975635
0.267490 0.975635
0.267501 0.975635
0.267562 0.975652
0.267572 0.975685
0.267634 0.975735
0.267665 0.975735
0.267736 0.975752
0.267788 0.975752
0.267819 0.975752
0.267849 0.975769
0.267870 0.975769
0.267942 0.975769
0.267952 0.975769
0.267983 0.975785
0.268024 0.975785
0.268085 0.975802
0.268116 0.975802
0.268188 0.975819
0.268249 0.975836
0.268280 0.975869
0.268311 0.975886
0.268352 0.975886
0.268403 0.975886
0.268464 0.975886
0.268506 0.975886
0.268536 0.975902
0.268567 0.975902
0.268629 0.975902
0.268680 0.975902
0.268741 0.975902
0.268813 0.975919
0.268854 0.975936
0.268864 0.975953
0.268885 0.975953
0.268936 0.975953
0.268977 0.975953
0.268998 0.975953
0.269049 0.975969
0.269090 0.975969
0.269100 0.976003
0.269131 0.976003
0.269172 0.976003
0.269223 0.976019
0.269264 0.976019
0.269326 0.976019
0.269346 0.976019
0.269449 0.976019
0.269469 0.976053
0.269500 0.976070
0.269541 0.976086
0.269562 0.976086
0.269633 0.976103
0.269674 0.976103
0.269705 0.976103
0.269797 0.976103
0.269839 0.976103
0.269880 0.976103
0.269910 0.976103
0.269962 0.976103
0.269982 0.976103
0.270033 0.976120
0.270044 0.976120
0.270105 0.976136
0.270126 0.976153
0.270197 0.976170
0.270238 0.976170
0.270259 0.976170
0.270320 0.976170
0.270351 0.976186
0.270402 0.976186
0.270464 0.976186
0.270515 0.976186
0.270546 0.976186
0.270567 0.976203
0.270628 0.976237
0.270649 0.976237
0.270710 0.976237
0.270741 0.976237
0.270792 0.976237
0.270833 0.976253
0.270843 0.976253
0.270884 0.976253
0.270956 0.976253
0.271007 0.976270
0.271048 0.976270
0.271059 0.976270
0.271069 0.976287
0.271100 0.976320
0.271141 0.976320
0.271243 0.976320
0.271264 0.976320
0.271274 0.976320
0.271325 0.976354
0.271407 0.976354
0.271418 0.976354
0.271438 0.976354
0.271489 0.976387
0.271520 0.976387
0.271571 0.976404
0.271612 0.976404
0.271633 0.976420
0.271653 0.976471
0.271694 0.976487
0.271776 0.976504
0.271817 0.976504
0.271879 0.976521
0.271910 0.976554
0.271951 0.976554
0.271971 0.976571
0.272033 0.976571
0.272064 0.976588
0.272084 0.976588
0.272125 0.976638
0.272187 0.976671
0.272207 0.976671
0.272217 0.976671
0.272248 0.976671
0.272289 0.976671
0.272320 0.976688
0.272340 0.976705
0.272381 0.976721
0.272463 0.976721
0.272587 0.976721
0.272617 0.976721
0.272628 0.976721
0.272658 0.976721
0.272710 0.976721
0.272740 0.976721
0.272792 0.976738
0.272833 0.976755
0.272894 0.976771
0.272935 0.976771
0.272956 0.976788
0.273058 0.976788
0.273099 0.976788
0.273109 0.976788
0.273191 0.976788
0.273243 0.976788
0.273304 0.976805
0.273356 0.976822
0.273427 0.976838
0.273438 0.976872
0.273448 0.976872
0.273499 0.976872
0.273540 0.976888
0.273602 0.976888
0.273643 0.976922
0.273684 0.976922
0.273704 0.976939
0.273735 0.976939
0.273776 0.976939
0.273827 0.976972
0.273837 0.976972
0.273889 0.976972
0.273920 0.976989
0.273930 0.976989
0.273950 0.976989
0.274022 0.977005
0.274053 0.977005
0.274125 0.977005
0.274155 0.977005
0.274196 0.977005
0.274227 0.977022
0.274309 0.977022
0.274319 0.977022
0.274340 0.977022
0.274381 0.977022
0.274401 0.977022
0.274453 0.977022
0.274483 0.977022
0.274535 0.977022
0.274555 0.977022
0.274678 0.977022
0.274730 0.977022
0.274740 0.977039
0.274740 0.977072
0.274750 0.977072
0.274771 0.977089
0.274791 0.977122
0.274822 0.977156
0.274904 0.977172
0.274965 0.977172
0.275006 0.977189
0.275068 0.977206
0.275119 0.977206
0.275191 0.977223
0.275252 0.977223
0.275273 0.977223
0.275335 0.977223
0.275345 0.977223
0.275406 0.977223
0.275427 0.977223
0.275488 0.977223
0.275560 0.977223
0.275570 0.977273
0.275581 0.977273
0.275704 0.977273
0.275745 0.977273
0.275816 0.977273
0.275919 0.977273
0.275960 0.977289
0.276011 0.977340
0.276042 0.977356
0.276063 0.977373
0.276186 0.977373
0.276216 0.977373
0.276237 0.977390
0.276268 0.977390
0.276360 0.977390
0.276401 0.977406
0.276473 0.977406
0.276483 0.977406
0.276503 0.977423
0.276555 0.977440
0.276627 0.977457
0.276678 0.977457
0.276719 0.977457
0.276729 0.977457
0.276760 0.977457
0.276811 0.977457
0.276832 0.977473
0.276883 0.977473
0.276914 0.977490
0.276944 0.977490
0.277006 0.977523
0.277026 0.977540
0.277078 0.977540
0.277170 0.977557
0.277262 0.977590
0.277324 0.977590
0.277365 0.977607
0.277447 0.977624
0.277498 0.977624
0.277529 0.977624
0.277611 0.977624
0.277631 0.977624
0.277672 0.977640
0.277744 0.977640
0.277765 0.977640
0.277795 0.977640
0.277857 0.977657
0.277939 0.977657
0.277949 0.977657
0.277949 0.977691
0.277990 0.977707
0.278001 0.977724
0.278042 0.977741
0.278072 0.977741
0.278124 0.977741
0.278144 0.977741
0.278175 0.977757
0.278236 0.977757
0.278288 0.977757
0.278318 0.977774
0.278359 0.977791
0.278390 0.977824
0.278441 0.977858
0.278513 0.977874
0.278523 0.977891
0.278554 0.977891
0.278616 0.977908
0.278657 0.977908
0.278841 0.977908
0.278862 0.977941
0.278923 0.977941
0.278964 0.977958
0.278995 0.977958
0.279005 0.977975
0.279046 0.977991
0.279057 0.977991
0.279118 0.977991
0.279128 0.977991
0.279159 0.977991
0.279200 0.977991
0.279251 0.977991
0.279323 0.977991
0.279405 0.978025
0.279436 0.978025
0.279477 0.978041
0.279539 0.978041
0.279600 0.978058
0.279631 0.978075
0.279641 0.978092
0.279692 0.978092
0.279733 0.978092
0.279815 0.978108
0.279836 0.978108
0.279887 0.978108
0.279949 0.978108
0.279969 0.978125
0.280000 0.978142
0.280062 0.978158
0.280092 0.978175
0.280154 0.978192
0.280174 0.978192
0.280215 0.978209
0.280256 0.978209
0.280267 0.978209
0.280287 0.978209
0.280328 0.978225
0.280359 0.978225
0.280379 0.978225
0.280431 0.978225
0.280472 0.978225
0.280502 0.978242
0.280564 0.978259
0.280625 0.978259
0.280697 0.978259
0.280718 0.978259
0.280759 0.978259
0.280810 0.978259
0.280892 0.978259
0.280933 0.978259
0.280974 0.978292
0.281087 0.978292
0.281210 0.978292
0.281261 0.978309
0.281292 0.978326
0.281312 0.978326
0.281374 0.978359
0.281405 0.978392
0.281446 0.978392
0.281518 0.978392
0.281518 0.978409
0.281589 0.978409
0.281641 0.978409
0.281682 0.978409
0.281743 0.978409
0.281784 0.978409
0.281907 0.978409
0.281917 0.978409
0.281948 0.978409
0.281958 0.978409
0.281989 0.978409
0.282010 0.978409
0.282041 0.978409
0.282082 0.978409
0.282112 0.978409
0.282153 0.978409
0.282184 0.978443
0.282225 0.978476
0.282256 0.978509
0.282328 0.978509
0.282369 0.978509
0.282389 0.978509
0.282399 0.978509
0.282451 0.978526
0.282502 0.978526
0.282563 0.978526
0.282604 0.978526
0.282656 0.978543
0.282686 0.978543
0.282707 0.978559
0.282738 0.978576
0.282758 0.978576
0.282820 0.978593
0.282861 0.978593
0.282933 0.978593
0.282974 0.978593
0.283035 0.978593
0.283086 0.978593
0.283138 0.978610
0.283158 0.978610
0.283199 0.978626
0.283240 0.978626
0.283302 0.978643
0.283332 0.978643
0.283384 0.978643
0.283404 0.978676
0.283486 0.978676
0.283507 0.978693
0.283548 0.978710
0.283599 0.978743
0.283661 0.978743
0.283691 0.978743
0.283814 0.978743
0.283845 0.978743
0.283937 0.978743
0.283989 0.978760
0.284009 0.978760
0.284102 0.978777
0.284143 0.978777
0.284173 0.978777
0.284184 0.978793
0.284225 0.978827
0.284266 0.978827
0.284327 0.978827
0.284358 0.978844
0.284419 0.978844
0.284460 0.978844
0.284491 0.978844
0.284501 0.978844
0.284573 0.978860
0.284624 0.978860
0.284655 0.978877
0.284686 0.978910
0.284768 0.978910
0.284778 0.978910
0.284830 0.978927
0.284932 0.978927
0.285004 0.978927
0.285035 0.978944
0.285117 0.978944
0.285137 0.978944
0.285147 0.978961
0.285209 0.978961
0.285229 0.978994
0.285301 0.978994
0.285342 0.978994
0.285373 0.978994
0.285393 0.979027
0.285424 0.979061
0.285496 0.979061
0.285558 0.979061
0.285588 0.979078
0.285640 0.979094
0.285660 0.979111
0.285670 0.979128
0.285773 0.979161
0.285804 0.979161
0.285845 0.979161
0.285906 0.979161
0.285978 0.979161
0.286039 0.979178
0.286101 0.979178
0.286183 0.979211
0.286214 0.979211
0.286286 0.979228
0.286347 0.979228
0.286450 0.979245
0.286470 0.979245
0.286542 0.979261
0.286573 0.979278
0.286614 0.979278
0.286644 0.979278
0.286716 0.979278
0.286778 0.979311
0.286839 0.979311
0.286870 0.979311
0.286880 0.979328
0.286921 0.979328
0.286983 0.979328
0.287034 0.979362
0.287116 0.979362
0.287178 0.979378
0.287219 0.979395
0.287342 0.979395
0.287444 0.979395
0.287526 0.979395
0.287598 0.979395
0.287690 0.979395
0.287731 0.979395
0.287742 0.979395
0.287813 0.979412
0.287824 0.979412
0.287854 0.979412
0.287926 0.979428
0.287957 0.979462
0.288008 0.979462
0.288039 0.979512
0.288080 0.979512
0.288121 0.979512
0.288172 0.979512
0.288234 0.979529
0.288275 0.979529
0.288357 0.979529
0.288367 0.979529
0.288429 0.979545
0.288480 0.979545
0.288500 0.979545
0.288531 0.979562
0.288582 0.979596
0.288623 0.979612
0.288654 0.979612
0.288675 0.979612
0.288726 0.979612
0.288757 0.979629
0.288839 0.979629
0.288890 0.979646
0.288952 0.979646
0.289013 0.979646
0.289023 0.979662
0.289095 0.979679
0.289167 0.979679
0.289208 0.979679
0.289249 0.979696
0.289300 0.979696
0.289321 0.979696
0.289331 0.979696
0.289362 0.979696
0.289413 0.979696
0.289474 0.979713
0.289516 0.979713
0.289536 0.979729
0.289577 0.979729
0.289639 0.979746
0.289680 0.979746
0.289772 0.979763
0.289823 0.979779
0.289885 0.979796
0.289915 0.979796
0.289987 0.979813
0.290028 0.979830
0.290100 0.979830
0.290120 0.979830
0.290172 0.979846
0.290203 0.979863
0.290233 0.979863
0.290346 0.979863
0.290397 0.979863
0.290469 0.979863
0.290500 0.979880
0.290541 0.979880
0.290613 0.979880
0.290633 0.979896
0.290695 0.979896
0.290715 0.979896
0.290766 0.979896
0.290777 0.979896
0.290818 0.979896
0.290828 0.979896
0.290859 0.979896
0.290941 0.979896
0.291002 0.979896
0.291023 0.979930
0.291064 0.979930
0.291156 0.979997
0.291207 0.980013
0.291238 0.980013
0.291310 0.980013
0.291341 0.980013
0.291412 0.980013
0.291484 0.980030
0.291597 0.980047
0.291618 0.980064
0.291741 0.980064
0.291761 0.980064
0.291833 0.980080
0.291884 0.980080
0.291946 0.980097
0.291987 0.980114
0.292017 0.980130
0.292069 0.980147
0.292161 0.980147
0.292171 0.980147
0.292202 0.980147
0.292223 0.980164
0.292284 0.980197
0.292335 0.980197
0.292366 0.980214
0.292438 0.980214
0.292458 0.980214
0.292469 0.980214
0.292489 0.980214
0.292510 0.980231
0.292561 0.980231
0.292602 0.980247
0.292612 0.980264
0.292663 0.980264
0.292694 0.980264
0.292766 0.980264
0.292817 0.980264
0.292858 0.980264
0.292889 0.980264
0.292910 0.980264
0.292961 0.980281
0.293002 0.980281
0.293033 0.980281
0.293043 0.980281
0.293074 0.980297
0.293104 0.980297
0.293145 0.980314
0.293156 0.980314
0.293217 0.980314
0.293227 0.980314
0.293299 0.980314
0.293350 0.980314
0.293391 0.980314
0.293412 0.980331
0.293422 0.980331
0.293484 0.980348
0.293545 0.980348
0.293576 0.980364
0.293586 0.980364
0.293648 0.980364
0.293679 0.980364
0.293689 0.980364
0.293750 0.980364
0.293771 0.980381
0.293791 0.980381
0.293822 0.980381
0.293843 0.980398
0.293884 0.980398
0.293945 0.980398
0.293986 0.980398
0.294048 0.980398
0.294068 0.980398
0.294099 0.980398
0.294130 0.980414
0.294150 0.980448
0.294171 0.980448
0.294191 0.980465
0.294212 0.980465
0.294273 0.980465
0.294314 0.980465
0.294345 0.980481
0.294366 0.980481
0.294396 0.980481
0.294458 0.980498
0.294509 0.980498
0.294530 0.980531
0.294540 0.980531
0.294560 0.980531
0.294591 0.980531
0.294673 0.980565
0.294724 0.980565
0.294796 0.980598
0.294827 0.980598
0.294868 0.980598
0.294919 0.980615
0.294960 0.980615
0.294991 0.980615
0.295063 0.980615
0.295094 0.980648
0.295135 0.980648
0.295217 0.980665
0.295288 0.980682
0.295340 0.980699
0.295401 0.980732
0.295422 0.980732
0.295463 0.980732
0.295524 0.980782
0.295555 0.980782
0.295627 0.980782
0.295678 0.980816
0.295719 0.980816
0.295740 0.980832
0.295781 0.980832
0.295791 0.980832
0.295873 0.980832
0.295893 0.980832
0.295955 0.980832
0.296027 0.980849
0.296057 0.980849
0.296098 0.980849
0.296129 0.980849
0.296180 0.980882
0.296232 0.980882
0.296273 0.980882
0.296283 0.980899
0.296304 0.980899
0.296345 0.980899
0.296416 0.980932
0.296488 0.980932
0.296529 0.980949
0.296539 0.980966
0.296570 0.980966
0.296580 0.980983
0.296632 0.980999
0.296652 0.981016
0.296683 0.981049
0.296693 0.981066
0.296714 0.981066
0.296714 0.981100
0.296724 0.981116
0.296755 0.981150
0.296775 0.981150
0.296837 0.981150
0.296867 0.981166
0.296898 0.981166
0.296939 0.981166
0.296991 0.981166
0.297042 0.981183
0.297114 0.981183
0.297165 0.981183
0.297196 0.981200
0.297237 0.981200
0.297257 0.981200
0.297267 0.981200
0.297329 0.981217
0.297370 0.981233
0.297452 0.981233
0.297503 0.981250
0.297524 0.981283
0.297575 0.981283
0.297606 0.981283
0.297626 0.981283
0.297667 0.981283
0.297688 0.981283
0.297719 0.981334
0.297749 0.981367
0.297801 0.981367
0.297862 0.981400
0.297903 0.981417
0.297965 0.981417
0.298026 0.981417
0.298077 0.981417
0.298139 0.981417
0.298180 0.981417
0.298231 0.981417
0.298252 0.981417
0.298293 0.981434
0.298313 0.981434
0.298365 0.981434
0.298375 0.981451
0.298406 0.981467
0.298457 0.981501
0.298498 0.981501
0.298529 0.981517
0.298539 0.981534
0.298559 0.981534
0.298641 0.981534
0.298693 0.981534
0.298754 0.981534
0.298785 0.981534
0.298857 0.981534
0.298887 0.981534
0.299011 0.981534
0.299041 0.981534
0.299082 0.981568
0.299093 0.981584
0.299113 0.981618
0.299134 0.981618
0.299185 0.981618
0.299287 0.981651
0.299308 0.981668
0.299369 0.981668
0.299410 0.981668
0.299441 0.981684
0.299523 0.981735
0.299574 0.981751
0.299595 0.981768
0.299677 0.981768
0.299759 0.981768
0.299821 0.981768
0.299923 0.981768
0.300005 0.981768
0.300036 0.981768
0.300077 0.981768
0.300159 0.981768
0.300261 0.981768
0.300354 0.981785
0.300385 0.981785
0.300467 0.981785
0.300497 0.981801
0.300538 0.981801
0.300590 0.981801
0.300641 0.981818
0.300713 0.981818
0.300764 0.981818
0.300836 0.981818
0.300856 0.981835
0.300897 0.981835
0.301000 0.981835
0.301020 0.981852
0.301061 0.981852
0.301072 0.981852
0.301143 0.981852
0.301174 0.981852
0.301184 0.981852
0.301205 0.981852
0.301266 0.981918
0.301297 0.981918
0.301328 0.981935
0.301389 0.981935
0.301400 0.981935
0.301430 0.981935
0.301471 0.981935
0.301574 0.981952
0.301615 0.981969
0.301666 0.981969
0.301676 0.981969
0.301707 0.982002
0.301769 0.982002
0.301861 0.982002
0.301902 0.982019
0.301943 0.982019
0.301984 0.982035
0.302035 0.982052
0.302066 0.982069
0.302128 0.982086
0.302179 0.982102
0.302230 0.982102
0.302292 0.982102
0.302292 0.982119
0.302333 0.982119
0.302374 0.982136
0.302425 0.982169
0.302466 0.982169
0.302476 0.982169
0.302548 0.982169
0.302610 0.982186
0.302681 0.982186
0.302681 0.982203
0.302733 0.982203
0.302794 0.982203
0.302845 0.982203
0.302907 0.982203
0.302958 0.982219
0.303030 0.982219
0.303112 0.982219
0.303143 0.982236
0.303184 0.982236
0.303204 0.982236
0.303307 0.982303
0.303338 0.982303
0.303358 0.982303
0.303389 0.982320
0.303430 0.982353
0.303450 0.982353
0.303481 0.982370
0.303512 0.982370
0.303553 0.982370
0.303563 0.982370
0.303614 0.982386
0.303655 0.982386
0.303686 0.982403
0.303717 0.982403
0.303779 0.982403
0.303830 0.982403
0.303891 0.982403
0.303922 0.982436
0.303973 0.982470
0.303994 0.982470
0.304025 0.982487
0.304055 0.982487
0.304096 0.982487
0.304148 0.982487
0.304189 0.982487
0.304240 0.982503
0.304250 0.982520
0.304291 0.982553
0.304312 0.982570
0.304414 0.982570
0.304435 0.982570
0.304496 0.982587
0.304517 0.982587
0.304619 0.982587
0.304660 0.982587
0.304712 0.982587
0.304794 0.982587
0.304835 0.982604
0.304886 0.982620
0.304947 0.982620
0.304999 0.982620
0.305040 0.982620
0.305132 0.982637
0.305153 0.982637
0.305194 0.982637
0.305235 0.982687
0.305286 0.982687
0.305317 0.982687
0.305337 0.982704
0.305368 0.982721
0.305440 0.982721
0.305470 0.982771
0.305542 0.982771
0.305583 0.982771
0.305655 0.982771
0.305665 0.982771
0.305716 0.982771
0.305737 0.982771
0.305799 0.982771
0.305870 0.982771
0.305911 0.982771
0.305942 0.982771
0.305993 0.982771
0.306034 0.982771
0.306045 0.982771
0.306065 0.982771
0.306116 0.982771
0.306137 0.982771
0.306168 0.982771
0.306219 0.982771
0.306239 0.982787
0.306291 0.982787
0.306311 0.982804
0.306342 0.982804
0.306393 0.982804
0.306434 0.982804
0.306475 0.982821
0.306527 0.982821
0.306537 0.982821
0.306588 0.982821
0.306619 0.982838
0.306742 0.982838
0.306783 0.982838
0.306814 0.982838
0.306885 0.982838
0.306916 0.982838
0.306978 0.982854
0.307029 0.982854
0.307049 0.982854
0.307101 0.982871
0.307142 0.982888
0.307193 0.982888
0.307234 0.982904
0.307306 0.982938
0.307347 0.982938
0.307398 0.982938
0.307439 0.982938
0.307470 0.982955
0.307521 0.982955
0.307593 0.982955
0.307613 0.982971
0.307654 0.982971
0.307706 0.982971
0.307777 0.982971
0.307839 0.982971
0.307849 0.982971
0.307880 0.982971
0.307911 0.982988
0.307931 0.982988
0.307993 0.983005
0.308085 0.983005
0.308136 0.983021
0.308157 0.983021
0.308188 0.983038
0.308229 0.983055
0.308270 0.983055
0.308290 0.983055
0.308341 0.983055
0.308403 0.983055
0.308454 0.983055
0.308475 0.983055
0.308526 0.983072
0.308608 0.983105
0.308629 0.983122
0.308649 0.983122
0.308700 0.983122
0.308741 0.983122
0.308813 0.983122
0.308895 0.983138
0.308977 0.983138
0.309039 0.983138
0.309090 0.983155
0.309121 0.983155
0.309182 0.983155
0.309213 0.983155
0.309264 0.983155
0.309285 0.983155
0.309336 0.983155
0.309398 0.983155
0.309480 0.983155
0.309582 0.983155
0.309644 0.983172
0.309705 0.983172
0.309777 0.983172
0.309787 0.983172
0.309849 0.983172
0.309910 0.983172
0.309992 0.983172
0.310044 0.983172
0.310105 0.983172
0.310177 0.983172
0.310238 0.983205
0.310300 0.983205
0.310402 0.983205
0.310443 0.983222
0.310484 0.983255
0.310505 0.983255
0.310536 0.983255
0.310556 0.983255
0.310587 0.983272
0.310618 0.983272
0.310659 0.983289
0.310720 0.983289
0.310751 0.983305
0.310854 0.983305
0.310925 0.983305
0.310946 0.983305
0.310956 0.983305
0.311028 0.983305
0.311059 0.983305
0.311100 0.983339
0.311223 0.983339
0.311233 0.983339
0.311264 0.983339
0.311284 0.983356
0.311315 0.983356
0.311356 0.983356
0.311377 0.983356
0.311418 0.983356
0.311500 0.983372
0.311520 0.983372
0.311551 0.983372
0.311705 0.983372
0.311746 0.983372
0.311756 0.983372
0.311807 0.983389
0.311838 0.983406
0.311858 0.983406
0.311920 0.983406
0.311941 0.983406
0.311951 0.983439
0.311992 0.983439
0.312012 0.983439
0.312053 0.983439
0.312115 0.983439
0.312146 0.983439
0.312156 0.983473
0.312228 0.983473
0.312310 0.983473
0.312402 0.983473
0.312433 0.983489
0.312515 0.983489
0.312546 0.983489
0.312587 0.983506
0.312607 0.983506
0.312679 0.983506
0.312710 0.983523
0.312761 0.983556
0.312792 0.983573
0.312853 0.983590
0.312935 0.983590
0.312956 0.983590
0.312976 0.983623
0.313058 0.983623
0.313089 0.983623
0.313099 0.983623
0.313130 0.983640
0.313161 0.983640
0.313202 0.983640
0.313233 0.983640
0.313335 0.983640
0.313376 0.983640
0.313407 0.983640
0.313458 0.983640
0.313468 0.983640
0.313520 0.983656
0.313581 0.983673
0.313632 0.983673
0.313684 0.983707
0.313714 0.983723
0.313725 0.983723
0.313766 0.983723
0.313837 0.983740
0.313909 0.983740
0.313940 0.983740
0.313981 0.983740
0.314012 0.983740
0.314043 0.983757
0.314084 0.983773
0.314135 0.983773
0.314217 0.983773
0.314289 0.983773
0.314330 0.983773
0.314350 0.983790
0.314412 0.983790
0.314422 0.983807
0.314473 0.983824
0.314483 0.983824
0.314535 0.983824
0.314617 0.983840
0.314658 0.983840
0.314781 0.983840
0.314812 0.983840
0.314904 0.983857
0.314976 0.983857
0.314996 0.983857
0.315099 0.983857
0.315119 0.983874
0.315160 0.983874
0.315201 0.983890
0.315283 0.983890
0.315335 0.983890
0.315417 0.983890
0.315488 0.983907
0.315550 0.983907
0.315611 0.983924
0.315714 0.983924
0.315775 0.983924
0.315816 0.983924
0.315888 0.983924
0.315909 0.983941
0.315929 0.983941
0.315991 0.983941
0.316063 0.983941
0.316104 0.983941
0.316206 0.983941
0.316278 0.983941
0.316298 0.983941
0.316350 0.983941
0.316350 0.983957
0.316380 0.983957
0.316473 0.983957
0.316503 0.983957
0.316565 0.983974
0.316606 0.983974
0.316657 0.983991
0.316668 0.983991
0.316729 0.983991
0.316760 0.983991
0.316780 0.983991
0.316832 0.984024
0.316842 0.984024
0.316862 0.984024
0.316893 0.984024
0.316944 0.984041
0.316985 0.984057
0.317016 0.984057
0.317057 0.984057
0.317149 0.984057
0.317221 0.984074
0.317252 0.984091
0.317334 0.984091
0.317416 0.984108
0.317447 0.984141
0.317529 0.984141
0.317560 0.984158
0.317611 0.984158
0.317631 0.984158
0.317724 0.984174
0.317734 0.984174
0.317785 0.984174
0.317867 0.984191
0.317888 0.984191
0.317918 0.984191
0.317980 0.984191
0.318011 0.984208
0.318021 0.984208
0.318072 0.984208
0.318083 0.984208
0.318154 0.984208
0.318216 0.984225
0.318267 0.984225
0.318308 0.984225
0.318359 0.984258
0.318421 0.984258
0.318472 0.984258
0.318482 0.984258
0.318534 0.984258
0.318595 0.984258
0.318667 0.984258
0.318759 0.984258
0.318790 0.984258
0.318852 0.984275
0.318944 0.984275
0.319005 0.984275
0.319036 0.984275
0.319108 0.984275
0.319149 0.984275
0.319190 0.984291
0.319241 0.984291
0.319262 0.984308
0.319354 0.984308
0.319436 0.984308
0.319457 0.984308
0.319518 0.984308
0.319580 0.984325
0.319610 0.984342
0.319672 0.984342
0.319723 0.984358
0.319877 0.984358
0.319938 0.984358
0.319990 0.984375
0.320010 0.984375
0.320051 0.984375
0.320123 0.984392
0.320195 0.984392
0.320236 0.984392
0.320267 0.984442
0.320359 0.984442
0.320400 0.984459
0.320441 0.984459
0.320472 0.984459
0.320523 0.984459
0.320554 0.984459
0.320615 0.984492
0.320656 0.984509
0.320687 0.984509
0.320728 0.984542
0.320779 0.984559
0.320810 0.984559
0.320861 0.984559
0.320923 0.984559
0.320943 0.984559
0.321025 0.984559
0.321107 0.984559
0.321200 0.984559
0.321271 0.984559
0.321312 0.984559
0.321374 0.984576
0.321436 0.984576
0.321477 0.984576
0.321497 0.984592
0.321589 0.984609
0.321610 0.984609
0.321661 0.984609
0.321692 0.984609
0.321702 0.984609
0.321733 0.984626
0.321753 0.984626
0.321805 0.984626
0.321835 0.984626
0.321887 0.984626
0.321907 0.984626
0.321958 0.984626
0.322020 0.984626
0.322071 0.984626
0.322153 0.984626
0.322225 0.984626
0.322246 0.984626
0.322276 0.984626
0.322287 0.984642
0.322307 0.984642
0.322338 0.984642
0.322389 0.984642
0.322430 0.984642
0.322461 0.984642
0.322512 0.984659
0.322574 0.984659
0.322584 0.984659
0.322707 0.984659
0.322789 0.984659
0.322810 0.984676
0.322851 0.984676
0.322871 0.984709
0.322902 0.984709
0.322963 0.984709
0.323004 0.984709
0.323025 0.984709
0.323066 0.984709
0.323086 0.984709
0.323117 0.984709
0.323189 0.984726
0.323209 0.984743
0.323271 0.984743
0.323302 0.984743
0.323373 0.984743
0.323435 0.984759
0.323456 0.984759
0.323466 0.984759
0.323527 0.984809
0.323630 0.984809
0.323640 0.984809
0.323722 0.984826
0.323763 0.984826
0.323814 0.984843
0.323866 0.984843
0.323927 0.984860
0.324081 0.984860
0.324143 0.984876
0.324184 0.984893
0.324214 0.984893
0.324245 0.984910
0.324317 0.984943
0.324358 0.984943
0.324430 0.984943
0.324460 0.984943
0.324481 0.984943
0.324573 0.984977
0.324614 0.984977
0.324768 0.984977
0.324860 0.984993
0.324901 0.984993
0.324994 0.984993
0.325024 0.984993
0.325076 0.985010
0.325137 0.985010
0.325209 0.985027
0.325229 0.985043
0.325260 0.985043
0.325270 0.985060
0.325322 0.985094
0.325363 0.985094
0.325414 0.985094
0.325476 0.985110
0.325558 0.985110
0.325650 0.985110
0.325701 0.985127
0.325752 0.985127
0.325824 0.985160
0.325865 0.985160
0.325916 0.985177
0.326009 0.985177
0.326039 0.985194
0.326080 0.985211
0.326173 0.985211
0.326245 0.985211
0.326286 0.985211
0.326306 0.985211
0.326429 0.985244
0.326491 0.985244
0.326532 0.985244
0.326562 0.985261
0.326767 0.985261
0.326798 0.985277
0.326809 0.985277
0.326829 0.985277
0.326911 0.985294
0.326973 0.985294
0.327044 0.985311
0.327188 0.985311
0.327219 0.985311
0.327260 0.985311
0.327311 0.985328
0.327331 0.985328
0.327413 0.985328
0.327506 0.985328
0.327578 0.985328
0.327629 0.985328
0.327680 0.985344
0.327752 0.985344
0.327783 0.985344
0.327834 0.985344
0.327885 0.985361
0.327916 0.985378
0.327936 0.985378
0.327977 0.985378
0.327998 0.985378
0.328059 0.985378
0.328100 0.985378
0.328152 0.985378
0.328183 0.985378
0.328203 0.985378
0.328275 0.985378
0.328316 0.985378
0.328326 0.985378
0.328449 0.985378
0.328490 0.985394
0.328572 0.985394
0.328613 0.985411
0.328695 0.985411
0.328746 0.985411
0.328757 0.985411
0.328787 0.985411
0.328808 0.985411
0.328870 0.985411
0.328941 0.985411
0.329023 0.985428
0.329085 0.985428
0.329136 0.985428
0.329259 0.985428
0.329372 0.985428
0.329382 0.985428
0.329433 0.985428
0.329495 0.985428
0.329526 0.985428
0.329608 0.985428
0.329649 0.985445
0.329803 0.985445
0.329844 0.985445
0.329915 0.985445
0.329946 0.985461
0.329997 0.985461
0.330038 0.985461
0.330079 0.985478
0.330120 0.985478
0.330172 0.985478
0.330213 0.985511
0.330264 0.985511
0.330305 0.985528
0.330377 0.985545
0.330438 0.985545
0.330490 0.985545
0.330531 0.985545
0.330551 0.985561
0.330592 0.985561
0.330633 0.985578
0.330643 0.985578
0.330746 0.985578
0.330797 0.985595
0.330818 0.985612
0.330869 0.985612
0.330900 0.985628
0.330992 0.985628
0.331054 0.985628
0.331084 0.985628
0.331136 0.985628
0.331177 0.985662
0.331248 0.985662
0.331289 0.985662
0.331361 0.985662
0.331392 0.985662
0.331464 0.985678
0.331515 0.985678
0.331587 0.985695
0.331638 0.985695
0.331669 0.985695
0.331792 0.985695
0.331843 0.985695
0.331874 0.985695
0.331946 0.985712
0.331966 0.985729
0.332048 0.985745
0.332110 0.985762
0.332151 0.985762
0.332212 0.985762
0.332253 0.985762
0.332284 0.985762
0.332325 0.985762
0.332335 0.985762
0.332387 0.985762
0.332397 0.985762
0.332407 0.985779
0.332448 0.985779
0.332479 0.985779
0.332530 0.985779
0.332561 0.985812
0.332612 0.985829
0.332653 0.985846
0.332694 0.985846
0.332745 0.985846
0.332786 0.985846
0.332817 0.985846
0.332920 0.985846
0.332961 0.985846
0.332961 0.985862
0.332981 0.985862
0.333033 0.985879
0.333094 0.985879
0.333166 0.985879
0.333227 0.985929
0.333268 0.985929
0.333279 0.985929
0.333350 0.985929
0.333371 0.985929
0.333412 0.985929
0.333514 0.985929
0.333535 0.985929
0.333576 0.985946
0.333648 0.985946
0.333771 0.985946
0.333812 0.985963
0.333873 0.985996
0.333955 0.985996
0.333996 0.985996
0.334089 0.986013
0.334109 0.986013
0.334119 0.986013
0.334171 0.986029
0.334191 0.986029
0.334232 0.986029
0.334253 0.986029
0.334314 0.986046
0.334376 0.986046
0.334417 0.986046
0.334427 0.986046
0.334540 0.986046
0.334571 0.986046
0.334612 0.986046
0.334694 0.986046
0.334724 0.986046
0.334765 0.986046
0.334837 0.986063
0.334868 0.986080
0.334899 0.986080
0.334971 0.986080
0.335053 0.986080
0.335073 0.986096
0.335155 0.986096
0.335176 0.986096
0.335227 0.986096
0.335278 0.986113
0.335381 0.986113
0.335422 0.986113
0.335524 0.986113
0.335565 0.986113
0.335596 0.986113
0.335647 0.986113
0.335678 0.986113
0.335719 0.986113
0.335822 0.986113
0.335873 0.986113
0.335914 0.986113
0.335975 0.986113
0.336047 0.986113
0.336068 0.986130
0.336150 0.986130
0.336170 0.986130
0.336180 0.986130
0.336201 0.986130
0.336221 0.986146
0.336304 0.986146
0.336345 0.986146
0.336375 0.986146
0.336457 0.986146
0.336468 0.986146
0.336519 0.986146
0.336560 0.986163
0.336601 0.986163
0.336621 0.986197
0.336642 0.986197
0.336724 0.986197
0.336755 0.986197
0.336775 0.986197
0.336816 0.986213
0.336857 0.986213
0.336950 0.986213
0.337032 0.986230
0.337083 0.986247
0.337103 0.986247
0.337134 0.986247
0.337216 0.986247
0.337278 0.986247
0.337308 0.986263
0.337360 0.986280
0.337390 0.986280
0.337431 0.986297
0.337462 0.986314
0.337493 0.986314
0.337544 0.986314
0.337595 0.986347
0.337606 0.986347
0.337667 0.986347
0.337739 0.986364
0.337790 0.986364
0.337842 0.986380
0.337872 0.986380
0.337913 0.986397
0.337944 0.986397
0.337985 0.986397
0.338016 0.986397
0.338057 0.986397
0.338088 0.986397
0.338180 0.986397
0.338231 0.986397
0.338293 0.986397
0.338344 0.986414
0.338426 0.986447
0.338447 0.986447
0.338508 0.986464
0.338559 0.986464
0.338631 0.986464
0.338672 0.986481
0.338734 0.986497
0.338754 0.986497
0.338836 0.986497
0.338857 0.986497
0.338918 0.986514
0.339031 0.986547
0.339093 0.986547
0.339103 0.986547
0.339175 0.986547
0.339226 0.986547
0.339298 0.986547
0.339318 0.986564
0.339359 0.986564
0.339390 0.986581
0.339431 0.986581
0.339503 0.986598
0.339585 0.986598
0.339646 0.986598
0.339667 0.986598
0.339728 0.986614
0.339749 0.986614
0.339780 0.986631
0.339831 0.986648
0.339841 0.986648
0.339882 0.986664
0.339892 0.986664
0.339974 0.986664
0.340046 0.986664
0.340108 0.986664
0.340190 0.986664
0.340282 0.986664
0.340364 0.986664
0.340385 0.986664
0.340487 0.986664
0.340508 0.986698
0.340528 0.986715
0.340590 0.986715
0.340641 0.986715
0.340702 0.986715
0.340743 0.986731
0.340784 0.986731
0.340836 0.986765
0.340918 0.986765
0.340969 0.986765
0.341010 0.986765
0.341041 0.986765
0.341092 0.986781
0.341164 0.986781
0.341195 0.986781
0.341287 0.986781
0.341389 0.986781
0.341400 0.986781
0.341584 0.986781
0.341635 0.986798
0.341697 0.986798
0.341728 0.986815
0.341789 0.986815
0.341841 0.986815
0.341871 0.986815
0.341912 0.986815
0.341953 0.986832
0.341964 0.986832
0.342015 0.986832
0.342046 0.986848
0.342076 0.986848
0.342138 0.986848
0.342169 0.986848
0.342353 0.986848
0.342456 0.986848
0.342497 0.986848
0.342599 0.986848
0.342681 0.986848
0.342733 0.986848
0.342753 0.986865
0.342784 0.986865
0.342866 0.986882
0.342948 0.986882
0.342948 0.986898
0.342999 0.986898
0.343081 0.986898
0.343102 0.986915
0.343143 0.986915
0.343225 0.986915
0.343286 0.986915
0.343389 0.986915
0.343420 0.986915
0.343532 0.986915
0.343625 0.986915
0.343676 0.986915
0.343758 0.986915
0.343799 0.986932
0.343871 0.986932
0.343881 0.986932
0.343963 0.986932
0.344025 0.986932
0.344045 0.986932
0.344117 0.986932
0.344137 0.986932
0.344189 0.986932
0.344332 0.986932
0.344353 0.986932
0.344414 0.986949
0.344476 0.986949
0.344537 0.986949
0.344568 0.986965
0.344640 0.986982
0.344691 0.986982
0.344773 0.986982
0.344794 0.986982
0.344845 0.986999
0.344886 0.987032
0.344906 0.987049
0.344927 0.987049
0.344958 0.987066
0.344999 0.987066
0.345060 0.987116
0.345142 0.987116
0.345194 0.987116
0.345265 0.987116
0.345347 0.987116
0.345399 0.987132
0.345450 0.987132
0.345491 0.987149
0.345532 0.987149
0.345583 0.987149
0.345675 0.987149
0.345696 0.987149
0.345757 0.987149
0.345870 0.987149
0.345942 0.987149
0.345963 0.987166
0.346034 0.987166
0.346086 0.987166
0.346147 0.987166
0.346188 0.987166
0.346198 0.987166
0.346219 0.987166
0.346250 0.987166
0.346342 0.987166
0.346373 0.987166
0.346393 0.987166
0.346434 0.987166
0.346465 0.987166
0.346475 0.987182
0.346537 0.987216
0.346547 0.987216
0.346639 0.987233
0.346742 0.987249
0.346793 0.987249
0.346803 0.987249
0.346855 0.987266
0.346885 0.987266
0.346947 0.987266
0.347080 0.987266
0.347111 0.987283
0.347162 0.987283
0.347193 0.987299
0.347275 0.987299
0.347306 0.987299
0.347419 0.987299
0.347480 0.987333
0.347501 0.987333
0.347552 0.987333
0.347593 0.987333
0.347675 0.987333
0.347747 0.987333
0.347777 0.987333
0.347849 0.987333
0.347911 0.987333
0.348034 0.987333
0.348177 0.987333
0.348198 0.987350
0.348239 0.987350
0.348259 0.987350
0.348290 0.987350
0.348372 0.987366
0.348403 0.987366
0.348454 0.987366
0.348475 0.987366
0.348557 0.987383
0.348598 0.987383
0.348629 0.987383
0.348639 0.987416
0.348721 0.987433
0.348741 0.987433
0.348823 0.987433
0.348905 0.987450
0.348946 0.987467
0.348987 0.987467
0.349059 0.987467
0.349080 0.987500
0.349100 0.987517
0.349162 0.987533
0.349193 0.987533
0.349295 0.987533
0.349326 0.987533
0.349439 0.987533
0.349469 0.987533
0.349490 0.987533
0.349572 0.987533
0.349623 0.987550
0.349685 0.987567
0.349715 0.987567
0.349767 0.987567
0.349828 0.987567
0.349839 0.987567
0.349910 0.987567
0.349931 0.987567
0.349941 0.987567
0.349972 0.987567
0.350033 0.987567
0.350054 0.987584
0.350115 0.987584
0.350156 0.987600
0.350197 0.987600
0.350249 0.987600
0.350269 0.987600
0.350320 0.987600
0.350402 0.987600
0.350443 0.987634
0.350505 0.987634
0.350536 0.987634
0.350608 0.987634
0.350618 0.987650
0.350638 0.987650
0.350700 0.987650
0.350751 0.987650
0.350813 0.987650
0.350864 0.987650
0.350895 0.987667
0.350936 0.987684
0.350956 0.987701
0.351048 0.987701
0.351079 0.987701
0.351141 0.987701
0.351233 0.987701
0.351336 0.987701
0.351438 0.987701
0.351500 0.987701
0.351520 0.987701
0.351571 0.987701
0.351694 0.987701
0.351735 0.987701
0.351766 0.987717
0.351797 0.987717
0.351858 0.987717
0.351889 0.987717
0.351930 0.987717
0.351982 0.987734
0.352023 0.987734
0.352125 0.987751
0.352156 0.987751
0.352207 0.987751
0.352248 0.987767
0.352269 0.987767
0.352289 0.987784
0.352340 0.987784
0.352433 0.987784
0.352504 0.987818
0.352566 0.987834
0.352607 0.987851
0.352689 0.987868
0.352720 0.987884
0.352771 0.987884
0.352822 0.987901
0.352853 0.987901
0.352915 0.987901
0.353027 0.987901
0.353089 0.987934
0.353130 0.987934
0.353222 0.987985
0.353284 0.987985
0.353335 0.987985
0.353366 0.987985
0.353407 0.987985
0.353458 0.988001
0.353509 0.988001
0.353571 0.988001
0.353591 0.988018
0.353632 0.988018
0.353694 0.988035
0.353755 0.988035
0.353776 0.988035
0.353858 0.988035
0.353889 0.988035
0.353961 0.988051
0.354022 0.988051
0.354053 0.988068
0.354125 0.988068
0.354176 0.988068
0.354217 0.988068
0.354268 0.988068
0.354309 0.988068
0.354371 0.988068
0.354391 0.988068
0.354442 0.988068
0.354483 0.988068
0.354494 0.988068
0.354555 0.988068
0.354648 0.988068
0.354730 0.988085
0.354771 0.988085
0.354873 0.988085
0.354894 0.988135
0.354976 0.988135
0.354996 0.988135
0.355037 0.988135
0.355099 0.988135
0.355170 0.988135
0.355273 0.988135
0.355314 0.988152
0.355365 0.988168
0.355386 0.988168
0.355447 0.988168
0.355499 0.988185
0.355540 0.988185
0.355663 0.988185
0.355745 0.988185
0.355847 0.988185
0.355898 0.988202
0.355950 0.988235
0.355991 0.988235
0.356011 0.988252
0.356073 0.988252
0.356083 0.988252
0.356165 0.988252
0.356216 0.988252
0.356247 0.988269
0.356309 0.988269
0.356319 0.988269
0.356360 0.988269
0.356380 0.988269
0.356442 0.988269
0.356483 0.988269
0.356514 0.988269
0.356534 0.988285
0.356585 0.988285
0.356627 0.988285
0.356647 0.988285
0.356668 0.988302
0.356739 0.988302
0.356760 0.988302
0.356832 0.988302
0.356883 0.988302
0.356903 0.988302
0.356985 0.988302
0.357057 0.988302
0.357067 0.988302
0.357119 0.988302
0.357160 0.988302
0.357252 0.988302
0.357314 0.988302
0.357426 0.988302
0.357447 0.988319
0.357508 0.988336
0.357549 0.988336
0.357590 0.988369
0.357621 0.988386
0.357693 0.988386
0.357724 0.988386
0.357754 0.988402
0.357775 0.988402
0.357816 0.988402
0.357836 0.988402
0.357939 0.988402
0.358011 0.988402
0.358052 0.988419
0.358093 0.988419
0.358144 0.988419
0.358165 0.988419
0.358195 0.988419
0.358226 0.988436
0.358277 0.988436
0.358318 0.988436
0.358329 0.988436
0.358370 0.988436
0.358421 0.988436
0.358667 0.988436
0.358688 0.988436
0.358749 0.988436
0.358800 0.988436
0.358841 0.988436
0.358893 0.988436
0.358934 0.988453
0.359005 0.988469
0.359036 0.988469
0.359046 0.988469
0.359087 0.988469
0.359149 0.988469
0.359262 0.988469
0.359364 0.988469
0.359416 0.988486
0.359457 0.988486
0.359487 0.988503
0.359580 0.988503
0.359610 0.988503
0.359682 0.988503
0.359733 0.988503
0.359733 0.988519
0.359795 0.988536
0.359815 0.988536
0.359867 0.988536
0.359938 0.988570
0.359990 0.988570
0.360113 0.988570
0.360133 0.988586
0.360164 0.988586
0.360185 0.988586
0.360246 0.988586
0.360287 0.988603
0.360308 0.988603
0.360379 0.988653
0.360441 0.988670
0.360472 0.988670
0.360513 0.988670
0.360554 0.988686
0.360584 0.988686
0.360677 0.988686
0.360708 0.988686
0.360749 0.988703
0.360810 0.988703
0.360820 0.988703
0.360861 0.988703
0.360902 0.988720
0.360943 0.988720
0.361005 0.988720
0.361036 0.988720
0.361128 0.988720
0.361179 0.988720
0.361251 0.988720
0.361312 0.988720
0.361333 0.988720
0.361364 0.988753
0.361425 0.988753
0.361466 0.988753
0.361538 0.988753
0.361579 0.988753
0.361600 0.988753
0.361641 0.988753
0.361671 0.988753
0.361743 0.988753
0.361774 0.988753
0.361835 0.988753
0.361907 0.988753
0.361948 0.988753
0.361979 0.988753
0.361999 0.988753
0.362071 0.988753
0.362153 0.988787
0.362225 0.988820
0.362307 0.988820
0.362348 0.988820
0.362410 0.988820
0.362440 0.988837
0.362451 0.988837
0.362502 0.988837
0.362574 0.988837
0.362625 0.988837
0.362635 0.988837
0.362656 0.988837
0.362676 0.988854
0.362717 0.988854
0.362799 0.988854
0.362830 0.988887
0.362881 0.988887
0.362943 0.988904
0.362953 0.988937
0.363004 0.988937
0.363045 0.988937
0.363107 0.988937
0.363158 0.988937
0.363230 0.988937
0.363271 0.988937
0.363291 0.988937
0.363312 0.988954
0.363332 0.988954
0.363384 0.988954
0.363415 0.988954
0.363435 0.988954
0.363579 0.988954
0.363681 0.988954
0.363804 0.988954
0.363855 0.988971
0.363866 0.988971
0.363907 0.988971
0.364009 0.988971
0.364112 0.988971
0.364214 0.988987
0.364266 0.988987
0.364276 0.988987
0.364358 0.989004
0.364378 0.989004
0.364450 0.989004
0.364460 0.989004
0.364501 0.989037
0.364563 0.989037
0.364573 0.989037
0.364604 0.989037
0.364645 0.989037
0.364665 0.989037
0.364696 0.989037
0.364758 0.989037
0.364799 0.989037
0.364850 0.989037
0.364860 0.989054
0.364932 0.989088
0.365055 0.989088
0.365096 0.989088
0.365127 0.989088
0.365188 0.989088
0.365270 0.989088
0.365311 0.989088
0.365363 0.989088
0.365373 0.989088
0.365465 0.989088
0.365506 0.989088
0.365568 0.989088
0.365568 0.989121
0.365609 0.989138
0.365691 0.989138
0.365732 0.989154
0.365793 0.989171
0.365865 0.989171
0.365927 0.989171
0.365998 0.989205
0.366039 0.989205
0.366060 0.989205
0.366173 0.989205
0.366183 0.989205
0.366255 0.989205
0.366337 0.989205
0.366368 0.989205
0.366409 0.989205
0.366491 0.989205
0.366532 0.989205
0.366542 0.989221
0.366593 0.989221
0.366716 0.989221
0.366737 0.989221
0.366757 0.989221
0.366778 0.989221
0.366809 0.989221
0.366860 0.989221
0.366901 0.989221
0.366932 0.989238
0.366983 0.989238
0.366993 0.989238
0.367044 0.989255
0.367147 0.989255
0.367229 0.989255
0.367290 0.989271
0.367321 0.989288
0.367342 0.989288
0.367352 0.989288
0.367424 0.989288
0.367454 0.989288
0.367475 0.989288
0.367557 0.989288
0.367639 0.989305
0.367649 0.989305
0.367742 0.989305
0.367783 0.989305
0.367875 0.989305
0.367895 0.989305
0.367906 0.989305
0.367957 0.989305
0.367977 0.989305
0.368029 0.989305
0.368059 0.989322
0.368172 0.989322
0.368295 0.989322
0.368326 0.989322
0.368398 0.989322
0.368439 0.989338
0.368470 0.989338
0.368511 0.989355
0.368541 0.989355
0.368613 0.989355
0.368675 0.989355
0.368726 0.989355
0.368808 0.989355
0.368870 0.989355
0.368921 0.989355
0.369003 0.989355
0.369013 0.989355
0.369034 0.989355
0.369085 0.989355
0.369095 0.989355
0.369116 0.989355
0.369187 0.989355
0.369208 0.989372
0.369239 0.989405
0.369290 0.989405
0.369300 0.989439
0.369372 0.989455
0.369423 0.989455
0.369495 0.989455
0.369546 0.989455
0.369628 0.989455
0.369741 0.989455
0.369792 0.989455
0.369833 0.989455
0.369854 0.989455
0.369915 0.989489
0.369956 0.989489
0.370059 0.989489
0.370090 0.989505
0.370131 0.989505
0.370161 0.989505
0.370203 0.989522
0.370213 0.989522
0.370295 0.989522
0.370326 0.989522
0.370346 0.989522
0.370377 0.989522
0.370428 0.989522
0.370490 0.989539
0.370541 0.989539
0.370602 0.989539
0.370674 0.989555
0.370746 0.989555
0.370787 0.989555
0.370910 0.989555
0.370982 0.989555
0.371043 0.989572
0.371105 0.989572
0.371115 0.989572
0.371177 0.989572
0.371218 0.989572
0.371238 0.989572
0.371300 0.989572
0.371330 0.989589
0.371361 0.989589
0.371412 0.989589
0.371423 0.989589
0.371474 0.989589
0.371566 0.989589
0.371597 0.989589
0.371638 0.989606
0.371659 0.989606
0.371730 0.989606
0.371761 0.989606
0.371802 0.989606
0.371843 0.989622
0.371935 0.989622
0.371976 0.989622
0.372017 0.989639
0.372089 0.989639
0.372130 0.989639
0.372212 0.989639
0.372253 0.989639
0.372294 0.989672
0.372335 0.989672
0.372366 0.989672
0.372387 0.989672
0.372469 0.989689
0.372520 0.989689
0.372612 0.989706
0.372643 0.989706
0.372704 0.989706
0.372735 0.989706
0.372745 0.989723
0.372766 0.989723
0.372797 0.989723
0.372858 0.989723
0.372879 0.989723
0.372940 0.989723
0.372981 0.989723
0.373074 0.989723
0.373115 0.989723
0.373217 0.989723
0.373309 0.989723
0.373371 0.989723
0.373402 0.989723
0.373473 0.989723
0.373514 0.989739
0.373555 0.989739
0.373607 0.989739
0.373648 0.989756
0.373668 0.989756
0.373791 0.989756
0.373812 0.989773
0.373894 0.989773
0.373935 0.989773
0.374017 0.989773
0.374048 0.989773
0.374089 0.989773
0.374140 0.989789
0.374181 0.989789
0.374232 0.989789
0.374304 0.989789
0.374314 0.989789
0.374345 0.989789
0.374366 0.989789
0.374427 0.989789
0.374468 0.989789
0.374519 0.989789
0.374530 0.989806
0.374571 0.989806
0.374591 0.989823
0.374612 0.989823
0.374653 0.989823
0.374765 0.989840
0.374817 0.989856
0.374847 0.989873
0.374888 0.989890
0.374940 0.989890
0.374981 0.989890
0.375042 0.989890
0.375094 0.989890
0.375135 0.989890
0.375196 0.989890
0.375237 0.989906
0.375422 0.989906
0.375432 0.989906
0.375483 0.989906
0.375524 0.989906
0.375586 0.989906
0.375627 0.989906
0.375688 0.989923
0.375729 0.989923
0.375750 0.989923
0.375822 0.989923
0.375863 0.989923
0.375893 0.989923
0.375934 0.989923
0.375955 0.989923
0.376016 0.989923
0.376057 0.989923
0.376088 0.989923
0.376129 0.989923
0.376201 0.989923
0.376221 0.989923
0.376283 0.989923
0.376334 0.989923
0.376375 0.989923
0.376457 0.989923
0.376468 0.989923
0.376529 0.989940
0.376611 0.989940
0.376632 0.989973
0.376673 0.989973
0.376734 0.989973
0.376837 0.989973
0.376857 0.989973
0.376888 0.989973
0.376898 0.989973
0.376950 0.989973
0.376991 0.989990
0.377021 0.989990
0.377062 0.989990
0.377124 0.990007
0.377206 0.990007
0.377257 0.990007
0.377360 0.990007
0.377380 0.990023
0.377390 0.990023
0.377462 0.990040
0.377513 0.990040
0.377524 0.990040
0.377565 0.990057
0.377626 0.990057
0.377729 0.990057
0.377780 0.990057
0.377821 0.990057
0.377913 0.990057
0.377985 0.990057
0.378098 0.990057
0.378149 0.990057
0.378180 0.990057
0.378221 0.990107
0.378221 0.990124
0.378231 0.990124
0.378272 0.990124
0.378303 0.990124
0.378324 0.990124
0.378406 0.990124
0.378498 0.990140
0.378539 0.990157
0.378570 0.990157
0.378611 0.990174
0.378631 0.990174
0.378723 0.990191
0.378734 0.990191
0.378816 0.990191
0.378846 0.990191
0.378898 0.990191
0.378990 0.990207
0.379011 0.990207
0.379041 0.990207
0.379093 0.990241
0.379134 0.990241
0.379185 0.990241
0.379226 0.990257
0.379287 0.990257
0.379369 0.990257
0.379431 0.990257
0.379513 0.990274
0.379595 0.990274
0.379667 0.990291
0.379739 0.990291
0.379769 0.990307
0.379841 0.990307
0.379892 0.990324
0.379964 0.990341
0.380036 0.990341
0.380077 0.990341
0.380118 0.990341
0.380149 0.990341
0.380220 0.990341
0.380251 0.990341
0.380323 0.990341
0.380364 0.990341
0.380415 0.990341
0.380456 0.990341
0.380528 0.990341
0.380569 0.990341
0.380590 0.990341
0.380661 0.990341
0.380713 0.990341
0.380795 0.990341
0.380856 0.990341
0.380887 0.990358
0.380907 0.990358
0.380959 0.990374
0.381041 0.990374
0.381092 0.990374
0.381113 0.990374
0.381123 0.990374
0.381184 0.990374
0.381318 0.990374
0.381369 0.990374
0.381441 0.990374
0.381482 0.990374
0.381502 0.990374
0.381646 0.990374
0.381656 0.990374
0.381718 0.990374
0.381748 0.990374
0.381820 0.990374
0.381871 0.990374
0.381912 0.990374
0.381943 0.990374
0.381994 0.990391
0.382046 0.990391
0.382056 0.990391
0.382128 0.990408
0.382169 0.990408
0.382210 0.990408
0.382312 0.990408
0.382343 0.990441
0.382353 0.990458
0.382394 0.990491
0.382425 0.990491
0.382548 0.990491
0.382620 0.990491
0.382630 0.990491
0.382651 0.990491
0.382692 0.990491
0.382722 0.990491
0.382794 0.990558
0.382856 0.990558
0.382958 0.990558
0.382979 0.990558
0.383009 0.990558
0.383050 0.990558
0.383081 0.990558
0.383163 0.990558
0.383225 0.990558
0.383266 0.990558
0.383297 0.990575
0.383338 0.990575
0.383368 0.990575
0.383399 0.990592
0.383430 0.990592
0.383481 0.990592
0.383532 0.990608
0.383635 0.990608
0.383707 0.990608
0.383758 0.990608
0.383789 0.990608
0.383871 0.990608
0.383902 0.990608
0.383973 0.990608
0.384076 0.990608
0.384117 0.990608
0.384168 0.990608
0.384199 0.990608
0.384271 0.990625
0.384312 0.990625
0.384414 0.990625
0.384486 0.990642
0.384548 0.990642
0.384599 0.990642
0.384640 0.990642
0.384691 0.990642
0.384701 0.990658
0.384753 0.990658
0.384783 0.990675
0.384865 0.990675
0.384927 0.990675
0.384978 0.990675
0.385060 0.990675
0.385183 0.990675
0.385235 0.990675
0.385327 0.990675
0.385347 0.990675
0.385399 0.990692
0.385460 0.990709
0.385563 0.990709
0.385593 0.990709
0.385686 0.990709
0.385727 0.990725
0.385737 0.990725
0.385829 0.990725
0.385891 0.990742
0.385901 0.990742
0.385932 0.990742
0.386014 0.990742
0.386034 0.990759
0.386127 0.990759
0.386209 0.990759
0.386311 0.990759
0.386496 0.990759
0.386516 0.990759
0.386598 0.990759
0.386629 0.990759
0.386680 0.990792
0.386752 0.990809
0.386793 0.990809
0.386844 0.990826
0.386896 0.990826
0.386916 0.990826
0.386947 0.990826
0.386998 0.990826
0.387039 0.990826
0.387070 0.990826
0.387132 0.990826
0.387162 0.990826
0.387244 0.990826
0.387275 0.990842
0.387296 0.990842
0.387398 0.990842
0.387439 0.990842
0.387460 0.990842
0.387470 0.990842
0.387542 0.990842
0.387593 0.990859
0.387613 0.990859
0.387726 0.990859
0.387798 0.990859
0.387839 0.990859
0.387880 0.990876
0.387931 0.990892
0.387972 0.990892
0.388024 0.990892
0.388116 0.990892
0.388188 0.990909
0.388229 0.990909
0.388300 0.990909
0.388321 0.990909
0.388382 0.990909
0.388444 0.990909
0.388495 0.990909
0.388536 0.990909
0.388577 0.990926
0.388639 0.990926
0.388670 0.990959
0.388772 0.990959
0.388823 0.990959
0.388864 0.990959
0.388957 0.990959
0.389059 0.990959
0.389080 0.990959
0.389121 0.990959
0.389182 0.990959
0.389254 0.990959
0.389295 0.990959
0.389346 0.990959
0.389377 0.990959
0.389439 0.990959
0.389480 0.990959
0.389500 0.990976
0.389562 0.990976
0.389603 0.990993
0.389674 0.990993
0.389726 0.990993
0.389756 0.990993
0.389787 0.991009
0.389849 0.991009
0.389921 0.991009
0.389951 0.991009
0.390003 0.991009
0.390044 0.991009
0.390115 0.991009
0.390167 0.991009
0.390208 0.991009
0.390238 0.991009
0.390310 0.991009
0.390402 0.991009
0.390484 0.991009
0.390526 0.991009
0.390669 0.991009
0.390720 0.991009
0.390782 0.991026
0.390864 0.991026
0.390946 0.991026
0.391028 0.991026
0.391069 0.991043
0.391130 0.991043
0.391202 0.991043
0.391254 0.991043
0.391264 0.991043
0.391295 0.991043
0.391366 0.991043
0.391459 0.991043
0.391520 0.991043
0.391561 0.991043
0.391571 0.991043
0.391612 0.991043
0.391684 0.991043
0.391715 0.991043
0.391766 0.991043
0.391838 0.991043
0.391869 0.991043
0.391900 0.991076
0.391941 0.991076
0.392023 0.991076
0.392084 0.991076
0.392156 0.991076
0.392279 0.991076
0.392371 0.991093
0.392392 0.991093
0.392474 0.991093
0.392525 0.991093
0.392689 0.991093
0.392720 0.991093
0.392792 0.991093
0.392812 0.991093
0.392853 0.991093
0.392915 0.991093
0.392956 0.991093
0.392976 0.991093
0.393079 0.991093
0.393089 0.991093
0.393109 0.991093
0.393150 0.991093
0.393212 0.991093
0.393253 0.991093
0.393315 0.991093
0.393356 0.991093
0.393397 0.991110
0.393458 0.991126
0.393489 0.991143
0.393520 0.991143
0.393571 0.991143
0.393612 0.991143
0.393694 0.991193
0.393766 0.991193
0.393796 0.991210
0.393817 0.991210
0.393899 0.991210
0.393950 0.991210
0.393971 0.991210
0.394012 0.991227
0.394073 0.991227
0.394125 0.991227
0.394166 0.991227
0.394196 0.991243
0.394227 0.991243
0.394248 0.991260
0.394289 0.991277
0.394350 0.991293
0.394371 0.991293
0.394432 0.991293
0.394453 0.991293
0.394514 0.991293
0.394576 0.991293
0.394617 0.991293
0.394689 0.991293
0.394740 0.991293
0.394822 0.991310
0.394894 0.991310
0.394914 0.991327
0.394935 0.991327
0.394945 0.991327
0.395006 0.991327
0.395037 0.991327
0.395099 0.991327
0.395150 0.991327
0.395252 0.991327
0.395304 0.991327
0.395345 0.991327
0.395406 0.991327
0.395458 0.991327
0.395540 0.991344
0.395601 0.991344
0.395663 0.991360
0.395693 0.991360
0.395714 0.991377
0.395786 0.991377
0.395940 0.991377
0.395981 0.991394
0.396042 0.991394
0.396104 0.991394
0.396145 0.991394
0.396216 0.991394
0.396237 0.991394
0.396309 0.991394
0.396329 0.991394
0.396401 0.991410
0.396452 0.991410
0.396483 0.991410
0.396524 0.991410
0.396544 0.991410
0.396585 0.991410
0.396596 0.991410
0.396668 0.991444
0.396719 0.991461
0.396729 0.991461
0.396770 0.991477
0.396821 0.991494
0.396965 0.991494
0.397026 0.991494
0.397108 0.991494
0.397129 0.991494
0.397139 0.991511
0.397242 0.991511
0.397262 0.991511
0.397324 0.991511
0.397396 0.991511
0.397457 0.991511
0.397478 0.991511
0.397539 0.991511
0.397611 0.991511
0.397683 0.991527
0.397744 0.991527
0.397795 0.991544
0.397877 0.991544
0.397898 0.991544
0.397939 0.991544
0.397970 0.991544
0.398011 0.991544
0.398021 0.991561
0.398072 0.991561
0.398154 0.991561
0.398226 0.991561
0.398288 0.991561
0.398359 0.991561
0.398390 0.991561
0.398441 0.991561
0.398523 0.991561
0.398554 0.991561
0.398605 0.991561
0.398647 0.991561
0.398657 0.991561
0.398688 0.991578
0.398698 0.991578
0.398749 0.991578
0.398811 0.991611
0.398862 0.991611
0.398934 0.991628
0.398954 0.991628
0.399005 0.991628
0.399046 0.991628
0.399098 0.991628
0.399139 0.991644
0.399210 0.991644
0.399231 0.991644
0.399282 0.991644
0.399292 0.991661
0.399436 0.991661
0.399457 0.991661
0.399528 0.991661
0.399590 0.991678
0.399621 0.991678
0.399641 0.991678
0.399692 0.991695
0.399713 0.991695
0.399764 0.991695
0.399826 0.991711
0.399836 0.991711
0.399856 0.991728
0.399897 0.991728
0.399938 0.991761
0.399990 0.991778
0.400041 0.991778
0.400072 0.991778
0.400092 0.991778
0.400154 0.991778
0.400195 0.991778
0.400226 0.991811
0.400267 0.991828
0.400349 0.991828
0.400379 0.991828
0.400420 0.991828
0.400492 0.991828
0.400574 0.991828
0.400615 0.991828
0.400625 0.991828
0.400666 0.991828
0.400728 0.991828
0.400872 0.991828
0.400913 0.991828
0.400984 0.991828
0.401015 0.991828
0.401077 0.991828
0.401107 0.991828
0.401128 0.991862
0.401148 0.991862
0.401210 0.991862
0.401282 0.991895
0.401343 0.991895
0.401395 0.991895
0.401456 0.991895
0.401477 0.991912
0.401528 0.991912
0.401579 0.991928
0.401671 0.991928
0.401794 0.991928
0.401856 0.991928
0.401928 0.991928
0.401948 0.991928
0.402030 0.991928
0.402041 0.991928
0.402123 0.991928
0.402133 0.991928
0.402194 0.991928
0.402235 0.991928
0.402297 0.991928
0.402328 0.991945
0.402430 0.991962
0.402512 0.991979
0.402563 0.991979
0.402645 0.991979
0.402697 0.991979
0.402738 0.991979
0.402779 0.991995
0.402871 0.991995
0.402912 0.991995
0.402943 0.991995
0.402963 0.992012
0.403015 0.992012
0.403045 0.992029
0.403107 0.992029
0.403158 0.992029
0.403179 0.992029
0.403281 0.992029
0.403302 0.992029
0.403343 0.992029
0.403415 0.992045
0.403445 0.992045
0.403609 0.992045
0.403630 0.992045
0.403681 0.992062
0.403763 0.992062
0.403794 0.992062
0.403876 0.992062
0.403937 0.992062
0.403989 0.992062
0.404050 0.992062
0.404081 0.992062
0.404163 0.992062
0.404173 0.992062
0.404235 0.992062
0.404327 0.992079
0.404358 0.992079
0.404501 0.992079
0.404553 0.992079
0.404573 0.992079
0.404624 0.992079
0.404665 0.992096
0.404696 0.992096
0.404748 0.992096
0.404758 0.992096
0.404840 0.992096
0.404891 0.992096
0.404932 0.992096
0.404953 0.992096
0.405024 0.992096
0.405055 0.992096
0.405076 0.992096
0.405147 0.992096
0.405209 0.992096
0.405311 0.992096
0.405342 0.992096
0.405352 0.992096
0.405373 0.992096
0.405527 0.992096
0.405568 0.992096
0.405578 0.992096
0.405619 0.992096
0.405670 0.992096
0.405711 0.992096
0.405804 0.992096
0.405834 0.992096
0.405875 0.992096
0.405937 0.992112
0.406009 0.992112
0.406070 0.992112
0.406091 0.992112
0.406152 0.992112
0.406193 0.992112
0.406265 0.992112
0.406286 0.992112
0.406337 0.992112
0.406378 0.992129
0.406450 0.992129
0.406511 0.992129
0.406562 0.992129
0.406634 0.992146
0.406706 0.992146
0.406809 0.992146
0.406829 0.992146
0.406870 0.992146
0.406891 0.992146
0.406962 0.992146
0.407034 0.992162
0.407096 0.992162
0.407147 0.992162
0.407178 0.992162
0.407198 0.992162
0.407229 0.992179
0.407290 0.992179
0.407321 0.992179
0.407403 0.992179
0.407424 0.992179
0.407434 0.992179
0.407454 0.992179
0.407485 0.992179
0.407537 0.992196
0.407567 0.992229
0.407578 0.992229
0.407701 0.992229
0.407742 0.992246
0.407834 0.992263
0.407895 0.992263
0.407947 0.992263
0.407977 0.992296
0.408008 0.992296
0.408070 0.992296
0.408142 0.992296
0.408254 0.992296
0.408275 0.992296
0.408316 0.992296
0.408347 0.992296
0.408388 0.992296
0.408490 0.992296
0.408531 0.992296
0.408839 0.992296
0.408941 0.992296
0.409003 0.992296
0.409044 0.992296
0.409167 0.992296
0.409198 0.992296
0.409249 0.992313
0.409269 0.992313
0.409300 0.992313
0.409382 0.992313
0.409403 0.992313
0.409454 0.992313
0.409526 0.992313
0.409587 0.992313
0.409618 0.992330
0.409659 0.992330
0.409721 0.992330
0.409772 0.992330
0.409792 0.992330
0.409874 0.992330
0.409936 0.992330
0.409967 0.992330
0.410008 0.992330
0.410049 0.992330
0.410090 0.992346
0.410131 0.992346
0.410182 0.992346
0.410223 0.992346
0.410244 0.992346
0.410346 0.992346
0.410428 0.992363
0.410500 0.992363
0.410551 0.992363
0.410592 0.992363
0.410654 0.992363
0.410684 0.992363
0.410797 0.992363
0.410859 0.992363
0.410941 0.992363
0.410992 0.992363
0.411033 0.992363
0.411125 0.992363
0.411207 0.992363
0.411279 0.992363
0.411341 0.992363
0.411402 0.992396
0.411443 0.992396
0.411546 0.992396
0.411577 0.992396
0.411597 0.992396
0.411648 0.992396
0.411679 0.992396
0.411720 0.992396
0.411771 0.992396
0.411894 0.992396
0.411976 0.992396
0.412069 0.992396
0.412120 0.992396
0.412151 0.992396
0.412274 0.992396
0.412315 0.992396
0.412397 0.992396
0.412407 0.992396
0.412428 0.992396
0.412458 0.992396
0.412561 0.992396
0.412643 0.992396
0.412674 0.992396
0.412715 0.992396
0.412776 0.992396
0.412797 0.992396
0.412838 0.992396
0.412868 0.992396
0.412910 0.992396
0.412992 0.992413
0.413053 0.992413
0.413156 0.992413
0.413197 0.992413
0.413248 0.992413
0.413309 0.992413
0.413340 0.992413
0.413361 0.992413
0.413422 0.992413
0.413463 0.992413
0.413525 0.992413
0.413566 0.992413
0.413597 0.992413
0.413617 0.992413
0.413679 0.992413
0.413709 0.992413
0.413771 0.992413
0.413812 0.992413
0.413822 0.992413
0.413873 0.992413
0.413986 0.992413
0.414058 0.992413
0.414099 0.992413
0.414130 0.992413
0.414181 0.992413
0.414222 0.992413
0.414243 0.992413
0.414294 0.992413
0.414325 0.992413
0.414407 0.992430
0.414458 0.992430
0.414519 0.992430
0.414601 0.992430
0.414673 0.992430
0.414755 0.992430
0.414796 0.992430
0.414847 0.992430
0.414909 0.992430
0.414919 0.992430
0.415032 0.992430
0.415094 0.992430
0.415165 0.992447
0.415227 0.992447
0.415381 0.992447
0.415422 0.992463
0.415442 0.992463
0.415473 0.992463
0.415596 0.992463
0.415627 0.992463
0.415678 0.992463
0.415709 0.992463
0.415740 0.992497
0.415791 0.992497
0.415852 0.992513
0.415904 0.992513
0.415975 0.992513
0.416037 0.992513
0.416057 0.992513
0.416119 0.992513
0.416180 0.992530
0.416201 0.992530
0.416211 0.992547
0.416293 0.992547
0.416345 0.992564
0.416386 0.992564
0.416396 0.992564
0.416427 0.992564
0.416498 0.992580
0.416570 0.992580
0.416662 0.992580
0.416703 0.992580
0.416765 0.992580
0.416857 0.992580
0.416919 0.992580
0.416939 0.992580
0.417062 0.992580
0.417073 0.992580
0.417093 0.992580
0.417103 0.992580
0.417155 0.992580
0.417216 0.992580
0.417267 0.992580
0.417288 0.992580
0.417349 0.992580
0.417390 0.992580
0.417462 0.992580
0.417493 0.992580
0.417565 0.992580
0.417585 0.992580
0.417667 0.992580
0.417739 0.992580
0.417780 0.992614
0.417831 0.992630
0.417883 0.992630
0.418016 0.992630
0.418129 0.992630
0.418159 0.992630
0.418252 0.992630
0.418272 0.992630
0.418303 0.992630
0.418365 0.992630
0.418447 0.992630
0.418477 0.992630
0.418559 0.992630
0.418641 0.992647
0.418652 0.992647
0.418693 0.992647
0.418744 0.992647
0.418805 0.992647
0.418836 0.992647
0.418980 0.992647
0.419011 0.992647
0.419052 0.992647
0.419072 0.992647
0.419123 0.992647
0.419195 0.992647
0.419328 0.992664
0.419349 0.992664
0.419390 0.992664
0.419431 0.992680
0.419472 0.992680
0.419574 0.992680
0.419615 0.992680
0.419667 0.992714
0.419708 0.992714
0.419728 0.992714
0.419800 0.992731
0.419810 0.992731
0.419872 0.992747
0.419892 0.992747
0.419933 0.992747
0.419985 0.992747
0.420026 0.992747
0.420097 0.992747
0.420108 0.992747
0.420159 0.992747
0.420231 0.992747
0.420272 0.992747
0.420364 0.992747
0.420405 0.992747
0.420467 0.992747
0.420477 0.992747
0.420497 0.992747
0.420549 0.992747
0.420651 0.992747
0.420723 0.992747
0.420907 0.992747
0.420918 0.992747
0.420979 0.992747
0.421020 0.992747
0.421082 0.992747
0.421164 0.992747
0.421184 0.992747
0.421225 0.992747
0.421287 0.992747
0.421307 0.992747
0.421379 0.992747
0.421400 0.992747
0.421461 0.992747
0.421543 0.992747
0.421574 0.992764
0.421635 0.992781
0.421676 0.992781
0.421738 0.992781
0.421748 0.992781
0.421810 0.992781
0.421841 0.992781
0.421882 0.992781
0.421923 0.992797
0.422005 0.992797
0.422107 0.992797
0.422148 0.992797
0.422199 0.992797
0.422271 0.992814
0.422312 0.992814
0.422415 0.992814
0.422415 0.992831
0.422517 0.992831
0.422548 0.992831
0.422671 0.992831
0.422702 0.992831
0.422743 0.992831
0.422784 0.992848
0.422845 0.992848
0.422897 0.992848
0.423143 0.992848
0.423194 0.992848
0.423256 0.992848
0.423440 0.992848
0.423512 0.992848
0.423532 0.992848
0.423614 0.992848
0.423696 0.992848
0.423779 0.992848
0.423840 0.992848
0.423871 0.992848
0.423943 0.992848
0.424014 0.992864
0.424055 0.992864
0.424086 0.992864
0.424137 0.992864
0.424178 0.992864
0.424199 0.992864
0.424240 0.992864
0.424301 0.992864
0.424312 0.992864
0.424353 0.992864
0.424476 0.992864
0.424517 0.992864
0.424609 0.992864
0.424619 0.992864
0.424681 0.992864
0.424753 0.992864
0.424804 0.992864
0.424886 0.992864
0.424927 0.992864
0.424958 0.992864
0.424999 0.992864
0.425070 0.992864
0.425132 0.992864
0.425183 0.992864
0.425245 0.992864
0.425255 0.992864
0.425317 0.992864
0.425358 0.992864
0.425429 0.992864
0.425511 0.992864
0.425552 0.992864
0.425614 0.992898
0.425634 0.992898
0.425665 0.992898
0.425686 0.992898
0.425788 0.992898
0.425829 0.992898
0.425891 0.992898
0.425901 0.992898
0.425973 0.992898
0.426055 0.992898
0.426096 0.992898
0.426157 0.992898
0.426260 0.992898
0.426311 0.992898
0.426332 0.992898
0.426352 0.992898
0.426383 0.992898
0.426445 0.992898
0.426486 0.992914
0.426568 0.992931
0.426598 0.992931
0.426619 0.992931
0.426670 0.992931
0.426680 0.992931
0.426701 0.992931
0.426742 0.992931
0.426773 0.992948
0.426834 0.992948
0.426865 0.992948
0.426885 0.992948
0.426957 0.992948
0.427008 0.992948
0.427070 0.992965
0.427090 0.992965
0.427152 0.992965
0.427203 0.992965
0.427224 0.992965
0.427255 0.992965
0.427326 0.992981
0.427378 0.992981
0.427429 0.992998
0.427449 0.992998
0.427490 0.992998
0.427562 0.992998
0.427572 0.992998
0.427593 0.992998
0.427634 0.992998
0.427685 0.992998
0.427716 0.992998
0.427726 0.992998
0.427757 0.992998
0.427777 0.992998
0.427839 0.992998
0.427931 0.992998
0.427993 0.992998
0.428044 0.992998
0.428106 0.993015
0.428157 0.993015
0.428249 0.993031
0.428300 0.993031
0.428321 0.993031
0.428372 0.993031
0.428393 0.993031
0.428444 0.993031
0.428526 0.993031
0.428598 0.993031
0.428659 0.993031
0.428762 0.993031
0.428793 0.993031
0.428854 0.993031
0.428936 0.993031
0.429059 0.993031
0.429131 0.993031
0.429141 0.993031
0.429172 0.993031
0.429244 0.993031
0.429285 0.993031
0.429316 0.993031
0.429377 0.993031
0.429408 0.993031
0.429428 0.993031
0.429459 0.993031
0.429510 0.993031
0.429592 0.993031
0.429664 0.993031
0.429695 0.993031
0.429777 0.993031
0.429828 0.993031
0.429890 0.993031
0.429951 0.993031
0.429962 0.993048
0.430023 0.993048
0.430115 0.993048
0.430126 0.993048
0.430156 0.993048
0.430238 0.993065
0.430300 0.993065
0.430310 0.993065
0.430341 0.993065
0.430413 0.993065
0.430505 0.993065
0.430536 0.993065
0.430659 0.993065
0.430679 0.993065
0.430720 0.993082
0.430751 0.993082
0.430823 0.993082
0.430874 0.993082
0.430905 0.993082
0.430956 0.993082
0.431018 0.993082
0.431059 0.993082
0.431079 0.993082
0.431130 0.993082
0.431141 0.993082
0.431171 0.993082
0.431213 0.993082
0.431295 0.993082
0.431336 0.993082
0.431397 0.993082
0.431418 0.993082
0.431459 0.993098
0.431510 0.993098
0.431582 0.993098
0.431623 0.993098
0.431705 0.993098
0.431787 0.993098
0.431879 0.993098
0.431910 0.993098
0.431961 0.993098
0.432043 0.993098
0.432074 0.993098
0.432105 0.993115
0.432125 0.993115
0.432176 0.993115
0.432197 0.993132
0.432238 0.993132
0.432289 0.993148
0.432320 0.993148
0.432351 0.993165
0.432371 0.993165
0.432463 0.993165
0.432494 0.993165
0.432566 0.993165
0.432628 0.993165
0.432658 0.993165
0.432679 0.993165
0.432740 0.993165
0.432781 0.993165
0.432833 0.993165
0.432904 0.993165
0.432935 0.993165
0.432956 0.993165
0.432976 0.993182
0.432976 0.993199
0.433027 0.993199
0.433120 0.993199
0.433161 0.993199
0.433181 0.993199
0.433253 0.993215
0.433325 0.993215
0.433356 0.993215
0.433458 0.993215
0.433489 0.993215
0.433509 0.993215
0.433561 0.993215
0.433622 0.993215
0.433704 0.993215
0.433807 0.993215
0.433827 0.993232
0.433848 0.993232
0.433878 0.993232
0.433920 0.993232
0.433991 0.993232
0.434022 0.993249
0.434073 0.993249
0.434104 0.993249
0.434166 0.993265
0.434227 0.993265
0.434268 0.993265
0.434289 0.993265
0.434340 0.993265
0.434401 0.993265
0.434463 0.993265
0.434494 0.993265
0.434576 0.993265
0.434637 0.993265
0.434699 0.993265
0.434750 0.993265
0.434832 0.993265
0.434842 0.993265
0.434883 0.993282
0.434935 0.993282
0.434965 0.993282
0.435006 0.993282
0.435058 0.993282
0.435088 0.993282
0.435129 0.993282
0.435211 0.993282
0.435232 0.993282
0.435324 0.993282
0.435365 0.993282
0.435386 0.993282
0.435509 0.993282
0.435529 0.993282
0.435560 0.993282
0.435622 0.993282
0.435673 0.993282
0.435755 0.993282
0.435816 0.993282
0.435857 0.993282
0.435898 0.993299
0.435960 0.993299
0.436001 0.993299
0.436063 0.993299
0.436073 0.993299
0.436114 0.993299
0.436216 0.993299
0.436237 0.993299
0.436309 0.993299
0.436370 0.993299
0.436411 0.993316
0.436442 0.993316
0.436483 0.993316
0.436503 0.993316
0.436544 0.993316
0.436647 0.993316
0.436668 0.993316
0.436678 0.993316
0.436750 0.993316
0.436801 0.993316
0.436842 0.993316
0.436852 0.993316
0.436873 0.993316
0.436944 0.993316
0.437026 0.993316
0.437078 0.993316
0.437108 0.993316
0.437149 0.993349
0.437180 0.993349
0.437303 0.993349
0.437355 0.993349
0.437385 0.993349
0.437396 0.993349
0.437437 0.993349
0.437478 0.993349
0.437560 0.993349
0.437590 0.993349
0.437693 0.993349
0.437744 0.993349
0.437888 0.993349
0.437949 0.993349
0.437970 0.993366
0.438001 0.993366
0.438042 0.993366
0.438062 0.993366
0.438093 0.993366
0.438134 0.993366
0.438206 0.993366
0.438247 0.993366
0.438288 0.993382
0.438359 0.993399
0.438411 0.993399
0.438441 0.993399
0.438462 0.993416
0.438472 0.993416
0.438493 0.993416
0.438513 0.993432
0.438554 0.993432
0.438585 0.993432
0.438667 0.993432
0.438708 0.993432
0.438729 0.993432
0.438780 0.993432
0.438800 0.993432
0.438872 0.993432
0.438893 0.993449
0.438934 0.993449
0.438954 0.993449
0.439026 0.993449
0.439046 0.993449
0.439087 0.993449
0.439139 0.993449
0.439169 0.993449
0.439190 0.993449
0.439303 0.993449
0.439385 0.993449
0.439436 0.993449
0.439508 0.993466
0.439590 0.993466
0.439651 0.993466
0.439713 0.993466
0.439744 0.993466
0.439815 0.993466
0.439836 0.993466
0.439877 0.993466
0.439928 0.993466
0.439990 0.993466
0.440010 0.993466
0.440021 0.993466
0.440113 0.993466
0.440195 0.993466
0.440297 0.993466
0.440349 0.993466
0.440390 0.993466
0.440441 0.993466
0.440513 0.993483
0.440564 0.993483
0.440625 0.993483
0.440677 0.993483
0.440738 0.993483
0.440810 0.993483
0.440831 0.993483
0.440892 0.993483
0.440913 0.993483
0.440974 0.993499
0.441046 0.993499
0.441097 0.993499
0.441159 0.993499
0.441179 0.993499
0.441230 0.993499
0.441271 0.993499
0.441353 0.993499
0.441415 0.993499
0.441446 0.993499
0.441507 0.993499
0.441548 0.993499
0.441569 0.993499
0.441620 0.993499
0.441712 0.993499
0.441753 0.993499
0.441784 0.993499
0.441835 0.993499
0.441876 0.993499
0.441928 0.993499
0.442020 0.993499
0.442030 0.993499
0.442071 0.993499
0.442133 0.993499
0.442174 0.993499
0.442235 0.993499
0.442307 0.993499
0.442358 0.993516
0.442389 0.993516
0.442451 0.993516
0.442481 0.993516
0.442502 0.993516
0.442533 0.993533
0.442594 0.993533
0.442635 0.993533
0.442666 0.993533
0.442707 0.993533
0.442728 0.993533
0.442820 0.993533
0.442861 0.993533
0.442922 0.993533
0.442984 0.993533
0.442994 0.993533
0.443066 0.993533
0.443158 0.993549
0.443179 0.993549
0.443250 0.993549
0.443312 0.993549
0.443394 0.993549
0.443456 0.993549
0.443497 0.993549
0.443558 0.993549
0.443599 0.993549
0.443722 0.993549
0.443753 0.993549
0.443814 0.993549
0.443886 0.993549
0.443948 0.993549
0.443968 0.993549
0.444019 0.993549
0.444091 0.993549
0.444122 0.993549
0.444184 0.993549
0.444204 0.993549
0.444266 0.993549
0.444296 0.993549
0.444348 0.993549
0.444389 0.993549
0.444430 0.993549
0.444481 0.993549
0.444522 0.993549
0.444583 0.993549
0.444655 0.993549
0.444676 0.993549
0.444727 0.993549
0.444789 0.993549
0.444809 0.993549
0.444860 0.993549
0.444901 0.993549
0.444932 0.993549
0.445004 0.993549
0.445024 0.993549
0.445055 0.993566
0.445076 0.993566
0.445127 0.993566
0.445168 0.993566
0.445199 0.993566
0.445209 0.993583
0.445229 0.993583
0.445301 0.993583
0.445363 0.993583
0.445445 0.993583
0.445547 0.993583
0.445609 0.993583
0.445670 0.993583
0.445711 0.993583
0.445773 0.993600
0.445814 0.993600
0.445834 0.993616
0.445875 0.993633
0.445927 0.993633
0.445957 0.993633
0.445978 0.993633
0.446080 0.993633
0.446111 0.993633
0.446183 0.993633
0.446234 0.993633
0.446255 0.993633
0.446347 0.993633
0.446409 0.993633
0.446491 0.993633
0.446521 0.993633
0.446593 0.993633
0.446614 0.993633
0.446696 0.993633
0.446757 0.993633
0.446809 0.993633
0.446942 0.993633
0.446983 0.993633
0.447044 0.993650
0.447096 0.993650
0.447126 0.993650
0.447178 0.993666
0.447260 0.993666
0.447290 0.993666
0.447352 0.993666
0.447372 0.993666
0.447403 0.993666
0.447496 0.993666
0.447557 0.993666
0.447598 0.993666
0.447629 0.993666
0.447670 0.993666
0.447680 0.993666
0.447731 0.993666
0.447752 0.993666
0.447793 0.993666
0.447895 0.993666
0.447926 0.993666
0.448029 0.993666
0.448090 0.993666
0.448142 0.993666
0.448193 0.993683
0.448203 0.993683
0.448244 0.993683
0.448306 0.993683
0.448357 0.993700
0.448398 0.993700
0.448459 0.993700
0.448470 0.993700
0.448552 0.993700
0.448582 0.993700
0.448623 0.993700
0.448675 0.993700
0.448757 0.993700
0.448767 0.993700
0.448808 0.993700
0.448870 0.993700
0.448911 0.993700
0.448931 0.993700
0.448952 0.993717
0.448982 0.993717
0.449023 0.993717
0.449034 0.993717
0.449054 0.993750
0.449116 0.993750
0.449157 0.993750
0.449269 0.993750
0.449331 0.993750
0.449382 0.993750
0.449444 0.993750
0.449526 0.993750
0.449577 0.993750
0.449598 0.993750
0.449690 0.993750
0.449741 0.993750
0.449762 0.993750
0.449803 0.993767
0.449885 0.993767
0.449895 0.993767
0.449926 0.993767
0.449987 0.993767
0.450008 0.993767
0.450038 0.993783
0.450059 0.993783
0.450110 0.993783
0.450192 0.993783
0.450203 0.993800
0.450244 0.993800
0.450315 0.993800
0.450346 0.993800
0.450356 0.993800
0.450428 0.993817
0.450469 0.993817
0.450592 0.993817
0.450684 0.993817
0.450725 0.993817
0.450787 0.993817
0.450807 0.993817
0.450879 0.993817
0.450920 0.993817
0.451002 0.993817
0.451023 0.993834
0.451033 0.993834
0.451064 0.993834
0.451146 0.993850
0.451166 0.993850
0.451177 0.993850
0.451238 0.993850
0.451279 0.993850
0.451320 0.993850
0.451423 0.993850
0.451443 0.993867
0.451525 0.993867
0.451577 0.993867
0.451659 0.993867
0.451710 0.993867
0.451771 0.993867
0.451874 0.993867
0.451894 0.993867
0.451925 0.993867
0.451997 0.993867
0.452017 0.993867
0.452048 0.993867
0.452058 0.993867
0.452099 0.993884
0.452140 0.993884
0.452151 0.993884
0.452171 0.993884
0.452202 0.993884
0.452223 0.993884
0.452264 0.993884
0.452284 0.993884
0.452346 0.993884
0.452366 0.993884
0.452417 0.993884
0.452448 0.993884
0.452469 0.993884
0.452530 0.993884
0.452571 0.993900
0.452602 0.993900
0.452612 0.993900
0.452643 0.993900
0.452694 0.993900
0.452735 0.993900
0.452756 0.993900
0.452797 0.993900
0.452868 0.993900
0.452899 0.993900
0.452910 0.993900
0.452961 0.993900
0.452981 0.993900
0.453012 0.993900
0.453033 0.993900
0.453084 0.993900
0.453104 0.993900
0.453145 0.993917
0.453176 0.993917
0.453248 0.993917
0.453289 0.993917
0.453381 0.993917
0.453412 0.993917
0.453453 0.993917
0.453504 0.993917
0.453566 0.993917
0.453607 0.993934
0.453648 0.993934
0.453658 0.993934
0.453679 0.993934
0.453689 0.993934
0.453730 0.993934
0.453750 0.993934
0.453832 0.993934
0.453863 0.993934
0.453873 0.993934
0.453904 0.993934
0.453945 0.993934
0.453976 0.993934
0.453996 0.993934
0.454027 0.993934
0.454089 0.993934
0.454181 0.993934
0.454304 0.993934
0.454335 0.993934
0.454355 0.993934
0.454427 0.993934
0.454448 0.993934
0.454478 0.993934
0.454489 0.993934
0.454509 0.993934
0.454540 0.993934
0.454612 0.993934
0.454663 0.993934
0.454714 0.993951
0.454724 0.993951
0.454745 0.993951
0.454786 0.993951
0.454888 0.993951
0.454919 0.993951
0.454960 0.993951
0.455022 0.993951
0.455042 0.993967
0.455094 0.993967
0.455155 0.993967
0.455196 0.993967
0.455258 0.993967
0.455288 0.993967
0.455370 0.993967
0.455534 0.993967
0.455596 0.993967
0.455647 0.993967
0.455709 0.993967
0.455740 0.993967
0.455811 0.993967
0.455852 0.993967
0.455955 0.993967
0.455996 0.993967
0.456027 0.993967
0.456109 0.993967
0.456211 0.993967
0.456252 0.993967
0.456283 0.993967
0.456293 0.993984
0.456345 0.993984
0.456375 0.993984
0.456447 0.993984
0.456468 0.993984
0.456519 0.993984
0.456580 0.994001
0.456621 0.994001
0.456662 0.994001
0.456724 0.994001
0.456755 0.994017
0.456775 0.994017
0.456806 0.994017
0.456816 0.994017
0.456857 0.994017
0.456898 0.994017
0.456939 0.994017
0.457011 0.994017
0.457093 0.994017
0.457103 0.994017
0.457144 0.994017
0.457216 0.994034
0.457257 0.994034
0.457298 0.994034
0.457319 0.994034
0.457360 0.994034
0.457390 0.994034
0.457431 0.994034
0.457503 0.994034
0.457554 0.994034
0.457626 0.994051
0.457647 0.994051
0.457657 0.994051
0.457760 0.994051
0.457790 0.994051
0.457801 0.994051
0.457831 0.994051
0.457924 0.994051
0.457985 0.994051
0.458006 0.994051
0.458077 0.994051
0.458118 0.994051
0.458170 0.994051
0.458200 0.994051
0.458211 0.994051
0.458252 0.994051
0.458282 0.994051
0.458385 0.994051
0.458447 0.994051
0.458498 0.994051
0.458539 0.994051
0.458600 0.994051
0.458652 0.994051
0.458682 0.994051
0.458693 0.994051
0.458734 0.994051
0.458775 0.994051
0.458816 0.994068
0.458857 0.994068
0.458877 0.994068
0.458887 0.994068
0.458928 0.994068
0.458980 0.994068
0.459011 0.994068
0.459072 0.994068
0.459164 0.994068
0.459216 0.994068
0.459226 0.994084
0.459267 0.994084
0.459277 0.994084
0.459298 0.994084
0.459328 0.994084
0.459359 0.994101
0.459431 0.994118
0.459462 0.994118
0.459513 0.994118
0.459585 0.994118
0.459615 0.994134
0.459677 0.994134
0.459718 0.994134
0.459739 0.994134
0.459749 0.994134
0.459780 0.994134
0.459831 0.994134
0.459851 0.994134
0.459923 0.994134
0.459985 0.994134
0.460026 0.994134
0.460087 0.994134
0.460118 0.994134
0.460138 0.994134
0.460179 0.994134
0.460200 0.994134
0.460241 0.994134
0.460272 0.994134
0.460282 0.994134
0.460313 0.994134
0.460354 0.994134
0.460415 0.994134
0.460456 0.994151
0.460477 0.994151
0.460528 0.994151
0.460549 0.994151
0.460610 0.994151
0.460661 0.994168
0.460743 0.994184
0.460764 0.994184
0.460825 0.994184
0.460836 0.994184
0.460866 0.994184
0.460887 0.994184
0.460897 0.994184
0.460969 0.994184
0.461010 0.994184
0.461092 0.994184
0.461113 0.994184
0.461154 0.994184
0.461205 0.994184
0.461246 0.994184
0.461277 0.994184
0.461318 0.994184
0.461348 0.994184
0.461410 0.994184
0.461512 0.994184
0.461523 0.994184
0.461564 0.994201
0.461594 0.994201
0.461605 0.994201
0.461687 0.994201
0.461707 0.994201
0.461779 0.994218
0.461800 0.994218
0.461871 0.994218
0.461923 0.994218
0.461974 0.994235
0.462056 0.994235
0.462128 0.994235
0.462169 0.994235
0.462210 0.994235
0.462220 0.994235
0.462240 0.994235
0.462271 0.994251
0.462312 0.994251
0.462333 0.994251
0.462384 0.994251
0.462446 0.994251
0.462487 0.994251
0.462558 0.994251
0.462569 0.994251
0.462589 0.994268
0.462630 0.994268
0.462651 0.994268
0.462774 0.994268
0.462804 0.994268
0.462845 0.994268
0.462866 0.994268
0.462948 0.994268
0.462979 0.994268
0.463061 0.994268
0.463081 0.994268
0.463133 0.994268
0.463174 0.994268
0.463215 0.994285
0.463225 0.994285
0.463266 0.994285
0.463338 0.994285
0.463389 0.994285
0.463409 0.994301
0.463440 0.994301
0.463512 0.994318
0.463543 0.994318
0.463584 0.994318
0.463635 0.994318
0.463676 0.994318
0.463738 0.994318
0.463779 0.994318
0.463861 0.994318
0.463922 0.994318
0.463963 0.994335
0.464014 0.994335
0.464178 0.994335
0.464219 0.994352
0.464260 0.994352
0.464271 0.994352
0.464322 0.994352
0.464332 0.994352
0.464353 0.994352
0.464383 0.994352
0.464425 0.994352
0.464527 0.994352
0.464558 0.994352
0.464619 0.994352
0.464650 0.994352
0.464671 0.994352
0.464701 0.994352
0.464783 0.994352
0.464845 0.994352
0.464886 0.994352
0.464896 0.994352
0.464958 0.994352
0.465009 0.994352
0.465029 0.994352
0.465081 0.994352
0.465101 0.994352
0.465163 0.994352
0.465235 0.994352
0.465286 0.994352
0.465347 0.994352
0.465358 0.994352
0.465409 0.994352
0.465429 0.994352
0.465460 0.994352
0.465470 0.994368
0.465573 0.994368
0.465624 0.994368
0.465645 0.994368
0.465716 0.994368
0.465799 0.994368
0.465860 0.994368
0.465891 0.994385
0.466014 0.994385
0.466096 0.994385
0.466157 0.994385
0.466198 0.994385
0.466260 0.994385
0.466301 0.994385
0.466332 0.994385
0.466393 0.994385
0.466414 0.994402
0.466434 0.994402
0.466465 0.994402
0.466506 0.994418
0.466527 0.994418
0.466578 0.994418
0.466639 0.994418
0.466680 0.994418
0.466742 0.994418
0.466803 0.994418
0.466865 0.994418
0.466885 0.994418
0.466937 0.994418
0.466978 0.994418
0.467019 0.994418
0.467080 0.994418
0.467132 0.994435
0.467214 0.994435
0.467337 0.994435
0.467367 0.994435
0.467408 0.994435
0.467490 0.994435
0.467552 0.994435
0.467572 0.994435
0.467593 0.994452
0.467603 0.994452
0.467624 0.994452
0.467634 0.994469
0.467654 0.994469
0.467665 0.994469
0.467706 0.994485
0.467726 0.994485
0.467931 0.994485
0.467952 0.994485
0.468024 0.994485
0.468054 0.994485
0.468075 0.994485
0.468116 0.994485
0.468147 0.994485
0.468188 0.994485
0.468239 0.994485
0.468270 0.994485
0.468290 0.994485
0.468403 0.994485
0.468444 0.994485
0.468485 0.994485
0.468526 0.994485
0.468577 0.994485
0.468639 0.994485
0.468721 0.994485
0.468844 0.994485
0.468854 0.994502
0.468895 0.994535
0.468905 0.994535
0.468967 0.994535
0.468977 0.994535
0.469018 0.994535
0.469121 0.994535
0.469193 0.994535
0.469203 0.994535
0.469264 0.994535
0.469336 0.994535
0.469377 0.994535
0.469418 0.994535
0.469480 0.994535
0.469500 0.994535
0.469531 0.994535
0.469572 0.994535
0.469633 0.994535
0.469654 0.994535
0.469695 0.994535
0.469705 0.994535
0.469736 0.994535
0.469787 0.994535
0.469797 0.994535
0.469869 0.994552
0.469951 0.994552
0.469962 0.994552
0.470064 0.994552
0.470105 0.994552
0.470136 0.994552
0.470156 0.994552
0.470197 0.994552
0.470249 0.994552
0.470310 0.994552
0.470372 0.994552
0.470423 0.994552
0.470443 0.994552
0.470474 0.994552
0.470546 0.994552
0.470608 0.994552
0.470690 0.994552
0.470741 0.994552
0.470802 0.994552
0.470884 0.994552
0.470946 0.994552
0.470977 0.994569
0.471059 0.994569
0.471079 0.994569
0.471161 0.994569
0.471284 0.994569
0.471305 0.994569
0.471366 0.994569
0.471418 0.994569
0.471459 0.994569
0.471469 0.994569
0.471500 0.994569
0.471510 0.994569
0.471530 0.994569
0.471541 0.994569
0.471602 0.994569
0.471612 0.994569
0.471715 0.994569
0.471746 0.994569
0.471756 0.994569
0.471807 0.994569
0.471828 0.994569
0.471879 0.994569
0.471910 0.994569
0.471971 0.994569
0.472033 0.994569
0.472043 0.994569
0.472084 0.994569
0.472115 0.994569
0.472156 0.994569
0.472187 0.994569
0.472228 0.994569
0.472238 0.994569
0.472289 0.994569
0.472320 0.994569
0.472402 0.994569
0.472422 0.994569
0.472433 0.994569
0.472494 0.994569
0.472556 0.994569
0.472576 0.994569
0.472628 0.994569
0.472648 0.994569
0.472679 0.994569
0.472720 0.994569
0.472781 0.994569
0.472802 0.994569
0.472884 0.994569
0.472935 0.994569
0.472966 0.994569
0.473048 0.994569
0.473079 0.994569
0.473089 0.994569
0.473120 0.994569
0.473161 0.994569
0.473171 0.994569
0.473243 0.994569
0.473304 0.994569
0.473356 0.994569
0.473397 0.994569
0.473468 0.994569
0.473499 0.994569
0.473550 0.994569
0.473591 0.994569
0.473612 0.994569
0.473622 0.994569
0.473684 0.994586
0.473714 0.994586
0.473735 0.994586
0.473766 0.994586
0.473837 0.994586
0.473920 0.994586
0.473940 0.994586
0.473971 0.994586
0.474063 0.994586
0.474084 0.994586
0.474176 0.994586
0.474237 0.994586
0.474289 0.994586
0.474330 0.994586
0.474340 0.994586
0.474381 0.994586
0.474453 0.994586
0.474494 0.994586
0.474514 0.994586
0.474555 0.994586
0.474658 0.994586
0.474678 0.994602
0.474699 0.994602
0.474730 0.994602
0.474801 0.994602
0.474832 0.994602
0.474873 0.994602
0.474904 0.994602
0.474924 0.994602
0.474965 0.994602
0.475037 0.994602
0.475088 0.994636
0.475099 0.994636
0.475129 0.994652
0.475170 0.994652
0.475191 0.994652
0.475263 0.994652
0.475324 0.994652
0.475355 0.994669
0.475396 0.994669
0.475427 0.994669
0.475437 0.994669
0.475468 0.994669
0.475529 0.994669
0.475622 0.994669
0.475622 0.994686
0.475673 0.994686
0.475704 0.994686
0.475714 0.994703
0.475724 0.994703
0.475745 0.994703
0.475796 0.994703
0.475816 0.994703
0.475878 0.994703
0.475888 0.994703
0.475909 0.994703
0.475970 0.994703
0.475981 0.994703
0.476022 0.994703
0.476032 0.994703
0.476073 0.994703
0.476124 0.994703
0.476145 0.994703
0.476227 0.994703
0.476257 0.994703
0.476339 0.994703
0.476442 0.994703
0.476483 0.994703
0.476514 0.994703
0.476565 0.994703
0.476606 0.994703
0.476637 0.994703
0.476698 0.994703
0.476750 0.994703
0.476832 0.994703
0.476852 0.994703
0.476862 0.994703
0.476893 0.994703
0.476944 0.994703
0.476985 0.994703
0.477016 0.994703
0.477037 0.994703
0.477067 0.994703
0.477160 0.994703
0.477211 0.994703
0.477272 0.994703
0.477334 0.994703
0.477355 0.994703
0.477385 0.994703
0.477447 0.994703
0.477467 0.994703
0.477498 0.994703
0.477580 0.994703
0.477631 0.994703
0.477672 0.994719
0.477744 0.994736
0.477795 0.994736
0.477877 0.994736
0.477949 0.994753
0.477970 0.994753
0.477980 0.994753
0.477980 0.994769
0.478011 0.994769
0.478072 0.994769
0.478083 0.994769
0.478113 0.994769
0.478124 0.994769
0.478154 0.994769
0.478195 0.994769
0.478226 0.994769
0.478247 0.994769
0.478277 0.994769
0.478318 0.994769
0.478370 0.994769
0.478441 0.994769
0.478503 0.994769
0.478564 0.994769
0.478688 0.994769
0.478770 0.994769
0.478800 0.994769
0.478811 0.994769
0.478862 0.994769
0.478903 0.994769
0.478913 0.994786
0.478964 0.994786
0.479026 0.994786
0.479108 0.994786
0.479118 0.994786
0.479159 0.994786
0.479221 0.994786
0.479272 0.994786
0.479282 0.994786
0.479344 0.994786
0.479385 0.994786
0.479405 0.994786
0.479457 0.994786
0.479487 0.994786
0.479569 0.994786
0.479590 0.994786
0.479651 0.994786
0.479703 0.994786
0.479733 0.994786
0.479774 0.994786
0.479805 0.994786
0.479846 0.994786
0.479877 0.994786
0.479918 0.994786
0.479928 0.994786
0.480031 0.994786
0.480051 0.994786
0.480062 0.994786
0.480092 0.994786
0.480133 0.994786
0.480185 0.994786
0.480256 0.994786
0.480267 0.994786
0.480287 0.994786
0.480379 0.994786
0.480410 0.994786
0.480472 0.994786
0.480513 0.994786
0.480595 0.994786
0.480625 0.994803
0.480697 0.994803
0.480749 0.994803
0.480831 0.994803
0.480851 0.994803
0.480913 0.994803
0.480954 0.994803
0.480974 0.994803
0.480984 0.994803
0.481025 0.994803
0.481087 0.994820
0.481118 0.994820
0.481169 0.994820
0.481189 0.994820
0.481230 0.994820
0.481241 0.994820
0.481302 0.994820
0.481374 0.994820
0.481436 0.994820
0.481466 0.994820
0.481538 0.994820
0.481559 0.994820
0.481620 0.994820
0.481661 0.994820
0.481764 0.994820
0.481805 0.994820
0.481856 0.994820
0.481897 0.994820
0.481928 0.994820
0.481969 0.994820
0.481999 0.994836
0.482041 0.994836
0.482102 0.994836
0.482215 0.994836
0.482256 0.994836
0.482307 0.994836
0.482348 0.994836
0.482369 0.994853
0.482399 0.994853
0.482440 0.994853
0.482461 0.994853
0.482502 0.994853
0.482604 0.994853
0.482635 0.994853
0.482645 0.994853
0.482728 0.994853
0.482779 0.994853
0.482789 0.994870
0.482820 0.994870
0.482871 0.994870
0.482892 0.994870
0.482943 0.994870
0.482974 0.994870
0.483035 0.994870
0.483056 0.994870
0.483097 0.994870
0.483158 0.994870
0.483179 0.994870
0.483189 0.994886
0.483209 0.994903
0.483291 0.994903
0.483332 0.994903
0.483394 0.994903
0.483404 0.994903
0.483435 0.994920
0.483497 0.994920
0.483527 0.994920
0.483538 0.994920
0.483568 0.994920
0.483579 0.994920
0.483661 0.994920
0.483691 0.994920
0.483712 0.994920
0.483743 0.994920
0.483825 0.994920
0.483866 0.994920
0.483927 0.994920
0.483958 0.994920
0.484009 0.994920
0.484019 0.994920
0.484071 0.994920
0.484112 0.994920
0.484153 0.994920
0.484153 0.994936
0.484214 0.994936
0.484276 0.994936
0.484307 0.994953
0.484358 0.994953
0.484389 0.994953
0.484460 0.994970
0.484481 0.994970
0.484512 0.994970
0.484532 0.994970
0.484573 0.994970
0.484635 0.994970
0.484665 0.994970
0.484665 0.994987
0.484686 0.994987
0.484727 0.994987
0.484789 0.994987
0.484799 0.994987
0.484840 0.994987
0.484942 0.994987
0.484953 0.994987
0.484983 0.994987
0.484994 0.994987
0.485096 0.994987
0.485158 0.994987
0.485178 0.994987
0.485229 0.994987
0.485260 0.994987
0.485281 0.994987
0.485332 0.994987
0.485414 0.994987
0.485414 0.995037
0.485486 0.995037
0.485568 0.995037
0.485640 0.995037
0.485670 0.995037
0.485711 0.995037
0.485742 0.995037
0.485865 0.995037
0.485896 0.995037
0.485957 0.995037
0.485998 0.995037
0.486050 0.995053
0.486070 0.995070
0.486101 0.995087
0.486193 0.995087
0.486214 0.995087
0.486245 0.995104
0.486306 0.995120
0.486337 0.995120
0.486357 0.995120
0.486388 0.995120
0.486450 0.995120
0.486501 0.995120
0.486542 0.995120
0.486552 0.995120
0.486583 0.995120
0.486655 0.995137
0.486685 0.995154
0.486737 0.995154
0.486757 0.995154
0.486809 0.995154
0.486870 0.995154
0.486880 0.995154
0.486932 0.995154
0.486952 0.995154
0.487003 0.995154
0.487034 0.995154
0.487055 0.995154
0.487116 0.995154
0.487137 0.995154
0.487178 0.995154
0.487188 0.995154
0.487208 0.995154
0.487239 0.995154
0.487260 0.995154
0.487311 0.995170
0.487352 0.995170
0.487403 0.995170
0.487444 0.995170
0.487475 0.995170
0.487516 0.995170
0.487578 0.995170
0.487598 0.995170
0.487649 0.995170
0.487680 0.995170
0.487742 0.995170
0.487752 0.995170
0.487772 0.995170
0.487813 0.995170
0.487854 0.995170
0.487906 0.995170
0.487947 0.995170
0.487967 0.995170
0.488018 0.995170
0.488049 0.995170
0.488059 0.995170
0.488080 0.995170
0.488111 0.995170
0.488152 0.995170
0.488213 0.995187
0.488234 0.995187
0.488285 0.995187
0.488306 0.995187
0.488347 0.995187
0.488367 0.995187
0.488398 0.995187
0.488418 0.995187
0.488490 0.995187
0.488552 0.995187
0.488572 0.995187
0.488613 0.995187
0.488644 0.995187
0.488685 0.995187
0.488695 0.995187
0.488726 0.995187
0.488746 0.995187
0.488808 0.995187
0.488859 0.995187
0.488952 0.995187
0.488972 0.995187
0.489034 0.995187
0.489095 0.995187
0.489136 0.995187
0.489167 0.995187
0.489187 0.995187
0.489249 0.995187
0.489331 0.995187
0.489372 0.995187
0.489423 0.995187
0.489454 0.995187
0.489464 0.995187
0.489495 0.995204
0.489546 0.995204
0.489618 0.995204
0.489700 0.995204
0.489762 0.995204
0.489813 0.995204
0.489895 0.995204
0.489915 0.995204
0.489946 0.995204
0.489967 0.995204
0.490049 0.995204
0.490059 0.995204
0.490079 0.995204
0.490120 0.995204
0.490182 0.995204
0.490213 0.995204
0.490223 0.995221
0.490274 0.995221
0.490315 0.995221
0.490356 0.995221
0.490408 0.995237
0.490449 0.995237
0.490469 0.995237
0.490510 0.995237
0.490572 0.995237
0.490582 0.995237
0.490643 0.995237
0.490684 0.995237
0.490705 0.995237
0.490736 0.995237
0.490756 0.995254
0.490777 0.995254
0.490859 0.995254
0.490910 0.995254
0.490951 0.995254
0.490982 0.995254
0.491033 0.995254
0.491064 0.995254
0.491074 0.995254
0.491095 0.995254
0.491156 0.995254
0.491187 0.995271
0.491279 0.995271
0.491320 0.995271
0.491341 0.995271
0.491371 0.995271
0.491412 0.995271
0.491423 0.995271
0.491453 0.995271
0.491536 0.995271
0.491577 0.995271
0.491587 0.995271
0.491597 0.995287
0.491638 0.995287
0.491659 0.995304
0.491710 0.995304
0.491771 0.995321
0.491833 0.995321
0.491976 0.995321
0.492017 0.995321
0.492079 0.995321
0.492120 0.995321
0.492223 0.995321
0.492253 0.995321
0.492294 0.995321
0.492315 0.995321
0.492366 0.995321
0.492376 0.995321
0.492417 0.995321
0.492479 0.995321
0.492510 0.995321
0.492581 0.995321
0.492602 0.995338
0.492612 0.995338
0.492653 0.995338
0.492674 0.995338
0.492715 0.995338
0.492766 0.995338
0.492797 0.995354
0.492848 0.995354
0.492879 0.995354
0.492910 0.995371
0.492961 0.995371
0.493012 0.995388
0.493063 0.995388
0.493104 0.995388
0.493135 0.995388
0.493145 0.995388
0.493176 0.995388
0.493197 0.995388
0.493227 0.995404
0.493248 0.995404
0.493289 0.995404
0.493299 0.995404
0.493350 0.995404
0.493371 0.995404
0.493412 0.995421
0.493432 0.995421
0.493443 0.995421
0.493545 0.995421
0.493566 0.995421
0.493607 0.995421
0.493638 0.995421
0.493658 0.995421
0.493699 0.995421
0.493791 0.995421
0.493812 0.995421
0.493843 0.995421
0.493904 0.995421
0.493945 0.995421
0.493955 0.995421
0.494048 0.995421
0.494099 0.995421
0.494130 0.995421
0.494171 0.995421
0.494222 0.995421
0.494232 0.995421
0.494273 0.995421
0.494376 0.995421
0.494468 0.995421
0.494509 0.995455
0.494530 0.995455
0.494612 0.995455
0.494653 0.995471
0.494755 0.995471
0.494786 0.995471
0.494806 0.995471
0.494817 0.995471
0.494858 0.995471
0.494878 0.995471
0.494919 0.995471
0.494950 0.995471
0.494971 0.995471
0.495012 0.995471
0.495063 0.995471
0.495073 0.995471
0.495114 0.995471
0.495145 0.995471
0.495145 0.995488
0.495206 0.995488
0.495278 0.995488
0.495319 0.995488
0.495381 0.995488
0.495422 0.995505
0.495442 0.995505
0.495473 0.995505
0.495483 0.995505
0.495504 0.995521
0.495534 0.995521
0.495545 0.995521
0.495637 0.995521
0.495647 0.995521
0.495678 0.995521
0.495699 0.995521
0.495719 0.995521
0.495750 0.995521
0.495770 0.995521
0.495801 0.995521
0.495842 0.995521
0.495873 0.995521
0.495893 0.995521
0.495904 0.995521
0.495945 0.995521
0.496016 0.995538
0.496047 0.995538
0.496057 0.995538
0.496098 0.995538
0.496139 0.995538
0.496150 0.995538
0.496191 0.995555
0.496221 0.995555
0.496273 0.995555
0.496314 0.995555
0.496386 0.995555
0.496447 0.995555
0.496488 0.995555
0.496570 0.995555
0.496591 0.995555
0.496642 0.995555
0.496673 0.995555
0.496724 0.995555
0.496765 0.995555
0.496816 0.995555
0.496878 0.995555
0.496919 0.995555
0.496970 0.995555
0.497011 0.995555
0.497062 0.995555
0.497083 0.995555
0.497175 0.995555
0.497237 0.995555
0.497247 0.995555
0.497278 0.995555
0.497288 0.995555
0.497349 0.995555
0.497401 0.995555
0.497524 0.995555
0.497575 0.995555
0.497616 0.995555
0.497647 0.995555
0.497749 0.995555
0.497780 0.995555
0.497801 0.995555
0.497862 0.995555
0.497883 0.995555
0.497954 0.995555
0.497985 0.995555
0.498026 0.995555
0.498047 0.995555
0.498088 0.995555
0.498118 0.995555
0.498170 0.995555
0.498190 0.995555
0.498241 0.995555
0.498272 0.995555
0.498293 0.995555
0.498354 0.995555
0.498375 0.995572
0.498395 0.995572
0.498457 0.995572
0.498488 0.995572
0.498498 0.995572
0.498549 0.995572
0.498570 0.995572
0.498621 0.995572
0.498682 0.995572
0.498734 0.995572
0.498744 0.995572
0.498795 0.995572
0.498816 0.995572
0.498887 0.995572
0.498908 0.995572
0.498918 0.995572
0.498949 0.995572
0.498990 0.995572
0.499000 0.995572
0.499062 0.995572
0.499082 0.995572
0.499113 0.995572
0.499134 0.995572
0.499236 0.995572
0.499246 0.995572
0.499267 0.995572
0.499308 0.995572
0.499339 0.995572
0.499359 0.995572
0.499380 0.995572
0.499390 0.995572
0.499431 0.995572
0.499441 0.995588
0.499482 0.995588
0.499492 0.995588
0.499533 0.995588
0.499687 0.995588
0.499708 0.995588
0.499718 0.995605
0.499739 0.995605
0.499769 0.995605
0.499810 0.995605
0.499831 0.995605
0.499862 0.995605
0.499903 0.995605
0.499964 0.995605
0.499974 0.995605
0.500036 0.995605
0.500108 0.995605
0.500118 0.995605
0.500169 0.995605
0.500231 0.995605
0.500251 0.995605
0.500282 0.995605
0.500323 0.995605
0.500344 0.995605
0.500405 0.995605
0.500426 0.995605
0.500477 0.995605
0.500497 0.995605
0.500508 0.995605
0.500579 0.995605
0.500641 0.995605
0.500682 0.995605
0.500743 0.995605
0.500754 0.995605
0.500805 0.995605
0.500825 0.995605
0.500887 0.995605
0.500938 0.995605
0.500959 0.995605
0.501000 0.995605
0.501010 0.995605
0.501072 0.995622
0.501133 0.995622
0.501154 0.995622
0.501164 0.995622
0.501184 0.995622
0.501236 0.995622
0.501256 0.995622
0.501318 0.995622
0.501359 0.995622
0.501400 0.995638
0.501430 0.995638
0.501482 0.995638
0.501553 0.995638
0.501584 0.995638
0.501605 0.995638
0.501656 0.995638
0.501718 0.995638
0.501779 0.995638
0.501851 0.995638
0.501882 0.995638
0.501964 0.995638
0.501994 0.995638
0.502015 0.995638
0.502076 0.995638
0.502117 0.995638
0.502128 0.995638
0.502158 0.995638
0.502179 0.995638
0.502220 0.995638
0.502261 0.995638
0.502292 0.995638
0.502333 0.995638
0.502343 0.995638
0.502363 0.995638
0.502394 0.995638
0.502476 0.995638
0.502569 0.995638
0.502610 0.995638
0.502671 0.995638
0.502712 0.995655
0.502753 0.995655
0.502815 0.995655
0.502876 0.995655
0.502907 0.995655
0.502948 0.995655
0.503009 0.995655
0.503030 0.995655
0.503061 0.995655
0.503081 0.995655
0.503133 0.995655
0.503174 0.995655
0.503204 0.995655
0.503215 0.995655
0.503256 0.995655
0.503307 0.995655
0.503368 0.995655
0.503379 0.995655
0.503430 0.995655
0.503450 0.995689
0.503491 0.995689
0.503532 0.995689
0.503563 0.995689
0.503625 0.995689
0.503655 0.995689
0.503738 0.995689
0.503779 0.995689
0.503809 0.995689
0.503871 0.995689
0.503881 0.995689
0.503932 0.995705
0.503963 0.995705
0.503984 0.995705
0.504014 0.995705
0.504035 0.995705
0.504076 0.995705
0.504096 0.995705
0.504137 0.995705
0.504158 0.995705
0.504209 0.995705
0.504271 0.995705
0.504312 0.995705
0.504363 0.995705
0.504445 0.995705
0.504476 0.995705
0.504537 0.995705
0.504558 0.995705
0.504609 0.995705
0.504630 0.995705
0.504640 0.995705
0.504691 0.995705
0.504732 0.995705
0.504783 0.995705
0.504804 0.995705
0.504886 0.995705
0.504947 0.995705
0.504978 0.995705
0.505060 0.995705
0.505112 0.995705
0.505173 0.995705
0.505224 0.995705
0.505306 0.995705
0.505347 0.995705
0.505378 0.995705
0.505399 0.995705
0.505429 0.995705
0.505450 0.995705
0.505470 0.995722
0.505532 0.995722
0.505583 0.995722
0.505645 0.995722
0.505727 0.995722
0.505778 0.995722
0.505809 0.995722
0.505829 0.995722
0.505911 0.995722
0.505922 0.995722
0.505942 0.995722
0.505993 0.995722
0.506034 0.995722
0.506096 0.995722
0.506147 0.995722
0.506157 0.995722
0.506178 0.995722
0.506188 0.995722
0.506229 0.995722
0.506260 0.995722
0.506342 0.995722
0.506383 0.995722
0.506393 0.995722
0.506414 0.995722
0.506496 0.995722
0.506557 0.995722
0.506578 0.995722
0.506619 0.995722
0.506650 0.995722
0.506660 0.995722
0.506691 0.995722
0.506732 0.995722
0.506742 0.995722
0.506762 0.995739
0.506814 0.995739
0.506834 0.995739
0.506865 0.995739
0.506885 0.995739
0.506916 0.995739
0.507029 0.995739
0.507070 0.995739
0.507101 0.995739
0.507121 0.995739
0.507152 0.995739
0.507224 0.995772
0.507255 0.995772
0.507275 0.995772
0.507306 0.995772
0.507388 0.995772
0.507419 0.995772
0.507501 0.995772
0.507531 0.995772
0.507572 0.995772
0.507603 0.995772
0.507644 0.995772
0.507654 0.995772
0.507716 0.995772
0.507747 0.995772
0.507788 0.995772
0.507819 0.995772
0.507839 0.995772
0.507870 0.995772
0.507890 0.995772
0.507901 0.995772
0.507942 0.995772
0.507972 0.995789
0.508034 0.995805
0.508065 0.995805
0.508157 0.995805
0.508177 0.995805
0.508218 0.995805
0.508229 0.995805
0.508259 0.995805
0.508270 0.995805
0.508311 0.995805
0.508331 0.995805
0.508362 0.995805
0.508423 0.995805
0.508434 0.995805
0.508475 0.995805
0.508495 0.995805
0.508557 0.995805
0.508659 0.995805
0.508700 0.995805
0.508721 0.995822
0.508741 0.995822
0.508752 0.995839
0.508813 0.995839
0.508895 0.995839
0.509039 0.995839
0.509090 0.995839
0.509151 0.995839
0.509213 0.995839
0.509275 0.995839
0.509357 0.995839
0.509428 0.995839
0.509469 0.995839
0.509480 0.995839
0.509500 0.995839
0.509531 0.995839
0.509572 0.995839
0.509592 0.995839
0.509613 0.995839
0.509654 0.995839
0.509726 0.995839
0.509756 0.995839
0.509797 0.995839
0.509808 0.995839
0.509859 0.995839
0.509890 0.995839
0.509931 0.995839
0.509951 0.995839
0.509992 0.995839
0.510023 0.995839
0.510054 0.995839
0.510115 0.995839
0.510136 0.995839
0.510156 0.995839
0.510187 0.995839
0.510208 0.995839
0.510249 0.995839
0.510269 0.995839
0.510310 0.995856
0.510382 0.995856
0.510402 0.995856
0.510464 0.995856
0.510505 0.995856
0.510608 0.995856
0.510638 0.995856
0.510659 0.995856
0.510690 0.995856
0.510710 0.995856
0.510772 0.995856
0.510792 0.995856
0.510833 0.995856
0.510843 0.995856
0.510864 0.995856
0.510956 0.995856
0.510966 0.995872
0.511048 0.995872
0.511069 0.995889
0.511120 0.995889
0.511141 0.995889
0.511182 0.995889
0.511213 0.995889
0.511223 0.995889
0.511284 0.995889
0.511366 0.995922
0.511407 0.995922
0.511479 0.995922
0.511541 0.995922
0.511561 0.995939
0.511582 0.995939
0.511623 0.995939
0.511684 0.995939
0.511694 0.995939
0.511715 0.995939
0.511725 0.995939
0.511776 0.995939
0.511817 0.995939
0.511838 0.995939
0.511879 0.995939
0.511889 0.995939
0.511910 0.995939
0.511971 0.995939
0.511992 0.995939
0.512033 0.995939
0.512064 0.995939
0.512125 0.995939
0.512156 0.995939
0.512207 0.995956
0.512217 0.995956
0.512238 0.995956
0.512279 0.995973
0.512340 0.995973
0.512381 0.995973
0.512392 0.995973
0.512422 0.995973
0.512443 0.995973
0.512474 0.995973
0.512484 0.995973
0.512504 0.995973
0.512566 0.995973
0.512587 0.995973
0.512617 0.995973
0.512658 0.995973
0.512679 0.995973
0.512720 0.995973
0.512781 0.995973
0.512802 0.995973
0.512833 0.995973
0.512894 0.995973
0.512945 0.995973
0.512956 0.995973
0.512997 0.995973
0.513017 0.995973
0.513048 0.995973
0.513058 0.995973
0.513099 0.995973
0.513140 0.995973
0.513181 0.995973
0.513243 0.995973
0.513304 0.995973
0.513315 0.995973
0.513376 0.995973
0.513427 0.995973
0.513438 0.995973
0.513499 0.995973
0.513530 0.995973
0.513581 0.995973
0.513602 0.995973
0.513632 0.995973
0.513653 0.995973
0.513684 0.995973
0.513735 0.995973
0.513776 0.995973
0.513786 0.995973
0.513807 0.995973
0.513837 0.995973
0.513899 0.995973
0.513950 0.995973
0.513961 0.995973
0.513991 0.995973
0.514032 0.995973
0.514094 0.995973
0.514114 0.995973
0.514155 0.995973
0.514196 0.995989
0.514227 0.995989
0.514248 0.995989
0.514278 0.995989
0.514299 0.995989
0.514371 0.995989
0.514381 0.995989
0.514432 0.995989
0.514473 0.995989
0.514494 0.995989
0.514535 0.995989
0.514555 0.995989
0.514565 0.995989
0.514607 0.995989
0.514648 0.995989
0.514689 0.995989
0.514740 0.995989
0.514760 0.995989
0.514791 0.995989
0.514812 0.995989
0.514863 0.995989
0.514873 0.995989
0.514904 0.995989
0.514945 0.995989
0.514976 0.995989
0.514996 0.995989
0.515078 0.995989
0.515109 0.995989
0.515129 0.995989
0.515140 0.995989
0.515181 0.995989
0.515191 0.995989
0.515222 0.995989
0.515263 0.995989
0.515283 0.995989
0.515355 0.995989
0.515406 0.995989
0.515417 0.995989
0.515447 0.995989
0.515458 0.995989
0.515488 0.995989
0.515540 0.995989
0.515560 0.996023
0.515601 0.996023
0.515632 0.996023
0.515673 0.996023
0.515693 0.996023
0.515724 0.996023
0.515775 0.996023
0.515806 0.996023
0.515857 0.996023
0.515878 0.996023
0.515888 0.996023
0.515929 0.996023
0.515960 0.996023
0.516022 0.996023
0.516042 0.996039
0.516104 0.996039
0.516134 0.996039
0.516145 0.996039
0.516165 0.996039
0.516206 0.996039
0.516227 0.996039
0.516257 0.996039
0.516309 0.996039
0.516350 0.996039
0.516380 0.996039
0.516421 0.996039
0.516432 0.996039
0.516462 0.996039
0.516473 0.996039
0.516503 0.996039
0.516555 0.996039
0.516585 0.996039
0.516596 0.996039
0.516627 0.996039
0.516668 0.996039
0.516719 0.996039
0.516780 0.996056
0.516801 0.996073
0.516842 0.996073
0.516852 0.996073
0.516893 0.996073
0.516944 0.996073
0.516955 0.996073
0.516985 0.996073
0.517006 0.996090
0.517047 0.996090
0.517057 0.996090
0.517119 0.996090
0.517180 0.996090
0.517211 0.996090
0.517252 0.996090
0.517314 0.996090
0.517355 0.996090
0.517406 0.996090
0.517416 0.996090
0.517447 0.996090
0.517488 0.996090
0.517529 0.996090
0.517590 0.996090
0.517611 0.996090
0.517662 0.996090
0.517693 0.996090
0.517734 0.996090
0.517795 0.996090
0.517806 0.996090
0.517826 0.996090
0.517836 0.996090
0.517898 0.996090
0.517959 0.996090
0.517980 0.996090
0.518021 0.996090
0.518083 0.996090
0.518113 0.996090
0.518134 0.996090
0.518165 0.996090
0.518175 0.996090
0.518216 0.996090
0.518226 0.996090
0.518247 0.996090
0.518277 0.996090
0.518339 0.996090
0.518370 0.996090
0.518400 0.996106
0.518462 0.996106
0.518472 0.996106
0.518493 0.996106
0.518544 0.996106
0.518564 0.996106
0.518605 0.996106
0.518616 0.996106
0.518647 0.996106
0.518667 0.996106
0.518708 0.996106
0.518718 0.996106
0.518770 0.996106
0.518790 0.996106
0.518913 0.996106
0.518944 0.996106
0.519005 0.996106
0.519036 0.996106
0.519077 0.996106
0.519128 0.996106
0.519169 0.996106
0.519190 0.996106
0.519251 0.996106
0.519272 0.996123
0.519303 0.996140
0.519334 0.996140
0.519344 0.996140
0.519405 0.996140
0.519446 0.996140
0.519457 0.996140
0.519487 0.996140
0.519528 0.996140
0.519539 0.996140
0.519600 0.996140
0.519621 0.996156
0.519631 0.996156
0.519672 0.996156
0.519703 0.996156
0.519764 0.996156
0.519815 0.996156
0.519846 0.996156
0.519867 0.996156
0.519877 0.996156
0.519908 0.996156
0.519949 0.996156
0.519959 0.996156
0.520000 0.996156
0.520021 0.996156
0.520062 0.996156
0.520185 0.996156
0.520205 0.996156
0.520287 0.996156
0.520308 0.996156
0.520349 0.996156
0.520369 0.996156
0.520390 0.996156
0.520420 0.996156
0.520461 0.996156
0.520482 0.996156
0.520492 0.996156
0.520523 0.996156
0.520543 0.996156
0.520595 0.996156
0.520656 0.996156
0.520666 0.996156
0.520697 0.996156
0.520738 0.996156
0.520749 0.996156
0.520790 0.996173
0.520820 0.996173
0.520882 0.996173
0.520913 0.996173
0.520954 0.996173
0.521015 0.996173
0.521036 0.996173
0.521097 0.996173
0.521138 0.996173
0.521210 0.996173
0.521230 0.996173
0.521261 0.996173
0.521282 0.996173
0.521323 0.996173
0.521384 0.996173
0.521405 0.996173
0.521446 0.996173
0.521466 0.996173
0.521487 0.996173
0.521518 0.996173
0.521528 0.996173
0.521589 0.996173
0.521600 0.996173
0.521661 0.996173
0.521702 0.996173
0.521764 0.996173
0.521764 0.996190
0.521815 0.996190
0.521835 0.996190
0.521866 0.996190
0.521887 0.996190
0.521897 0.996190
0.521948 0.996190
0.521989 0.996190
0.522010 0.996190
0.522041 0.996190
0.522082 0.996190
0.522102 0.996190
0.522153 0.996190
0.522174 0.996190
0.522235 0.996190
0.522256 0.996190
0.522266 0.996190
0.522287 0.996190
0.522297 0.996190
0.522328 0.996190
0.522369 0.996190
0.522440 0.996190
0.522451 0.996190
0.522471 0.996190
0.522502 0.996190
0.522574 0.996190
0.522615 0.996190
0.522625 0.996190
0.522666 0.996190
0.522728 0.996190
0.522779 0.996190
0.522810 0.996190
0.522820 0.996207
0.522840 0.996207
0.522871 0.996207
0.522912 0.996207
0.522963 0.996207
0.523004 0.996207
0.523035 0.996207
0.523097 0.996207
0.523158 0.996207
0.523230 0.996207
0.523271 0.996207
0.523302 0.996207
0.523322 0.996207
0.523384 0.996207
0.523425 0.996223
0.523435 0.996223
0.523456 0.996223
0.523527 0.996223
0.523568 0.996223
0.523579 0.996223
0.523609 0.996223
0.523630 0.996223
0.523691 0.996223
0.523722 0.996223
0.523743 0.996223
0.523784 0.996223
0.523804 0.996223
0.523958 0.996223
0.523978 0.996223
0.523989 0.996223
0.524050 0.996223
0.524071 0.996223
0.524081 0.996223
0.524122 0.996223
0.524194 0.996223
0.524214 0.996223
0.524255 0.996223
0.524286 0.996223
0.524348 0.996223
0.524368 0.996223
0.524389 0.996223
0.524409 0.996223
0.524450 0.996223
0.524471 0.996223
0.524501 0.996223
0.524522 0.996223
0.524553 0.996223
0.524573 0.996223
0.524635 0.996223
0.524676 0.996223
0.524686 0.996223
0.524727 0.996240
0.524737 0.996240
0.524778 0.996240
0.524901 0.996240
0.524922 0.996257
0.524953 0.996273
0.524963 0.996273
0.525004 0.996273
0.525055 0.996273
0.525096 0.996273
0.525137 0.996290
0.525147 0.996290
0.525209 0.996290
0.525250 0.996290
0.525373 0.996290
0.525393 0.996307
0.525414 0.996307
0.525496 0.996307
0.525547 0.996307
0.525568 0.996307
0.525629 0.996307
0.525660 0.996307
0.525670 0.996307
0.525691 0.996307
0.525742 0.996307
0.525752 0.996307
0.525793 0.996307
0.525804 0.996307
0.525855 0.996307
0.525886 0.996307
0.525947 0.996307
0.525968 0.996307
0.525988 0.996307
0.526009 0.996307
0.526039 0.996307
0.526091 0.996307
0.526101 0.996307
0.526132 0.996307
0.526142 0.996307
0.526204 0.996307
0.526214 0.996307
0.526245 0.996307
0.526286 0.996307
0.526306 0.996307
0.526316 0.996307
0.526368 0.996307
0.526388 0.996307
0.526398 0.996307
0.526460 0.996307
0.526480 0.996307
0.526583 0.996307
0.526624 0.996307
0.526655 0.996307
0.526675 0.996324
0.526716 0.996324
0.526778 0.996324
0.526829 0.996324
0.526870 0.996324
0.526921 0.996324
0.526942 0.996324
0.526952 0.996324
0.526973 0.996340
0.527024 0.996340
0.527034 0.996357
0.527055 0.996357
0.527106 0.996374
0.527137 0.996374
0.527188 0.996374
0.527219 0.996374
0.527229 0.996374
0.527249 0.996374
0.527280 0.996374
0.527290 0.996374
0.527331 0.996374
0.527362 0.996374
0.527393 0.996374
0.527413 0.996374
0.527424 0.996374
0.527444 0.996374
0.527475 0.996374
0.527516 0.996374
0.527588 0.996374
0.527598 0.996374
0.527619 0.996374
0.527649 0.996374
0.527670 0.996374
0.527711 0.996374
0.527752 0.996374
0.527793 0.996374
0.527844 0.996374
0.527865 0.996374
0.527916 0.996374
0.527947 0.996374
0.527988 0.996374
0.528018 0.996390
0.528070 0.996390
0.528080 0.996390
0.528111 0.996390
0.528183 0.996390
0.528224 0.996390
0.528295 0.996390
0.528326 0.996390
0.528336 0.996390
0.528357 0.996390
0.528388 0.996390
0.528398 0.996390
0.528439 0.996390
0.528449 0.996390
0.528490 0.996390
0.528572 0.996390
0.528593 0.996390
0.528623 0.996390
0.528644 0.996407
0.528705 0.996407
0.528726 0.996407
0.528757 0.996407
0.528829 0.996407
0.528859 0.996407
0.528911 0.996407
0.528931 0.996407
0.528962 0.996407
0.529013 0.996407
0.529023 0.996407
0.529034 0.996424
0.529116 0.996424
0.529136 0.996424
0.529167 0.996424
0.529187 0.996424
0.529239 0.996441
0.529259 0.996441
0.529269 0.996441
0.529310 0.996441
0.529362 0.996441
0.529392 0.996441
0.529433 0.996441
0.529485 0.996441
0.529505 0.996441
0.529546 0.996441
0.529567 0.996441
0.529598 0.996457
0.529608 0.996457
0.529618 0.996474
0.529710 0.996474
0.529751 0.996491
0.529792 0.996491
0.529844 0.996491
0.529854 0.996491
0.529885 0.996491
0.529895 0.996491
0.529956 0.996491
0.529977 0.996491
0.530008 0.996491
0.530028 0.996491
0.530049 0.996491
0.530079 0.996491
0.530100 0.996491
0.530151 0.996491
0.530182 0.996491
0.530233 0.996491
0.530254 0.996491
0.530274 0.996507
0.530336 0.996524
0.530356 0.996524
0.530387 0.996524
0.530469 0.996524
0.530510 0.996524
0.530520 0.996524
0.530541 0.996524
0.530551 0.996524
0.530572 0.996524
0.530582 0.996524
0.530613 0.996524
0.530623 0.996524
0.530654 0.996524
0.530695 0.996524
0.530756 0.996524
0.530777 0.996524
0.530797 0.996524
0.530838 0.996524
0.530890 0.996557
0.530961 0.996557
0.531023 0.996557
0.531105 0.996557
0.531115 0.996557
0.531146 0.996557
0.531166 0.996557
0.531228 0.996557
0.531269 0.996557
0.531289 0.996557
0.531361 0.996557
0.531443 0.996557
0.531505 0.996557
0.531525 0.996574
0.531546 0.996574
0.531587 0.996574
0.531607 0.996574
0.531618 0.996574
0.531638 0.996574
0.531669 0.996574
0.531710 0.996574
0.531771 0.996574
0.531802 0.996574
0.531864 0.996574
0.531946 0.996574
0.531956 0.996574
0.531987 0.996574
0.532058 0.996574
0.532099 0.996574
0.532161 0.996574
0.532243 0.996574
0.532253 0.996574
0.532294 0.996574
0.532335 0.996574
0.532438 0.996574
0.532458 0.996574
0.532479 0.996574
0.532540 0.996574
0.532561 0.996591
0.532602 0.996591
0.532622 0.996591
0.532653 0.996591
0.532663 0.996591
0.532704 0.996591
0.532735 0.996591
0.532745 0.996591
0.532766 0.996591
0.532807 0.996591
0.532889 0.996591
0.532930 0.996591
0.532961 0.996591
0.533033 0.996591
0.533084 0.996591
0.533125 0.996591
0.533145 0.996591
0.533156 0.996591
0.533207 0.996591
0.533227 0.996591
0.533268 0.996591
0.533299 0.996591
0.533340 0.996608
0.533402 0.996608
0.533422 0.996608
0.533432 0.996608
0.533463 0.996608
0.533545 0.996608
0.533566 0.996608
0.533576 0.996608
0.533617 0.996608
0.533668 0.996608
0.533730 0.996608
0.533781 0.996608
0.533812 0.996608
0.533853 0.996608
0.533884 0.996608
0.533904 0.996608
0.533914 0.996608
0.533955 0.996608
0.534017 0.996608
0.534037 0.996608
0.534078 0.996608
0.534140 0.996608
0.534160 0.996608
0.534201 0.996608
0.534243 0.996608
0.534284 0.996608
0.534304 0.996608
0.534345 0.996608
0.534355 0.996608
0.534407 0.996608
0.534448 0.996608
0.534478 0.996608
0.534489 0.996608
0.534519 0.996608
0.534560 0.996608
0.534571 0.996624
0.534632 0.996624
0.534653 0.996624
0.534683 0.996624
0.534704 0.996624
0.534714 0.996624
0.534745 0.996624
0.534765 0.996641
0.534776 0.996641
0.534858 0.996641
0.534868 0.996641
0.534919 0.996641
0.534950 0.996641
0.535012 0.996641
0.535063 0.996641
0.535083 0.996641
0.535094 0.996641
0.535196 0.996641
0.535206 0.996641
0.535247 0.996641
0.535258 0.996641
0.535278 0.996641
0.535381 0.996641
0.535401 0.996641
0.535422 0.996641
0.535452 0.996641
0.535463 0.996641
0.535504 0.996641
0.535545 0.996641
0.535565 0.996641
0.535627 0.996641
0.535678 0.996641
0.535740 0.996641
0.535781 0.996641
0.535801 0.996641
0.535842 0.996641
0.535852 0.996641
0.535873 0.996641
0.535945 0.996658
0.535986 0.996658
0.535996 0.996658
0.536016 0.996658
0.536027 0.996658
0.536047 0.996658
0.536098 0.996658
0.536109 0.996658
0.536139 0.996658
0.536180 0.996658
0.536232 0.996658
0.536262 0.996658
0.536283 0.996658
0.536334 0.996658
0.536365 0.996658
0.536386 0.996658
0.536406 0.996658
0.536437 0.996658
0.536457 0.996658
0.536498 0.996658
0.536529 0.996674
0.536550 0.996674
0.536570 0.996674
0.536601 0.996674
0.536652 0.996674
0.536714 0.996674
0.536755 0.996674
0.536785 0.996674
0.536826 0.996674
0.536857 0.996674
0.536878 0.996674
0.536919 0.996674
0.536960 0.996674
0.536970 0.996674
0.536991 0.996674
0.537052 0.996674
0.537073 0.996674
0.537103 0.996674
0.537155 0.996674
0.537165 0.996674
0.537185 0.996674
0.537216 0.996691
0.537237 0.996691
0.537278 0.996691
0.537288 0.996691
0.537319 0.996691
0.537401 0.996691
0.537442 0.996691
0.537462 0.996691
0.537472 0.996691
0.537554 0.996691
0.537616 0.996691
0.537637 0.996691
0.537647 0.996691
0.537688 0.996691
0.537698 0.996691
0.537719 0.996691
0.537729 0.996691
0.537749 0.996691
0.537811 0.996691
0.537872 0.996691
0.537944 0.996691
0.537985 0.996691
0.538047 0.996691
0.538057 0.996691
0.538118 0.996691
0.538139 0.996691
0.538170 0.996691
0.538180 0.996691
0.538190 0.996708
0.538231 0.996708
0.538252 0.996708
0.538334 0.996708
0.538395 0.996708
0.538467 0.996708
0.538488 0.996708
0.538549 0.996708
0.538631 0.996708
0.538662 0.996708
0.538682 0.996708
0.538764 0.996708
0.538795 0.996708
0.538805 0.996708
0.538826 0.996708
0.538836 0.996708
0.538857 0.996708
0.538898 0.996708
0.538969 0.996708
0.539011 0.996708
0.539031 0.996708
0.539093 0.996708
0.539113 0.996708
0.539185 0.996708
0.539216 0.996708
0.539236 0.996708
0.539257 0.996708
0.539277 0.996708
0.539287 0.996725
0.539318 0.996725
0.539339 0.996725
0.539380 0.996725
0.539421 0.996725
0.539482 0.996725
0.539513 0.996725
0.539533 0.996725
0.539564 0.996725
0.539585 0.996725
0.539626 0.996725
0.539646 0.996741
0.539677 0.996741
0.539698 0.996741
0.539708 0.996741
0.539728 0.996741
0.539810 0.996741
0.539841 0.996741
0.539862 0.996741
0.539872 0.996741
0.539913 0.996741
0.539954 0.996741
0.539974 0.996741
0.540005 0.996741
0.540087 0.996741
0.540128 0.996741
0.540169 0.996758
0.540190 0.996758
0.540210 0.996758
0.540241 0.996758
0.540251 0.996758
0.540261 0.996775
0.540344 0.996775
0.540364 0.996775
0.540395 0.996775
0.540405 0.996775
0.540436 0.996775
0.540456 0.996775
0.540497 0.996775
0.540549 0.996775
0.540579 0.996775
0.540682 0.996775
0.540723 0.996775
0.540754 0.996775
0.540784 0.996775
0.540805 0.996775
0.540815 0.996775
0.540856 0.996775
0.540907 0.996775
0.540948 0.996775
0.540979 0.996775
0.541020 0.996775
0.541082 0.996775
0.541133 0.996775
0.541195 0.996775
0.541215 0.996775
0.541246 0.996775
0.541256 0.996775
0.541318 0.996775
0.541348 0.996775
0.541359 0.996775
0.541430 0.996775
0.541492 0.996775
0.541564 0.996775
0.541584 0.996775
0.541594 0.996775
0.541656 0.996775
0.541738 0.996775
0.541779 0.996775
0.541810 0.996775
0.541851 0.996775
0.541882 0.996775
0.541902 0.996775
0.541933 0.996775
0.541953 0.996775
0.541964 0.996775
0.542025 0.996775
0.542066 0.996775
0.542128 0.996775
0.542148 0.996775
0.542189 0.996775
0.542210 0.996775
0.542261 0.996791
0.542281 0.996791
0.542322 0.996791
0.542353 0.996791
0.542374 0.996791
0.542425 0.996791
0.542466 0.996791
0.542528 0.996791
0.542569 0.996791
0.542579 0.996791
0.542599 0.996791
0.542630 0.996791
0.542671 0.996791
0.542681 0.996808
0.542733 0.996808
0.542753 0.996808
0.542763 0.996808
0.542794 0.996808
0.542815 0.996808
0.542845 0.996808
0.542886 0.996808
0.542927 0.996808
0.542938 0.996808
0.542968 0.996808
0.542979 0.996808
0.543009 0.996808
0.543030 0.996808
0.543071 0.996808
0.543122 0.996808
0.543133 0.996808
0.543174 0.996808
0.543194 0.996808
0.543235 0.996808
0.543245 0.996825
0.543286 0.996825
0.543307 0.996825
0.543327 0.996825
0.543379 0.996825
0.543420 0.996825
0.543461 0.996842
0.543491 0.996842
0.543502 0.996858
0.543512 0.996858
0.543543 0.996858
0.543563 0.996858
0.543604 0.996858
0.543686 0.996858
0.543696 0.996858
0.543738 0.996858
0.543748 0.996858
0.543779 0.996858
0.543799 0.996858
0.543830 0.996858
0.543850 0.996858
0.543881 0.996858
0.543902 0.996858
0.543912 0.996858
0.543973 0.996858
0.544004 0.996858
0.544014 0.996858
0.544035 0.996858
0.544066 0.996858
0.544086 0.996875
0.544107 0.996875
0.544137 0.996875
0.544178 0.996875
0.544219 0.996875
0.544230 0.996875
0.544260 0.996875
0.544301 0.996875
0.544312 0.996875
0.544363 0.996875
0.544383 0.996892
0.544414 0.996892
0.544435 0.996892
0.544527 0.996892
0.544537 0.996892
0.544558 0.996892
0.544599 0.996892
0.544630 0.996892
0.544640 0.996892
0.544671 0.996892
0.544691 0.996892
0.544732 0.996892
0.544742 0.996892
0.544753 0.996908
0.544794 0.996908
0.544824 0.996908
0.544845 0.996925
0.544886 0.996925
0.544927 0.996942
0.544958 0.996942
0.545040 0.996942
0.545070 0.996942
0.545091 0.996942
0.545173 0.996942
0.545204 0.996942
0.545265 0.996942
0.545286 0.996942
0.545347 0.996942
0.545358 0.996942
0.545378 0.996942
0.545388 0.996942
0.545419 0.996942
0.545460 0.996942
0.545470 0.996942
0.545532 0.996942
0.545552 0.996942
0.545593 0.996942
0.545614 0.996942
0.545686 0.996942
0.545716 0.996942
0.545799 0.996942
0.545850 0.996942
0.545891 0.996942
0.545922 0.996942
0.545942 0.996942
0.545973 0.996942
0.545983 0.996942
0.546045 0.996942
0.546086 0.996942
0.546106 0.996942
0.546127 0.996942
0.546168 0.996942
0.546188 0.996942
0.546219 0.996942
0.546270 0.996942
0.546311 0.996942
0.546332 0.996942
0.546342 0.996942
0.546352 0.996959
0.546362 0.996959
0.546383 0.996959
0.546445 0.996959
0.546455 0.996959
0.546496 0.996959
0.546557 0.996959
0.546568 0.996959
0.546598 0.996959
0.546639 0.996959
0.546660 0.996959
0.546680 0.996959
0.546691 0.996959
0.546711 0.996975
0.546721 0.996975
0.546742 0.996975
0.546752 0.996975
0.546773 0.996975
0.546783 0.996975
0.546834 0.996992
0.546855 0.996992
0.546906 0.996992
0.546978 0.996992
0.546998 0.996992
0.547008 0.996992
0.547029 0.996992
0.547080 0.997009
0.547090 0.997009
0.547111 0.997009
0.547142 0.997025
0.547162 0.997025
0.547203 0.997025
0.547234 0.997025
0.547244 0.997025
0.547285 0.997025
0.547296 0.997025
0.547347 0.997025
0.547378 0.997025
0.547419 0.997025
0.547429 0.997059
0.547470 0.997059
0.547480 0.997059
0.547501 0.997059
0.547542 0.997059
0.547603 0.997059
0.547665 0.997059
0.547706 0.997059
0.547747 0.997059
0.547849 0.997059
0.547860 0.997059
0.547890 0.997059
0.547942 0.997059
0.547952 0.997059
0.547983 0.997059
0.547993 0.997059
0.548075 0.997059
0.548095 0.997059
0.548147 0.997059
0.548157 0.997059
0.548208 0.997059
0.548229 0.997059
0.548259 0.997059
0.548321 0.997059
0.548403 0.997059
0.548413 0.997059
0.548464 0.997059
0.548495 0.997059
0.548536 0.997059
0.548557 0.997059
0.548567 0.997059
0.548608 0.997059
0.548629 0.997059
0.548680 0.997059
0.548690 0.997059
0.548752 0.997059
0.548772 0.997076
0.548844 0.997076
0.548895 0.997076
0.548916 0.997076
0.548946 0.997076
0.549008 0.997076
0.549028 0.997076
0.549090 0.997076
0.549141 0.997076
0.549162 0.997076
0.549213 0.997076
0.549234 0.997076
0.549295 0.997076
0.549336 0.997076
0.549367 0.997076
0.549408 0.997076
0.549449 0.997076
0.549469 0.997076
0.549480 0.997076
0.549531 0.997076
0.549592 0.997076
0.549623 0.997076
0.549633 0.997076
0.549705 0.997076
0.549715 0.997076
0.549756 0.997076
0.549767 0.997076
0.549787 0.997076
0.549859 0.997076
0.549869 0.997076
0.549890 0.997076
0.549900 0.997076
0.549931 0.997076
0.549972 0.997076
0.549982 0.997076
0.550023 0.997076
0.550054 0.997076
0.550095 0.997076
0.550136 0.997076
0.550167 0.997076
0.550187 0.997076
0.550238 0.997076
0.550279 0.997076
0.550310 0.997076
0.550351 0.997076
0.550361 0.997076
0.550402 0.997076
0.550464 0.997076
0.550526 0.997076
0.550536 0.997076
0.550587 0.997076
0.550597 0.997076
0.550638 0.997076
0.550679 0.997076
0.550741 0.997076
0.550761 0.997076
0.550772 0.997076
0.550813 0.997076
0.550884 0.997092
0.550905 0.997092
0.550946 0.997092
0.551007 0.997092
0.551048 0.997092
0.551100 0.997092
0.551130 0.997092
0.551151 0.997092
0.551274 0.997092
0.551295 0.997092
0.551366 0.997092
0.551377 0.997092
0.551397 0.997092
0.551438 0.997092
0.551459 0.997092
0.551459 0.997109
0.551489 0.997109
0.551510 0.997109
0.551530 0.997109
0.551551 0.997109
0.551592 0.997109
0.551602 0.997109
0.551623 0.997126
0.551643 0.997126
0.551715 0.997126
0.551735 0.997126
0.551797 0.997126
0.551817 0.997126
0.551879 0.997126
0.551889 0.997126
0.551920 0.997126
0.551971 0.997126
0.552064 0.997126
0.552084 0.997126
0.552084 0.997142
0.552115 0.997142
0.552135 0.997142
0.552146 0.997142
0.552187 0.997142
0.552269 0.997142
0.552279 0.997142
0.552320 0.997142
0.552340 0.997142
0.552361 0.997142
0.552371 0.997142
0.552402 0.997142
0.552422 0.997142
0.552463 0.997142
0.552494 0.997142
0.552546 0.997142
0.552587 0.997142
0.552710 0.997142
0.552751 0.997142
0.552771 0.997142
0.552802 0.997142
0.552812 0.997142
0.552853 0.997159
0.552894 0.997159
0.552925 0.997159
0.552976 0.997159
0.552997 0.997176
0.553027 0.997176
0.553048 0.997176
0.553109 0.997176
0.553140 0.997176
0.553212 0.997176
0.553243 0.997176
0.553263 0.997176
0.553325 0.997176
0.553345 0.997176
0.553356 0.997176
0.553397 0.997176
0.553427 0.997176
0.553427 0.997193
0.553448 0.997193
0.553458 0.997193
0.553499 0.997193
0.553509 0.997193
0.553550 0.997193
0.553571 0.997193
0.553653 0.997193
0.553704 0.997193
0.553725 0.997193
0.553766 0.997193
0.553796 0.997193
0.553807 0.997193
0.553889 0.997193
0.553920 0.997209
0.553981 0.997209
0.554022 0.997209
0.554053 0.997209
0.554073 0.997209
0.554104 0.997209
0.554125 0.997209
0.554166 0.997209
0.554196 0.997209
0.554217 0.997209
0.554278 0.997209
0.554289 0.997209
0.554319 0.997209
0.554381 0.997209
0.554412 0.997209
0.554473 0.997209
0.554514 0.997209
0.554545 0.997209
0.554555 0.997209
0.554627 0.997209
0.554648 0.997226
0.554730 0.997226
0.554760 0.997226
0.554812 0.997226
0.554832 0.997226
0.554863 0.997226
0.554924 0.997226
0.554935 0.997226
0.555058 0.997226
0.555150 0.997243
0.555160 0.997243
0.555181 0.997243
0.555211 0.997243
0.555232 0.997243
0.555294 0.997243
0.555335 0.997259
0.555427 0.997259
0.555447 0.997259
0.555499 0.997259
0.555519 0.997293
0.555550 0.997293
0.555611 0.997293
0.555642 0.997293
0.555663 0.997293
0.555714 0.997293
0.555755 0.997293
0.555786 0.997293
0.555878 0.997293
0.555898 0.997293
0.555909 0.997293
0.555970 0.997293
0.555981 0.997293
0.556001 0.997293
0.556042 0.997293
0.556063 0.997309
0.556083 0.997309
0.556093 0.997309
0.556114 0.997309
0.556145 0.997326
0.556175 0.997326
0.556227 0.997326
0.556268 0.997326
0.556309 0.997326
0.556339 0.997326
0.556350 0.997326
0.556401 0.997326
0.556442 0.997326
0.556452 0.997326
0.556483 0.997326
0.556544 0.997326
0.556555 0.997326
0.556596 0.997326
0.556616 0.997326
0.556647 0.997326
0.556657 0.997326
0.556678 0.997326
0.556709 0.997326
0.556719 0.997326
0.556750 0.997326
0.556791 0.997326
0.556821 0.997326
0.556832 0.997326
0.556862 0.997326
0.556924 0.997326
0.556955 0.997326
0.556996 0.997326
0.557047 0.997326
0.557067 0.997326
0.557129 0.997326
0.557190 0.997326
0.557201 0.997326
0.557272 0.997326
0.557334 0.997326
0.557344 0.997326
0.557365 0.997326
0.557406 0.997326
0.557426 0.997326
0.557467 0.997326
0.557508 0.997326
0.557529 0.997326
0.557570 0.997343
0.557611 0.997343
0.557631 0.997343
0.557672 0.997343
0.557703 0.997343
0.557724 0.997343
0.557754 0.997343
0.557765 0.997343
0.557806 0.997343
0.557816 0.997343
0.557836 0.997343
0.557847 0.997343
0.557867 0.997343
0.557908 0.997343
0.557929 0.997343
0.557959 0.997343
0.557980 0.997360
0.558001 0.997360
0.558011 0.997360
0.558052 0.997360
0.558103 0.997360
0.558206 0.997360
0.558247 0.997360
0.558257 0.997360
0.558339 0.997360
0.558349 0.997360
0.558411 0.997360
0.558441 0.997360
0.558462 0.997360
0.558554 0.997360
0.558595 0.997360
0.558626 0.997360
0.558688 0.997360
0.558739 0.997360
0.558770 0.997360
0.558821 0.997360
0.558841 0.997360
0.558872 0.997360
0.558882 0.997360
0.558944 0.997360
0.558964 0.997360
0.558995 0.997360
0.559005 0.997360
0.559057 0.997360
0.559087 0.997360
0.559098 0.997360
0.559169 0.997360
0.559180 0.997360
0.559231 0.997360
0.559241 0.997360
0.559262 0.997360
0.559272 0.997360
0.559292 0.997360
0.559344 0.997360
0.559426 0.997360
0.559457 0.997360
0.559498 0.997360
0.559549 0.997360
0.559590 0.997360
0.559600 0.997360
0.559641 0.997360
0.559662 0.997360
0.559703 0.997360
0.559733 0.997360
0.559774 0.997360
0.559795 0.997360
0.559836 0.997360
0.559846 0.997360
0.559867 0.997360
0.559877 0.997360
0.559908 0.997360
0.559949 0.997360
0.559969 0.997360
0.560000 0.997360
0.560021 0.997360
0.560031 0.997360
0.560092 0.997360
0.560123 0.997360
0.560133 0.997360
0.560195 0.997360
0.560226 0.997360
0.560236 0.997360
0.560267 0.997360
0.560308 0.997360
0.560328 0.997360
0.560338 0.997360
0.560379 0.997360
0.560400 0.997360
0.560451 0.997360
0.560482 0.997360
0.560502 0.997360
0.560554 0.997360
0.560584 0.997376
0.560605 0.997376
0.560636 0.997376
0.560677 0.997376
0.560718 0.997376
0.560728 0.997393
0.560749 0.997393
0.560779 0.997393
0.560790 0.997393
0.560820 0.997393
0.560902 0.997393
0.560984 0.997393
0.561015 0.997393
0.561056 0.997393
0.561077 0.997393
0.561107 0.997393
0.561118 0.997393
0.561138 0.997393
0.561210 0.997393
0.561241 0.997393
0.561302 0.997393
0.561312 0.997393
0.561364 0.997393
0.561395 0.997393
0.561415 0.997393
0.561507 0.997393
0.561548 0.997393
0.561559 0.997393
0.561589 0.997393
0.561641 0.997393
0.561651 0.997393
0.561692 0.997393
0.561712 0.997393
0.561774 0.997393
0.561794 0.997393
0.561825 0.997393
0.561835 0.997393
0.561856 0.997393
0.561887 0.997393
0.561897 0.997393
0.561917 0.997393
0.561979 0.997393
0.561989 0.997393
0.562071 0.997393
0.562174 0.997393
0.562205 0.997393
0.562235 0.997393
0.562317 0.997393
0.562328 0.997393
0.562348 0.997393
0.562379 0.997393
0.562420 0.997393
0.562440 0.997393
0.562471 0.997393
0.562512 0.997393
0.562522 0.997393
0.562543 0.997393
0.562584 0.997393
0.562645 0.997393
0.562656 0.997393
0.562676 0.997393
0.562707 0.997410
0.562769 0.997410
0.562799 0.997426
0.562840 0.997426
0.562851 0.997426
0.562871 0.997426
0.562892 0.997426
0.562912 0.997426
0.562922 0.997426
0.562953 0.997426
0.562974 0.997426
0.562984 0.997426
0.563015 0.997426
0.563097 0.997426
0.563107 0.997426
0.563168 0.997426
0.563209 0.997426
0.563230 0.997426
0.563271 0.997426
0.563322 0.997426
0.563332 0.997426
0.563353 0.997426
0.563363 0.997426
0.563394 0.997426
0.563415 0.997443
0.563435 0.997443
0.563486 0.997460
0.563527 0.997460
0.563548 0.997460
0.563568 0.997460
0.563640 0.997460
0.563722 0.997460
0.563773 0.997460
0.563835 0.997460
0.563845 0.997460
0.563866 0.997460
0.563896 0.997460
0.563917 0.997460
0.563948 0.997460
0.563958 0.997460
0.563989 0.997460
0.564050 0.997460
0.564091 0.997460
0.564122 0.997460
0.564163 0.997460
0.564184 0.997460
0.564214 0.997460
0.564225 0.997460
0.564286 0.997460
0.564307 0.997460
0.564337 0.997460
0.564378 0.997460
0.564399 0.997460
0.564430 0.997460
0.564450 0.997460
0.564460 0.997460
0.564491 0.997460
0.564512 0.997460
0.564532 0.997460
0.564553 0.997460
0.564594 0.997460
0.564614 0.997460
0.564655 0.997460
0.564665 0.997460
0.564748 0.997460
0.564789 0.997460
0.564819 0.997460
0.564881 0.997460
0.564932 0.997460
0.564994 0.997460
0.565045 0.997460
0.565106 0.997460
0.565158 0.997460
0.565188 0.997460
0.565209 0.997460
0.565219 0.997460
0.565240 0.997460
0.565270 0.997460
0.565291 0.997460
0.565352 0.997460
0.565393 0.997460
0.565455 0.997460
0.565486 0.997460
0.565496 0.997460
0.565537 0.997460
0.565599 0.997460
0.565619 0.997460
0.565640 0.997460
0.565670 0.997460
0.565711 0.997460
0.565722 0.997460
0.565742 0.997460
0.565773 0.997460
0.565783 0.997460
0.565814 0.997460
0.565824 0.997460
0.565865 0.997460
0.565896 0.997460
0.565947 0.997460
0.565988 0.997460
0.566019 0.997460
0.566039 0.997460
0.566050 0.997460
0.566070 0.997460
0.566080 0.997460
0.566152 0.997460
0.566183 0.997460
0.566224 0.997460
0.566255 0.997460
0.566265 0.997460
0.566316 0.997460
0.566337 0.997460
0.566368 0.997460
0.566388 0.997460
0.566429 0.997460
0.566470 0.997460
0.566501 0.997460
0.566552 0.997460
0.566583 0.997460
0.566634 0.997460
0.566675 0.997460
0.566685 0.997460
0.566747 0.997460
0.566757 0.997477
0.566767 0.997477
0.566788 0.997477
0.566829 0.997477
0.566860 0.997477
0.566870 0.997477
0.566891 0.997477
0.566921 0.997477
0.566962 0.997477
0.566973 0.997510
0.567044 0.997510
0.567085 0.997510
0.567116 0.997510
0.567167 0.997510
0.567188 0.997510
0.567229 0.997510
0.567239 0.997527
0.567260 0.997527
0.567270 0.997527
0.567311 0.997527
0.567331 0.997527
0.567342 0.997527
0.567362 0.997527
0.567403 0.997527
0.567424 0.997527
0.567465 0.997527
0.567475 0.997527
0.567516 0.997527
0.567547 0.997527
0.567588 0.997527
0.567619 0.997527
0.567639 0.997527
0.567680 0.997527
0.567711 0.997527
0.567772 0.997527
0.567783 0.997527
0.567824 0.997543
0.567885 0.997543
0.567906 0.997543
0.567916 0.997543
0.568039 0.997543
0.568090 0.997543
0.568183 0.997543
0.568234 0.997543
0.568265 0.997543
0.568285 0.997543
0.568295 0.997543
0.568357 0.997543
0.568398 0.997543
0.568439 0.997543
0.568470 0.997543
0.568490 0.997543
0.568521 0.997543
0.568593 0.997543
0.568634 0.997543
0.568654 0.997543
0.568705 0.997543
0.568767 0.997543
0.568829 0.997543
0.568839 0.997543
0.568870 0.997543
0.568890 0.997543
0.568900 0.997543
0.568982 0.997543
0.568993 0.997543
0.569064 0.997543
0.569126 0.997543
0.569187 0.997543
0.569218 0.997543
0.569259 0.997543
0.569321 0.997543
0.569331 0.997543
0.569351 0.997543
0.569382 0.997543
0.569392 0.997543
0.569413 0.997543
0.569423 0.997543
0.569464 0.997543
0.569474 0.997543
0.569505 0.997543
0.569516 0.997543
0.569546 0.997543
0.569557 0.997543
0.569608 0.997543
0.569628 0.997543
0.569659 0.997543
0.569680 0.997543
0.569762 0.997543
0.569854 0.997543
0.569895 0.997543
0.569915 0.997543
0.569956 0.997577
0.569987 0.997577
0.570008 0.997577
0.570018 0.997577
0.570059 0.997577
0.570090 0.997577
0.570161 0.997577
0.570182 0.997577
0.570264 0.997577
0.570285 0.997577
0.570295 0.997577
0.570346 0.997577
0.570387 0.997577
0.570418 0.997577
0.570449 0.997577
0.570510 0.997577
0.570541 0.997577
0.570561 0.997594
0.570602 0.997594
0.570633 0.997594
0.570664 0.997594
0.570695 0.997644
0.570695 0.997660
0.570725 0.997660
0.570746 0.997660
0.570807 0.997660
0.570818 0.997660
0.570859 0.997660
0.570920 0.997660
0.570931 0.997660
0.570961 0.997660
0.571064 0.997660
0.571105 0.997660
0.571156 0.997660
0.571177 0.997660
0.571218 0.997660
0.571238 0.997660
0.571382 0.997660
0.571392 0.997660
0.571412 0.997660
0.571443 0.997660
0.571494 0.997660
0.571515 0.997660
0.571536 0.997660
0.571587 0.997660
0.571597 0.997677
0.571628 0.997677
0.571648 0.997677
0.571659 0.997677
0.571741 0.997677
0.571761 0.997677
0.571802 0.997677
0.571833 0.997677
0.571864 0.997677
0.571884 0.997677
0.571915 0.997677
0.571935 0.997677
0.571987 0.997677
0.572017 0.997677
0.572069 0.997677
0.572099 0.997677
0.572130 0.997677
0.572192 0.997677
0.572233 0.997677
0.572253 0.997677
0.572294 0.997677
0.572305 0.997677
0.572346 0.997677
0.572397 0.997677
0.572407 0.997677
0.572438 0.997677
0.572479 0.997677
0.572489 0.997677
0.572510 0.997677
0.572551 0.997677
0.572571 0.997677
0.572612 0.997677
0.572633 0.997677
0.572653 0.997677
0.572684 0.997677
0.572704 0.997677
0.572735 0.997677
0.572756 0.997677
0.572786 0.997677
0.572807 0.997677
0.572817 0.997677
0.572838 0.997677
0.572848 0.997677
0.572930 0.997677
0.572961 0.997677
0.572971 0.997677
0.573053 0.997677
0.573063 0.997677
0.573115 0.997677
0.573135 0.997677
0.573145 0.997677
0.573166 0.997677
0.573176 0.997694
0.573186 0.997694
0.573227 0.997694
0.573238 0.997694
0.573258 0.997694
0.573289 0.997694
0.573330 0.997694
0.573350 0.997694
0.573381 0.997694
0.573391 0.997694
0.573422 0.997694
0.573432 0.997694
0.573453 0.997694
0.573463 0.997694
0.573504 0.997694
0.573525 0.997694
0.573555 0.997694
0.573576 0.997694
0.573586 0.997694
0.573617 0.997694
0.573679 0.997694
0.573709 0.997694
0.573750 0.997694
0.573761 0.997694
0.573822 0.997694
0.573832 0.997694
0.573873 0.997694
0.573914 0.997694
0.573925 0.997694
0.573966 0.997694
0.573976 0.997694
0.574007 0.997694
0.574027 0.997694
0.574078 0.997694
0.574099 0.997694
0.574150 0.997694
0.574181 0.997694
0.574222 0.997694
0.574263 0.997694
0.574294 0.997694
0.574335 0.997694
0.574355 0.997694
0.574407 0.997694
0.574427 0.997694
0.574437 0.997694
0.574478 0.997694
0.574489 0.997694
0.574550 0.997694
0.574632 0.997694
0.574673 0.997694
0.574694 0.997694
0.574704 0.997694
0.574724 0.997694
0.574755 0.997694
0.574765 0.997694
0.574837 0.997694
0.574868 0.997711
0.574899 0.997711
0.574919 0.997711
0.574940 0.997711
0.574950 0.997711
0.574991 0.997711
0.575012 0.997711
0.575022 0.997711
0.575032 0.997727
0.575063 0.997727
0.575073 0.997727
0.575104 0.997727
0.575124 0.997727
0.575155 0.997727
0.575176 0.997727
0.575258 0.997727
0.575340 0.997727
0.575370 0.997727
0.575422 0.997727
0.575452 0.997727
0.575504 0.997727
0.575524 0.997727
0.575534 0.997727
0.575586 0.997727
0.575596 0.997727
0.575637 0.997727
0.575658 0.997727
0.575678 0.997727
0.575719 0.997727
0.575750 0.997727
0.575781 0.997727
0.575822 0.997727
0.575852 0.997727
0.575893 0.997727
0.575945 0.997727
0.575975 0.997727
0.576016 0.997727
0.576027 0.997727
0.576057 0.997727
0.576119 0.997727
0.576139 0.997727
0.576191 0.997727
0.576232 0.997727
0.576262 0.997727
0.576273 0.997727
0.576293 0.997727
0.576314 0.997727
0.576355 0.997727
0.576416 0.997727
0.576478 0.997727
0.576498 0.997727
0.576509 0.997727
0.576529 0.997727
0.576550 0.997744
0.576560 0.997744
0.576621 0.997744
0.576652 0.997744
0.576693 0.997744
0.576703 0.997744
0.576744 0.997744
0.576775 0.997744
0.576785 0.997744
0.576816 0.997744
0.576898 0.997744
0.576908 0.997744
0.576929 0.997744
0.576980 0.997744
0.577001 0.997744
0.577042 0.997744
0.577073 0.997744
0.577114 0.997744
0.577175 0.997744
0.577185 0.997744
0.577216 0.997744
0.577226 0.997744
0.577247 0.997744
0.577267 0.997744
0.577319 0.997744
0.577329 0.997744
0.577349 0.997744
0.577390 0.997744
0.577411 0.997744
0.577421 0.997744
0.577421 0.997761
0.577442 0.997777
0.577462 0.997777
0.577503 0.997777
0.577544 0.997777
0.577565 0.997777
0.577585 0.997777
0.577616 0.997777
0.577657 0.997777
0.577688 0.997777
0.577708 0.997777
0.577749 0.997777
0.577790 0.997777
0.577801 0.997777
0.577852 0.997777
0.577862 0.997777
0.577903 0.997777
0.577965 0.997777
0.578006 0.997777
0.578047 0.997777
0.578077 0.997777
0.578118 0.997777
0.578139 0.997777
0.578180 0.997777
0.578241 0.997777
0.578282 0.997777
0.578303 0.997777
0.578313 0.997777
0.578334 0.997777
0.578344 0.997777
0.578365 0.997777
0.578395 0.997777
0.578447 0.997777
0.578518 0.997777
0.578529 0.997811
0.578559 0.997828
0.578580 0.997828
0.578662 0.997828
0.578713 0.997828
0.578723 0.997828
0.578744 0.997828
0.578775 0.997828
0.578795 0.997828
0.578826 0.997828
0.578836 0.997828
0.578887 0.997828
0.578908 0.997828
0.578939 0.997828
0.578969 0.997828
0.579031 0.997828
0.579041 0.997828
0.579062 0.997828
0.579082 0.997828
0.579113 0.997828
0.579123 0.997828
0.579185 0.997828
0.579205 0.997828
0.579216 0.997828
0.579277 0.997828
0.579359 0.997828
0.579380 0.997828
0.579400 0.997828
0.579451 0.997828
0.579462 0.997828
0.579492 0.997828
0.579513 0.997828
0.579523 0.997828
0.579554 0.997828
0.579564 0.997828
0.579564 0.997844
0.579585 0.997844
0.579595 0.997844
0.579667 0.997844
0.579718 0.997844
0.579728 0.997844
0.579780 0.997844
0.579810 0.997844
0.579821 0.997844
0.579862 0.997844
0.579882 0.997844
0.579964 0.997844
0.579974 0.997844
0.580005 0.997844
0.580046 0.997844
0.580200 0.997844
0.580210 0.997844
0.580231 0.997844
0.580261 0.997844
0.580344 0.997844
0.580385 0.997844
0.580385 0.997861
0.580426 0.997861
0.580446 0.997861
0.580487 0.997861
0.580508 0.997861
0.580569 0.997861
0.580620 0.997861
0.580682 0.997861
0.580713 0.997861
0.580723 0.997861
0.580743 0.997861
0.580774 0.997861
0.580815 0.997861
0.580846 0.997861
0.580866 0.997861
0.580887 0.997861
0.580928 0.997861
0.580938 0.997861
0.580979 0.997861
0.580989 0.997861
0.581010 0.997861
0.581051 0.997861
0.581072 0.997861
0.581082 0.997861
0.581113 0.997861
0.581123 0.997861
0.581164 0.997861
0.581184 0.997861
0.581215 0.997861
0.581236 0.997861
0.581266 0.997861
0.581287 0.997878
0.581318 0.997878
0.581328 0.997878
0.581348 0.997878
0.581400 0.997878
0.581420 0.997878
0.581461 0.997878
0.581471 0.997894
0.581492 0.997894
0.581564 0.997894
0.581625 0.997894
0.581656 0.997894
0.581676 0.997894
0.581738 0.997894
0.581748 0.997894
0.581779 0.997894
0.581789 0.997894
0.581830 0.997894
0.581841 0.997894
0.581871 0.997894
0.581882 0.997894
0.581923 0.997894
0.581953 0.997894
0.582005 0.997894
0.582015 0.997894
0.582035 0.997894
0.582076 0.997894
0.582097 0.997894
0.582107 0.997894
0.582128 0.997894
0.582158 0.997894
0.582179 0.997894
0.582220 0.997894
0.582251 0.997894
0.582271 0.997894
0.582281 0.997894
0.582322 0.997894
0.582353 0.997911
0.582394 0.997911
0.582405 0.997911
0.582435 0.997911
0.582476 0.997911
0.582507 0.997911
0.582528 0.997911
0.582558 0.997911
0.582599 0.997911
0.582620 0.997911
0.582640 0.997911
0.582661 0.997911
0.582722 0.997911
0.582743 0.997928
0.582763 0.997928
0.582815 0.997928
0.582825 0.997928
0.582845 0.997928
0.582856 0.997928
0.582917 0.997928
0.582927 0.997928
0.582968 0.997928
0.582999 0.997928
0.583020 0.997928
0.583071 0.997928
0.583092 0.997928
0.583102 0.997928
0.583194 0.997928
0.583215 0.997928
0.583235 0.997928
0.583307 0.997928
0.583368 0.997928
0.583399 0.997945
0.583409 0.997945
0.583440 0.997945
0.583512 0.997945
0.583553 0.997945
0.583584 0.997945
0.583604 0.997945
0.583645 0.997945
0.583655 0.997945
0.583676 0.997945
0.583686 0.997945
0.583727 0.997945
0.583748 0.997945
0.583779 0.997945
0.583799 0.997945
0.583830 0.997945
0.583850 0.997945
0.583881 0.997945
0.583902 0.997945
0.583932 0.997945
0.583953 0.997945
0.583973 0.997945
0.584096 0.997945
0.584117 0.997945
0.584158 0.997945
0.584168 0.997945
0.584189 0.997945
0.584199 0.997945
0.584230 0.997945
0.584240 0.997945
0.584260 0.997945
0.584271 0.997945
0.584291 0.997945
0.584322 0.997945
0.584363 0.997945
0.584373 0.997945
0.584404 0.997945
0.584445 0.997945
0.584486 0.997945
0.584507 0.997945
0.584537 0.997945
0.584589 0.997945
0.584619 0.997945
0.584640 0.997945
0.584671 0.997945
0.584732 0.997945
0.584763 0.997945
0.584783 0.997945
0.584804 0.997945
0.584814 0.997945
0.584855 0.997945
0.584886 0.997945
0.584937 0.997945
0.584968 0.997945
0.584988 0.997945
0.585050 0.997945
0.585070 0.997945
0.585101 0.997945
0.585122 0.997945
0.585173 0.997945
0.585214 0.997945
0.585245 0.997945
0.585276 0.997945
0.585317 0.997945
0.585440 0.997945
0.585470 0.997945
0.585511 0.997945
0.585542 0.997945
0.585563 0.997945
0.585573 0.997945
0.585634 0.997945
0.585665 0.997945
0.585675 0.997945
0.585706 0.997945
0.585727 0.997945
0.585768 0.997945
0.585778 0.997945
0.585819 0.997945
0.585881 0.997945
0.585922 0.997945
0.585942 0.997945
0.586034 0.997945
0.586086 0.997961
0.586116 0.997961
0.586137 0.997961
0.586188 0.997961
0.586250 0.997961
0.586270 0.997961
0.586280 0.997978
0.586291 0.997978
0.586373 0.997978
0.586383 0.997978
0.586403 0.997978
0.586445 0.997978
0.586465 0.997978
0.586475 0.997978
0.586496 0.997978
0.586506 0.997978
0.586527 0.997978
0.586557 0.997978
0.586598 0.997978
0.586721 0.997978
0.586742 0.997978
0.586762 0.997978
0.586773 0.997978
0.586814 0.997978
0.586834 0.997978
0.586844 0.997978
0.586885 0.997978
0.586906 0.997978
0.586967 0.997978
0.587008 0.997978
0.587029 0.997978
0.587060 0.997995
0.587070 0.997995
0.587132 0.997995
0.587142 0.997995
0.587173 0.997995
0.587224 0.997995
0.587244 0.997995
0.587275 0.997995
0.587316 0.997995
0.587337 0.997995
0.587367 0.997995
0.587378 0.997995
0.587408 0.997995
0.587429 0.997995
0.587439 0.997995
0.587501 0.997995
0.587511 0.997995
0.587531 0.997995
0.587542 0.997995
0.587613 0.997995
0.587675 0.997995
0.587685 0.997995
0.587716 0.997995
0.587726 0.997995
0.587777 0.997995
0.587808 0.997995
0.587819 0.997995
0.587849 0.997995
0.587870 0.997995
0.587890 0.998011
0.587931 0.998028
0.587962 0.998028
0.587983 0.998028
0.588013 0.998045
0.588054 0.998045
0.588075 0.998045
0.588106 0.998045
0.588126 0.998045
0.588136 0.998045
0.588177 0.998045
0.588198 0.998045
0.588218 0.998045
0.588239 0.998045
0.588259 0.998045
0.588311 0.998045
0.588321 0.998045
0.588403 0.998045
0.588454 0.998045
0.588475 0.998045
0.588495 0.998045
0.588516 0.998045
0.588526 0.998045
0.588588 0.998045
0.588629 0.998045
0.588690 0.998045
0.588782 0.998045
0.588793 0.998045
0.588854 0.998045
0.588864 0.998045
0.588885 0.998045
0.588926 0.998045
0.588946 0.998045
0.588998 0.998045
0.589039 0.998045
0.589069 0.998045
0.589090 0.998045
0.589131 0.998045
0.589162 0.998045
0.589182 0.998045
0.589223 0.998045
0.589244 0.998045
0.589275 0.998045
0.589285 0.998045
0.589336 0.998045
0.589357 0.998045
0.589418 0.998045
0.589428 0.998045
0.589469 0.998045
0.589500 0.998045
0.589510 0.998045
0.589572 0.998045
0.589613 0.998045
0.589623 0.998045
0.589644 0.998045
0.589726 0.998045
0.589756 0.998045
0.589787 0.998045
0.589797 0.998045
0.589828 0.998045
0.589849 0.998045
0.589859 0.998045
0.589900 0.998045
0.589921 0.998045
0.589982 0.998045
0.590044 0.998045
0.590064 0.998045
0.590095 0.998045
0.590105 0.998045
0.590126 0.998045
0.590156 0.998045
0.590177 0.998045
0.590187 0.998045
0.590228 0.998045
0.590259 0.998045
0.590320 0.998045
0.590341 0.998045
0.590382 0.998045
0.590423 0.998045
0.590464 0.998045
0.590484 0.998045
0.590505 0.998045
0.590515 0.998045
0.590536 0.998061
0.590567 0.998061
0.590577 0.998061
0.590608 0.998061
0.590628 0.998061
0.590669 0.998061
0.590679 0.998061
0.590731 0.998061
0.590741 0.998061
0.590772 0.998061
0.590792 0.998061
0.590813 0.998061
0.590864 0.998061
0.590884 0.998061
0.590884 0.998095
0.590915 0.998095
0.590936 0.998095
0.590977 0.998095
0.591018 0.998112
0.591038 0.998112
0.591048 0.998112
0.591079 0.998128
0.591141 0.998128
0.591161 0.998128
0.591182 0.998128
0.591254 0.998128
0.591295 0.998128
0.591418 0.998128
0.591428 0.998128
0.591459 0.998128
0.591500 0.998128
0.591561 0.998128
0.591612 0.998128
0.591653 0.998128
0.591664 0.998128
0.591705 0.998128
0.591725 0.998128
0.591766 0.998128
0.591797 0.998128
0.591838 0.998128
0.591848 0.998128
0.591889 0.998128
0.591910 0.998128
0.591930 0.998128
0.591941 0.998128
0.591982 0.998128
0.591992 0.998128
0.592033 0.998128
0.592074 0.998128
0.592105 0.998128
0.592146 0.998128
0.592176 0.998128
0.592238 0.998128
0.592258 0.998128
0.592299 0.998128
0.592361 0.998128
0.592371 0.998128
0.592412 0.998128
0.592433 0.998128
0.592463 0.998128
0.592484 0.998128
0.592494 0.998128
0.592525 0.998145
0.592556 0.998145
0.592576 0.998145
0.592628 0.998145
0.592648 0.998145
0.592658 0.998145
0.592699 0.998145
0.592740 0.998145
0.592781 0.998145
0.592792 0.998145
0.592812 0.998145
0.592843 0.998145
0.592863 0.998145
0.592915 0.998145
0.592976 0.998145
0.592986 0.998145
0.593007 0.998145
0.593038 0.998145
0.593058 0.998145
0.593099 0.998145
0.593120 0.998145
0.593150 0.998145
0.593161 0.998145
0.593253 0.998145
0.593304 0.998145
0.593345 0.998145
0.593386 0.998145
0.593438 0.998145
0.593458 0.998145
0.593468 0.998145
0.593499 0.998145
0.593520 0.998145
0.593550 0.998145
0.593561 0.998145
0.593581 0.998145
0.593591 0.998145
0.593643 0.998145
0.593653 0.998145
0.593673 0.998145
0.593684 0.998145
0.593714 0.998145
0.593735 0.998145
0.593796 0.998145
0.593807 0.998145
0.593827 0.998145
0.593858 0.998145
0.593878 0.998145
0.593909 0.998145
0.593930 0.998145
0.593971 0.998145
0.593981 0.998162
0.594012 0.998162
0.594022 0.998162
0.594053 0.998162
0.594073 0.998162
0.594084 0.998162
0.594094 0.998178
0.594104 0.998178
0.594135 0.998178
0.594176 0.998178
0.594207 0.998178
0.594227 0.998178
0.594278 0.998178
0.594319 0.998178
0.594401 0.998178
0.594432 0.998178
0.594453 0.998178
0.594494 0.998195
0.594524 0.998195
0.594555 0.998195
0.594576 0.998195
0.594586 0.998195
0.594627 0.998195
0.594658 0.998195
0.594709 0.998195
0.594730 0.998195
0.594791 0.998195
0.594801 0.998195
0.594822 0.998195
0.594863 0.998195
0.594894 0.998195
0.594904 0.998195
0.594924 0.998195
0.594935 0.998195
0.594965 0.998195
0.594986 0.998195
0.594996 0.998195
0.595037 0.998195
0.595047 0.998195
0.595099 0.998195
0.595140 0.998195
0.595191 0.998195
0.595211 0.998195
0.595232 0.998195
0.595294 0.998195
0.595324 0.998195
0.595386 0.998195
0.595478 0.998195
0.595488 0.998195
0.595519 0.998195
0.595540 0.998195
0.595550 0.998195
0.595570 0.998195
0.595611 0.998195
0.595632 0.998195
0.595683 0.998195
0.595714 0.998195
0.595724 0.998195
0.595745 0.998195
0.595775 0.998212
0.595806 0.998212
0.595816 0.998212
0.595878 0.998212
0.595919 0.998212
0.595940 0.998212
0.595960 0.998229
0.595981 0.998229
0.595991 0.998229
0.596011 0.998229
0.596022 0.998229
0.596083 0.998229
0.596093 0.998229
0.596114 0.998229
0.596145 0.998229
0.596155 0.998229
0.596186 0.998229
0.596247 0.998229
0.596288 0.998229
0.596319 0.998229
0.596360 0.998229
0.596391 0.998229
0.596421 0.998229
0.596442 0.998229
0.596473 0.998229
0.596493 0.998229
0.596544 0.998229
0.596565 0.998229
0.596627 0.998229
0.596647 0.998229
0.596678 0.998229
0.596688 0.998229
0.596729 0.998229
0.596750 0.998229
0.596760 0.998229
0.596811 0.998229
0.596893 0.998229
0.596903 0.998229
0.596944 0.998229
0.596965 0.998229
0.596996 0.998229
0.597037 0.998229
0.597047 0.998229
0.597047 0.998245
0.597057 0.998245
0.597119 0.998245
0.597160 0.998245
0.597180 0.998245
0.597211 0.998245
0.597231 0.998245
0.597262 0.998245
0.597324 0.998245
0.597344 0.998245
0.597375 0.998245
0.597478 0.998245
0.597488 0.998245
0.597560 0.998245
0.597570 0.998245
0.597611 0.998245
0.597621 0.998245
0.597652 0.998245
0.597672 0.998245
0.597775 0.998245
0.597816 0.998245
0.597826 0.998245
0.597847 0.998245
0.597857 0.998245
0.597877 0.998245
0.597908 0.998245
0.597929 0.998245
0.597959 0.998245
0.597970 0.998245
0.598031 0.998245
0.598072 0.998245
0.598083 0.998262
0.598103 0.998262
0.598144 0.998262
0.598175 0.998262
0.598185 0.998262
0.598236 0.998262
0.598277 0.998262
0.598298 0.998262
0.598339 0.998262
0.598431 0.998262
0.598441 0.998262
0.598462 0.998262
0.598472 0.998262
0.598513 0.998262
0.598554 0.998262
0.598564 0.998262
0.598626 0.998262
0.598647 0.998262
0.598667 0.998262
0.598708 0.998262
0.598729 0.998262
0.598739 0.998262
0.598759 0.998262
0.598780 0.998262
0.598800 0.998262
0.598852 0.998262
0.598893 0.998262
0.598903 0.998262
0.598934 0.998262
0.598954 0.998262
0.598964 0.998262
0.598985 0.998262
0.598995 0.998262
0.599077 0.998262
0.599087 0.998262
0.599128 0.998262
0.599149 0.998262
0.599200 0.998262
0.599210 0.998262
0.599231 0.998262
0.599241 0.998262
0.599262 0.998262
0.599354 0.998262
0.599364 0.998262
0.599385 0.998262
0.599416 0.998262
0.599436 0.998262
0.599446 0.998262
0.599487 0.998262
0.599498 0.998262
0.599528 0.998262
0.599539 0.998262
0.599590 0.998262
0.599610 0.998262
0.599621 0.998262
0.599641 0.998262
0.599651 0.998262
0.599682 0.998262
0.599703 0.998262
0.599713 0.998262
0.599764 0.998262
0.599785 0.998262
0.599826 0.998262
0.599846 0.998262
0.599856 0.998262
0.599877 0.998262
0.599908 0.998262
0.599918 0.998262
0.599949 0.998262
0.599969 0.998262
0.599990 0.998262
0.600000 0.998262
0.600041 0.998262
0.600051 0.998262
0.600092 0.998262
0.600103 0.998262
0.600144 0.998262
0.600174 0.998262
0.600215 0.998262
0.600226 0.998262
0.600267 0.998262
0.600338 0.998262
0.600349 0.998262
0.600379 0.998262
0.600420 0.998262
0.600441 0.998262
0.600461 0.998262
0.600472 0.998262
0.600492 0.998262
0.600554 0.998262
0.600574 0.998262
0.600584 0.998262
0.600636 0.998262
0.600666 0.998262
0.600687 0.998262
0.600728 0.998262
0.600749 0.998262
0.600779 0.998262
0.600800 0.998262
0.600831 0.998262
0.600872 0.998262
0.600902 0.998262
0.600923 0.998262
0.600933 0.998262
0.600954 0.998262
0.600984 0.998262
0.600995 0.998262
0.601015 0.998262
0.601036 0.998279
0.601077 0.998279
0.601107 0.998279
0.601128 0.998279
0.601148 0.998279
0.601189 0.998279
0.601210 0.998279
0.601261 0.998279
0.601282 0.998279
0.601343 0.998279
0.601364 0.998279
0.601395 0.998279
0.601415 0.998279
0.601497 0.998279
0.601579 0.998279
0.601610 0.998279
0.601630 0.998279
0.601661 0.998279
0.601671 0.998279
0.601712 0.998279
0.601784 0.998279
0.601794 0.998279
0.601815 0.998295
0.601835 0.998295
0.601866 0.998295
0.601887 0.998295
0.601897 0.998312
0.601917 0.998312
0.601958 0.998312
0.601969 0.998312
0.602030 0.998312
0.602051 0.998312
0.602082 0.998312
0.602143 0.998312
0.602174 0.998312
0.602194 0.998312
0.602317 0.998312
0.602358 0.998312
0.602379 0.998312
0.602420 0.998312
0.602430 0.998312
0.602461 0.998312
0.602563 0.998312
0.602584 0.998312
0.602604 0.998312
0.602635 0.998312
0.602645 0.998312
0.602666 0.998312
0.602686 0.998312
0.602728 0.998312
0.602748 0.998312
0.602769 0.998312
0.602810 0.998312
0.602871 0.998312
0.602892 0.998312
0.602902 0.998312
0.602933 0.998312
0.602953 0.998312
0.602994 0.998329
0.603035 0.998329
0.603056 0.998329
0.603076 0.998346
0.603107 0.998346
0.603117 0.998346
0.603148 0.998346
0.603158 0.998346
0.603189 0.998346
0.603199 0.998362
0.603230 0.998362
0.603240 0.998362
0.603261 0.998362
0.603271 0.998362
0.603322 0.998362
0.603332 0.998362
0.603353 0.998362
0.603363 0.998362
0.603404 0.998362
0.603415 0.998362
0.603435 0.998362
0.603445 0.998362
0.603507 0.998362
0.603538 0.998379
0.603568 0.998379
0.603568 0.998412
0.603589 0.998412
0.603620 0.998412
0.603640 0.998412
0.603650 0.998412
0.603691 0.998412
0.603722 0.998412
0.603732 0.998412
0.603732 0.998429
0.603743 0.998429
0.603763 0.998429
0.603784 0.998429
0.603804 0.998429
0.603814 0.998429
0.603835 0.998429
0.603866 0.998429
0.603886 0.998429
0.603896 0.998429
0.603927 0.998429
0.603989 0.998429
0.604019 0.998429
0.604060 0.998429
0.604102 0.998429
0.604112 0.998463
0.604132 0.998463
0.604153 0.998463
0.604173 0.998463
0.604204 0.998463
0.604286 0.998463
0.604317 0.998479
0.604327 0.998479
0.604368 0.998479
0.604378 0.998479
0.604419 0.998479
0.604460 0.998479
0.604512 0.998479
0.604553 0.998479
0.604583 0.998479
0.604624 0.998479
0.604635 0.998479
0.604665 0.998479
0.604676 0.998479
0.604696 0.998479
0.604706 0.998479
0.604727 0.998479
0.604758 0.998479
0.604778 0.998479
0.604809 0.998479
0.604830 0.998479
0.604871 0.998479
0.604901 0.998479
0.604922 0.998479
0.604953 0.998479
0.604973 0.998479
0.605014 0.998479
0.605076 0.998479
0.605106 0.998479
0.605168 0.998479
0.605178 0.998479
0.605219 0.998479
0.605281 0.998479
0.605291 0.998479
0.605363 0.998479
0.605404 0.998479
0.605435 0.998479
0.605465 0.998479
0.605496 0.998479
0.605537 0.998479
0.605547 0.998479
0.605568 0.998496
0.605599 0.998496
0.605640 0.998496
0.605670 0.998496
0.605711 0.998496
0.605763 0.998496
0.605804 0.998496
0.605814 0.998496
0.605855 0.998496
0.605875 0.998496
0.605906 0.998496
0.605916 0.998496
0.605957 0.998496
0.605968 0.998496
0.606029 0.998496
0.606070 0.998496
0.606122 0.998496
0.606132 0.998496
0.606152 0.998496
0.606163 0.998496
0.606193 0.998496
0.606204 0.998496
0.606255 0.998496
0.606296 0.998496
0.606327 0.998496
0.606388 0.998496
0.606409 0.998496
0.606450 0.998496
0.606460 0.998496
0.606491 0.998496
0.606532 0.998496
0.606542 0.998496
0.606593 0.998496
0.606634 0.998496
0.606655 0.998496
0.606696 0.998496
0.606716 0.998496
0.606737 0.998496
0.606757 0.998496
0.606798 0.998496
0.606809 0.998496
0.606850 0.998496
0.606891 0.998496
0.606921 0.998496
0.606983 0.998496
0.606993 0.998496
0.607014 0.998496
0.607034 0.998496
0.607075 0.998496
0.607106 0.998496
0.607126 0.998496
0.607167 0.998496
0.607198 0.998496
0.607219 0.998496
0.607229 0.998496
0.607249 0.998496
0.607280 0.998496
0.607331 0.998496
0.607352 0.998496
0.607393 0.998496
0.607475 0.998496
0.607516 0.998496
0.607578 0.998496
0.607598 0.998496
0.607619 0.998496
0.607649 0.998496
0.607660 0.998496
0.607701 0.998496
0.607721 0.998496
0.607742 0.998496
0.607752 0.998496
0.607783 0.998496
0.607793 0.998496
0.607875 0.998496
0.607895 0.998496
0.607947 0.998496
0.607957 0.998496
0.607988 0.998496
0.608008 0.998496
0.608039 0.998496
0.608049 0.998496
0.608121 0.998496
0.608162 0.998496
0.608203 0.998496
0.608213 0.998496
0.608254 0.998496
0.608275 0.998496
0.608285 0.998496
0.608326 0.998496
0.608347 0.998496
0.608357 0.998496
0.608388 0.998496
0.608408 0.998496
0.608418 0.998496
0.608459 0.998496
0.608500 0.998496
0.608531 0.998496
0.608593 0.998496
0.608613 0.998496
0.608634 0.998496
0.608664 0.998496
0.608685 0.998496
0.608695 0.998496
0.608716 0.998496
0.608746 0.998496
0.608787 0.998496
0.608818 0.998496
0.608839 0.998496
0.608870 0.998496
0.608890 0.998496
0.608993 0.998496
0.609013 0.998496
0.609064 0.998496
0.609116 0.998496
0.609177 0.998496
0.609259 0.998496
0.609280 0.998496
0.609321 0.998496
0.609321 0.998513
0.609362 0.998513
0.609382 0.998513
0.609433 0.998513
0.609464 0.998513
0.609485 0.998513
0.609516 0.998513
0.609536 0.998513
0.609577 0.998513
0.609587 0.998513
0.609649 0.998513
0.609680 0.998513
0.609700 0.998513
0.609731 0.998513
0.609751 0.998513
0.609782 0.998513
0.609792 0.998513
0.609813 0.998513
0.609864 0.998513
0.609885 0.998513
0.609895 0.998513
0.609936 0.998513
0.609946 0.998513
0.609977 0.998513
0.609997 0.998513
0.610028 0.998513
0.610049 0.998513
0.610090 0.998513
0.610141 0.998513
0.610172 0.998513
0.610223 0.998513
0.610244 0.998513
0.610254 0.998513
0.610274 0.998513
0.610315 0.998513
0.610336 0.998513
0.610356 0.998513
0.610387 0.998513
0.610408 0.998513
0.610438 0.998513
0.610459 0.998513
0.610490 0.998513
0.610541 0.998513
0.610582 0.998513
0.610643 0.998513
0.610674 0.998513
0.610715 0.998513
0.610725 0.998513
0.610756 0.998513
0.610777 0.998513
0.610818 0.998513
0.610849 0.998513
0.610869 0.998513
0.610920 0.998513
0.610931 0.998513
0.610972 0.998513
0.610982 0.998513
0.611023 0.998513
0.611033 0.998513
0.611054 0.998513
0.611105 0.998513
0.611136 0.998513
0.611146 0.998513
0.611238 0.998513
0.611248 0.998513
0.611269 0.998513
0.611279 0.998513
0.611310 0.998513
0.611361 0.998513
0.611371 0.998513
0.611412 0.998513
0.611453 0.998513
0.611474 0.998513
0.611494 0.998513
0.611536 0.998513
0.611577 0.998513
0.611638 0.998513
0.611659 0.998513
0.611689 0.998513
0.611710 0.998513
0.611741 0.998513
0.611751 0.998513
0.611771 0.998513
0.611782 0.998513
0.611843 0.998513
0.611864 0.998513
0.611905 0.998513
0.611935 0.998513
0.611966 0.998513
0.611976 0.998513
0.612038 0.998513
0.612069 0.998513
0.612110 0.998513
0.612181 0.998513
0.612202 0.998513
0.612212 0.998513
0.612233 0.998513
0.612264 0.998513
0.612284 0.998513
0.612325 0.998513
0.612387 0.998513
0.612448 0.998513
0.612469 0.998513
0.612489 0.998529
0.612571 0.998529
0.612602 0.998529
0.612653 0.998529
0.612674 0.998529
0.612745 0.998529
0.612776 0.998529
0.612797 0.998529
0.612889 0.998529
0.612910 0.998529
0.612940 0.998529
0.612951 0.998529
0.612971 0.998546
0.612981 0.998546
0.613002 0.998546
0.613012 0.998546
0.613033 0.998563
0.613063 0.998563
0.613084 0.998563
0.613104 0.998563
0.613135 0.998563
0.613156 0.998563
0.613176 0.998563
0.613207 0.998563
0.613217 0.998563
0.613248 0.998563
0.613289 0.998563
0.613299 0.998563
0.613320 0.998563
0.613330 0.998563
0.613371 0.998563
0.613402 0.998563
0.613412 0.998563
0.613443 0.998563
0.613463 0.998563
0.613473 0.998563
0.613494 0.998563
0.613555 0.998563
0.613597 0.998563
0.613607 0.998563
0.613668 0.998563
0.613730 0.998563
0.613740 0.998563
0.613781 0.998563
0.613791 0.998563
0.613822 0.998563
0.613843 0.998563
0.613884 0.998563
0.613894 0.998563
0.613935 0.998563
0.613955 0.998563
0.613986 0.998563
0.614007 0.998563
0.614048 0.998563
0.614068 0.998563
0.614078 0.998563
0.614099 0.998580
0.614119 0.998580
0.614130 0.998580
0.614171 0.998580
0.614191 0.998580
0.614212 0.998580
0.614253 0.998580
0.614273 0.998580
0.614314 0.998580
0.614355 0.998580
0.614386 0.998580
0.614396 0.998580
0.614417 0.998580
0.614427 0.998580
0.614437 0.998596
0.614458 0.998596
0.614519 0.998596
0.614560 0.998596
0.614591 0.998596
0.614612 0.998596
0.614642 0.998596
0.614673 0.998596
0.614714 0.998596
0.614724 0.998596
0.614786 0.998596
0.614817 0.998596
0.614837 0.998596
0.614858 0.998596
0.614868 0.998596
0.614888 0.998596
0.614950 0.998596
0.614960 0.998596
0.614981 0.998596
0.614991 0.998596
0.615053 0.998596
0.615063 0.998596
0.615104 0.998596
0.615124 0.998596
0.615186 0.998596
0.615227 0.998596
0.615258 0.998596
0.615278 0.998596
0.615340 0.998596
0.615381 0.998596
0.615401 0.998596
0.615442 0.998596
0.615483 0.998596
0.615493 0.998596
0.615534 0.998596
0.615545 0.998596
0.615586 0.998596
0.615596 0.998613
0.615617 0.998613
0.615668 0.998613
0.615729 0.998613
0.615750 0.998613
0.615832 0.998613
0.615863 0.998613
0.615904 0.998613
0.615924 0.998613
0.615934 0.998630
0.615955 0.998630
0.615986 0.998630
0.615996 0.998630
0.616057 0.998630
0.616088 0.998630
0.616098 0.998630
0.616129 0.998630
0.616150 0.998630
0.616201 0.998630
0.616232 0.998630
0.616252 0.998630
0.616273 0.998630
0.616283 0.998630
0.616314 0.998630
0.616334 0.998630
0.616365 0.998630
0.616396 0.998630
0.616416 0.998630
0.616478 0.998630
0.616509 0.998630
0.616519 0.998630
0.616580 0.998630
0.616632 0.998630
0.616673 0.998630
0.616693 0.998630
0.616744 0.998630
0.616765 0.998630
0.616775 0.998630
0.616816 0.998630
0.616837 0.998630
0.616847 0.998630
0.616878 0.998630
0.616919 0.998630
0.616950 0.998630
0.616970 0.998630
0.617001 0.998630
0.617042 0.998630
0.617073 0.998630
0.617093 0.998630
0.617103 0.998630
0.617134 0.998630
0.617144 0.998630
0.617165 0.998630
0.617196 0.998630
0.617237 0.998630
0.617247 0.998630
0.617267 0.998630
0.617298 0.998630
0.617319 0.998630
0.617349 0.998630
0.617411 0.998630
0.617442 0.998630
0.617452 0.998630
0.617513 0.998630
0.617534 0.998630
0.617595 0.998630
0.617606 0.998630
0.617637 0.998630
0.617647 0.998630
0.617708 0.998630
0.617770 0.998630
0.617780 0.998630
0.617821 0.998630
0.617831 0.998630
0.617872 0.998630
0.617924 0.998630
0.617965 0.998630
0.617975 0.998630
0.618016 0.998630
0.618057 0.998630
0.618067 0.998630
0.618108 0.998630
0.618118 0.998630
0.618200 0.998630
0.618262 0.998630
0.618303 0.998630
0.618334 0.998630
0.618354 0.998630
0.618375 0.998630
0.618395 0.998630
0.618426 0.998630
0.618447 0.998630
0.618477 0.998630
0.618488 0.998630
0.618518 0.998630
0.618539 0.998630
0.618600 0.998630
0.618652 0.998630
0.618672 0.998630
0.618734 0.998630
0.618744 0.998630
0.618785 0.998630
0.618816 0.998630
0.618908 0.998630
0.618939 0.998630
0.618969 0.998630
0.619000 0.998630
0.619021 0.998630
0.619031 0.998630
0.619072 0.998630
0.619113 0.998630
0.619154 0.998630
0.619185 0.998630
0.619205 0.998630
0.619216 0.998630
0.619277 0.998630
0.619308 0.998630
0.619390 0.998630
0.619472 0.998630
0.619482 0.998630
0.619503 0.998630
0.619523 0.998630
0.619564 0.998630
0.619574 0.998630
0.619605 0.998630
0.619626 0.998630
0.619687 0.998630
0.619728 0.998630
0.619769 0.998630
0.619821 0.998630
0.619841 0.998630
0.619851 0.998630
0.619892 0.998630
0.619923 0.998630
0.619944 0.998630
0.619974 0.998630
0.619985 0.998630
0.620005 0.998630
0.620015 0.998630
0.620036 0.998630
0.620097 0.998630
0.620159 0.998630
0.620190 0.998630
0.620200 0.998630
0.620231 0.998630
0.620251 0.998630
0.620313 0.998630
0.620364 0.998630
0.620385 0.998630
0.620415 0.998630
0.620477 0.998630
0.620487 0.998630
0.620528 0.998630
0.620549 0.998630
0.620549 0.998646
0.620579 0.998646
0.620600 0.998646
0.620620 0.998646
0.620661 0.998646
0.620692 0.998646
0.620713 0.998646
0.620743 0.998646
0.620784 0.998646
0.620836 0.998646
0.620856 0.998646
0.620866 0.998646
0.620887 0.998646
0.620918 0.998646
0.620948 0.998646
0.620959 0.998646
0.621000 0.998646
0.621051 0.998646
0.621072 0.998646
0.621102 0.998646
0.621123 0.998646
0.621133 0.998646
0.621164 0.998646
0.621205 0.998646
0.621215 0.998646
0.621246 0.998646
0.621266 0.998646
0.621287 0.998646
0.621328 0.998646
0.621338 0.998646
0.621359 0.998646
0.621400 0.998646
0.621420 0.998646
0.621461 0.998646
0.621492 0.998646
0.621523 0.998646
0.621543 0.998646
0.621564 0.998646
0.621605 0.998646
0.621615 0.998646
0.621666 0.998646
0.621687 0.998646
0.621728 0.998646
0.621759 0.998646
0.621789 0.998646
0.621820 0.998646
0.621841 0.998646
0.621861 0.998646
0.621892 0.998646
0.621933 0.998646
0.621943 0.998646
0.621974 0.998646
0.622015 0.998646
0.622035 0.998646
0.622066 0.998646
0.622097 0.998646
0.622138 0.998646
0.622199 0.998646
0.622251 0.998646
0.622312 0.998646
0.622333 0.998646
0.622343 0.998646
0.622384 0.998646
0.622435 0.998646
0.622456 0.998646
0.622476 0.998646
0.622517 0.998646
0.622558 0.998646
0.622569 0.998646
0.622589 0.998646
0.622620 0.998646
0.622681 0.998646
0.622712 0.998646
0.622743 0.998663
0.622794 0.998663
0.622815 0.998663
0.622825 0.998663
0.622856 0.998663
0.622876 0.998663
0.622927 0.998663
0.622938 0.998663
0.622968 0.998663
0.623009 0.998663
0.623020 0.998663
0.623061 0.998663
0.623092 0.998663
0.623133 0.998663
0.623163 0.998663
0.623204 0.998663
0.623225 0.998663
0.623266 0.998663
0.623297 0.998663
0.623317 0.998663
0.623348 0.998663
0.623379 0.998663
0.623389 0.998663
0.623420 0.998663
0.623440 0.998663
0.623471 0.998663
0.623512 0.998663
0.623543 0.998663
0.623553 0.998663
0.623573 0.998663
0.623625 0.998663
0.623635 0.998663
0.623655 0.998663
0.623666 0.998663
0.623696 0.998663
0.623707 0.998663
0.623738 0.998663
0.623758 0.998663
0.623779 0.998663
0.623799 0.998663
0.623830 0.998663
0.623871 0.998663
0.623881 0.998663
0.623943 0.998663
0.623963 0.998663
0.623984 0.998663
0.624014 0.998663
0.624045 0.998663
0.624055 0.998663
0.624055 0.998680
0.624096 0.998680
0.624137 0.998680
0.624148 0.998680
0.624178 0.998680
0.624189 0.998680
0.624209 0.998680
0.624219 0.998680
0.624240 0.998680
0.624301 0.998680
0.624332 0.998680
0.624373 0.998680
0.624383 0.998697
0.624394 0.998697
0.624425 0.998697
0.624435 0.998697
0.624455 0.998697
0.624486 0.998697
0.624496 0.998697
0.624558 0.998713
0.624578 0.998713
0.624589 0.998713
0.624609 0.998713
0.624619 0.998713
0.624640 0.998713
0.624650 0.998713
0.624691 0.998713
0.624712 0.998713
0.624732 0.998713
0.624763 0.998713
0.624773 0.998713
0.624814 0.998713
0.624845 0.998713
0.624886 0.998713
0.624917 0.998713
0.624947 0.998713
0.624958 0.998713
0.624978 0.998713
0.625019 0.998713
0.625040 0.998713
0.625091 0.998713
0.625112 0.998713
0.625122 0.998713
0.625142 0.998713
0.625153 0.998713
0.625183 0.998713
0.625194 0.998713
0.625235 0.998713
0.625265 0.998713
0.625276 0.998730
0.625286 0.998730
0.625337 0.998730
0.625368 0.998730
0.625399 0.998730
0.625409 0.998747
0.625440 0.998747
0.625501 0.998747
0.625604 0.998747
0.625614 0.998747
0.625696 0.998747
0.625716 0.998747
0.625727 0.998747
0.625788 0.998747
0.625809 0.998747
0.625860 0.998747
0.625901 0.998747
0.625922 0.998747
0.625983 0.998747
0.626024 0.998747
0.626034 0.998747
0.626055 0.998747
0.626075 0.998747
0.626116 0.998747
0.626147 0.998747
0.626168 0.998747
0.626209 0.998747
0.626250 0.998747
0.626280 0.998747
0.626311 0.998747
0.626332 0.998763
0.626342 0.998763
0.626362 0.998763
0.626383 0.998763
0.626445 0.998763
0.626475 0.998763
0.626516 0.998763
0.626557 0.998763
0.626588 0.998763
0.626609 0.998763
0.626629 0.998763
0.626670 0.998763
0.626691 0.998763
0.626701 0.998763
0.626732 0.998763
0.626752 0.998763
0.626783 0.998763
0.626824 0.998763
0.626834 0.998763
0.626885 0.998763
0.626896 0.998763
0.626937 0.998763
0.626998 0.998763
0.627039 0.998763
0.627101 0.998763
0.627111 0.998763
0.627142 0.998763
0.627183 0.998763
0.627203 0.998763
0.627214 0.998763
0.627244 0.998763
0.627265 0.998763
0.627296 0.998763
0.627337 0.998763
0.627367 0.998763
0.627408 0.998763
0.627419 0.998763
0.627439 0.998763
0.627460 0.998763
0.627501 0.998763
0.627511 0.998763
0.627572 0.998763
0.627583 0.998763
0.627624 0.998763
0.627634 0.998763
0.627654 0.998763
0.627736 0.998763
0.627757 0.998763
0.627798 0.998763
0.627819 0.998763
0.627849 0.998763
0.627921 0.998763
0.627962 0.998763
0.628003 0.998763
0.628024 0.998763
0.628034 0.998763
0.628054 0.998763
0.628065 0.998763
0.628085 0.998763
0.628116 0.998763
0.628136 0.998763
0.628167 0.998763
0.628188 0.998763
0.628208 0.998763
0.628218 0.998763
0.628249 0.998763
0.628270 0.998763
0.628280 0.998763
0.628300 0.998763
0.628311 0.998763
0.628352 0.998763
0.628372 0.998763
0.628403 0.998763
0.628423 0.998763
0.628434 0.998763
0.628454 0.998763
0.628475 0.998780
0.628485 0.998780
0.628516 0.998780
0.628526 0.998780
0.628547 0.998780
0.628557 0.998780
0.628598 0.998780
0.628629 0.998780
0.628670 0.998780
0.628690 0.998780
0.628741 0.998780
0.628752 0.998780
0.628793 0.998780
0.628854 0.998780
0.628895 0.998780
0.628957 0.998780
0.628977 0.998780
0.628987 0.998780
0.629008 0.998780
0.629090 0.998780
0.629151 0.998780
0.629172 0.998780
0.629203 0.998780
0.629264 0.998780
0.629316 0.998780
0.629326 0.998780
0.629346 0.998780
0.629408 0.998780
0.629418 0.998780
0.629439 0.998780
0.629449 0.998780
0.629480 0.998780
0.629490 0.998780
0.629510 0.998780
0.629541 0.998780
0.629562 0.998780
0.629582 0.998780
0.629623 0.998780
0.629633 0.998780
0.629654 0.998780
0.629685 0.998780
0.629705 0.998780
0.629715 0.998780
0.629736 0.998780
0.629767 0.998780
0.629787 0.998780
0.629818 0.998780
0.629839 0.998780
0.629869 0.998780
0.629890 0.998780
0.629921 0.998780
0.629941 0.998780
0.629972 0.998780
0.629982 0.998780
0.630023 0.998780
0.630044 0.998780
0.630115 0.998780
0.630197 0.998780
0.630218 0.998780
0.630238 0.998780
0.630259 0.998780
0.630279 0.998780
0.630300 0.998780
0.630331 0.998780
0.630372 0.998780
0.630392 0.998780
0.630402 0.998797
0.630464 0.998797
0.630495 0.998797
0.630515 0.998797
0.630526 0.998797
0.630546 0.998797
0.630577 0.998797
0.630608 0.998797
0.630618 0.998814
0.630669 0.998814
0.630710 0.998814
0.630772 0.998814
0.630792 0.998814
0.630823 0.998814
0.630833 0.998814
0.630854 0.998814
0.630864 0.998814
0.630905 0.998814
0.630936 0.998814
0.630956 0.998814
0.630966 0.998814
0.631007 0.998814
0.631018 0.998814
0.631048 0.998814
0.631059 0.998814
0.631079 0.998814
0.631110 0.998814
0.631171 0.998814
0.631202 0.998814
0.631254 0.998814
0.631284 0.998814
0.631295 0.998814
0.631336 0.998814
0.631366 0.998814
0.631397 0.998814
0.631418 0.998814
0.631448 0.998814
0.631469 0.998814
0.631500 0.998814
0.631510 0.998814
0.631541 0.998814
0.631602 0.998814
0.631623 0.998814
0.631664 0.998814
0.631674 0.998814
0.631694 0.998814
0.631725 0.998814
0.631746 0.998814
0.631766 0.998814
0.631858 0.998814
0.631869 0.998814
0.631889 0.998814
0.631920 0.998814
0.631982 0.998814
0.631992 0.998814
0.632023 0.998814
0.632033 0.998814
0.632053 0.998814
0.632064 0.998814
0.632125 0.998814
0.632146 0.998814
0.632156 0.998814
0.632176 0.998814
0.632228 0.998814
0.632269 0.998814
0.632279 0.998814
0.632310 0.998814
0.632330 0.998814
0.632371 0.998814
0.632412 0.998814
0.632433 0.998814
0.632463 0.998814
0.632474 0.998814
0.632494 0.998814
0.632504 0.998814
0.632525 0.998814
0.632535 0.998814
0.632597 0.998814
0.632628 0.998814
0.632658 0.998814
0.632679 0.998814
0.632720 0.998814
0.632751 0.998814
0.632792 0.998814
0.632853 0.998814
0.632863 0.998814
0.632904 0.998814
0.632915 0.998814
0.632976 0.998814
0.633017 0.998814
0.633027 0.998814
0.633058 0.998814
0.633079 0.998814
0.633130 0.998814
0.633140 0.998814
0.633161 0.998814
0.633212 0.998814
0.633233 0.998814
0.633263 0.998814
0.633274 0.998814
0.633294 0.998814
0.633335 0.998814
0.633356 0.998814
0.633376 0.998814
0.633397 0.998814
0.633417 0.998814
0.633438 0.998814
0.633499 0.998814
0.633540 0.998814
0.633550 0.998814
0.633571 0.998814
0.633612 0.998814
0.633643 0.998814
0.633653 0.998814
0.633653 0.998830
0.633684 0.998830
0.633725 0.998830
0.633755 0.998830
0.633766 0.998830
0.633807 0.998830
0.633827 0.998830
0.633868 0.998830
0.633930 0.998830
0.633991 0.998830
0.634073 0.998830
0.634104 0.998830
0.634114 0.998830
0.634155 0.998830
0.634176 0.998830
0.634237 0.998830
0.634258 0.998830
0.634268 0.998830
0.634309 0.998830
0.634319 0.998830
0.634340 0.998830
0.634422 0.998830
0.634453 0.998830
0.634463 0.998830
0.634483 0.998830
0.634524 0.998830
0.634545 0.998830
0.634565 0.998830
0.634596 0.998830
0.634607 0.998830
0.634648 0.998830
0.634668 0.998830
0.634678 0.998830
0.634760 0.998830
0.634771 0.998830
0.634822 0.998830
0.634842 0.998830
0.634873 0.998830
0.634914 0.998830
0.634955 0.998830
0.634976 0.998830
0.635006 0.998830
0.635047 0.998830
0.635058 0.998830
0.635099 0.998830
0.635109 0.998830
0.635129 0.998830
0.635170 0.998830
0.635181 0.998830
0.635211 0.998830
0.635232 0.998830
0.635294 0.998830
0.635314 0.998830
0.635365 0.998830
0.635376 0.998847
0.635417 0.998847
0.635447 0.998847
0.635488 0.998847
0.635499 0.998847
0.635540 0.998847
0.635581 0.998847
0.635632 0.998847
0.635652 0.998847
0.635683 0.998847
0.635724 0.998847
0.635755 0.998847
0.635775 0.998847
0.635786 0.998847
0.635806 0.998847
0.635816 0.998847
0.635837 0.998847
0.635847 0.998847
0.635909 0.998847
0.635950 0.998847
0.635970 0.998847
0.636022 0.998847
0.636063 0.998847
0.636073 0.998847
0.636104 0.998847
0.636155 0.998847
0.636196 0.998847
0.636206 0.998847
0.636247 0.998847
0.636288 0.998847
0.636329 0.998847
0.636339 0.998847
0.636360 0.998847
0.636401 0.998847
0.636421 0.998847
0.636452 0.998847
0.636473 0.998847
0.636503 0.998847
0.636524 0.998847
0.636544 0.998847
0.636575 0.998847
0.636596 0.998847
0.636678 0.998847
0.636688 0.998847
0.636719 0.998847
0.636739 0.998847
0.636770 0.998847
0.636791 0.998847
0.636801 0.998847
0.636842 0.998847
0.636903 0.998847
0.636934 0.998847
0.636944 0.998847
0.636985 0.998847
0.637006 0.998847
0.637026 0.998847
0.637067 0.998847
0.637088 0.998847
0.637108 0.998847
0.637119 0.998864
0.637139 0.998864
0.637170 0.998864
0.637180 0.998864
0.637221 0.998864
0.637242 0.998864
0.637262 0.998864
0.637283 0.998897
0.637314 0.998897
0.637375 0.998897
0.637406 0.998897
0.637426 0.998897
0.637457 0.998897
0.637467 0.998897
0.637488 0.998914
0.637508 0.998914
0.637560 0.998914
0.637601 0.998914
0.637611 0.998914
0.637642 0.998914
0.637683 0.998914
0.637693 0.998914
0.637724 0.998914
0.637765 0.998914
0.637795 0.998914
0.637806 0.998914
0.637847 0.998914
0.637867 0.998914
0.637949 0.998914
0.637980 0.998914
0.638001 0.998914
0.638031 0.998914
0.638072 0.998914
0.638083 0.998914
0.638113 0.998914
0.638124 0.998914
0.638216 0.998914
0.638226 0.998914
0.638257 0.998914
0.638267 0.998914
0.638288 0.998914
0.638329 0.998914
0.638370 0.998914
0.638400 0.998914
0.638441 0.998914
0.638452 0.998914
0.638482 0.998914
0.638493 0.998914
0.638554 0.998914
0.638595 0.998914
0.638605 0.998914
0.638626 0.998914
0.638667 0.998914
0.638708 0.998914
0.638729 0.998914
0.638759 0.998914
0.638800 0.998914
0.638852 0.998914
0.638893 0.998914
0.638923 0.998914
0.638934 0.998930
0.638975 0.998930
0.639026 0.998930
0.639057 0.998930
0.639077 0.998930
0.639087 0.998947
0.639098 0.998947
0.639128 0.998947
0.639149 0.998947
0.639190 0.998947
0.639221 0.998947
0.639241 0.998947
0.639251 0.998947
0.639272 0.998947
0.639292 0.998947
0.639334 0.998964
0.639395 0.998964
0.639416 0.998964
0.639436 0.998964
0.639446 0.998964
0.639477 0.998964
0.639518 0.998964
0.639580 0.998964
0.639600 0.998964
0.639610 0.998964
0.639641 0.998964
0.639662 0.998964
0.639672 0.998964
0.639713 0.998964
0.639733 0.998964
0.639764 0.998964
0.639764 0.998981
0.639774 0.998981
0.639795 0.998981
0.639805 0.998981
0.639867 0.998981
0.639877 0.998981
0.639918 0.998981
0.639928 0.998981
0.639949 0.998981
0.640000 0.998981
0.640031 0.998981
0.640041 0.998981
0.640062 0.998981
0.640164 0.998981
0.640185 0.998981
0.640236 0.998981
0.640246 0.998981
0.640267 0.998981
0.640297 0.998981
0.640338 0.998981
0.640349 0.998981
0.640410 0.998981
0.640420 0.998981
0.640482 0.998981
0.640492 0.998981
0.640554 0.998981
0.640574 0.998981
0.640584 0.998981
0.640605 0.998981
0.640656 0.998981
0.640697 0.998981
0.640718 0.998981
0.640749 0.998981
0.640790 0.998981
0.640882 0.998981
0.640892 0.998981
0.640913 0.998997
0.640923 0.998997
0.640964 0.998997
0.640995 0.998997
0.641005 0.998997
0.641025 0.998997
0.641066 0.998997
0.641087 0.998997
0.641107 0.998997
0.641148 0.998997
0.641159 0.998997
0.641189 0.998997
0.641220 0.998997
0.641261 0.998997
0.641282 0.998997
0.641302 0.998997
0.641333 0.998997
0.641343 0.998997
0.641374 0.998997
0.641384 0.998997
0.641436 0.998997
0.641456 0.998997
0.641497 0.998997
0.641507 0.998997
0.641528 0.998997
0.641548 0.998997
0.641569 0.998997
0.641600 0.998997
0.641620 0.998997
0.641630 0.998997
0.641692 0.998997
0.641702 0.998997
0.641743 0.998997
0.641743 0.999014
0.641774 0.999031
0.641784 0.999031
0.641825 0.999031
0.641856 0.999031
0.641866 0.999031
0.641907 0.999031
0.641938 0.999031
0.641969 0.999031
0.641979 0.999031
0.642030 0.999031
0.642051 0.999031
0.642102 0.999031
0.642133 0.999031
0.642194 0.999031
0.642205 0.999031
0.642266 0.999031
0.642307 0.999031
0.642379 0.999031
0.642399 0.999031
0.642451 0.999031
0.642492 0.999031
0.642512 0.999031
0.642553 0.999031
0.642563 0.999031
0.642594 0.999031
0.642604 0.999031
0.642625 0.999031
0.642635 0.999031
0.642666 0.999031
0.642676 0.999031
0.642717 0.999031
0.642738 0.999031
0.642758 0.999031
0.642769 0.999031
0.642840 0.999031
0.642892 0.999031
0.642994 0.999031
0.643025 0.999031
0.643086 0.999031
0.643127 0.999031
0.643138 0.999031
0.643138 0.999047
0.643168 0.999047
0.643189 0.999047
0.643199 0.999047
0.643230 0.999047
0.643250 0.999047
0.643281 0.999047
0.643291 0.999047
0.643343 0.999047
0.643373 0.999047
0.643394 0.999047
0.643456 0.999047
0.643517 0.999047
0.643538 0.999047
0.643568 0.999047
0.643589 0.999047
0.643599 0.999047
0.643620 0.999047
0.643630 0.999047
0.643661 0.999047
0.643671 0.999064
0.643722 0.999064
0.643763 0.999064
0.643784 0.999064
0.643794 0.999064
0.643835 0.999064
0.643886 0.999064
0.643968 0.999064
0.643978 0.999064
0.644019 0.999064
0.644081 0.999064
0.644122 0.999064
0.644153 0.999064
0.644163 0.999064
0.644214 0.999064
0.644255 0.999064
0.644276 0.999064
0.644327 0.999064
0.644358 0.999064
0.644399 0.999064
0.644419 0.999064
0.644440 0.999064
0.644501 0.999064
0.644522 0.999064
0.644583 0.999064
0.644594 0.999064
0.644614 0.999064
0.644655 0.999064
0.644665 0.999064
0.644686 0.999064
0.644727 0.999064
0.644758 0.999064
0.644840 0.999064
0.644850 0.999064
0.644891 0.999064
0.644901 0.999064
0.644932 0.999064
0.644963 0.999064
0.645014 0.999064
0.645035 0.999064
0.645055 0.999064
0.645065 0.999064
0.645106 0.999064
0.645147 0.999064
0.645178 0.999081
0.645188 0.999081
0.645209 0.999081
0.645219 0.999081
0.645260 0.999081
0.645281 0.999081
0.645322 0.999081
0.645363 0.999081
0.645393 0.999081
0.645404 0.999081
0.645424 0.999081
0.645435 0.999081
0.645455 0.999081
0.645465 0.999081
0.645486 0.999081
0.645506 0.999081
0.645547 0.999081
0.645588 0.999081
0.645609 0.999081
0.645619 0.999081
0.645670 0.999081
0.645691 0.999081
0.645701 0.999081
0.645722 0.999081
0.645732 0.999081
0.645763 0.999081
0.645793 0.999081
0.645793 0.999098
0.645824 0.999098
0.645855 0.999098
0.645875 0.999098
0.645886 0.999098
0.645916 0.999098
0.645927 0.999098
0.645968 0.999098
0.645998 0.999098
0.646019 0.999098
0.646070 0.999098
0.646091 0.999098
0.646101 0.999098
0.646132 0.999098
0.646152 0.999098
0.646173 0.999098
0.646234 0.999098
0.646245 0.999098
0.646275 0.999098
0.646286 0.999098
0.646316 0.999098
0.646337 0.999098
0.646378 0.999098
0.646419 0.999098
0.646470 0.999098
0.646511 0.999098
0.646532 0.999098
0.646542 0.999098
0.646593 0.999098
0.646603 0.999098
0.646644 0.999098
0.646696 0.999098
0.646737 0.999098
0.646757 0.999098
0.646788 0.999098
0.646798 0.999098
0.646798 0.999114
0.646829 0.999131
0.646860 0.999131
0.646880 0.999131
0.646921 0.999131
0.646942 0.999131
0.646962 0.999131
0.646993 0.999131
0.647014 0.999131
0.647024 0.999148
0.647044 0.999148
0.647055 0.999148
0.647096 0.999148
0.647106 0.999148
0.647147 0.999148
0.647157 0.999148
0.647188 0.999148
0.647270 0.999148
0.647311 0.999148
0.647342 0.999148
0.647424 0.999148
0.647454 0.999148
0.647516 0.999148
0.647526 0.999148
0.647608 0.999148
0.647639 0.999148
0.647649 0.999148
0.647680 0.999148
0.647701 0.999148
0.647762 0.999148
0.647772 0.999148
0.647803 0.999148
0.647824 0.999148
0.647916 0.999148
0.647957 0.999148
0.647988 0.999148
0.648008 0.999148
0.648049 0.999148
0.648070 0.999148
0.648111 0.999148
0.648131 0.999148
0.648152 0.999148
0.648162 0.999148
0.648203 0.999148
0.648224 0.999148
0.648265 0.999164
0.648285 0.999164
0.648306 0.999164
0.648326 0.999164
0.648357 0.999181
0.648367 0.999181
0.648388 0.999181
0.648398 0.999181
0.648439 0.999181
0.648449 0.999181
0.648511 0.999181
0.648541 0.999181
0.648562 0.999181
0.648603 0.999181
0.648623 0.999181
0.648664 0.999181
0.648685 0.999181
0.648685 0.999198
0.648695 0.999198
0.648757 0.999198
0.648787 0.999198
0.648829 0.999198
0.648859 0.999198
0.648880 0.999198
0.648890 0.999198
0.648952 0.999198
0.648962 0.999198
0.649044 0.999198
0.649085 0.999198
0.649095 0.999198
0.649136 0.999198
0.649167 0.999198
0.649198 0.999198
0.649228 0.999198
0.649249 0.999198
0.649300 0.999198
0.649382 0.999198
0.649403 0.999198
0.649433 0.999198
0.649454 0.999198
0.649474 0.999198
0.649516 0.999198
0.649557 0.999198
0.649598 0.999198
0.649618 0.999198
0.649639 0.999198
0.649659 0.999198
0.649680 0.999198
0.649710 0.999198
0.649721 0.999198
0.649741 0.999198
0.649782 0.999198
0.649803 0.999198
0.649823 0.999198
0.649844 0.999198
0.649885 0.999198
0.649895 0.999198
0.649915 0.999198
0.649956 0.999198
0.649967 0.999198
0.649987 0.999198
0.650049 0.999198
0.650069 0.999198
0.650100 0.999198
0.650141 0.999198
0.650151 0.999198
0.650203 0.999198
0.650264 0.999198
0.650295 0.999198
0.650305 0.999198
0.650346 0.999198
0.650356 0.999198
0.650377 0.999198
0.650387 0.999198
0.650449 0.999198
0.650469 0.999198
0.650490 0.999198
0.650520 0.999198
0.650541 0.999198
0.650551 0.999198
0.650572 0.999198
0.650582 0.999198
0.650623 0.999198
0.650633 0.999198
0.650715 0.999198
0.650725 0.999198
0.650756 0.999198
0.650797 0.999198
0.650838 0.999198
0.650849 0.999198
0.650890 0.999198
0.650910 0.999198
0.650941 0.999198
0.650951 0.999198
0.650992 0.999198
0.651013 0.999198
0.651043 0.999198
0.651054 0.999198
0.651074 0.999198
0.651105 0.999198
0.651136 0.999198
0.651177 0.999198
0.651197 0.999198
0.651248 0.999198
0.651269 0.999198
0.651330 0.999198
0.651361 0.999198
0.651443 0.999198
0.651453 0.999198
0.651464 0.999215
0.651474 0.999215
0.651494 0.999215
0.651536 0.999215
0.651546 0.999215
0.651546 0.999231
0.651587 0.999231
0.651628 0.999231
0.651669 0.999231
0.651679 0.999231
0.651700 0.999231
0.651710 0.999231
0.651741 0.999231
0.651761 0.999231
0.651802 0.999231
0.651812 0.999231
0.651833 0.999231
0.651874 0.999231
0.651905 0.999231
0.651915 0.999231
0.651935 0.999231
0.651976 0.999231
0.651997 0.999231
0.652028 0.999231
0.652038 0.999231
0.652058 0.999231
0.652120 0.999231
0.652151 0.999231
0.652181 0.999231
0.652223 0.999231
0.652243 0.999231
0.652264 0.999231
0.652346 0.999231
0.652376 0.999231
0.652387 0.999231
0.652428 0.999231
0.652438 0.999231
0.652479 0.999231
0.652520 0.999231
0.652561 0.999231
0.652581 0.999231
0.652622 0.999231
0.652633 0.999231
0.652684 0.999231
0.652704 0.999231
0.652745 0.999231
0.652766 0.999231
0.652776 0.999231
0.652827 0.999231
0.652838 0.999231
0.652899 0.999231
0.652920 0.999231
0.652930 0.999231
0.652951 0.999231
0.652981 0.999231
0.653002 0.999231
0.653012 0.999231
0.653033 0.999231
0.653043 0.999231
0.653084 0.999231
0.653094 0.999231
0.653115 0.999231
0.653145 0.999231
0.653186 0.999231
0.653227 0.999231
0.653238 0.999231
0.653258 0.999231
0.653299 0.999231
0.653309 0.999231
0.653330 0.999231
0.653361 0.999231
0.653381 0.999231
0.653381 0.999248
0.653402 0.999248
0.653412 0.999248
0.653443 0.999248
0.653453 0.999248
0.653484 0.999248
0.653504 0.999248
0.653525 0.999248
0.653535 0.999248
0.653555 0.999248
0.653638 0.999248
0.653648 0.999248
0.653668 0.999248
0.653689 0.999248
0.653720 0.999248
0.653740 0.999248
0.653761 0.999248
0.653771 0.999248
0.653791 0.999248
0.653822 0.999248
0.653873 0.999248
0.653904 0.999248
0.653945 0.999248
0.653976 0.999248
0.653996 0.999248
0.654017 0.999248
0.654037 0.999248
0.654089 0.999248
0.654119 0.999248
0.654130 0.999248
0.654160 0.999248
0.654181 0.999248
0.654191 0.999248
0.654212 0.999248
0.654253 0.999248
0.654273 0.999248
0.654304 0.999248
0.654325 0.999248
0.654345 0.999248
0.654376 0.999248
0.654386 0.999248
0.654448 0.999248
0.654478 0.999248
0.654499 0.999248
0.654530 0.999248
0.654571 0.999248
0.654612 0.999248
0.654663 0.999248
0.654704 0.999248
0.654724 0.999248
0.654765 0.999248
0.654776 0.999248
0.654837 0.999248
0.654847 0.999248
0.654878 0.999248
0.654899 0.999248
0.654930 0.999248
0.654991 0.999248
0.655012 0.999248
0.655032 0.999248
0.655053 0.999248
0.655094 0.999248
0.655145 0.999248
0.655165 0.999248
0.655186 0.999248
0.655227 0.999248
0.655258 0.999248
0.655288 0.999248
0.655309 0.999248
0.655329 0.999248
0.655370 0.999248
0.655381 0.999248
0.655442 0.999248
0.655473 0.999248
0.655524 0.999248
0.655555 0.999248
0.655637 0.999248
0.655668 0.999248
0.655688 0.999248
0.655699 0.999248
0.655760 0.999248
0.655781 0.999248
0.655811 0.999248
0.655822 0.999248
0.655842 0.999248
0.655873 0.999248
0.655893 0.999248
0.655914 0.999248
0.655934 0.999248
0.655975 0.999248
0.655996 0.999248
0.656016 0.999248
0.656047 0.999248
0.656068 0.999248
0.656088 0.999248
0.656119 0.999248
0.656150 0.999248
0.656191 0.999248
0.656221 0.999248
0.656283 0.999248
0.656304 0.999248
0.656365 0.999248
0.656375 0.999248
0.656396 0.999248
0.656406 0.999248
0.656437 0.999248
0.656468 0.999248
0.656509 0.999248
0.656550 0.999248
0.656570 0.999248
0.656580 0.999248
0.656611 0.999248
0.656632 0.999248
0.656652 0.999248
0.656673 0.999248
0.656683 0.999248
0.656693 0.999265
0.656714 0.999265
0.656724 0.999265
0.656765 0.999265
0.656796 0.999265
0.656816 0.999265
0.656857 0.999265
0.656867 0.999265
0.656908 0.999265
0.656950 0.999298
0.656991 0.999298
0.657011 0.999298
0.657052 0.999298
0.657062 0.999298
0.657093 0.999298
0.657175 0.999298
0.657206 0.999298
0.657247 0.999298
0.657278 0.999298
0.657349 0.999298
0.657370 0.999298
0.657380 0.999298
0.657442 0.999298
0.657452 0.999298
0.657483 0.999298
0.657493 0.999298
0.657544 0.999298
0.657565 0.999298
0.657575 0.999298
0.657616 0.999298
0.657637 0.999298
0.657678 0.999298
0.657688 0.999298
0.657719 0.999298
0.657760 0.999298
0.657821 0.999298
0.657852 0.999298
0.657862 0.999298
0.657903 0.999298
0.657913 0.999298
0.657965 0.999298
0.657985 0.999298
0.658026 0.999298
0.658047 0.999298
0.658077 0.999298
0.658088 0.999298
0.658129 0.999298
0.658170 0.999298
0.658190 0.999298
0.658231 0.999298
0.658252 0.999298
0.658262 0.999298
0.658293 0.999298
0.658354 0.999298
0.658365 0.999298
0.658385 0.999298
0.658395 0.999298
0.658426 0.999298
0.658467 0.999298
0.658498 0.999298
0.658518 0.999298
0.658529 0.999298
0.658549 0.999298
0.658611 0.999298
0.658631 0.999298
0.658672 0.999298
0.658693 0.999298
0.658703 0.999298
0.658744 0.999298
0.658805 0.999298
0.658836 0.999298
0.658857 0.999298
0.658887 0.999298
0.658928 0.999298
0.658949 0.999298
0.659000 0.999298
0.659062 0.999298
0.659072 0.999298
0.659134 0.999298
0.659195 0.999298
0.659216 0.999298
0.659226 0.999298
0.659236 0.999315
0.659246 0.999315
0.659267 0.999315
0.659308 0.999315
0.659318 0.999315
0.659339 0.999315
0.659369 0.999315
0.659390 0.999315
0.659400 0.999315
0.659421 0.999315
0.659451 0.999315
0.659472 0.999315
0.659503 0.999315
0.659513 0.999315
0.659544 0.999315
0.659605 0.999315
0.659656 0.999315
0.659656 0.999332
0.659687 0.999332
0.659708 0.999332
0.659739 0.999332
0.659780 0.999332
0.659810 0.999332
0.659821 0.999332
0.659903 0.999332
0.659923 0.999332
0.659944 0.999332
0.659964 0.999332
0.659974 0.999332
0.660015 0.999332
0.660046 0.999332
0.660067 0.999332
0.660097 0.999332
0.660138 0.999332
0.660169 0.999332
0.660179 0.999332
0.660241 0.999332
0.660292 0.999332
0.660313 0.999332
0.660323 0.999332
0.660344 0.999332
0.660364 0.999332
0.660395 0.999332
0.660426 0.999332
0.660477 0.999332
0.660508 0.999332
0.660518 0.999332
0.660559 0.999332
0.660569 0.999332
0.660600 0.999332
0.660641 0.999332
0.660692 0.999332
0.660743 0.999332
0.660754 0.999332
0.660784 0.999332
0.660846 0.999332
0.660866 0.999332
0.660887 0.999332
0.660897 0.999332
0.660938 0.999332
0.660969 0.999332
0.661000 0.999332
0.661020 0.999332
0.661041 0.999332
0.661061 0.999332
0.661123 0.999332
0.661164 0.999332
0.661184 0.999332
0.661205 0.999332
0.661215 0.999332
0.661297 0.999332
0.661318 0.999332
0.661338 0.999332
0.661348 0.999332
0.661369 0.999332
0.661379 0.999348
0.661400 0.999348
0.661410 0.999348
0.661430 0.999348
0.661461 0.999348
0.661482 0.999348
0.661492 0.999348
0.661533 0.999348
0.661543 0.999348
0.661564 0.999348
0.661584 0.999348
0.661615 0.999348
0.661635 0.999348
0.661656 0.999348
0.661687 0.999348
0.661687 0.999365
0.661718 0.999365
0.661728 0.999365
0.661769 0.999365
0.661779 0.999365
0.661800 0.999365
0.661810 0.999365
0.661841 0.999365
0.661861 0.999365
0.661871 0.999365
0.661933 0.999365
0.661984 0.999365
0.662005 0.999365
0.662035 0.999365
0.662066 0.999365
0.662107 0.999365
0.662117 0.999382
0.662148 0.999382
0.662240 0.999382
0.662261 0.999382
0.662292 0.999382
0.662312 0.999382
0.662343 0.999382
0.662374 0.999382
0.662415 0.999382
0.662446 0.999382
0.662476 0.999382
0.662538 0.999382
0.662569 0.999382
0.662579 0.999382
0.662620 0.999382
0.662640 0.999382
0.662671 0.999382
0.662733 0.999382
0.662763 0.999382
0.662784 0.999382
0.662804 0.999382
0.662845 0.999382
0.662886 0.999382
0.662927 0.999382
0.662948 0.999398
0.662968 0.999398
0.662999 0.999398
0.663030 0.999398
0.663071 0.999398
0.663133 0.999398
0.663174 0.999398
0.663204 0.999398
0.663215 0.999398
0.663235 0.999398
0.663256 0.999415
0.663266 0.999415
0.663297 0.999415
0.663338 0.999415
0.663368 0.999415
0.663409 0.999415
0.663430 0.999415
0.663450 0.999415
0.663461 0.999415
0.663481 0.999415
0.663512 0.999415
0.663532 0.999415
0.663543 0.999415
0.663604 0.999415
0.663655 0.999415
0.663676 0.999415
0.663707 0.999415
0.663727 0.999415
0.663779 0.999415
0.663799 0.999415
0.663830 0.999415
0.663871 0.999415
0.663881 0.999415
0.663912 0.999415
0.663922 0.999415
0.663953 0.999415
0.664004 0.999415
0.664035 0.999415
0.664045 0.999415
0.664045 0.999432
0.664066 0.999432
0.664148 0.999432
0.664158 0.999432
0.664189 0.999432
0.664230 0.999432
0.664250 0.999432
0.664271 0.999432
0.664281 0.999432
0.664301 0.999432
0.664312 0.999432
0.664332 0.999432
0.664363 0.999432
0.664425 0.999432
0.664445 0.999432
0.664476 0.999432
0.664496 0.999432
0.664507 0.999432
0.664537 0.999432
0.664558 0.999432
0.664599 0.999432
0.664609 0.999432
0.664650 0.999432
0.664660 0.999432
0.664691 0.999432
0.664712 0.999432
0.664722 0.999432
0.664753 0.999432
0.664763 0.999432
0.664824 0.999432
0.664845 0.999432
0.664865 0.999432
0.664896 0.999432
0.664937 0.999432
0.664947 0.999432
0.665009 0.999432
0.665050 0.999432
0.665132 0.999432
0.665163 0.999432
0.665183 0.999432
0.665194 0.999432
0.665235 0.999432
0.665265 0.999432
0.665276 0.999432
0.665317 0.999432
0.665337 0.999449
0.665368 0.999449
0.665429 0.999449
0.665440 0.999449
0.665481 0.999449
0.665501 0.999449
0.665532 0.999449
0.665552 0.999449
0.665573 0.999449
0.665604 0.999449
0.665624 0.999449
0.665655 0.999449
0.665665 0.999449
0.665686 0.999449
0.665696 0.999449
0.665716 0.999449
0.665747 0.999449
0.665768 0.999449
0.665829 0.999449
0.665860 0.999449
0.665870 0.999449
0.665901 0.999449
0.665983 0.999449
0.666024 0.999449
0.666065 0.999449
0.666096 0.999449
0.666116 0.999449
0.666137 0.999449
0.666178 0.999449
0.666209 0.999449
0.666229 0.999449
0.666260 0.999449
0.666280 0.999449
0.666342 0.999449
0.666362 0.999449
0.666393 0.999449
0.666403 0.999449
0.666445 0.999449
0.666486 0.999449
0.666496 0.999449
0.666516 0.999449
0.666547 0.999449
0.666547 0.999465
0.666568 0.999465
0.666609 0.999465
0.666619 0.999465
0.666660 0.999465
0.666670 0.999465
0.666691 0.999465
0.666721 0.999465
0.666732 0.999465
0.666773 0.999465
0.666803 0.999465
0.666824 0.999465
0.666865 0.999465
0.666885 0.999465
0.666916 0.999465
0.666926 0.999465
0.666978 0.999465
0.666988 0.999465
0.667019 0.999465
0.667060 0.999465
0.667070 0.999465
0.667132 0.999465
0.667142 0.999482
0.667193 0.999482
0.667234 0.999482
0.667244 0.999482
0.667265 0.999482
0.667306 0.999482
0.667347 0.999482
0.667388 0.999482
0.667419 0.999482
0.667429 0.999482
0.667449 0.999482
0.667470 0.999482
0.667490 0.999482
0.667501 0.999482
0.667531 0.999482
0.667552 0.999482
0.667572 0.999482
0.667603 0.999482
0.667624 0.999482
0.667644 0.999482
0.667654 0.999482
0.667675 0.999482
0.667685 0.999482
0.667726 0.999482
0.667808 0.999482
0.667839 0.999482
0.667870 0.999482
0.667921 0.999482
0.667962 0.999482
0.667972 0.999482
0.668034 0.999482
0.668044 0.999482
0.668085 0.999482
0.668095 0.999482
0.668116 0.999482
0.668147 0.999482
0.668167 0.999482
0.668188 0.999482
0.668208 0.999482
0.668229 0.999482
0.668270 0.999482
0.668280 0.999482
0.668341 0.999482
0.668352 0.999482
0.668393 0.999482
0.668413 0.999482
0.668434 0.999482
0.668464 0.999482
0.668485 0.999482
0.668495 0.999482
0.668526 0.999482
0.668547 0.999482
0.668557 0.999482
0.668577 0.999499
0.668608 0.999499
0.668618 0.999499
0.668659 0.999499
0.668670 0.999499
0.668690 0.999499
0.668700 0.999499
0.668721 0.999499
0.668752 0.999499
0.668793 0.999499
0.668813 0.999499
0.668844 0.999499
0.668864 0.999499
0.668875 0.999499
0.668895 0.999499
0.668916 0.999499
0.668957 0.999499
0.668977 0.999499
0.669008 0.999499
0.669049 0.999499
0.669069 0.999499
0.669131 0.999499
0.669172 0.999499
0.669193 0.999499
0.669223 0.999499
0.669254 0.999499
0.669316 0.999499
0.669326 0.999499
0.669357 0.999499
0.669367 0.999499
0.669387 0.999499
0.669398 0.999499
0.669459 0.999499
0.669469 0.999499
0.669490 0.999499
0.669500 0.999499
0.669531 0.999499
0.669551 0.999499
0.669572 0.999499
0.669603 0.999499
0.669623 0.999499
0.669674 0.999499
0.669715 0.999499
0.669746 0.999499
0.669767 0.999499
0.669777 0.999499
0.669808 0.999499
0.669818 0.999499
0.669849 0.999499
0.669859 0.999499
0.669921 0.999499
0.669931 0.999499
0.669992 0.999499
0.670023 0.999499
0.670054 0.999499
0.670074 0.999499
0.670095 0.999499
0.670115 0.999499
0.670136 0.999499
0.670146 0.999499
0.670167 0.999499
0.670208 0.999499
0.670228 0.999499
0.670290 0.999499
0.670310 0.999499
0.670331 0.999499
0.670361 0.999499
0.670382 0.999499
0.670402 0.999499
0.670433 0.999499
0.670484 0.999499
0.670515 0.999499
0.670526 0.999499
0.670556 0.999499
0.670597 0.999499
0.670628 0.999499
0.670649 0.999499
0.670669 0.999499
0.670690 0.999499
0.670710 0.999499
0.670761 0.999499
0.670772 0.999499
0.670792 0.999499
0.670802 0.999499
0.670813 0.999515
0.670854 0.999515
0.670864 0.999515
0.670884 0.999515
0.670925 0.999515
0.670956 0.999515
0.670977 0.999515
0.671028 0.999515
0.671038 0.999515
0.671079 0.999515
0.671110 0.999515
0.671120 0.999515
0.671141 0.999515
0.671151 0.999515
0.671202 0.999515
0.671213 0.999515
0.671233 0.999515
0.671243 0.999515
0.671264 0.999515
0.671274 0.999515
0.671366 0.999515
0.671387 0.999515
0.671418 0.999515
0.671438 0.999515
0.671448 0.999515
0.671510 0.999515
0.671520 0.999515
0.671541 0.999515
0.671561 0.999515
0.671592 0.999515
0.671602 0.999515
0.671643 0.999515
0.671653 0.999515
0.671694 0.999515
0.671725 0.999515
0.671766 0.999515
0.671787 0.999515
0.671838 0.999515
0.671858 0.999515
0.671879 0.999515
0.671910 0.999515
0.671930 0.999515
0.671951 0.999515
0.671961 0.999515
0.671992 0.999515
0.672012 0.999515
0.672033 0.999515
0.672043 0.999515
0.672064 0.999515
0.672105 0.999515
0.672135 0.999515
0.672146 0.999515
0.672156 0.999532
0.672217 0.999532
0.672248 0.999532
0.672269 0.999532
0.672299 0.999532
0.672320 0.999532
0.672330 0.999532
0.672351 0.999532
0.672381 0.999532
0.672422 0.999532
0.672433 0.999532
0.672453 0.999532
0.672494 0.999532
0.672515 0.999532
0.672535 0.999532
0.672566 0.999532
0.672607 0.999532
0.672617 0.999532
0.672658 0.999532
0.672669 0.999532
0.672689 0.999532
0.672699 0.999532
0.672720 0.999532
0.672740 0.999532
0.672771 0.999532
0.672812 0.999532
0.672833 0.999532
0.672843 0.999532
0.672904 0.999532
0.672986 0.999532
0.673017 0.999532
0.673038 0.999532
0.673058 0.999532
0.673099 0.999532
0.673120 0.999532
0.673161 0.999532
0.673181 0.999549
0.673191 0.999549
0.673222 0.999549
0.673233 0.999549
0.673253 0.999549
0.673284 0.999549
0.673315 0.999549
0.673325 0.999549
0.673356 0.999549
0.673397 0.999549
0.673407 0.999549
0.673427 0.999549
0.673489 0.999549
0.673530 0.999549
0.673571 0.999549
0.673581 0.999549
0.673602 0.999549
0.673632 0.999549
0.673653 0.999549
0.673663 0.999549
0.673694 0.999549
0.673714 0.999549
0.673735 0.999549
0.673755 0.999549
0.673796 0.999549
0.673827 0.999549
0.673878 0.999549
0.673920 0.999549
0.673950 0.999549
0.673971 0.999549
0.674002 0.999549
0.674012 0.999566
0.674043 0.999566
0.674084 0.999566
0.674104 0.999566
0.674135 0.999566
0.674155 0.999566
0.674176 0.999566
0.674196 0.999566
0.674207 0.999566
0.674268 0.999566
0.674330 0.999566
0.674350 0.999566
0.674391 0.999566
0.674432 0.999566
0.674453 0.999566
0.674473 0.999566
0.674494 0.999566
0.674514 0.999566
0.674555 0.999566
0.674565 0.999566
0.674596 0.999582
0.674637 0.999582
0.674668 0.999582
0.674689 0.999582
0.674719 0.999582
0.674760 0.999582
0.674781 0.999582
0.674812 0.999582
0.674822 0.999582
0.674842 0.999582
0.674883 0.999582
0.674904 0.999582
0.674924 0.999582
0.674965 0.999582
0.674976 0.999582
0.675017 0.999582
0.675047 0.999582
0.675068 0.999582
0.675088 0.999582
0.675129 0.999582
0.675140 0.999582
0.675181 0.999582
0.675191 0.999582
0.675242 0.999582
0.675252 0.999582
0.675294 0.999582
0.675335 0.999582
0.675355 0.999582
0.675376 0.999582
0.675406 0.999582
0.675427 0.999582
0.675447 0.999582
0.675478 0.999582
0.675529 0.999582
0.675570 0.999582
0.675601 0.999582
0.675632 0.999582
0.675673 0.999582
0.675704 0.999582
0.675724 0.999582
0.675734 0.999582
0.675775 0.999582
0.675796 0.999582
0.675816 0.999582
0.675837 0.999582
0.675878 0.999582
0.675909 0.999582
0.675929 0.999582
0.675940 0.999582
0.675960 0.999582
0.675991 0.999582
0.676011 0.999582
0.676052 0.999582
0.676073 0.999582
0.676093 0.999582
0.676104 0.999582
0.676134 0.999582
0.676155 0.999582
0.676175 0.999582
0.676237 0.999582
0.676257 0.999582
0.676278 0.999582
0.676298 0.999582
0.676329 0.999582
0.676350 0.999582
0.676380 0.999582
0.676442 0.999582
0.676452 0.999582
0.676483 0.999582
0.676503 0.999582
0.676524 0.999582
0.676565 0.999582
0.676596 0.999582
0.676616 0.999582
0.676647 0.999582
0.676668 0.999582
0.676698 0.999582
0.676709 0.999582
0.676729 0.999582
0.676739 0.999582
0.676842 0.999582
0.676852 0.999582
0.676873 0.999582
0.676914 0.999582
0.676944 0.999582
0.677006 0.999582
0.677047 0.999582
0.677067 0.999582
0.677098 0.999582
0.677119 0.999582
0.677149 0.999582
0.677190 0.999582
0.677201 0.999582
0.677231 0.999582
0.677272 0.999582
0.677314 0.999582
0.677324 0.999582
0.677344 0.999582
0.677375 0.999582
0.677396 0.999582
0.677426 0.999582
0.677447 0.999582
0.677488 0.999582
0.677529 0.999582
0.677560 0.999582
0.677601 0.999582
0.677631 0.999582
0.677662 0.999582
0.677683 0.999582
0.677693 0.999582
0.677734 0.999582
0.677744 0.999582
0.677795 0.999582
0.677847 0.999582
0.677867 0.999582
0.677877 0.999582
0.677908 0.999582
0.677929 0.999582
0.677990 0.999582
0.678031 0.999582
0.678083 0.999582
0.678103 0.999582
0.678113 0.999582
0.678134 0.999582
0.678144 0.999582
0.678185 0.999582
0.678206 0.999582
0.678226 0.999582
0.678236 0.999582
0.678267 0.999582
0.678308 0.999582
0.678329 0.999582
0.678339 0.999582
0.678359 0.999582
0.678380 0.999582
0.678421 0.999582
0.678452 0.999582
0.678472 0.999582
0.678482 0.999582
0.678575 0.999582
0.678585 0.999582
0.678605 0.999582
0.678647 0.999582
0.678708 0.999582
0.678749 0.999582
0.678800 0.999582
0.678821 0.999582
0.678831 0.999582
0.678862 0.999582
0.678913 0.999582
0.678934 0.999582
0.678944 0.999582
0.678985 0.999582
0.679016 0.999582
0.679036 0.999582
0.679057 0.999582
0.679077 0.999582
0.679108 0.999582
0.679128 0.999582
0.679139 0.999582
0.679180 0.999582
0.679210 0.999582
0.679221 0.999582
0.679262 0.999582
0.679303 0.999582
0.679344 0.999582
0.679354 0.999582
0.679416 0.999582
0.679426 0.999582
0.679446 0.999582
0.679487 0.999582
0.679528 0.999582
0.679549 0.999582
0.679569 0.999582
0.679621 0.999582
0.679641 0.999582
0.679651 0.999582
0.679672 0.999582
0.679703 0.999582
0.679723 0.999582
0.679733 0.999582
0.679764 0.999582
0.679785 0.999582
0.679815 0.999582
0.679856 0.999582
0.679918 0.999582
0.679959 0.999582
0.680021 0.999582
0.680041 0.999582
0.680072 0.999582
0.680092 0.999582
0.680113 0.999582
0.680215 0.999582
0.680226 0.999582
0.680246 0.999582
0.680267 0.999582
0.680349 0.999582
0.680369 0.999582
0.680379 0.999582
0.680420 0.999582
0.680451 0.999582
0.680472 0.999582
0.680482 0.999582
0.680502 0.999582
0.680543 0.999582
0.680554 0.999582
0.680574 0.999582
0.680636 0.999582
0.680677 0.999582
0.680718 0.999582
0.680759 0.999582
0.680779 0.999582
0.680810 0.999582
0.680851 0.999582
0.680861 0.999582
0.680892 0.999582
0.680923 0.999582
0.680964 0.999582
0.680974 0.999582
0.681015 0.999582
0.681036 0.999582
0.681066 0.999582
0.681107 0.999582
0.681118 0.999582
0.681148 0.999582
0.681189 0.999582
0.681210 0.999582
0.681251 0.999582
0.681261 0.999582
0.681292 0.999582
0.681333 0.999582
0.681374 0.999582
0.681405 0.999582
0.681415 0.999582
0.681456 0.999582
0.681466 0.999582
0.681507 0.999582
0.681518 0.999582
0.681538 0.999582
0.681569 0.999582
0.681610 0.999582
0.681630 0.999582
0.681692 0.999582
0.681712 0.999582
0.681733 0.999582
0.681764 0.999582
0.681784 0.999582
0.681805 0.999582
0.681815 0.999582
0.681835 0.999582
0.681876 0.999582
0.681917 0.999582
0.681958 0.999582
0.681999 0.999582
0.682010 0.999582
0.682051 0.999582
0.682112 0.999582
0.682123 0.999582
0.682143 0.999582
0.682153 0.999582
0.682235 0.999582
0.682235 0.999599
0.682256 0.999599
0.682266 0.999599
0.682287 0.999599
0.682297 0.999599
0.682317 0.999599
0.682338 0.999599
0.682348 0.999616
0.682369 0.999616
0.682492 0.999616
0.682512 0.999616
0.682543 0.999616
0.682563 0.999616
0.682615 0.999616
0.682635 0.999616
0.682656 0.999616
0.682686 0.999616
0.682707 0.999616
0.682717 0.999616
0.682738 0.999616
0.682748 0.999616
0.682769 0.999616
0.682779 0.999616
0.682830 0.999616
0.682840 0.999616
0.682861 0.999616
0.682871 0.999616
0.682902 0.999616
0.682922 0.999616
0.682943 0.999616
0.682974 0.999616
0.682994 0.999616
0.683015 0.999616
0.683025 0.999616
0.683045 0.999616
0.683076 0.999616
0.683138 0.999616
0.683220 0.999616
0.683281 0.999616
0.683312 0.999616
0.683322 0.999616
0.683343 0.999616
0.683373 0.999616
0.683394 0.999616
0.683425 0.999616
0.683445 0.999616
0.683476 0.999616
0.683517 0.999616
0.683538 0.999616
0.683568 0.999616
0.683579 0.999616
0.683599 0.999616
0.683630 0.999616
0.683671 0.999616
0.683712 0.999616
0.683743 0.999616
0.683753 0.999616
0.683773 0.999616
0.683825 0.999616
0.683855 0.999616
0.683876 0.999616
0.683907 0.999616
0.683937 0.999616
0.683978 0.999616
0.683999 0.999616
0.684030 0.999616
0.684071 0.999616
0.684112 0.999616
0.684112 0.999632
0.684143 0.999632
0.684173 0.999632
0.684194 0.999632
0.684214 0.999632
0.684245 0.999632
0.684266 0.999632
0.684276 0.999632
0.684296 0.999632
0.684327 0.999632
0.684337 0.999632
0.684368 0.999632
0.684378 0.999632
0.684399 0.999632
0.684430 0.999632
0.684440 0.999632
0.684440 0.999649
0.684460 0.999649
0.684501 0.999649
0.684522 0.999649
0.684542 0.999649
0.684563 0.999649
0.684604 0.999649
0.684655 0.999649
0.684676 0.999649
0.684686 0.999649
0.684748 0.999649
0.684778 0.999649
0.684819 0.999649
0.684840 0.999649
0.684881 0.999649
0.684891 0.999649
0.684922 0.999649
0.684932 0.999649
0.684994 0.999649
0.685004 0.999649
0.685024 0.999649
0.685055 0.999649
0.685096 0.999649
0.685158 0.999649
0.685240 0.999649
0.685250 0.999649
0.685270 0.999649
0.685291 0.999649
0.685332 0.999649
0.685363 0.999649
0.685404 0.999649
0.685435 0.999649
0.685455 0.999649
0.685476 0.999649
0.685496 0.999649
0.685537 0.999649
0.685547 0.999649
0.685599 0.999649
0.685660 0.999649
0.685691 0.999649
0.685711 0.999649
0.685732 0.999649
0.685793 0.999649
0.685804 0.999649
0.685834 0.999649
0.685855 0.999649
0.685875 0.999649
0.685886 0.999649
0.685927 0.999649
0.685957 0.999649
0.685968 0.999649
0.685988 0.999649
0.686019 0.999649
0.686080 0.999649
0.686101 0.999649
0.686142 0.999649
0.686152 0.999649
0.686173 0.999649
0.686214 0.999649
0.686245 0.999649
0.686275 0.999649
0.686296 0.999649
0.686327 0.999649
0.686337 0.999649
0.686357 0.999649
0.686378 0.999649
0.686419 0.999649
0.686429 0.999649
0.686450 0.999649
0.686460 0.999649
0.686480 0.999649
0.686521 0.999649
0.686552 0.999649
0.686593 0.999649
0.686614 0.999649
0.686624 0.999649
0.686665 0.999649
0.686685 0.999649
0.686706 0.999649
0.686726 0.999649
0.686737 0.999649
0.686757 0.999649
0.686767 0.999649
0.686788 0.999649
0.686798 0.999649
0.686880 0.999649
0.686942 0.999649
0.686983 0.999649
0.687003 0.999649
0.687044 0.999649
0.687065 0.999649
0.687085 0.999649
0.687106 0.999649
0.687116 0.999649
0.687137 0.999649
0.687178 0.999649
0.687188 0.999649
0.687208 0.999649
0.687229 0.999649
0.687270 0.999649
0.687290 0.999649
0.687301 0.999649
0.687321 0.999649
0.687362 0.999649
0.687383 0.999649
0.687413 0.999649
0.687434 0.999649
0.687444 0.999649
0.687465 0.999649
0.687485 0.999649
0.687506 0.999649
0.687547 0.999649
0.687608 0.999649
0.687619 0.999649
0.687639 0.999649
0.687649 0.999649
0.687690 0.999649
0.687711 0.999649
0.687731 0.999649
0.687762 0.999649
0.687772 0.999649
0.687813 0.999649
0.687824 0.999649
0.687865 0.999649
0.687875 0.999649
0.687895 0.999649
0.687926 0.999649
0.687947 0.999649
0.687967 0.999649
0.688008 0.999649
0.688029 0.999649
0.688039 0.999649
0.688070 0.999649
0.688131 0.999649
0.688162 0.999649
0.688172 0.999649
0.688193 0.999649
0.688244 0.999649
0.688265 0.999649
0.688295 0.999649
0.688336 0.999649
0.688388 0.999649
0.688398 0.999649
0.688429 0.999649
0.688470 0.999649
0.688480 0.999649
0.688541 0.999649
0.688572 0.999649
0.688593 0.999649
0.688623 0.999649
0.688644 0.999649
0.688664 0.999649
0.688685 0.999649
0.688695 0.999649
0.688726 0.999649
0.688746 0.999649
0.688757 0.999649
0.688798 0.999649
0.688829 0.999649
0.688859 0.999649
0.688880 0.999649
0.688900 0.999649
0.688931 0.999649
0.688941 0.999649
0.689023 0.999649
0.689054 0.999649
0.689095 0.999649
0.689116 0.999649
0.689167 0.999649
0.689198 0.999649
0.689239 0.999649
0.689259 0.999649
0.689331 0.999649
0.689372 0.999649
0.689392 0.999649
0.689433 0.999649
0.689474 0.999649
0.689505 0.999649
0.689526 0.999666
0.689546 0.999666
0.689577 0.999666
0.689628 0.999666
0.689649 0.999666
0.689710 0.999666
0.689751 0.999666
0.689782 0.999666
0.689833 0.999666
0.689874 0.999666
0.689885 0.999666
0.689946 0.999666
0.689956 0.999666
0.689997 0.999666
0.690008 0.999666
0.690038 0.999666
0.690079 0.999666
0.690110 0.999666
0.690120 0.999666
0.690161 0.999666
0.690172 0.999666
0.690192 0.999666
0.690223 0.999666
0.690233 0.999666
0.690264 0.999666
0.690285 0.999666
0.690336 0.999666
0.690377 0.999666
0.690408 0.999666
0.690428 0.999666
0.690438 0.999666
0.690459 0.999666
0.690469 0.999666
0.690510 0.999666
0.690520 0.999666
0.690541 0.999666
0.690551 0.999666
0.690572 0.999666
0.690582 0.999666
0.690613 0.999666
0.690654 0.999666
0.690684 0.999666
0.690705 0.999666
0.690715 0.999666
0.690736 0.999666
0.690746 0.999666
0.690787 0.999666
0.690797 0.999666
0.690828 0.999666
0.690849 0.999666
0.690879 0.999666
0.690900 0.999666
0.690920 0.999666
0.690982 0.999666
0.691013 0.999666
0.691033 0.999666
0.691043 0.999666
0.691084 0.999666
0.691115 0.999666
0.691136 0.999666
0.691146 0.999666
0.691166 0.999666
0.691177 0.999666
0.691269 0.999666
0.691310 0.999666
0.691392 0.999666
0.691412 0.999666
0.691474 0.999666
0.691484 0.999666
0.691525 0.999666
0.691556 0.999666
0.691566 0.999666
0.691587 0.999666
0.691607 0.999666
0.691648 0.999666
0.691679 0.999666
0.691720 0.999666
0.691761 0.999666
0.691792 0.999666
0.691853 0.999666
0.691915 0.999666
0.691935 0.999666
0.691956 0.999666
0.691976 0.999666
0.692007 0.999666
0.692069 0.999666
0.692089 0.999666
0.692120 0.999666
0.692140 0.999666
0.692161 0.999666
0.692171 0.999666
0.692192 0.999666
0.692223 0.999666
0.692264 0.999666
0.692305 0.999666
0.692335 0.999666
0.692346 0.999666
0.692376 0.999666
0.692407 0.999666
0.692448 0.999666
0.692479 0.999666
0.692499 0.999666
0.692510 0.999666
0.692530 0.999666
0.692540 0.999666
0.692571 0.999666
0.692592 0.999666
0.692622 0.999666
0.692643 0.999666
0.692663 0.999666
0.692684 0.999666
0.692704 0.999666
0.692735 0.999666
0.692797 0.999666
0.692838 0.999666
0.692858 0.999666
0.692930 0.999666
0.692971 0.999666
0.692992 0.999666
0.693022 0.999666
0.693043 0.999666
0.693053 0.999666
0.693074 0.999666
0.693125 0.999666
0.693145 0.999666
0.693166 0.999666
0.693186 0.999666
0.693217 0.999666
0.693279 0.999666
0.693289 0.999666
0.693309 0.999666
0.693320 0.999666
0.693340 0.999666
0.693371 0.999666
0.693391 0.999666
0.693412 0.999666
0.693453 0.999666
0.693463 0.999666
0.693504 0.999666
0.693535 0.999666
0.693597 0.999666
0.693607 0.999666
0.693638 0.999666
0.693679 0.999666
0.693720 0.999666
0.693750 0.999666
0.693761 0.999666
0.693791 0.999666
0.693802 0.999666
0.693802 0.999682
0.693822 0.999682
0.693853 0.999682
0.693863 0.999682
0.693894 0.999682
0.693914 0.999682
0.693955 0.999682
0.693976 0.999682
0.693996 0.999682
0.694058 0.999682
0.694068 0.999682
0.694099 0.999682
0.694119 0.999682
0.694160 0.999682
0.694181 0.999682
0.694212 0.999682
0.694222 0.999682
0.694263 0.999682
0.694284 0.999682
0.694304 0.999682
0.694386 0.999682
0.694427 0.999682
0.694437 0.999682
0.694458 0.999682
0.694489 0.999682
0.694519 0.999682
0.694560 0.999682
0.694571 0.999682
0.694601 0.999682
0.694663 0.999682
0.694694 0.999682
0.694714 0.999682
0.694724 0.999682
0.694806 0.999682
0.694827 0.999682
0.694837 0.999682
0.694858 0.999682
0.694868 0.999682
0.694888 0.999682
0.694919 0.999682
0.694930 0.999682
0.694991 0.999682
0.695001 0.999682
0.695042 0.999682
0.695104 0.999682
0.695124 0.999682
0.695196 0.999682
0.695217 0.999682
0.695258 0.999682
0.695278 0.999682
0.695299 0.999682
0.695319 0.999682
0.695329 0.999682
0.695350 0.999682
0.695381 0.999682
0.695401 0.999682
0.695422 0.999682
0.695473 0.999682
0.695504 0.999682
0.695524 0.999682
0.695534 0.999682
0.695565 0.999682
0.695575 0.999682
0.695606 0.999682
0.695617 0.999682
0.695647 0.999682
0.695658 0.999682
0.695678 0.999682
0.695688 0.999682
0.695709 0.999682
0.695740 0.999682
0.695760 0.999682
0.695781 0.999682
0.695822 0.999682
0.695852 0.999682
0.695873 0.999682
0.695904 0.999682
0.695924 0.999682
0.695945 0.999682
0.695975 0.999682
0.696016 0.999682
0.696037 0.999682
0.696057 0.999682
0.696088 0.999682
0.696109 0.999682
0.696119 0.999682
0.696139 0.999682
0.696160 0.999682
0.696180 0.999682
0.696221 0.999682
0.696242 0.999682
0.696252 0.999682
0.696273 0.999682
0.696293 0.999682
0.696314 0.999682
0.696345 0.999682
0.696406 0.999682
0.696437 0.999682
0.696457 0.999682
0.696468 0.999682
0.696498 0.999682
0.696509 0.999682
0.696529 0.999682
0.696539 0.999682
0.696580 0.999682
0.696591 0.999682
0.696632 0.999699
0.696642 0.999699
0.696662 0.999699
0.696683 0.999699
0.696714 0.999699
0.696724 0.999699
0.696826 0.999699
0.696857 0.999699
0.696888 0.999699
0.696908 0.999699
0.696960 0.999699
0.696991 0.999699
0.697011 0.999699
0.697032 0.999699
0.697083 0.999699
0.697103 0.999699
0.697114 0.999699
0.697155 0.999699
0.697165 0.999699
0.697185 0.999699
0.697196 0.999699
0.697216 0.999699
0.697247 0.999699
0.697288 0.999699
0.697308 0.999699
0.697329 0.999699
0.697349 0.999699
0.697380 0.999699
0.697452 0.999699
0.697503 0.999699
0.697513 0.999699
0.697544 0.999699
0.697565 0.999699
0.697575 0.999699
0.697606 0.999699
0.697616 0.999699
0.697637 0.999699
0.697667 0.999699
0.697708 0.999699
0.697729 0.999699
0.697760 0.999699
0.697780 0.999699
0.697842 0.999699
0.697862 0.999699
0.697893 0.999699
0.697934 0.999699
0.697954 0.999699
0.697985 0.999699
0.697995 0.999699
0.698026 0.999699
0.698047 0.999699
0.698067 0.999699
0.698077 0.999699
0.698098 0.999699
0.698098 0.999716
0.698108 0.999716
0.698139 0.999716
0.698159 0.999716
0.698180 0.999716
0.698221 0.999716
0.698262 0.999716
0.698272 0.999716
0.698293 0.999716
0.698334 0.999716
0.698354 0.999716
0.698365 0.999716
0.698385 0.999716
0.698395 0.999716
0.698426 0.999716
0.698436 0.999716
0.698488 0.999716
0.698549 0.999716
0.698590 0.999716
0.698611 0.999716
0.698641 0.999716
0.698662 0.999716
0.698672 0.999716
0.698693 0.999716
0.698723 0.999716
0.698764 0.999716
0.698805 0.999716
0.698826 0.999716
0.698836 0.999716
0.698867 0.999716
0.698877 0.999716
0.698898 0.999716
0.698949 0.999716
0.698980 0.999716
0.699011 0.999716
0.699052 0.999716
0.699072 0.999716
0.699113 0.999716
0.699144 0.999716
0.699164 0.999716
0.699195 0.999716
0.699236 0.999716
0.699287 0.999716
0.699328 0.999716
0.699339 0.999716
0.699359 0.999716
0.699369 0.999716
0.699410 0.999716
0.699421 0.999716
0.699441 0.999716
0.699451 0.999716
0.699472 0.999716
0.699513 0.999716
0.699533 0.999716
0.699574 0.999716
0.699595 0.999716
0.699615 0.999716
0.699656 0.999716
0.699698 0.999716
0.699749 0.999716
0.699831 0.999716
0.699882 0.999716
0.699892 0.999716
0.699954 0.999716
0.699964 0.999716
0.699985 0.999716
0.700005 0.999716
0.700026 0.999716
0.700056 0.999716
0.700067 0.999716
0.700087 0.999716
0.700097 0.999716
0.700118 0.999716
0.700128 0.999716
0.700169 0.999716
0.700190 0.999716
0.700210 0.999716
0.700241 0.999716
0.700251 0.999716
0.700272 0.999716
0.700302 0.999716
0.700323 0.999716
0.700333 0.999716
0.700354 0.999716
0.700385 0.999716
0.700415 0.999716
0.700415 0.999733
0.700456 0.999733
0.700487 0.999733
0.700508 0.999733
0.700549 0.999733
0.700600 0.999733
0.700610 0.999733
0.700651 0.999733
0.700682 0.999733
0.700723 0.999733
0.700733 0.999733
0.700774 0.999733
0.700795 0.999733
0.700815 0.999733
0.700825 0.999733
0.700846 0.999733
0.700938 0.999733
0.700959 0.999733
0.700969 0.999733
0.701010 0.999733
0.701020 0.999733
0.701051 0.999733
0.701092 0.999733
0.701102 0.999733
0.701123 0.999733
0.701133 0.999733
0.701154 0.999733
0.701164 0.999733
0.701184 0.999733
0.701215 0.999733
0.701236 0.999733
0.701246 0.999733
0.701277 0.999733
0.701318 0.999733
0.701338 0.999733
0.701379 0.999733
0.701389 0.999733
0.701430 0.999733
0.701441 0.999733
0.701461 0.999733
0.701502 0.999733
0.701523 0.999733
0.701553 0.999733
0.701615 0.999733
0.701635 0.999733
0.701646 0.999733
0.701676 0.999733
0.701718 0.999733
0.701728 0.999733
0.701759 0.999733
0.701779 0.999733
0.701810 0.999733
0.701830 0.999733
0.701871 0.999733
0.701912 0.999733
0.701933 0.999733
0.701943 0.999733
0.701964 0.999733
0.701984 0.999733
0.702025 0.999733
0.702056 0.999733
0.702138 0.999733
0.702158 0.999733
0.702189 0.999733
0.702230 0.999733
0.702251 0.999733
0.702281 0.999733
0.702312 0.999733
0.702353 0.999733
0.702363 0.999733
0.702394 0.999733
0.702435 0.999733
0.702446 0.999733
0.702487 0.999733
0.702517 0.999733
0.702538 0.999733
0.702558 0.999733
0.702579 0.999733
0.702599 0.999733
0.702661 0.999733
0.702681 0.999733
0.702722 0.999733
0.702763 0.999733
0.702784 0.999733
0.702815 0.999733
0.702835 0.999733
0.702897 0.999733
0.702917 0.999733
0.702927 0.999733
0.702958 0.999733
0.703009 0.999733
0.703030 0.999733
0.703050 0.999733
0.703133 0.999733
0.703184 0.999733
0.703204 0.999733
0.703225 0.999733
0.703245 0.999733
0.703256 0.999733
0.703297 0.999733
0.703327 0.999733
0.703348 0.999733
0.703358 0.999733
0.703389 0.999733
0.703440 0.999733
0.703461 0.999733
0.703522 0.999733
0.703645 0.999733
0.703676 0.999733
0.703696 0.999733
0.703707 0.999733
0.703748 0.999733
0.703758 0.999733
0.703799 0.999733
0.703840 0.999733
0.703891 0.999733
0.703932 0.999733
0.703963 0.999733
0.703984 0.999733
0.704014 0.999733
0.704035 0.999733
0.704055 0.999733
0.704117 0.999733
0.704148 0.999733
0.704168 0.999733
0.704199 0.999733
0.704260 0.999733
0.704281 0.999733
0.704332 0.999733
0.704353 0.999733
0.704363 0.999733
0.704383 0.999733
0.704394 0.999733
0.704414 0.999733
0.704445 0.999733
0.704455 0.999733
0.704476 0.999733
0.704486 0.999733
0.704507 0.999733
0.704517 0.999733
0.704548 0.999733
0.704599 0.999733
0.704619 0.999733
0.704630 0.999733
0.704671 0.999733
0.704691 0.999733
0.704712 0.999733
0.704753 0.999733
0.704773 0.999733
0.704794 0.999733
0.704824 0.999733
0.704865 0.999733
0.704896 0.999733
0.704937 0.999733
0.704958 0.999733
0.704978 0.999733
0.704999 0.999733
0.705029 0.999733
0.705040 0.999733
0.705070 0.999733
0.705091 0.999733
0.705101 0.999733
0.705142 0.999733
0.705173 0.999733
0.705194 0.999733
0.705214 0.999733
0.705276 0.999733
0.705286 0.999733
0.705317 0.999733
0.705337 0.999733
0.705358 0.999733
0.705388 0.999733
0.705409 0.999733
0.705440 0.999733
0.705481 0.999733
0.705491 0.999733
0.705511 0.999733
0.705532 0.999733
0.705573 0.999733
0.705614 0.999733
0.705655 0.999733
0.705675 0.999733
0.705686 0.999733
0.705716 0.999733
0.705727 0.999733
0.705788 0.999733
0.705799 0.999733
0.705819 0.999733
0.705850 0.999733
0.705891 0.999733
0.705901 0.999733
0.705932 0.999733
0.705952 0.999733
0.705973 0.999733
0.705993 0.999733
0.706004 0.999733
0.706045 0.999733
0.706086 0.999733
0.706127 0.999733
0.706137 0.999733
0.706157 0.999733
0.706209 0.999733
0.706291 0.999733
0.706321 0.999733
0.706362 0.999733
0.706403 0.999733
0.706434 0.999733
0.706445 0.999733
0.706475 0.999733
0.706486 0.999733
0.706506 0.999733
0.706547 0.999733
0.706609 0.999733
0.706629 0.999733
0.706660 0.999733
0.706670 0.999733
0.706711 0.999733
0.706752 0.999733
0.706773 0.999733
0.706803 0.999733
0.706814 0.999733
0.706834 0.999733
0.706865 0.999733
0.706896 0.999733
0.706937 0.999733
0.706978 0.999733
0.706998 0.999733
0.707029 0.999733
0.707070 0.999733
0.707101 0.999733
0.707111 0.999733
0.707193 0.999733
0.707203 0.999733
0.707224 0.999733
0.707234 0.999733
0.707275 0.999733
0.707306 0.999733
0.707316 0.999733
0.707357 0.999733
0.707408 0.999733
0.707449 0.999733
0.707470 0.999733
0.707490 0.999733
0.707521 0.999733
0.707542 0.999733
0.707562 0.999733
0.707572 0.999733
0.707603 0.999733
0.707644 0.999733
0.707665 0.999733
0.707695 0.999749
0.707726 0.999749
0.707747 0.999749
0.707757 0.999766
0.707777 0.999766
0.707798 0.999766
0.707829 0.999766
0.707849 0.999766
0.707890 0.999766
0.707942 0.999766
0.707952 0.999766
0.707972 0.999766
0.708034 0.999766
0.708054 0.999766
0.708085 0.999766
0.708106 0.999766
0.708126 0.999766
0.708167 0.999766
0.708177 0.999766
0.708208 0.999766
0.708229 0.999766
0.708259 0.999766
0.708280 0.999766
0.708311 0.999766
0.708352 0.999766
0.708382 0.999766
0.708423 0.999766
0.708444 0.999766
0.708506 0.999766
0.708516 0.999766
0.708547 0.999766
0.708567 0.999766
0.708629 0.999766
0.708639 0.999766
0.708680 0.999766
0.708711 0.999766
0.708731 0.999766
0.708741 0.999766
0.708762 0.999766
0.708772 0.999766
0.708793 0.999766
0.708813 0.999766
0.708854 0.999766
0.708864 0.999766
0.708905 0.999766
0.708916 0.999766
0.708936 0.999766
0.708987 0.999766
0.709008 0.999766
0.709059 0.999766
0.709110 0.999766
0.709151 0.999766
0.709172 0.999766
0.709213 0.999766
0.709234 0.999766
0.709254 0.999766
0.709295 0.999766
0.709316 0.999766
0.709336 0.999766
0.709357 0.999766
0.709377 0.999766
0.709408 0.999766
0.709449 0.999766
0.709469 0.999766
0.709490 0.999766
0.709500 0.999766
0.709531 0.999766
0.709551 0.999766
0.709572 0.999766
0.709582 0.999766
0.709613 0.999766
0.709633 0.999766
0.709674 0.999766
0.709695 0.999766
0.709705 0.999766
0.709767 0.999766
0.709777 0.999766
0.709797 0.999766
0.709859 0.999766
0.709921 0.999766
0.709931 0.999766
0.709951 0.999766
0.709962 0.999766
0.710013 0.999766
0.710074 0.999766
0.710115 0.999766
0.710156 0.999766
0.710167 0.999766
0.710197 0.999766
0.710208 0.999766
0.710228 0.999766
0.710249 0.999766
0.710279 0.999766
0.710290 0.999766
0.710331 0.999766
0.710372 0.999766
0.710392 0.999766
0.710443 0.999766
0.710474 0.999766
0.710515 0.999766
0.710536 0.999766
0.710556 0.999766
0.710587 0.999766
0.710608 0.999766
0.710618 0.999766
0.710679 0.999766
0.710720 0.999766
0.710751 0.999766
0.710823 0.999766
0.710843 0.999766
0.710884 0.999766
0.710915 0.999766
0.710956 0.999766
0.710966 0.999766
0.711018 0.999766
0.711028 0.999766
0.711059 0.999766
0.711079 0.999766
0.711100 0.999766
0.711110 0.999766
0.711130 0.999766
0.711141 0.999766
0.711182 0.999766
0.711192 0.999766
0.711213 0.999766
0.711254 0.999766
0.711274 0.999766
0.711284 0.999766
0.711325 0.999766
0.711336 0.999766
0.711356 0.999766
0.711377 0.999766
0.711418 0.999766
0.711428 0.999766
0.711448 0.999766
0.711469 0.999766
0.711489 0.999766
0.711500 0.999766
0.711520 0.999766
0.711530 0.999766
0.711551 0.999766
0.711582 0.999766
0.711623 0.999766
0.711664 0.999766
0.711694 0.999766
0.711715 0.999766
0.711797 0.999766
0.711817 0.999766
0.711838 0.999766
0.711858 0.999766
0.711941 0.999766
0.712002 0.999766
0.712012 0.999766
0.712053 0.999766
0.712064 0.999766
0.712084 0.999766
0.712094 0.999766
0.712115 0.999766
0.712176 0.999766
0.712197 0.999766
0.712217 0.999766
0.712238 0.999766
0.712248 0.999766
0.712269 0.999766
0.712279 0.999766
0.712340 0.999766
0.712351 0.999766
0.712381 0.999766
0.712422 0.999766
0.712443 0.999783
0.712453 0.999783
0.712484 0.999783
0.712515 0.999783
0.712535 0.999783
0.712576 0.999783
0.712607 0.999783
0.712617 0.999783
0.712648 0.999783
0.712689 0.999783
0.712751 0.999783
0.712781 0.999783
0.712822 0.999783
0.712843 0.999783
0.712884 0.999783
0.712915 0.999783
0.712925 0.999783
0.712945 0.999783
0.712976 0.999783
0.712997 0.999783
0.713027 0.999783
0.713048 0.999783
0.713089 0.999783
0.713130 0.999783
0.713140 0.999783
0.713161 0.999783
0.713191 0.999783
0.713253 0.999783
0.713325 0.999783
0.713335 0.999783
0.713376 0.999783
0.713386 0.999783
0.713417 0.999783
0.713438 0.999783
0.713458 0.999783
0.713479 0.999783
0.713499 0.999783
0.713530 0.999783
0.713550 0.999783
0.713561 0.999783
0.713581 0.999783
0.713591 0.999783
0.713632 0.999783
0.713643 0.999783
0.713704 0.999783
0.713735 0.999783
0.713786 0.999783
0.713796 0.999783
0.713837 0.999783
0.713848 0.999783
0.713868 0.999783
0.713878 0.999783
0.713920 0.999783
0.713950 0.999783
0.713991 0.999783
0.714012 0.999783
0.714053 0.999783
0.714084 0.999783
0.714104 0.999783
0.714145 0.999783
0.714155 0.999783
0.714196 0.999783
0.714217 0.999783
0.714268 0.999783
0.714289 0.999783
0.714309 0.999783
0.714319 0.999783
0.714340 0.999783
0.714401 0.999783
0.714442 0.999783
0.714453 0.999783
0.714494 0.999783
0.714504 0.999783
0.714545 0.999783
0.714576 0.999783
0.714658 0.999783
0.714730 0.999783
0.714760 0.999783
0.714771 0.999783
0.714791 0.999783
0.714812 0.999783
0.714832 0.999783
0.714842 0.999783
0.714883 0.999783
0.714904 0.999783
0.714924 0.999783
0.714935 0.999783
0.714955 0.999783
0.714976 0.999783
0.714996 0.999783
0.715006 0.999783
0.715006 0.999799
0.715017 0.999799
0.715037 0.999799
0.715047 0.999799
0.715068 0.999799
0.715078 0.999799
0.715109 0.999799
0.715129 0.999799
0.715252 0.999799
0.715294 0.999799
0.715345 0.999799
0.715386 0.999799
0.715396 0.999799
0.715417 0.999799
0.715427 0.999799
0.715468 0.999799
0.715488 0.999799
0.715570 0.999799
0.715591 0.999799
0.715632 0.999799
0.715642 0.999799
0.715673 0.999799
0.715693 0.999799
0.715724 0.999799
0.715745 0.999799
0.715775 0.999799
0.715796 0.999799
0.715827 0.999799
0.715847 0.999799
0.715888 0.999799
0.715919 0.999799
0.715940 0.999799
0.715960 0.999799
0.716083 0.999799
0.716114 0.999799
0.716155 0.999799
0.716165 0.999799
0.716186 0.999799
0.716216 0.999799
0.716237 0.999799
0.716257 0.999799
0.716288 0.999799
0.716319 0.999799
0.716339 0.999799
0.716370 0.999799
0.716411 0.999799
0.716432 0.999799
0.716452 0.999816
0.716473 0.999816
0.716514 0.999816
0.716555 0.999816
0.716637 0.999816
0.716709 0.999816
0.716729 0.999816
0.716760 0.999816
0.716791 0.999816
0.716811 0.999816
0.716873 0.999816
0.716893 0.999816
0.716924 0.999816
0.716955 0.999816
0.716975 0.999816
0.716996 0.999816
0.717006 0.999816
0.717026 0.999816
0.717047 0.999816
0.717088 0.999816
0.717119 0.999816
0.717160 0.999816
0.717170 0.999816
0.717201 0.999816
0.717242 0.999816
0.717252 0.999816
0.717272 0.999816
0.717293 0.999816
0.717314 0.999816
0.717324 0.999816
0.717385 0.999816
0.717396 0.999816
0.717416 0.999816
0.717437 0.999816
0.717457 0.999816
0.717467 0.999816
0.717488 0.999816
0.717498 0.999816
0.717519 0.999816
0.717539 0.999816
0.717560 0.999816
0.717580 0.999816
0.717601 0.999816
0.717652 0.999816
0.717672 0.999816
0.717693 0.999816
0.717713 0.999816
0.717744 0.999816
0.717775 0.999816
0.717816 0.999816
0.717836 0.999816
0.717867 0.999816
0.717888 0.999816
0.717918 0.999816
0.717939 0.999816
0.717980 0.999816
0.718001 0.999816
0.718031 0.999816
0.718042 0.999816
0.718072 0.999816
0.718083 0.999816
0.718103 0.999816
0.718124 0.999816
0.718154 0.999816
0.718165 0.999816
0.718185 0.999816
0.718195 0.999816
0.718216 0.999816
0.718247 0.999816
0.718277 0.999816
0.718298 0.999816
0.718308 0.999816
0.718329 0.999816
0.718349 0.999816
0.718370 0.999816
0.718431 0.999816
0.718462 0.999816
0.718503 0.999816
0.718544 0.999816
0.718585 0.999816
0.718605 0.999816
0.718626 0.999816
0.718636 0.999816
0.718677 0.999816
0.718698 0.999816
0.718729 0.999816
0.718749 0.999816
0.718800 0.999816
0.718811 0.999816
0.718831 0.999816
0.718841 0.999833
0.718882 0.999833
0.718944 0.999833
0.718964 0.999833
0.718995 0.999833
0.719016 0.999833
0.719067 0.999833
0.719087 0.999833
0.719098 0.999833
0.719118 0.999833
0.719128 0.999833
0.719159 0.999833
0.719169 0.999833
0.719190 0.999833
0.719231 0.999833
0.719251 0.999833
0.719262 0.999833
0.719292 0.999833
0.719375 0.999833
0.719405 0.999833
0.719457 0.999833
0.719487 0.999833
0.719508 0.999833
0.719539 0.999833
0.719549 0.999833
0.719569 0.999833
0.719610 0.999833
0.719651 0.999833
0.719662 0.999833
0.719682 0.999833
0.719692 0.999833
0.719723 0.999833
0.719754 0.999833
0.719815 0.999833
0.719826 0.999833
0.719846 0.999833
0.719856 0.999850
0.719877 0.999850
0.719887 0.999850
0.719918 0.999850
0.719928 0.999850
0.719949 0.999850
0.720010 0.999850
0.720062 0.999850
0.720103 0.999850
0.720164 0.999850
0.720205 0.999850
0.720226 0.999850
0.720256 0.999850
0.720318 0.999850
0.720390 0.999850
0.720420 0.999850
0.720441 0.999850
0.720492 0.999850
0.720533 0.999850
0.720554 0.999850
0.720595 0.999850
0.720605 0.999850
0.720625 0.999850
0.720646 0.999850
0.720677 0.999850
0.720697 0.999850
0.720728 0.999850
0.720790 0.999850
0.720810 0.999850
0.720851 0.999850
0.720882 0.999850
0.720902 0.999850
0.720933 0.999850
0.720954 0.999850
0.720964 0.999850
0.721005 0.999850
0.721036 0.999850
0.721056 0.999850
0.721097 0.999850
0.721118 0.999850
0.721159 0.999850
0.721200 0.999850
0.721220 0.999850
0.721251 0.999850
0.721261 0.999850
0.721282 0.999850
0.721302 0.999850
0.721333 0.999850
0.721374 0.999850
0.721395 0.999850
0.721446 0.999850
0.721497 0.999850
0.721528 0.999850
0.721548 0.999850
0.721579 0.999850
0.721589 0.999850
0.721630 0.999850
0.721661 0.999850
0.721702 0.999850
0.721753 0.999850
0.721774 0.999850
0.721784 0.999850
0.721815 0.999850
0.721835 0.999850
0.721897 0.999850
0.721907 0.999850
0.721928 0.999850
0.721948 0.999850
0.721989 0.999850
0.722020 0.999850
0.722051 0.999850
0.722071 0.999850
0.722102 0.999850
0.722123 0.999850
0.722133 0.999850
0.722174 0.999850
0.722205 0.999850
0.722225 0.999850
0.722256 0.999850
0.722297 0.999850
0.722328 0.999850
0.722348 0.999850
0.722430 0.999850
0.722471 0.999850
0.722481 0.999850
0.722543 0.999850
0.722563 0.999850
0.722594 0.999850
0.722604 0.999850
0.722625 0.999850
0.722635 0.999850
0.722656 0.999850
0.722686 0.999850
0.722707 0.999850
0.722717 0.999850
0.722769 0.999850
0.722789 0.999850
0.722820 0.999850
0.722840 0.999850
0.722861 0.999850
0.722902 0.999850
0.722912 0.999850
0.722994 0.999850
0.723056 0.999850
0.723066 0.999850
0.723086 0.999850
0.723117 0.999850
0.723148 0.999850
0.723168 0.999850
0.723199 0.999850
0.723220 0.999850
0.723240 0.999850
0.723261 0.999850
0.723343 0.999850
0.723353 0.999850
0.723435 0.999850
0.723445 0.999850
0.723466 0.999850
0.723517 0.999850
0.723538 0.999850
0.723548 0.999850
0.723568 0.999850
0.723579 0.999850
0.723609 0.999850
0.723650 0.999850
0.723661 0.999850
0.723691 0.999850
0.723712 0.999850
0.723804 0.999850
0.723866 0.999850
0.723886 0.999850
0.723917 0.999850
0.723927 0.999850
0.723989 0.999850
0.724019 0.999850
0.724050 0.999850
0.724081 0.999850
0.724102 0.999850
0.724122 0.999850
0.724163 0.999850
0.724194 0.999850
0.724214 0.999850
0.724225 0.999850
0.724266 0.999850
0.724317 0.999850
0.724337 0.999850
0.724358 0.999850
0.724378 0.999850
0.724430 0.999850
0.724471 0.999850
0.724501 0.999850
0.724522 0.999850
0.724532 0.999850
0.724553 0.999850
0.724573 0.999850
0.724614 0.999850
0.724645 0.999850
0.724686 0.999850
0.724706 0.999850
0.724737 0.999850
0.724758 0.999850
0.724789 0.999850
0.724799 0.999850
0.724819 0.999850
0.724850 0.999850
0.724860 0.999850
0.724891 0.999850
0.724912 0.999850
0.724953 0.999850
0.724973 0.999850
0.725004 0.999850
0.725024 0.999850
0.725045 0.999850
0.725065 0.999850
0.725086 0.999850
0.725127 0.999850
0.725137 0.999850
0.725168 0.999850
0.725219 0.999850
0.725260 0.999850
0.725291 0.999850
0.725311 0.999850
0.725352 0.999850
0.725393 0.999850
0.725414 0.999850
0.725445 0.999850
0.725476 0.999850
0.725496 0.999850
0.725517 0.999850
0.725547 0.999850
0.725568 0.999850
0.725599 0.999850
0.725619 0.999850
0.725640 0.999850
0.725681 0.999850
0.725701 0.999850
0.725722 0.999850
0.725742 0.999850
0.725783 0.999850
0.725804 0.999850
0.725814 0.999850
0.725834 0.999850
0.725896 0.999850
0.725937 0.999850
0.725978 0.999850
0.726019 0.999850
0.726039 0.999850
0.726070 0.999850
0.726111 0.999850
0.726152 0.999850
0.726173 0.999850
0.726183 0.999850
0.726204 0.999850
0.726234 0.999850
0.726265 0.999850
0.726286 0.999850
0.726296 0.999850
0.726357 0.999850
0.726378 0.999850
0.726409 0.999850
0.726450 0.999850
0.726470 0.999850
0.726501 0.999850
0.726532 0.999850
0.726562 0.999850
0.726593 0.999850
0.726634 0.999850
0.726644 0.999850
0.726675 0.999850
0.726696 0.999850
0.726706 0.999850
0.726767 0.999850
0.726809 0.999850
0.726850 0.999850
0.726891 0.999850
0.726901 0.999850
0.726921 0.999850
0.726952 0.999850
0.726983 0.999850
0.727085 0.999850
0.727116 0.999850
0.727126 0.999850
0.727147 0.999850
0.727219 0.999850
0.727239 0.999850
0.727290 0.999850
0.727321 0.999850
0.727331 0.999850
0.727352 0.999850
0.727424 0.999850
0.727465 0.999850
0.727506 0.999850
0.727547 0.999850
0.727567 0.999850
0.727588 0.999850
0.727619 0.999850
0.727629 0.999850
0.727670 0.999850
0.727680 0.999850
0.727701 0.999850
0.727731 0.999850
0.727752 0.999850
0.727793 0.999850
0.727803 0.999850
0.727824 0.999850
0.727885 0.999850
0.727895 0.999850
0.727916 0.999850
0.727947 0.999850
0.728029 0.999850
0.728059 0.999850
0.728100 0.999850
0.728131 0.999850
0.728172 0.999850
0.728203 0.999850
0.728224 0.999850
0.728244 0.999850
0.728254 0.999850
0.728275 0.999850
0.728316 0.999850
0.728357 0.999850
0.728377 0.999850
0.728418 0.999850
0.728449 0.999850
0.728511 0.999850
0.728541 0.999850
0.728552 0.999850
0.728572 0.999850
0.728593 0.999850
0.728654 0.999850
0.728675 0.999850
0.728705 0.999850
0.728726 0.999850
0.728746 0.999850
0.728757 0.999850
0.728849 0.999850
0.728859 0.999850
0.728900 0.999850
0.728911 0.999850
0.728941 0.999850
0.728962 0.999850
0.728972 0.999850
0.728993 0.999850
0.729023 0.999850
0.729054 0.999850
0.729064 0.999850
0.729085 0.999850
0.729095 0.999850
0.729136 0.999850
0.729146 0.999850
0.729177 0.999850
0.729198 0.999850
0.729228 0.999850
0.729259 0.999850
0.729310 0.999850
0.729331 0.999850
0.729351 0.999850
0.729372 0.999850
0.729403 0.999850
0.729423 0.999850
0.729433 0.999850
0.729474 0.999850
0.729516 0.999850
0.729546 0.999850
0.729567 0.999850
0.729587 0.999850
0.729608 0.999850
0.729628 0.999850
0.729680 0.999850
0.729700 0.999850
0.729731 0.999850
0.729751 0.999850
0.729772 0.999850
0.729782 0.999850
0.729844 0.999850
0.729864 0.999850
0.729874 0.999866
0.729905 0.999866
0.729915 0.999866
0.729936 0.999866
0.729967 0.999866
0.729987 0.999866
0.730028 0.999866
0.730069 0.999866
0.730100 0.999866
0.730151 0.999866
0.730172 0.999866
0.730203 0.999866
0.730223 0.999866
0.730244 0.999866
0.730254 0.999866
0.730274 0.999866
0.730285 0.999866
0.730305 0.999866
0.730326 0.999866
0.730367 0.999866
0.730408 0.999866
0.730469 0.999866
0.730510 0.999866
0.730531 0.999866
0.730561 0.999866
0.730623 0.999866
0.730633 0.999866
0.730664 0.999866
0.730705 0.999866
0.730736 0.999866
0.730766 0.999866
0.730807 0.999866
0.730869 0.999866
0.730931 0.999866
0.730961 0.999866
0.730972 0.999866
0.730992 0.999866
0.731064 0.999866
0.731084 0.999866
0.731095 0.999866
0.731125 0.999866
0.731136 0.999866
0.731187 0.999866
0.731228 0.999866
0.731269 0.999866
0.731300 0.999866
0.731320 0.999866
0.731351 0.999866
0.731371 0.999866
0.731382 0.999866
0.731402 0.999866
0.731423 0.999866
0.731443 0.999866
0.731474 0.999866
0.731515 0.999866
0.731536 0.999866
0.731597 0.999866
0.731638 0.999866
0.731648 0.999866
0.731669 0.999866
0.731700 0.999866
0.731771 0.999866
0.731792 0.999866
0.731802 0.999866
0.731823 0.999866
0.731853 0.999866
0.731864 0.999866
0.731894 0.999866
0.731905 0.999866
0.731966 0.999866
0.731987 0.999866
0.732017 0.999866
0.732028 0.999866
0.732058 0.999866
0.732120 0.999866
0.732140 0.999866
0.732192 0.999866
0.732223 0.999866
0.732243 0.999866
0.732284 0.999866
0.732294 0.999866
0.732335 0.999866
0.732366 0.999866
0.732387 0.999866
0.732407 0.999866
0.732417 0.999866
0.732438 0.999866
0.732458 0.999866
0.732479 0.999866
0.732489 0.999866
0.732530 0.999866
0.732571 0.999866
0.732592 0.999866
0.732602 0.999866
0.732622 0.999866
0.732663 0.999866
0.732694 0.999866
0.732704 0.999866
0.732745 0.999866
0.732766 0.999866
0.732786 0.999866
0.732797 0.999866
0.732817 0.999866
0.732827 0.999866
0.732858 0.999866
0.732879 0.999866
0.732910 0.999866
0.732940 0.999866
0.732981 0.999866
0.732992 0.999866
0.733033 0.999866
0.733125 0.999866
0.733145 0.999866
0.733166 0.999866
0.733186 0.999866
0.733197 0.999866
0.733197 0.999883
0.733217 0.999883
0.733289 0.999883
0.733320 0.999883
0.733330 0.999883
0.733371 0.999883
0.733432 0.999883
0.733443 0.999883
0.733463 0.999883
0.733473 0.999883
0.733514 0.999883
0.733545 0.999883
0.733566 0.999883
0.733607 0.999883
0.733617 0.999883
0.733658 0.999883
0.733668 0.999883
0.733699 0.999883
0.733740 0.999883
0.733761 0.999883
0.733812 0.999883
0.733832 0.999883
0.733843 0.999883
0.733863 0.999883
0.733884 0.999883
0.733925 0.999883
0.733955 0.999883
0.733966 0.999883
0.733986 0.999883
0.734007 0.999883
0.734048 0.999883
0.734068 0.999883
0.734089 0.999883
0.734130 0.999883
0.734150 0.999883
0.734191 0.999883
0.734222 0.999883
0.734232 0.999883
0.734273 0.999883
0.734314 0.999883
0.734325 0.999883
0.734345 0.999883
0.734345 0.999900
0.734396 0.999900
0.734427 0.999900
0.734448 0.999900
0.734478 0.999900
0.734499 0.999900
0.734519 0.999900
0.734530 0.999900
0.734550 0.999900
0.734581 0.999900
0.734591 0.999900
0.734612 0.999900
0.734622 0.999900
0.734663 0.999900
0.734673 0.999900
0.734704 0.999900
0.734714 0.999900
0.734735 0.999900
0.734755 0.999900
0.734796 0.999900
0.734827 0.999900
0.734847 0.999900
0.734899 0.999900
0.734919 0.999900
0.734930 0.999900
0.734950 0.999900
0.734960 0.999900
0.735001 0.999900
0.735063 0.999900
0.735104 0.999900
0.735114 0.999900
0.735145 0.999900
0.735165 0.999900
0.735186 0.999900
0.735227 0.999900
0.735258 0.999900
0.735278 0.999900
0.735288 0.999900
0.735309 0.999900
0.735319 0.999900
0.735340 0.999900
0.735350 0.999900
0.735370 0.999900
0.735381 0.999900
0.735401 0.999900
0.735411 0.999900
0.735473 0.999900
0.735493 0.999900
0.735504 0.999900
0.735534 0.999900
0.735555 0.999900
0.735596 0.999900
0.735606 0.999900
0.735627 0.999900
0.735647 0.999900
0.735668 0.999900
0.735678 0.999900
0.735709 0.999900
0.735770 0.999900
0.735781 0.999900
0.735801 0.999900
0.735852 0.999900
0.735873 0.999900
0.735904 0.999900
0.735924 0.999900
0.735945 0.999900
0.736006 0.999900
0.736047 0.999900
0.736078 0.999900
0.736160 0.999900
0.736191 0.999900
0.736201 0.999900
0.736221 0.999900
0.736242 0.999900
0.736262 0.999900
0.736273 0.999900
0.736293 0.999900
0.736314 0.999900
0.736334 0.999900
0.736396 0.999900
0.736416 0.999900
0.736427 0.999900
0.736468 0.999900
0.736478 0.999900
0.736498 0.999900
0.736539 0.999900
0.736560 0.999900
0.736570 0.999900
0.736591 0.999900
0.736601 0.999900
0.736632 0.999900
0.736673 0.999900
0.736683 0.999900
0.736703 0.999900
0.736734 0.999900
0.736755 0.999900
0.736775 0.999900
0.736796 0.999900
0.736826 0.999900
0.736867 0.999900
0.736919 0.999900
0.736939 0.999900
0.736950 0.999900
0.736970 0.999900
0.736991 0.999900
0.737021 0.999900
0.737042 0.999900
0.737073 0.999900
0.737093 0.999900
0.737124 0.999900
0.737155 0.999900
0.737165 0.999900
0.737206 0.999900
0.737237 0.999900
0.737257 0.999900
0.737278 0.999900
0.737298 0.999900
0.737339 0.999900
0.737360 0.999900
0.737380 0.999900
0.737411 0.999900
0.737431 0.999900
0.737483 0.999900
0.737524 0.999900
0.737585 0.999900
0.737626 0.999900
0.737667 0.999900
0.737708 0.999900
0.737739 0.999900
0.737749 0.999900
0.737831 0.999900
0.737862 0.999900
0.737893 0.999900
0.737903 0.999900
0.737944 0.999900
0.737954 0.999900
0.737975 0.999900
0.737985 0.999900
0.738006 0.999900
0.738026 0.999900
0.738047 0.999900
0.738159 0.999900
0.738180 0.999900
0.738211 0.999900
0.738231 0.999900
0.738241 0.999900
0.738262 0.999900
0.738282 0.999900
0.738303 0.999900
0.738344 0.999900
0.738365 0.999900
0.738385 0.999900
0.738395 0.999900
0.738457 0.999900
0.738467 0.999900
0.738488 0.999900
0.738529 0.999900
0.738611 0.999900
0.738621 0.999900
0.738662 0.999900
0.738672 0.999900
0.738693 0.999900
0.738764 0.999900
0.738795 0.999900
0.738826 0.999900
0.738857 0.999900
0.738867 0.999900
0.738887 0.999900
0.738959 0.999900
0.739000 0.999900
0.739021 0.999900
0.739041 0.999900
0.739103 0.999900
0.739134 0.999900
0.739164 0.999900
0.739185 0.999900
0.739195 0.999900
0.739216 0.999900
0.739246 0.999900
0.739257 0.999900
0.739277 0.999900
0.739298 0.999900
0.739339 0.999900
0.739390 0.999900
0.739400 0.999900
0.739421 0.999900
0.739451 0.999900
0.739472 0.999900
0.739492 0.999900
0.739513 0.999900
0.739533 0.999900
0.739574 0.999900
0.739585 0.999900
0.739605 0.999900
0.739615 0.999900
0.739646 0.999900
0.739667 0.999900
0.739718 0.999900
0.739749 0.999900
0.739769 0.999900
0.739780 0.999900
0.739800 0.999900
0.739821 0.999900
0.739862 0.999900
0.739872 0.999900
0.739892 0.999900
0.739923 0.999900
0.739964 0.999900
0.740026 0.999900
0.740046 0.999900
0.740077 0.999900
0.740097 0.999900
0.740128 0.999900
0.740159 0.999900
0.740200 0.999900
0.740231 0.999900
0.740272 0.999900
0.740282 0.999900
0.740302 0.999900
0.740323 0.999900
0.740344 0.999900
0.740395 0.999900
0.740456 0.999900
0.740467 0.999900
0.740518 0.999900
0.740528 0.999900
0.740549 0.999900
0.740559 0.999900
0.740620 0.999900
0.740631 0.999900
0.740672 0.999900
0.740723 0.999900
0.740754 0.999900
0.740805 0.999900
0.740866 0.999900
0.740897 0.999900
0.740918 0.999900
0.740938 0.999900
0.740969 0.999900
0.740979 0.999900
0.741010 0.999900
0.741031 0.999900
0.741041 0.999900
0.741061 0.999900
0.741123 0.999900
0.741154 0.999900
0.741174 0.999900
0.741184 0.999900
0.741225 0.999900
0.741246 0.999900
0.741266 0.999900
0.741297 0.999900
0.741318 0.999900
0.741348 0.999900
0.741389 0.999900
0.741400 0.999900
0.741420 0.999900
0.741451 0.999900
0.741471 0.999900
0.741523 0.999900
0.741533 0.999900
0.741553 0.999900
0.741594 0.999900
0.741605 0.999900
0.741625 0.999900
0.741656 0.999900
0.741676 0.999900
0.741707 0.999900
0.741748 0.999900
0.741769 0.999916
0.741789 0.999916
0.741830 0.999916
0.741892 0.999916
0.741912 0.999916
0.741964 0.999916
0.741974 0.999916
0.741994 0.999916
0.742025 0.999916
0.742046 0.999916
0.742066 0.999916
0.742087 0.999916
0.742097 0.999916
0.742117 0.999916
0.742128 0.999916
0.742169 0.999916
0.742199 0.999916
0.742230 0.999916
0.742240 0.999916
0.742281 0.999916
0.742292 0.999916
0.742312 0.999916
0.742374 0.999916
0.742384 0.999916
0.742405 0.999916
0.742415 0.999916
0.742456 0.999916
0.742476 0.999916
0.742497 0.999916
0.742507 0.999916
0.742538 0.999916
0.742548 0.999916
0.742569 0.999916
0.742620 0.999916
0.742640 0.999916
0.742671 0.999916
0.742692 0.999916
0.742712 0.999916
0.742753 0.999916
0.742774 0.999916
0.742804 0.999916
0.742845 0.999916
0.742856 0.999916
0.742876 0.999916
0.742897 0.999916
0.742958 0.999916
0.742968 0.999916
0.742999 0.999916
0.743009 0.999916
0.743030 0.999916
0.743061 0.999916
0.743092 0.999916
0.743112 0.999916
0.743163 0.999916
0.743184 0.999916
0.743194 0.999916
0.743235 0.999916
0.743266 0.999916
0.743297 0.999916
0.743338 0.999916
0.743348 0.999916
0.743379 0.999916
0.743399 0.999916
0.743420 0.999916
0.743471 0.999916
0.743481 0.999916
0.743502 0.999916
0.743532 0.999916
0.743584 0.999916
0.743635 0.999916
0.743655 0.999916
0.743666 0.999916
0.743686 0.999916
0.743696 0.999916
0.743748 0.999916
0.743779 0.999916
0.743799 0.999916
0.743809 0.999916
0.743840 0.999916
0.743850 0.999916
0.743871 0.999916
0.743881 0.999916
0.743912 0.999916
0.743953 0.999916
0.743963 0.999916
0.743984 0.999916
0.743994 0.999916
0.744014 0.999916
0.744035 0.999916
0.744055 0.999916
0.744086 0.999916
0.744096 0.999916
0.744137 0.999916
0.744148 0.999916
0.744178 0.999916
0.744230 0.999916
0.744240 0.999916
0.744271 0.999916
0.744301 0.999916
0.744322 0.999916
0.744353 0.999933
0.744373 0.999933
0.744383 0.999933
0.744425 0.999933
0.744435 0.999933
0.744455 0.999933
0.744486 0.999933
0.744527 0.999933
0.744537 0.999933
0.744568 0.999933
0.744589 0.999933
0.744599 0.999933
0.744619 0.999933
0.744650 0.999933
0.744701 0.999933
0.744742 0.999933
0.744753 0.999933
0.744773 0.999933
0.744804 0.999933
0.744824 0.999933
0.744876 0.999933
0.744906 0.999933
0.744937 0.999933
0.744968 0.999933
0.745050 0.999933
0.745081 0.999933
0.745091 0.999933
0.745112 0.999933
0.745122 0.999933
0.745142 0.999933
0.745163 0.999933
0.745183 0.999933
0.745214 0.999933
0.745255 0.999933
0.745265 0.999933
0.745286 0.999933
0.745347 0.999933
0.745378 0.999933
0.745409 0.999933
0.745440 0.999933
0.745470 0.999933
0.745491 0.999933
0.745511 0.999933
0.745532 0.999933
0.745563 0.999933
0.745573 0.999933
0.745634 0.999933
0.745696 0.999933
0.745727 0.999933
0.745747 0.999933
0.745768 0.999933
0.745788 0.999933
0.745809 0.999933
0.745819 0.999933
0.745840 0.999933
0.745870 0.999933
0.745911 0.999933
0.745942 0.999933
0.745952 0.999933
0.745973 0.999933
0.746004 0.999933
0.746024 0.999933
0.746106 0.999933
0.746188 0.999933
0.746209 0.999933
0.746219 0.999933
0.746239 0.999933
0.746301 0.999933
0.746342 0.999933
0.746362 0.999933
0.746403 0.999933
0.746424 0.999933
0.746445 0.999933
0.746455 0.999933
0.746486 0.999933
0.746588 0.999933
0.746598 0.999933
0.746660 0.999933
0.746680 0.999933
0.746701 0.999933
0.746732 0.999933
0.746752 0.999933
0.746762 0.999933
0.746783 0.999933
0.746793 0.999933
0.746834 0.999933
0.746855 0.999933
0.746916 0.999933
0.746957 0.999933
0.746967 0.999933
0.746988 0.999933
0.747008 0.999933
0.747029 0.999933
0.747070 0.999933
0.747090 0.999933
0.747101 0.999933
0.747162 0.999933
0.747214 0.999933
0.747224 0.999933
0.747255 0.999933
0.747275 0.999933
0.747296 0.999933
0.747326 0.999933
0.747347 0.999933
0.747378 0.999933
0.747388 0.999933
0.747408 0.999933
0.747449 0.999933
0.747490 0.999933
0.747552 0.999933
0.747603 0.999933
0.747665 0.999933
0.747675 0.999933
0.747695 0.999933
0.747726 0.999933
0.747747 0.999933
0.747767 0.999933
0.747788 0.999933
0.747808 0.999933
0.747849 0.999933
0.747870 0.999933
0.747890 0.999933
0.747942 0.999933
0.748003 0.999933
0.748024 0.999933
0.748054 0.999933
0.748065 0.999933
0.748106 0.999933
0.748136 0.999933
0.748177 0.999933
0.748208 0.999933
0.748218 0.999933
0.748239 0.999933
0.748259 0.999933
0.748280 0.999933
0.748321 0.999933
0.748352 0.999933
0.748372 0.999933
0.748403 0.999933
0.748434 0.999933
0.748454 0.999933
0.748485 0.999933
0.748526 0.999933
0.748547 0.999933
0.748557 0.999933
0.748577 0.999933
0.748588 0.999933
0.748608 0.999933
0.748629 0.999933
0.748649 0.999933
0.748670 0.999933
0.748721 0.999933
0.748741 0.999933
0.748793 0.999933
0.748823 0.999933
0.748844 0.999933
0.748905 0.999933
0.748946 0.999933
0.748977 0.999933
0.748998 0.999933
0.749039 0.999933
0.749069 0.999933
0.749110 0.999933
0.749121 0.999933
0.749162 0.999933
0.749172 0.999933
0.749203 0.999933
0.749234 0.999933
0.749254 0.999933
0.749285 0.999933
0.749305 0.999933
0.749326 0.999933
0.749346 0.999933
0.749357 0.999933
0.749377 0.999933
0.749418 0.999933
0.749449 0.999933
0.749480 0.999933
0.749500 0.999933
0.749562 0.999933
0.749592 0.999933
0.749613 0.999933
0.749633 0.999933
0.749664 0.999933
0.749715 0.999933
0.749736 0.999933
0.749746 0.999933
0.749797 0.999933
0.749808 0.999933
0.749828 0.999933
0.749839 0.999933
0.749859 0.999933
0.749869 0.999933
0.749900 0.999933
0.749921 0.999933
0.749962 0.999933
0.750003 0.999933
0.750013 0.999933
0.750044 0.999933
0.750095 0.999933
0.750126 0.999933
0.750146 0.999933
0.750167 0.999933
0.750208 0.999933
0.750228 0.999933
0.750238 0.999933
0.750279 0.999933
0.750310 0.999933
0.750331 0.999933
0.750351 0.999933
0.750372 0.999933
0.750392 0.999933
0.750423 0.999933
0.750464 0.999933
0.750495 0.999933
0.750556 0.999933
0.750577 0.999933
0.750597 0.999933
0.750618 0.999933
0.750649 0.999933
0.750679 0.999933
0.750700 0.999933
0.750731 0.999933
0.750751 0.999933
0.750772 0.999933
0.750802 0.999933
0.750813 0.999933
0.750854 0.999933
0.750864 0.999933
0.750884 0.999933
0.750956 0.999933
0.750977 0.999933
0.751018 0.999933
0.751028 0.999933
0.751048 0.999933
0.751059 0.999933
0.751182 0.999933
0.751192 0.999933
0.751223 0.999933
0.751243 0.999933
0.751243 0.999950
0.751264 0.999950
0.751284 0.999950
0.751325 0.999950
0.751336 0.999950
0.751366 0.999950
0.751387 0.999950
0.751407 0.999950
0.751438 0.999950
0.751459 0.999950
0.751479 0.999950
0.751510 0.999950
0.751541 0.999950
0.751582 0.999950
0.751592 0.999950
0.751612 0.999950
0.751643 0.999950
0.751664 0.999950
0.751715 0.999950
0.751776 0.999950
0.751787 0.999950
0.751817 0.999950
0.751858 0.999950
0.751920 0.999950
0.751941 0.999950
0.751982 0.999950
0.752012 0.999950
0.752043 0.999950
0.752053 0.999950
0.752074 0.999950
0.752084 0.999950
0.752105 0.999950
0.752156 0.999950
0.752217 0.999950
0.752238 0.999950
0.752279 0.999950
0.752320 0.999950
0.752351 0.999950
0.752361 0.999950
0.752381 0.999950
0.752412 0.999950
0.752453 0.999950
0.752474 0.999950
0.752504 0.999950
0.752525 0.999950
0.752546 0.999950
0.752587 0.999950
0.752607 0.999950
0.752617 0.999950
0.752638 0.999950
0.752679 0.999950
0.752699 0.999950
0.752710 0.999950
0.752730 0.999950
0.752761 0.999950
0.752781 0.999950
0.752833 0.999950
0.752853 0.999950
0.752874 0.999950
0.752915 0.999950
0.752945 0.999950
0.752966 0.999950
0.752986 0.999950
0.753007 0.999950
0.753027 0.999950
0.753048 0.999950
0.753058 0.999950
0.753099 0.999950
0.753120 0.999950
0.753130 0.999950
0.753150 0.999950
0.753161 0.999950
0.753191 0.999950
0.753212 0.999950
0.753222 0.999950
0.753263 0.999950
0.753304 0.999950
0.753315 0.999950
0.753356 0.999950
0.753427 0.999950
0.753448 0.999950
0.753479 0.999950
0.753499 0.999950
0.753530 0.999950
0.753540 0.999950
0.753561 0.999950
0.753581 0.999950
0.753602 0.999950
0.753663 0.999950
0.753694 0.999950
0.753735 0.999950
0.753766 0.999950
0.753786 0.999950
0.753848 0.999950
0.753878 0.999950
0.753889 0.999950
0.753930 0.999950
0.753961 0.999950
0.753981 0.999950
0.754012 0.999950
0.754032 0.999950
0.754053 0.999950
0.754084 0.999950
0.754094 0.999950
0.754135 0.999950
0.754166 0.999950
0.754186 0.999950
0.754248 0.999950
0.754278 0.999950
0.754299 0.999950
0.754309 0.999950
0.754330 0.999950
0.754340 0.999950
0.754381 0.999950
0.754391 0.999950
0.754432 0.999950
0.754442 0.999950
0.754473 0.999950
0.754494 0.999950
0.754524 0.999950
0.754545 0.999950
0.754555 0.999950
0.754617 0.999950
0.754658 0.999950
0.754689 0.999950
0.754699 0.999950
0.754719 0.999950
0.754730 0.999950
0.754750 0.999950
0.754771 0.999950
0.754791 0.999950
0.754822 0.999950
0.754842 0.999950
0.754863 0.999950
0.754924 0.999950
0.754945 0.999950
0.754955 0.999950
0.754976 0.999950
0.755017 0.999950
0.755027 0.999950
0.755058 0.999950
0.755078 0.999950
0.755109 0.999950
0.755119 0.999950
0.755160 0.999950
0.755170 0.999950
0.755201 0.999950
0.755314 0.999950
0.755335 0.999950
0.755437 0.999950
0.755468 0.999950
0.755488 0.999950
0.755509 0.999950
0.755529 0.999950
0.755570 0.999950
0.755591 0.999950
0.755611 0.999950
0.755642 0.999950
0.755673 0.999950
0.755704 0.999950
0.755724 0.999950
0.755734 0.999950
0.755775 0.999950
0.755786 0.999950
0.755806 0.999950
0.755816 0.999950
0.755847 0.999950
0.755960 0.999950
0.755981 0.999950
0.756104 0.999950
0.756124 0.999950
0.756155 0.999950
0.756186 0.999950
0.756196 0.999950
0.756237 0.999950
0.756268 0.999950
0.756298 0.999950
0.756339 0.999950
0.756380 0.999950
0.756421 0.999950
0.756452 0.999950
0.756483 0.999950
0.756514 0.999950
0.756534 0.999950
0.756565 0.999950
0.756606 0.999950
0.756616 0.999950
0.756668 0.999950
0.756698 0.999950
0.756719 0.999950
0.756770 0.999950
0.756791 0.999950
0.756801 0.999950
0.756832 0.999950
0.756852 0.999950
0.756883 0.999950
0.756914 0.999950
0.756934 0.999950
0.756965 0.999950
0.756996 0.999950
0.757016 0.999950
0.757037 0.999950
0.757057 0.999950
0.757088 0.999950
0.757098 0.999950
0.757119 0.999950
0.757129 0.999950
0.757149 0.999950
0.757211 0.999950
0.757231 0.999950
0.757283 0.999950
0.757303 0.999950
0.757334 0.999950
0.757355 0.999950
0.757375 0.999950
0.757406 0.999950
0.757426 0.999950
0.757447 0.999967
0.757457 0.999967
0.757478 0.999967
0.757498 0.999967
0.757519 0.999967
0.757529 0.999967
0.757549 0.999967
0.757560 0.999967
0.757580 0.999967
0.757631 0.999967
0.757693 0.999967
0.757734 0.999967
0.757775 0.999967
0.757795 0.999967
0.757816 0.999967
0.757847 0.999967
0.757877 0.999967
0.757908 0.999967
0.757970 0.999967
0.758021 0.999967
0.758052 0.999967
0.758093 0.999967
0.758124 0.999967
0.758144 0.999967
0.758175 0.999967
0.758185 0.999967
0.758206 0.999967
0.758216 0.999967
0.758236 0.999967
0.758308 0.999967
0.758329 0.999967
0.758339 0.999967
0.758359 0.999967
0.758390 0.999967
0.758400 0.999967
0.758421 0.999967
0.758431 0.999967
0.758452 0.999967
0.758472 0.999967
0.758503 0.999967
0.758523 0.999967
0.758544 0.999967
0.758554 0.999967
0.758575 0.999967
0.758595 0.999967
0.758616 0.999967
0.758626 0.999967
0.758647 0.999967
0.758667 0.999967
0.758698 0.999967
0.758708 0.999967
0.758739 0.999967
0.758800 0.999967
0.758841 0.999967
0.758852 0.999967
0.758882 0.999967
0.758944 0.999967
0.758985 0.999967
0.759005 0.999967
0.759046 0.999967
0.759057 0.999967
0.759087 0.999967
0.759108 0.999967
0.759169 0.999967
0.759190 0.999967
0.759210 0.999967
0.759241 0.999967
0.759272 0.999967
0.759303 0.999967
0.759323 0.999967
0.759344 0.999967
0.759375 0.999967
0.759405 0.999967
0.759426 0.999967
0.759457 0.999967
0.759467 0.999967
0.759487 0.999967
0.759549 0.999967
0.759569 0.999967
0.759580 0.999967
0.759600 0.999967
0.759682 0.999967
0.759713 0.999967
0.759733 0.999967
0.759774 0.999967
0.759795 0.999967
0.759836 0.999967
0.759856 0.999967
0.759897 0.999967
0.759938 0.999967
0.759959 0.999967
0.759969 0.999967
0.760010 0.999967
0.760031 0.999967
0.760041 0.999967
0.760062 0.999967
0.760082 0.999967
0.760103 0.999967
0.760154 0.999967
0.760174 0.999967
0.760185 0.999967
0.760226 0.999967
0.760267 0.999967
0.760287 0.999967
0.760308 0.999967
0.760338 0.999967
0.760359 0.999967
0.760379 0.999967
0.760400 0.999967
0.760420 0.999967
0.760441 0.999967
0.760472 0.999967
0.760482 0.999967
0.760523 0.999967
0.760533 0.999967
0.760554 0.999967
0.760574 0.999967
0.760605 0.999967
0.760646 0.999967
0.760708 0.999967
0.760738 0.999967
0.760759 0.999967
0.760800 0.999967
0.760810 0.999967
0.760831 0.999967
0.760851 0.999967
0.760872 0.999967
0.760902 0.999967
0.760923 0.999967
0.760933 0.999967
0.760954 0.999967
0.760995 0.999967
0.761015 0.999967
0.761056 0.999967
0.761138 0.999967
0.761159 0.999967
0.761189 0.999967
0.761220 0.999967
0.761251 0.999967
0.761271 0.999967
0.761282 0.999967
0.761302 0.999967
0.761333 0.999967
0.761353 0.999967
0.761374 0.999967
0.761436 0.999967
0.761456 0.999967
0.761497 0.999967
0.761518 0.999967
0.761559 0.999967
0.761569 0.999967
0.761589 0.999967
0.761600 0.999967
0.761620 0.999967
0.761641 0.999967
0.761671 0.999967
0.761702 0.999967
0.761743 0.999967
0.761835 0.999967
0.761856 0.999967
0.761948 0.999967
0.761958 0.999967
0.761979 0.999967
0.761989 0.999967
0.762030 0.999967
0.762041 0.999967
0.762061 0.999967
0.762102 0.999967
0.762123 0.999967
0.762143 0.999967
0.762184 0.999967
0.762225 0.999967
0.762256 0.999967
0.762297 0.999967
0.762358 0.999967
0.762369 0.999967
0.762410 0.999967
0.762430 0.999967
0.762461 0.999967
0.762481 0.999967
0.762512 0.999967
0.762533 0.999967
0.762543 0.999967
0.762563 0.999967
0.762574 0.999967
0.762594 0.999967
0.762686 0.999967
0.762707 0.999967
0.762738 0.999967
0.762758 0.999967
0.762769 0.999967
0.762799 0.999967
0.762820 0.999967
0.762861 0.999967
0.762922 0.999967
0.762963 0.999967
0.762984 0.999967
0.763015 0.999967
0.763045 0.999967
0.763076 0.999967
0.763097 0.999967
0.763138 0.999967
0.763148 0.999967
0.763179 0.999967
0.763189 0.999967
0.763230 0.999967
0.763261 0.999967
0.763271 0.999967
0.763302 0.999967
0.763332 0.999967
0.763353 0.999967
0.763394 0.999967
0.763415 0.999967
0.763425 0.999967
0.763445 0.999967
0.763476 0.999967
0.763497 0.999967
0.763507 0.999967
0.763589 0.999967
0.763599 0.999967
0.763620 0.999967
0.763630 0.999967
0.763661 0.999967
0.763681 0.999967
0.763753 0.999967
0.763784 0.999967
0.763804 0.999967
0.763814 0.999967
0.763845 0.999967
0.763866 0.999967
0.763886 0.999967
0.763927 0.999967
0.763948 0.999967
0.763958 0.999967
0.763978 0.999967
0.763989 0.999967
0.764040 0.999967
0.764060 0.999967
0.764081 0.999967
0.764091 0.999967
0.764132 0.999967
0.764143 0.999967
0.764163 0.999967
0.764173 0.999967
0.764204 0.999967
0.764225 0.999967
0.764286 0.999967
0.764307 0.999967
0.764327 0.999967
0.764348 0.999967
0.764368 0.999967
0.764409 0.999967
0.764430 0.999967
0.764440 0.999967
0.764460 0.999967
0.764481 0.999967
0.764512 0.999967
0.764594 0.999967
0.764614 0.999967
0.764645 0.999967
0.764676 0.999967
0.764696 0.999967
0.764706 0.999967
0.764737 0.999967
0.764758 0.999967
0.764768 0.999967
0.764789 0.999967
0.764860 0.999967
0.764881 0.999967
0.764912 0.999967
0.764932 0.999967
0.764942 0.999967
0.764963 0.999967
0.764983 0.999967
0.765004 0.999967
0.765035 0.999967
0.765045 0.999967
0.765076 0.999967
0.765086 0.999967
0.765147 0.999967
0.765158 0.999967
0.765199 0.999967
0.765229 0.999967
0.765250 0.999967
0.765260 0.999967
0.765301 0.999967
0.765352 0.999967
0.765373 0.999967
0.765383 0.999967
0.765404 0.999967
0.765435 0.999967
0.765486 0.999967
0.765527 0.999967
0.765568 0.999967
0.765609 0.999967
0.765640 0.999967
0.765681 0.999967
0.765722 0.999967
0.765763 0.999967
0.765783 0.999967
0.765804 0.999967
0.765824 0.999967
0.765855 0.999967
0.765875 0.999967
0.765916 0.999967
0.765937 0.999967
0.765968 0.999967
0.765978 0.999967
0.766039 0.999967
0.766050 0.999967
0.766111 0.999967
0.766173 0.999967
0.766214 0.999967
0.766224 0.999967
0.766286 0.999967
0.766306 0.999967
0.766327 0.999967
0.766388 0.999967
0.766419 0.999967
0.766460 0.999967
0.766480 0.999967
0.766491 0.999967
0.766532 0.999967
0.766552 0.999967
0.766562 0.999967
0.766603 0.999967
0.766614 0.999967
0.766634 0.999967
0.766665 0.999967
0.766726 0.999967
0.766737 0.999967
0.766778 0.999967
0.766850 0.999967
0.766870 0.999967
0.767014 0.999967
0.767034 0.999967
0.767065 0.999967
0.767126 0.999967
0.767188 0.999967
0.767208 0.999967
0.767229 0.999967
0.767260 0.999967
0.767301 0.999967
0.767342 0.999967
0.767383 0.999967
0.767424 0.999967
0.767444 0.999967
0.767496 0.999967
0.767557 0.999967
0.767578 0.999967
0.767598 0.999967
0.767608 0.999967
0.767649 0.999967
0.767670 0.999967
0.767711 0.999967
0.767742 0.999967
0.767752 0.999967
0.767783 0.999967
0.767793 0.999967
0.767854 0.999967
0.767875 0.999967
0.767926 0.999967
0.767967 0.999967
0.767988 0.999967
0.768029 0.999967
0.768049 0.999967
0.768070 0.999967
0.768080 0.999967
0.768100 0.999967
0.768121 0.999967
0.768142 0.999967
0.768172 0.999967
0.768193 0.999967
0.768213 0.999967
0.768275 0.999967
0.768316 0.999967
0.768357 0.999967
0.768367 0.999967
0.768398 0.999967
0.768449 0.999967
0.768470 0.999967
0.768490 0.999967
0.768531 0.999967
0.768552 0.999967
0.768572 0.999967
0.768582 0.999967
0.768603 0.999967
0.768634 0.999967
0.768726 0.999967
0.768787 0.999967
0.768818 0.999967
0.768870 0.999967
0.768890 0.999967
0.768911 0.999967
0.768972 0.999967
0.768982 0.999967
0.769064 0.999967
0.769085 0.999967
0.769116 0.999967
0.769126 0.999967
0.769146 0.999967
0.769157 0.999967
0.769177 0.999967
0.769198 0.999967
0.769218 0.999967
0.769280 0.999967
0.769300 0.999967
0.769362 0.999967
0.769382 0.999967
0.769423 0.999967
0.769474 0.999967
0.769495 0.999967
0.769546 0.999967
0.769557 0.999967
0.769577 0.999967
0.769618 0.999967
0.769628 0.999967
0.769659 0.999967
0.769680 0.999967
0.769762 0.999967
0.769772 0.999967
0.769792 0.999967
0.769803 0.999967
0.769823 0.999967
0.769833 0.999967
0.769874 0.999967
0.769967 0.999967
0.769987 0.999967
0.770008 0.999967
0.770028 0.999967
0.770059 0.999967
0.770079 0.999967
0.770100 0.999967
0.770131 0.999967
0.770172 0.999967
0.770192 0.999967
0.770213 0.999967
0.770244 0.999967
0.770264 0.999967
0.770315 0.999967
0.770336 0.999967
0.770367 0.999967
0.770377 0.999967
0.770397 0.999967
0.770408 0.999967
0.770449 0.999967
0.770479 0.999967
0.770500 0.999967
0.770510 0.999967
0.770531 0.999967
0.770541 0.999967
0.770572 0.999967
0.770592 0.999967
0.770633 0.999967
0.770664 0.999967
0.770695 0.999967
0.770736 0.999967
0.770787 0.999967
0.770807 0.999967
0.770849 0.999967
0.770879 0.999967
0.770890 0.999967
0.770910 0.999967
0.770920 0.999967
0.770941 0.999967
0.770961 0.999967
0.770982 0.999967
0.770992 0.999967
0.771013 0.999967
0.771105 0.999967
0.771146 0.999967
0.771156 0.999967
0.771177 0.999967
0.771187 0.999967
0.771228 0.999967
0.771259 0.999967
0.771320 0.999967
0.771371 0.999967
0.771402 0.999967
0.771443 0.999967
0.771464 0.999967
0.771474 0.999967
0.771494 0.999967
0.771505 0.999967
0.771536 0.999967
0.771566 0.999967
0.771587 0.999967
0.771628 0.999967
0.771659 0.999967
0.771679 0.999967
0.771710 0.999967
0.771730 0.999967
0.771741 0.999967
0.771802 0.999967
0.771823 0.999967
0.771864 0.999967
0.771905 0.999967
0.771935 0.999967
0.771956 0.999967
0.771966 0.999967
0.771987 0.999967
0.772007 0.999967
0.772048 0.999967
0.772079 0.999967
0.772110 0.999967
0.772151 0.999967
0.772181 0.999967
0.772212 0.999967
0.772223 0.999967
0.772243 0.999967
0.772274 0.999967
0.772284 0.999967
0.772305 0.999967
0.772335 0.999967
0.772356 0.999967
0.772417 0.999967
0.772458 0.999967
0.772510 0.999967
0.772530 0.999967
0.772540 0.999967
0.772571 0.999967
0.772592 0.999967
0.772622 0.999967
0.772643 0.999967
0.772653 0.999967
0.772715 0.999967
0.772745 0.999967
0.772766 0.999967
0.772807 0.999967
0.772817 0.999967
0.772848 0.999967
0.772858 0.999967
0.772889 0.999967
0.772899 0.999967
0.772930 0.999967
0.772951 0.999967
0.772971 0.999967
0.772981 0.999967
0.773002 0.999967
0.773022 0.999967
0.773043 0.999967
0.773063 0.999967
0.773084 0.999967
0.773094 0.999967
0.773115 0.999967
0.773176 0.999967
0.773197 0.999967
0.773207 0.999967
0.773227 0.999967
0.773238 0.999967
0.773279 0.999967
0.773289 0.999967
0.773350 0.999967
0.773381 0.999967
0.773422 0.999967
0.773443 0.999967
0.773484 0.999967
0.773494 0.999967
0.773525 0.999967
0.773545 0.999967
0.773566 0.999967
0.773607 0.999967
0.773648 0.999967
0.773658 0.999967
0.773689 0.999967
0.773709 0.999967
0.773730 0.999967
0.773740 0.999967
0.773781 0.999967
0.773812 0.999967
0.773853 0.999967
0.773863 0.999967
0.773904 0.999967
0.773925 0.999967
0.774007 0.999967
0.774017 0.999967
0.774037 0.999967
0.774089 0.999967
0.774109 0.999967
0.774140 0.999967
0.774171 0.999967
0.774181 0.999967
0.774201 0.999967
0.774232 0.999967
0.774253 0.999967
0.774284 0.999967
0.774294 0.999967
0.774325 0.999967
0.774335 0.999967
0.774355 0.999967
0.774376 0.999967
0.774396 0.999967
0.774437 0.999967
0.774478 0.999967
0.774499 0.999967
0.774540 0.999967
0.774550 0.999967
0.774571 0.999967
0.774612 0.999967
0.774642 0.999967
0.774663 0.999967
0.774683 0.999967
0.774694 0.999967
0.774724 0.999967
0.774735 0.999967
0.774776 0.999967
0.774786 0.999967
0.774827 0.999967
0.774868 0.999967
0.774899 0.999967
0.774919 0.999967
0.774950 0.999967
0.774981 0.999967
0.775001 0.999967
0.775042 0.999967
0.775053 0.999967
0.775094 0.999967
0.775114 0.999967
0.775176 0.999967
0.775196 0.999967
0.775206 0.999967
0.775227 0.999967
0.775237 0.999967
0.775258 0.999967
0.775268 0.999967
0.775288 0.999967
0.775299 0.999967
0.775329 0.999967
0.775370 0.999967
0.775411 0.999967
0.775432 0.999967
0.775442 0.999967
0.775473 0.999967
0.775493 0.999967
0.775514 0.999967
0.775524 0.999967
0.775555 0.999967
0.775575 0.999967
0.775606 0.999967
0.775637 0.999967
0.775647 0.999967
0.775668 0.999967
0.775688 0.999967
0.775709 0.999967
0.775740 0.999967
0.775791 0.999967
0.775811 0.999967
0.775822 0.999967
0.775863 0.999967
0.775873 0.999967
0.775893 0.999967
0.775945 0.999967
0.775965 0.999967
0.776027 0.999967
0.776047 0.999967
0.776078 0.999967
0.776109 0.999967
0.776160 0.999967
0.776201 0.999967
0.776211 0.999967
0.776232 0.999967
0.776242 0.999967
0.776273 0.999967
0.776293 0.999967
0.776324 0.999967
0.776355 0.999967
0.776386 0.999967
0.776447 0.999967
0.776529 0.999967
0.776539 0.999967
0.776580 0.999967
0.776601 0.999967
0.776632 0.999967
0.776673 0.999967
0.776693 0.999967
0.776724 0.999967
0.776744 0.999967
0.776806 0.999967
0.776826 0.999967
0.776857 0.999967
0.776898 0.999967
0.776939 0.999967
0.776970 0.999967
0.776991 0.999967
0.777011 0.999967
0.777062 0.999967
0.777083 0.999967
0.777124 0.999967
0.777144 0.999967
0.777155 0.999967
0.777175 0.999967
0.777185 0.999967
0.777206 0.999967
0.777237 0.999967
0.777257 0.999967
0.777288 0.999967
0.777329 0.999967
0.777339 0.999967
0.777380 0.999967
0.777390 0.999967
0.777421 0.999967
0.777442 0.999967
0.777472 0.999967
0.777483 0.999967
0.777503 0.999967
0.777513 0.999967
0.777534 0.999967
0.777544 0.999967
0.777565 0.999967
0.777595 0.999967
0.777678 0.999967
0.777688 0.999967
0.777719 0.999967
0.777760 0.999967
0.777790 0.999967
0.777801 0.999967
0.777842 0.999967
0.777852 0.999967
0.777872 0.999967
0.777893 0.999967
0.777913 0.999967
0.777944 0.999967
0.777965 0.999967
0.777995 0.999967
0.778026 0.999967
0.778057 0.999967
0.778088 0.999967
0.778129 0.999967
0.778200 0.999967
0.778231 0.999967
0.778241 0.999967
0.778262 0.999967
0.778282 0.999967
0.778303 0.999967
0.778334 0.999967
0.778365 0.999967
0.778385 0.999967
0.778406 0.999967
0.778436 0.999967
0.778457 0.999967
0.778467 0.999967
0.778508 0.999967
0.778518 0.999967
0.778539 0.999967
0.778549 0.999967
0.778590 0.999967
0.778611 0.999967
0.778693 0.999967
0.778703 0.999967
0.778734 0.999967
0.778754 0.999967
0.778775 0.999967
0.778805 0.999967
0.778857 0.999967
0.778898 0.999967
0.778908 0.999967
0.778949 0.999967
0.778959 0.999967
0.778980 0.999967
0.779000 0.999967
0.779021 0.999967
0.779041 0.999967
0.779072 0.999967
0.779093 0.999967
0.779103 0.999967
0.779144 0.999967
0.779154 0.999967
0.779175 0.999967
0.779236 0.999967
0.779308 0.999967
0.779339 0.999967
0.779349 0.999967
0.779380 0.999967
0.779431 0.999967
0.779451 0.999967
0.779503 0.999967
0.779544 0.999967
0.779564 0.999967
0.779574 0.999967
0.779605 0.999967
0.779656 0.999967
0.779677 0.999967
0.779687 0.999967
0.779728 0.999967
0.779749 0.999967
0.779769 0.999967
0.779810 0.999967
0.779851 0.999967
0.779872 0.999967
0.779903 0.999967
0.779933 0.999967
0.779974 0.999967
0.779995 0.999967
0.780026 0.999967
0.780056 0.999967
0.780077 0.999967
0.780097 0.999967
0.780118 0.999967
0.780138 0.999967
0.780169 0.999967
0.780190 0.999967
0.780210 0.999967
0.780231 0.999967
0.780251 0.999967
0.780282 0.999967
0.780323 0.999967
0.780333 0.999967
0.780395 0.999967
0.780415 0.999967
0.780426 0.999967
0.780467 0.999967
0.780518 0.999967
0.780579 0.999967
0.780590 0.999967
0.780651 0.999967
0.780682 0.999967
0.780723 0.999967
0.780784 0.999967
0.780825 0.999967
0.780846 0.999967
0.780877 0.999967
0.780897 0.999967
0.780907 0.999967
0.780928 0.999967
0.780979 0.999967
0.781000 0.999967
0.781031 0.999967
0.781051 0.999967
0.781061 0.999967
0.781092 0.999967
0.781102 0.999967
0.781133 0.999967
0.781174 0.999967
0.781195 0.999967
0.781215 0.999967
0.781236 0.999967
0.781266 0.999967
0.781277 0.999967
0.781318 0.999967
0.781348 0.999967
0.781369 0.999967
0.781389 0.999967
0.781410 0.999967
0.781441 0.999967
0.781502 0.999967
0.781512 0.999967
0.781533 0.999967
0.781543 0.999967
0.781605 0.999967
0.781625 0.999967
0.781687 0.999967
0.781718 0.999967
0.781728 0.999967
0.781748 0.999967
0.781789 0.999967
0.781810 0.999967
0.781841 0.999967
0.781861 0.999967
0.781871 0.999967
0.781902 0.999967
0.781943 0.999967
0.781984 0.999967
0.782015 0.999967
0.782035 0.999967
0.782076 0.999967
0.782087 0.999967
0.782128 0.999967
0.782148 0.999967
0.782169 0.999967
0.782199 0.999967
0.782230 0.999967
0.782271 0.999967
0.782302 0.999967
0.782322 0.999967
0.782353 0.999967
0.782374 0.999967
0.782384 0.999967
0.782425 0.999967
0.782435 0.999967
0.782456 0.999967
0.782466 0.999967
0.782487 0.999967
0.782507 0.999967
0.782548 0.999967
0.782579 0.999967
0.782610 0.999967
0.782651 0.999967
0.782681 0.999967
0.782702 0.999967
0.782722 0.999967
0.782784 0.999967
0.782804 0.999967
0.782815 0.999967
0.782856 0.999967
0.782886 0.999967
0.782917 0.999967
0.782927 0.999967
0.783030 0.999967
0.783071 0.999967
0.783092 0.999967
0.783112 0.999967
0.783153 0.999967
0.783184 0.999967
0.783204 0.999967
0.783225 0.999967
0.783245 0.999967
0.783297 0.999967
0.783317 0.999967
0.783338 0.999967
0.783358 0.999967
0.783389 0.999967
0.783409 0.999967
0.783450 0.999967
0.783471 0.999967
0.783553 0.999967
0.783573 0.999967
0.783584 0.999967
0.783625 0.999967
0.783635 0.999967
0.783676 0.999967
0.783707 0.999967
0.783758 0.999967
0.783779 0.999967
0.783789 0.999967
0.783830 0.999967
0.783891 0.999967
0.783902 0.999967
0.783963 0.999967
0.783994 0.999967
0.784025 0.999967
0.784066 0.999967
0.784096 0.999967
0.784107 0.999967
0.784127 0.999967
0.784158 0.999967
0.784168 0.999967
0.784189 0.999967
0.784199 0.999967
0.784219 0.999967
0.784271 0.999967
0.784301 0.999967
0.784322 0.999967
0.784332 0.999967
0.784353 0.999967
0.784394 0.999967
0.784414 0.999967
0.784445 0.999967
0.784486 0.999967
0.784507 0.999967
0.784527 0.999967
0.784537 0.999967
0.784599 0.999967
0.784619 0.999967
0.784640 0.999967
0.784671 0.999967
0.784701 0.999967
0.784722 0.999967
0.784783 0.999967
0.784804 0.999967
0.784845 0.999967
0.784855 0.999967
0.784886 0.999967
0.784906 0.999967
0.784917 0.999967
0.784937 0.999967
0.784968 0.999967
0.784988 0.999967
0.784999 0.999967
0.785040 0.999967
0.785070 0.999967
0.785091 0.999967
0.785122 0.999967
0.785163 0.999967
0.785183 0.999967
0.785214 0.999967
0.785235 0.999967
0.785286 0.999967
0.785306 0.999967
0.785358 0.999967
0.785378 0.999967
0.785409 0.999967
0.785429 0.999967
0.785450 0.999967
0.785481 0.999967
0.785491 0.999967
0.785511 0.999967
0.785563 0.999967
0.785624 0.999967
0.785645 0.999967
0.785665 0.999967
0.785696 0.999967
0.785716 0.999967
0.785727 0.999967
0.785747 0.999967
0.785768 0.999967
0.785799 0.999967
0.785819 0.999967
0.785840 0.999967
0.785850 0.999967
0.785870 0.999967
0.785911 0.999967
0.785932 0.999967
0.785963 0.999967
0.786075 0.999967
0.786096 0.999967
0.786116 0.999967
0.786137 0.999967
0.786157 0.999967
0.786178 0.999967
0.786198 0.999967
0.786239 0.999967
0.786260 0.999967
0.786280 0.999967
0.786342 0.999967
0.786362 0.999967
0.786403 0.999967
0.786445 0.999967
0.786496 0.999967
0.786537 0.999967
0.786547 0.999967
0.786568 0.999967
0.786578 0.999967
0.786639 0.999967
0.786670 0.999967
0.786691 0.999967
0.786721 0.999967
0.786732 0.999967
0.786752 0.999967
0.786803 0.999967
0.786824 0.999967
0.786844 0.999967
0.786865 0.999967
0.786896 0.999967
0.786926 0.999967
0.786947 0.999967
0.786967 0.999967
0.786988 0.999967
0.787019 0.999967
0.787039 0.999967
0.787070 0.999967
0.787090 0.999967
0.787183 0.999967
0.787203 0.999967
0.787234 0.999967
0.787265 0.999967
0.787316 0.999967
0.787337 0.999967
0.787347 0.999967
0.787388 0.999967
0.787429 0.999967
0.787480 0.999967
0.787501 0.999967
0.787511 0.999967
0.787572 0.999967
0.787624 0.999967
0.787654 0.999967
0.787675 0.999967
0.787706 0.999967
0.787726 0.999967
0.787747 0.999967
0.787788 0.999967
0.787808 0.999967
0.787839 0.999967
0.787880 0.999967
0.787901 0.999967
0.787983 0.999967
0.787993 0.999967
0.788054 0.999967
0.788065 0.999967
0.788095 0.999967
0.788167 0.999967
0.788208 0.999967
0.788218 0.999967
0.788259 0.999967
0.788300 0.999967
0.788341 0.999967
0.788372 0.999967
0.788393 0.999967
0.788413 0.999967
0.788434 0.999967
0.788454 0.999967
0.788464 0.999967
0.788485 0.999967
0.788526 0.999967
0.788547 0.999967
0.788588 0.999967
0.788608 0.999967
0.788639 0.999967
0.788711 0.999967
0.788752 0.999967
0.788762 0.999967
0.788782 0.999967
0.788803 0.999967
0.788823 0.999967
0.788844 0.999967
0.788864 0.999967
0.788895 0.999967
0.788916 0.999967
0.788936 0.999967
0.788957 0.999967
0.788987 0.999967
0.789008 0.999967
0.789039 0.999967
0.789100 0.999967
0.789131 0.999967
0.789151 0.999967
0.789162 0.999967
0.789182 0.999967
0.789213 0.999967
0.789223 0.999967
0.789244 0.999967
0.789275 0.999967
0.789295 0.999967
0.789305 0.999967
0.789336 0.999967
0.789377 0.999967
0.789408 0.999967
0.789428 0.999967
0.789459 0.999967
0.789480 0.999967
0.789510 0.999967
0.789531 0.999967
0.789541 0.999967
0.789572 0.999967
0.789592 0.999967
0.789623 0.999967
0.789644 0.999967
0.789664 0.999967
0.789685 0.999967
0.789777 0.999967
0.789797 0.999967
0.789828 0.999967
0.789859 0.999967
0.789869 0.999967
0.789900 0.999967
0.789921 0.999967
0.789951 0.999967
0.789972 0.999967
0.790033 0.999967
0.790054 0.999967
0.790085 0.999967
0.790105 0.999967
0.790126 0.999967
0.790146 0.999967
0.790177 0.999967
0.790208 0.999967
0.790269 0.999967
0.790279 0.999967
0.790331 0.999967
0.790341 0.999967
0.790361 0.999967
0.790392 0.999967
0.790433 0.999967
0.790464 0.999967
0.790526 0.999967
0.790597 0.999967
0.790618 0.999967
0.790679 0.999967
0.790700 0.999967
0.790720 0.999967
0.790741 0.999967
0.790772 0.999967
0.790802 0.999967
0.790823 0.999967
0.790843 0.999967
0.790874 0.999967
0.790884 0.999967
0.790905 0.999967
0.790946 0.999967
0.790987 0.999967
0.791038 0.999967
0.791059 0.999967
0.791100 0.999967
0.791120 0.999967
0.791130 0.999967
0.791161 0.999967
0.791182 0.999967
0.791202 0.999967
0.791223 0.999967
0.791274 0.999967
0.791315 0.999967
0.791346 0.999967
0.791377 0.999967
0.791418 0.999967
0.791428 0.999967
0.791448 0.999967
0.791479 0.999967
0.791500 0.999967
0.791541 0.999967
0.791623 0.999967
0.791643 0.999967
0.791735 0.999967
0.791756 0.999967
0.791776 0.999967
0.791797 0.999967
0.791807 0.999967
0.791828 0.999967
0.791848 0.999967
0.791879 0.999967
0.791900 0.999967
0.791920 0.999967
0.791951 0.999967
0.791971 0.999967
0.792012 0.999967
0.792053 0.999967
0.792125 0.999967
0.792146 0.999967
0.792166 0.999967
0.792187 0.999967
0.792207 0.999967
0.792228 0.999967
0.792238 0.999967
0.792258 0.999967
0.792279 0.999967
0.792320 0.999967
0.792371 0.999967
0.792392 0.999967
0.792433 0.999967
0.792494 0.999967
0.792525 0.999967
0.792535 0.999967
0.792556 0.999967
0.792587 0.999967
0.792617 0.999967
0.792720 0.999967
0.792751 0.999967
0.792771 0.999967
0.792792 0.999967
0.792874 0.999967
0.792915 0.999967
0.792945 0.999967
0.792976 0.999967
0.793068 0.999967
0.793099 0.999967
0.793109 0.999967
0.793150 0.999967
0.793161 0.999967
0.793191 0.999967
0.793212 0.999967
0.793243 0.999967
0.793263 0.999967
0.793284 0.999967
0.793304 0.999967
0.793335 0.999967
0.793376 0.999967
0.793550 0.999967
0.793581 0.999967
0.793704 0.999967
0.793725 0.999967
0.793755 0.999967
0.793786 0.999967
0.793807 0.999967
0.793868 0.999967
0.793889 0.999967
0.793899 0.999967
0.793930 0.999967
0.793940 0.999967
0.793961 0.999967
0.794022 0.999967
0.794063 0.999967
0.794104 0.999967
0.794145 0.999967
0.794176 0.999967
0.794196 0.999967
0.794278 0.999967
0.794319 0.999967
0.794350 0.999967
0.794360 0.999967
0.794401 0.999967
0.794412 0.999967
0.794442 0.999967
0.794483 0.999967
0.794524 0.999967
0.794545 0.999967
0.794576 0.999967
0.794596 0.999967
0.794607 0.999967
0.794627 0.999967
0.794648 0.999967
0.794668 0.999967
0.794689 0.999967
0.794709 0.999967
0.794791 0.999967
0.794812 0.999967
0.794822 0.999967
0.794883 0.999967
0.794904 0.999967
0.794924 0.999967
0.794945 0.999967
0.795027 0.999967
0.795037 0.999967
0.795078 0.999967
0.795109 0.999967
0.795150 0.999967
0.795191 0.999967
0.795222 0.999967
0.795242 0.999967
0.795252 0.999967
0.795263 0.999983
0.795345 0.999983
0.795386 0.999983
0.795427 0.999983
0.795458 0.999983
0.795468 0.999983
0.795488 0.999983
0.795540 0.999983
0.795581 0.999983
0.795601 0.999983
0.795642 0.999983
0.795652 0.999983
0.795673 0.999983
0.795693 0.999983
0.795734 0.999983
0.795786 0.999983
0.795806 0.999983
0.795837 0.999983
0.795847 0.999983
0.795868 0.999983
0.795878 0.999983
0.795898 0.999983
0.795919 0.999983
0.795940 0.999983
0.795960 0.999983
0.796001 0.999983
0.796032 0.999983
0.796042 0.999983
0.796063 0.999983
0.796073 0.999983
0.796093 0.999983
0.796114 0.999983
0.796134 0.999983
0.796145 0.999983
0.796165 0.999983
0.796278 0.999983
0.796319 0.999983
0.796370 0.999983
0.796391 0.999983
0.796401 0.999983
0.796421 0.999983
0.796452 0.999983
0.796473 0.999983
0.796503 0.999983
0.796514 0.999983
0.796534 0.999983
0.796555 0.999983
0.796585 0.999983
0.796596 0.999983
0.796637 0.999983
0.796668 0.999983
0.796688 0.999983
0.796698 0.999983
0.796719 0.999983
0.796750 0.999983
0.796770 0.999983
0.796791 0.999983
0.796811 0.999983
0.796832 0.999983
0.796852 0.999983
0.796873 0.999983
0.796893 0.999983
0.796914 0.999983
0.796955 0.999983
0.796975 0.999983
0.797006 0.999983
0.797047 0.999983
0.797088 0.999983
0.797098 0.999983
0.797119 0.999983
0.797139 0.999983
0.797160 0.999983
0.797190 0.999983
0.797252 0.999983
0.797262 0.999983
0.797293 0.999983
0.797303 0.999983
0.797334 0.999983
0.797396 0.999983
0.797416 0.999983
0.797478 0.999983
0.797508 0.999983
0.797519 0.999983
0.797580 0.999983
0.797621 0.999983
0.797662 0.999983
0.797683 0.999983
0.797703 0.999983
0.797713 0.999983
0.797734 0.999983
0.797754 0.999983
0.797775 0.999983
0.797806 0.999983
0.797836 0.999983
0.797847 0.999983
0.797888 0.999983
0.797929 0.999983
0.797929 1.000000
0.797949 1.000000
0.797959 1.000000
0.797980 1.000000
0.798042 1.000000
0.798062 1.000000
0.798154 1.000000
0.798195 1.000000
0.798216 1.000000
0.798236 1.000000
0.798277 1.000000
0.798308 1.000000
0.798329 1.000000
0.798359 1.000000
0.798390 1.000000
0.798431 1.000000
0.798462 1.000000
0.798482 1.000000
0.798513 1.000000
0.798534 1.000000
0.798554 1.000000
0.798575 1.000000
0.798616 1.000000
0.798708 1.000000
0.798729 1.000000
0.798841 1.000000
0.798872 1.000000
0.798893 1.000000
0.798944 1.000000
0.798975 1.000000
0.798995 1.000000
0.799036 1.000000
0.799046 1.000000
0.799087 1.000000
0.799098 1.000000
0.799118 1.000000
0.799128 1.000000
0.799169 1.000000
0.799190 1.000000
0.799210 1.000000
0.799221 1.000000
0.799241 1.000000
0.799262 1.000000
0.799292 1.000000
0.799313 1.000000
0.799344 1.000000
0.799385 1.000000
0.799416 1.000000
0.799487 1.000000
0.799508 1.000000
0.799549 1.000000
0.799580 1.000000
0.799662 1.000000
0.799682 1.000000
0.799713 1.000000
0.799733 1.000000
0.799785 1.000000
0.799805 1.000000
0.799846 1.000000
0.799877 1.000000
0.799918 1.000000
0.799949 1.000000
0.799969 1.000000
0.800010 1.000000
0.800051 1.000000
0.800092 1.000000
0.800113 1.000000
0.800123 1.000000
0.800164 1.000000
0.800195 1.000000
0.800226 1.000000
0.800267 1.000000
0.800297 1.000000
0.800328 1.000000
0.800349 1.000000
0.800379 1.000000
0.800410 1.000000
0.800441 1.000000
0.800472 1.000000
0.800492 1.000000
0.800523 1.000000
0.800543 1.000000
0.800687 1.000000
0.800708 1.000000
0.800749 1.000000
0.800769 1.000000
0.800810 1.000000
0.800831 1.000000
0.800841 1.000000
0.800861 1.000000
0.800892 1.000000
0.800964 1.000000
0.801005 1.000000
0.801025 1.000000
0.801107 1.000000
0.801138 1.000000
0.801210 1.000000
0.801230 1.000000
0.801271 1.000000
0.801302 1.000000
0.801323 1.000000
0.801353 1.000000
0.801384 1.000000
0.801497 1.000000
0.801518 1.000000
0.801548 1.000000
0.801589 1.000000
0.801651 1.000000
0.801661 1.000000
0.801743 1.000000
0.801764 1.000000
0.801805 1.000000
0.801866 1.000000
0.801897 1.000000
0.801907 1.000000
0.801928 1.000000
0.802020 1.000000
0.802071 1.000000
0.802112 1.000000
0.802143 1.000000
0.802153 1.000000
0.802174 1.000000
0.802184 1.000000
0.802225 1.000000
0.802328 1.000000
0.802348 1.000000
0.802369 1.000000
0.802410 1.000000
0.802492 1.000000
0.802522 1.000000
0.802563 1.000000
0.802604 1.000000
0.802645 1.000000
0.802656 1.000000
0.802697 1.000000
0.802707 1.000000
0.802748 1.000000
0.802769 1.000000
0.802789 1.000000
0.802810 1.000000
0.802830 1.000000
0.802912 1.000000
0.802922 1.000000
0.802943 1.000000
0.802963 1.000000
0.802984 1.000000
0.803004 1.000000
0.803025 1.000000
0.803045 1.000000
0.803066 1.000000
0.803107 1.000000
0.803138 1.000000
0.803220 1.000000
0.803240 1.000000
0.803250 1.000000
0.803271 1.000000
0.803281 1.000000
0.803322 1.000000
0.803343 1.000000
0.803363 1.000000
0.803373 1.000000
0.803394 1.000000
0.803415 1.000000
0.803435 1.000000
0.803486 1.000000
0.803568 1.000000
0.803599 1.000000
0.803630 1.000000
0.803650 1.000000
0.803712 1.000000
0.803732 1.000000
0.803814 1.000000
0.803835 1.000000
0.803866 1.000000
0.803907 1.000000
0.804009 1.000000
0.804050 1.000000
0.804071 1.000000
0.804112 1.000000
0.804132 1.000000
0.804163 1.000000
0.804173 1.000000
0.804204 1.000000
0.804245 1.000000
0.804266 1.000000
0.804296 1.000000
0.804317 1.000000
0.804358 1.000000
0.804378 1.000000
0.804399 1.000000
0.804440 1.000000
0.804450 1.000000
0.804491 1.000000
0.804542 1.000000
0.804573 1.000000
0.804594 1.000000
0.804614 1.000000
0.804624 1.000000
0.804645 1.000000
0.804676 1.000000
0.804717 1.000000
0.804727 1.000000
0.804768 1.000000
0.804830 1.000000
0.804860 1.000000
0.804881 1.000000
0.804891 1.000000
0.804912 1.000000
0.804922 1.000000
0.804963 1.000000
0.805004 1.000000
0.805024 1.000000
0.805035 1.000000
0.805055 1.000000
0.805096 1.000000
0.805127 1.000000
0.805147 1.000000
0.805178 1.000000
0.805219 1.000000
0.805240 1.000000
0.805270 1.000000
0.805301 1.000000
0.805322 1.000000
0.805393 1.000000
0.805414 1.000000
0.805435 1.000000
0.805455 1.000000
0.805476 1.000000
0.805537 1.000000
0.805578 1.000000
0.805619 1.000000
0.805650 1.000000
0.805722 1.000000
0.805783 1.000000
0.805834 1.000000
0.805855 1.000000
0.805865 1.000000
0.805886 1.000000
0.805927 1.000000
0.805968 1.000000
0.805988 1.000000
0.806009 1.000000
0.806070 1.000000
0.806091 1.000000
0.806122 1.000000
0.806142 1.000000
0.806183 1.000000
0.806214 1.000000
0.806224 1.000000
0.806245 1.000000
0.806255 1.000000
0.806275 1.000000
0.806327 1.000000
0.806357 1.000000
0.806368 1.000000
0.806409 1.000000
0.806419 1.000000
0.806439 1.000000
0.806470 1.000000
0.806511 1.000000
0.806542 1.000000
0.806583 1.000000
0.806614 1.000000
0.806624 1.000000
0.806644 1.000000
0.806675 1.000000
0.806706 1.000000
0.806747 1.000000
0.806778 1.000000
0.806798 1.000000
0.806809 1.000000
0.806932 1.000000
0.806993 1.000000
0.807024 1.000000
0.807034 1.000000
0.807055 1.000000
0.807065 1.000000
0.807096 1.000000
0.807106 1.000000
0.807126 1.000000
0.807157 1.000000
0.807198 1.000000
0.807239 1.000000
0.807260 1.000000
0.807270 1.000000
0.807301 1.000000
0.807311 1.000000
0.807331 1.000000
0.807342 1.000000
0.807362 1.000000
0.807403 1.000000
0.807424 1.000000
0.807444 1.000000
0.807465 1.000000
0.807506 1.000000
0.807547 1.000000
0.807578 1.000000
0.807619 1.000000
0.807670 1.000000
0.807690 1.000000
0.807721 1.000000
0.807783 1.000000
0.807803 1.000000
0.807885 1.000000
0.807926 1.000000
0.807967 1.000000
0.808029 1.000000
0.808049 1.000000
0.808080 1.000000
0.808100 1.000000
0.808111 1.000000
0.808213 1.000000
0.808244 1.000000
0.808265 1.000000
0.808316 1.000000
0.808336 1.000000
0.808388 1.000000
0.808408 1.000000
0.808418 1.000000
0.808439 1.000000
0.808449 1.000000
0.808511 1.000000
0.808541 1.000000
0.808562 1.000000
0.808582 1.000000
0.808603 1.000000
0.808644 1.000000
0.808675 1.000000
0.808716 1.000000
0.808726 1.000000
0.808767 1.000000
0.808818 1.000000
0.808839 1.000000
0.808880 1.000000
0.808900 1.000000
0.808911 1.000000
0.808952 1.000000
0.808993 1.000000
0.809034 1.000000
0.809064 1.000000
0.809085 1.000000
0.809095 1.000000
0.809116 1.000000
0.809167 1.000000
0.809208 1.000000
0.809218 1.000000
0.809249 1.000000
0.809269 1.000000
0.809280 1.000000
0.809310 1.000000
0.809372 1.000000
0.809392 1.000000
0.809444 1.000000
0.809464 1.000000
0.809505 1.000000
0.809536 1.000000
0.809557 1.000000
0.809577 1.000000
0.809608 1.000000
0.809649 1.000000
0.809680 1.000000
0.809721 1.000000
0.809731 1.000000
0.809762 1.000000
0.809772 1.000000
0.809833 1.000000
0.809885 1.000000
0.809915 1.000000
0.809967 1.000000
0.809987 1.000000
0.810008 1.000000
0.810038 1.000000
0.810059 1.000000
0.810090 1.000000
0.810120 1.000000
0.810141 1.000000
0.810172 1.000000
0.810213 1.000000
0.810233 1.000000
0.810274 1.000000
0.810305 1.000000
0.810346 1.000000
0.810367 1.000000
0.810377 1.000000
0.810418 1.000000
0.810469 1.000000
0.810520 1.000000
0.810541 1.000000
0.810602 1.000000
0.810654 1.000000
0.810684 1.000000
0.810705 1.000000
0.810715 1.000000
0.810777 1.000000
0.810838 1.000000
0.810859 1.000000
0.810869 1.000000
0.810890 1.000000
0.811023 1.000000
0.811043 1.000000
0.811054 1.000000
0.811084 1.000000
0.811105 1.000000
0.811166 1.000000
0.811187 1.000000
0.811289 1.000000
0.811330 1.000000
0.811341 1.000000
0.811371 1.000000
0.811412 1.000000
0.811443 1.000000
0.811474 1.000000
0.811494 1.000000
0.811525 1.000000
0.811546 1.000000
0.811556 1.000000
0.811587 1.000000
0.811607 1.000000
0.811648 1.000000
0.811659 1.000000
0.811679 1.000000
0.811700 1.000000
0.811741 1.000000
0.811802 1.000000
0.811833 1.000000
0.811946 1.000000
0.811966 1.000000
0.811976 1.000000
0.811997 1.000000
0.812017 1.000000
0.812058 1.000000
0.812130 1.000000
0.812151 1.000000
0.812171 1.000000
0.812212 1.000000
0.812243 1.000000
0.812294 1.000000
0.812315 1.000000
0.812366 1.000000
0.812387 1.000000
0.812407 1.000000
0.812438 1.000000
0.812499 1.000000
0.812551 1.000000
0.812592 1.000000
0.812612 1.000000
0.812622 1.000000
0.812643 1.000000
0.812653 1.000000
0.812674 1.000000
0.812715 1.000000
0.812776 1.000000
0.812807 1.000000
0.812868 1.000000
0.812899 1.000000
0.812910 1.000000
0.812930 1.000000
0.813043 1.000000
0.813063 1.000000
0.813074 1.000000
0.813094 1.000000
0.813135 1.000000
0.813156 1.000000
0.813186 1.000000
0.813197 1.000000
0.813258 1.000000
0.813268 1.000000
0.813289 1.000000
0.813299 1.000000
0.813422 1.000000
0.813443 1.000000
0.813463 1.000000
0.813494 1.000000
0.813525 1.000000
0.813545 1.000000
0.813576 1.000000
0.813597 1.000000
0.813607 1.000000
0.813638 1.000000
0.813658 1.000000
0.813689 1.000000
0.813730 1.000000
0.813750 1.000000
0.813771 1.000000
0.813812 1.000000
0.813843 1.000000
0.813884 1.000000
0.813945 1.000000
0.813976 1.000000
0.813986 1.000000
0.814007 1.000000
0.814017 1.000000
0.814048 1.000000
0.814068 1.000000
0.814078 1.000000
0.814099 1.000000
0.814109 1.000000
0.814130 1.000000
0.814160 1.000000
0.814181 1.000000
0.814201 1.000000
0.814232 1.000000
0.814263 1.000000
0.814284 1.000000
0.814325 1.000000
0.814345 1.000000
0.814386 1.000000
0.814417 1.000000
0.814427 1.000000
0.814489 1.000000
0.814499 1.000000
0.814519 1.000000
0.814560 1.000000
0.814591 1.000000
0.814612 1.000000
0.814653 1.000000
0.814673 1.000000
0.814683 1.000000
0.814724 1.000000
0.814765 1.000000
0.814796 1.000000
0.814806 1.000000
0.814837 1.000000
0.814847 1.000000
0.814868 1.000000
0.814888 1.000000
0.814919 1.000000
0.814930 1.000000
0.814950 1.000000
0.814981 1.000000
0.815001 1.000000
0.815032 1.000000
0.815114 1.000000
0.815135 1.000000
0.815237 1.000000
0.815258 1.000000
0.815360 1.000000
0.815381 1.000000
0.815422 1.000000
0.815442 1.000000
0.815473 1.000000
0.815524 1.000000
0.815555 1.000000
0.815586 1.000000
0.815596 1.000000
0.815627 1.000000
0.815647 1.000000
0.815709 1.000000
0.815729 1.000000
0.815750 1.000000
0.815791 1.000000
0.815873 1.000000
0.815893 1.000000
0.815904 1.000000
0.815924 1.000000
0.815965 1.000000
0.816006 1.000000
0.816037 1.000000
0.816057 1.000000
0.816088 1.000000
0.816109 1.000000
0.816150 1.000000
0.816180 1.000000
0.816201 1.000000
0.816211 1.000000
0.816232 1.000000
0.816242 1.000000
0.816304 1.000000
0.816314 1.000000
0.816355 1.000000
0.816375 1.000000
0.816396 1.000000
0.816427 1.000000
0.816457 1.000000
0.816478 1.000000
0.816509 1.000000
0.816550 1.000000
0.816632 1.000000
0.816642 1.000000
0.816662 1.000000
0.816693 1.000000
0.816703 1.000000
0.816724 1.000000
0.816734 1.000000
0.816755 1.000000
0.816765 1.000000
0.816826 1.000000
0.816878 1.000000
0.816929 1.000000
0.816960 1.000000
0.816980 1.000000
0.817093 1.000000
0.817124 1.000000
0.817175 1.000000
0.817196 1.000000
0.817226 1.000000
0.817278 1.000000
0.817298 1.000000
0.817308 1.000000
0.817339 1.000000
0.817370 1.000000
0.817390 1.000000
0.817462 1.000000
0.817483 1.000000
0.817493 1.000000
0.817513 1.000000
0.817565 1.000000
0.817585 1.000000
0.817616 1.000000
0.817657 1.000000
0.817698 1.000000
0.817729 1.000000
0.817749 1.000000
0.817770 1.000000
0.817811 1.000000
0.817821 1.000000
0.817852 1.000000
0.817872 1.000000
0.817934 1.000000
0.817954 1.000000
0.817995 1.000000
0.818016 1.000000
0.818036 1.000000
0.818057 1.000000
0.818067 1.000000
0.818098 1.000000
0.818149 1.000000
0.818170 1.000000
0.818231 1.000000
0.818252 1.000000
0.818282 1.000000
0.818324 1.000000
0.818365 1.000000
0.818385 1.000000
0.818406 1.000000
0.818457 1.000000
0.818488 1.000000
0.818508 1.000000
0.818518 1.000000
0.818559 1.000000
0.818580 1.000000
0.818600 1.000000
0.818621 1.000000
0.818631 1.000000
0.818652 1.000000
0.818672 1.000000
0.818693 1.000000
0.818713 1.000000
0.818734 1.000000
0.818795 1.000000
0.818836 1.000000
0.818918 1.000000
0.818939 1.000000
0.818949 1.000000
0.818990 1.000000
0.819011 1.000000
0.819031 1.000000
0.819052 1.000000
0.819072 1.000000
0.819093 1.000000
0.819113 1.000000
0.819123 1.000000
0.819144 1.000000
0.819164 1.000000
0.819195 1.000000
0.819287 1.000000
0.819308 1.000000
0.819421 1.000000
0.819441 1.000000
0.819451 1.000000
0.819472 1.000000
0.819626 1.000000
0.819646 1.000000
0.819687 1.000000
0.819728 1.000000
0.819769 1.000000
0.819790 1.000000
0.819821 1.000000
0.819882 1.000000
0.819923 1.000000
0.819933 1.000000
0.819954 1.000000
0.819964 1.000000
0.819985 1.000000
0.820005 1.000000
0.820026 1.000000
0.820056 1.000000
0.820097 1.000000
0.820128 1.000000
0.820169 1.000000
0.820190 1.000000
0.820210 1.000000
0.820251 1.000000
0.820282 1.000000
0.820302 1.000000
0.820395 1.000000
0.820415 1.000000
0.820426 1.000000
0.820467 1.000000
0.820497 1.000000
0.820518 1.000000
0.820538 1.000000
0.820579 1.000000
0.820620 1.000000
0.820641 1.000000
0.820672 1.000000
0.820702 1.000000
0.820805 1.000000
0.820846 1.000000
0.820877 1.000000
0.820948 1.000000
0.820979 1.000000
0.821000 1.000000
0.821020 1.000000
0.821051 1.000000
0.821072 1.000000
0.821123 1.000000
0.821143 1.000000
0.821154 1.000000
0.821205 1.000000
0.821236 1.000000
0.821297 1.000000
0.821307 1.000000
0.821338 1.000000
0.821359 1.000000
0.821389 1.000000
0.821420 1.000000
0.821471 1.000000
0.821492 1.000000
0.821502 1.000000
0.821533 1.000000
0.821574 1.000000
0.821605 1.000000
0.821625 1.000000
0.821666 1.000000
0.821779 1.000000
0.821800 1.000000
0.821851 1.000000
0.821882 1.000000
0.821902 1.000000
0.821912 1.000000
0.821974 1.000000
0.822097 1.000000
0.822169 1.000000
0.822189 1.000000
0.822261 1.000000
0.822281 1.000000
0.822322 1.000000
0.822333 1.000000
0.822363 1.000000
0.822415 1.000000
0.822435 1.000000
0.822466 1.000000
0.822497 1.000000
0.822517 1.000000
0.822548 1.000000
0.822569 1.000000
0.822579 1.000000
0.822620 1.000000
0.822651 1.000000
0.822671 1.000000
0.822722 1.000000
0.822763 1.000000
0.822866 1.000000
0.822927 1.000000
0.822938 1.000000
0.822958 1.000000
0.822989 1.000000
0.823009 1.000000
0.823020 1.000000
0.823061 1.000000
0.823071 1.000000
0.823092 1.000000
0.823112 1.000000
0.823153 1.000000
0.823163 1.000000
0.823194 1.000000
0.823215 1.000000
0.823235 1.000000
0.823245 1.000000
0.823276 1.000000
0.823307 1.000000
0.823338 1.000000
0.823348 1.000000
0.823379 1.000000
0.823440 1.000000
0.823491 1.000000
0.823512 1.000000
0.823532 1.000000
0.823553 1.000000
0.823563 1.000000
0.823584 1.000000
0.823604 1.000000
0.823645 1.000000
0.823666 1.000000
0.823707 1.000000
0.823738 1.000000
0.823799 1.000000
0.823871 1.000000
0.823891 1.000000
0.823922 1.000000
0.823943 1.000000
0.823953 1.000000
0.823973 1.000000
0.824004 1.000000
0.824045 1.000000
0.824076 1.000000
0.824096 1.000000
0.824158 1.000000
0.824178 1.000000
0.824199 1.000000
0.824219 1.000000
0.824230 1.000000
0.824250 1.000000
0.824312 1.000000
0.824332 1.000000
0.824353 1.000000
0.824373 1.000000
0.824404 1.000000
0.824445 1.000000
0.824455 1.000000
0.824476 1.000000
0.824507 1.000000
0.824527 1.000000
0.824589 1.000000
0.824609 1.000000
0.824671 1.000000
0.824691 1.000000
0.824896 1.000000
0.824917 1.000000
0.824958 1.000000
0.824978 1.000000
0.824988 1.000000
0.825009 1.000000
0.825029 1.000000
0.825050 1.000000
0.825091 1.000000
0.825112 1.000000
0.825183 1.000000
0.825204 1.000000
0.825306 1.000000
0.825337 1.000000
0.825347 1.000000
0.825368 1.000000
0.825388 1.000000
0.825409 1.000000
0.825419 1.000000
0.825440 1.000000
0.825470 1.000000
0.825491 1.000000
0.825532 1.000000
0.825552 1.000000
0.825583 1.000000
0.825624 1.000000
0.825655 1.000000
0.825716 1.000000
0.825737 1.000000
0.825788 1.000000
0.825829 1.000000
0.825860 1.000000
0.825870 1.000000
0.825891 1.000000
0.825901 1.000000
0.825922 1.000000
0.825942 1.000000
0.825963 1.000000
0.825983 1.000000
0.826004 1.000000
0.826024 1.000000
0.826045 1.000000
0.826065 1.000000
0.826086 1.000000
0.826106 1.000000
0.826168 1.000000
0.826188 1.000000
0.826209 1.000000
0.826219 1.000000
0.826239 1.000000
0.826311 1.000000
0.826332 1.000000
0.826352 1.000000
0.826373 1.000000
0.826465 1.000000
0.826486 1.000000
0.826527 1.000000
0.826547 1.000000
0.826588 1.000000
0.826609 1.000000
0.826701 1.000000
0.826721 1.000000
0.826752 1.000000
0.826793 1.000000
0.826824 1.000000
0.826855 1.000000
0.826875 1.000000
0.826896 1.000000
0.826916 1.000000
0.826957 1.000000
0.827039 1.000000
0.827142 1.000000
0.827162 1.000000
0.827203 1.000000
0.827244 1.000000
0.827265 1.000000
0.827326 1.000000
0.827378 1.000000
0.827419 1.000000
0.827449 1.000000
0.827480 1.000000
0.827501 1.000000
0.827511 1.000000
0.827531 1.000000
0.827593 1.000000
0.827613 1.000000
0.827624 1.000000
0.827665 1.000000
0.827685 1.000000
0.827706 1.000000
0.827736 1.000000
0.827747 1.000000
0.827767 1.000000
0.827798 1.000000
0.827819 1.000000
0.827829 1.000000
0.827849 1.000000
0.827870 1.000000
0.827890 1.000000
0.827901 1.000000
0.827931 1.000000
0.827952 1.000000
0.827983 1.000000
0.828065 1.000000
0.828116 1.000000
0.828147 1.000000
0.828198 1.000000
0.828229 1.000000
0.828249 1.000000
0.828280 1.000000
0.828321 1.000000
0.828423 1.000000
0.828444 1.000000
0.828485 1.000000
0.828516 1.000000
0.828536 1.000000
0.828557 1.000000
0.828577 1.000000
0.828598 1.000000
0.828608 1.000000
0.828649 1.000000
0.828680 1.000000
0.828690 1.000000
0.828752 1.000000
0.828793 1.000000
0.828813 1.000000
0.828834 1.000000
0.828854 1.000000
0.828875 1.000000
0.828916 1.000000
0.828936 1.000000
0.828967 1.000000
0.828987 1.000000
0.829028 1.000000
0.829059 1.000000
0.829100 1.000000
0.829131 1.000000
0.829151 1.000000
0.829203 1.000000
0.829223 1.000000
0.829244 1.000000
0.829264 1.000000
0.829275 1.000000
0.829295 1.000000
0.829336 1.000000
0.829357 1.000000
0.829387 1.000000
0.829408 1.000000
0.829418 1.000000
0.829439 1.000000
0.829449 1.000000
0.829469 1.000000
0.829685 1.000000
0.829705 1.000000
0.829726 1.000000
0.829746 1.000000
0.829756 1.000000
0.829818 1.000000
0.829839 1.000000
0.829859 1.000000
0.829931 1.000000
0.829951 1.000000
0.830023 1.000000
0.830044 1.000000
0.830085 1.000000
0.830105 1.000000
0.830136 1.000000
0.830156 1.000000
0.830177 1.000000
0.830197 1.000000
0.830228 1.000000
0.830249 1.000000
0.830279 1.000000
0.830300 1.000000
0.830320 1.000000
0.830331 1.000000
0.830351 1.000000
0.830443 1.000000
0.830464 1.000000
0.830546 1.000000
0.830577 1.000000
0.830618 1.000000
0.830638 1.000000
0.830669 1.000000
0.830690 1.000000
0.830720 1.000000
0.830761 1.000000
0.830802 1.000000
0.830813 1.000000
0.830833 1.000000
0.830864 1.000000
0.830905 1.000000
0.830946 1.000000
0.831018 1.000000
0.831048 1.000000
0.831079 1.000000
0.831110 1.000000
0.831120 1.000000
0.831141 1.000000
0.831151 1.000000
0.831171 1.000000
0.831202 1.000000
0.831223 1.000000
0.831243 1.000000
0.831264 1.000000
0.831325 1.000000
0.831366 1.000000
0.831387 1.000000
0.831418 1.000000
0.831469 1.000000
0.831489 1.000000
0.831571 1.000000
0.831592 1.000000
0.831612 1.000000
0.831653 1.000000
0.831705 1.000000
0.831725 1.000000
0.831756 1.000000
0.831797 1.000000
0.831807 1.000000
0.831838 1.000000
0.831858 1.000000
0.831910 1.000000
0.831930 1.000000
0.831941 1.000000
0.831961 1.000000
0.831992 1.000000
0.832012 1.000000
0.832053 1.000000
0.832074 1.000000
0.832084 1.000000
0.832105 1.000000
0.832135 1.000000
0.832176 1.000000
0.832187 1.000000
0.832207 1.000000
0.832248 1.000000
0.832269 1.000000
0.832310 1.000000
0.832351 1.000000
0.832361 1.000000
0.832402 1.000000
0.832474 1.000000
0.832494 1.000000
0.832504 1.000000
0.832525 1.000000
0.832535 1.000000
0.832556 1.000000
0.832617 1.000000
0.832638 1.000000
0.832648 1.000000
0.832679 1.000000
0.832720 1.000000
0.832740 1.000000
0.832781 1.000000
0.832802 1.000000
0.832853 1.000000
0.832884 1.000000
0.832894 1.000000
0.832915 1.000000
0.832956 1.000000
0.832976 1.000000
0.832997 1.000000
0.833068 1.000000
0.833109 1.000000
0.833274 1.000000
0.833294 1.000000
0.833304 1.000000
0.833325 1.000000
0.833356 1.000000
0.833376 1.000000
0.833397 1.000000
0.833438 1.000000
0.833448 1.000000
0.833509 1.000000
0.833550 1.000000
0.833591 1.000000
0.833622 1.000000
0.833643 1.000000
0.833673 1.000000
0.833704 1.000000
0.833745 1.000000
0.833755 1.000000
0.833796 1.000000
0.833817 1.000000
0.833848 1.000000
0.833858 1.000000
0.833878 1.000000
0.833889 1.000000
0.833909 1.000000
0.833950 1.000000
0.833971 1.000000
0.833981 1.000000
0.834002 1.000000
0.834053 1.000000
0.834084 1.000000
0.834094 1.000000
0.834114 1.000000
0.834155 1.000000
0.834186 1.000000
0.834248 1.000000
0.834289 1.000000
0.834309 1.000000
0.834319 1.000000
0.834340 1.000000
0.834371 1.000000
0.834412 1.000000
0.834422 1.000000
0.834442 1.000000
0.834473 1.000000
0.834494 1.000000
0.834514 1.000000
0.834535 1.000000
0.834545 1.000000
0.834565 1.000000
0.834596 1.000000
0.834617 1.000000
0.834648 1.000000
0.834668 1.000000
0.834678 1.000000
0.834699 1.000000
0.834719 1.000000
0.834740 1.000000
0.834750 1.000000
0.834781 1.000000
0.834822 1.000000
0.834853 1.000000
0.834873 1.000000
0.834914 1.000000
0.834935 1.000000
0.834996 1.000000
0.835017 1.000000
0.835037 1.000000
0.835058 1.000000
0.835140 1.000000
0.835181 1.000000
0.835211 1.000000
0.835232 1.000000
0.835273 1.000000
0.835294 1.000000
0.835324 1.000000
0.835345 1.000000
0.835386 1.000000
0.835406 1.000000
0.835417 1.000000
0.835437 1.000000
0.835468 1.000000
0.835499 1.000000
0.835560 1.000000
0.835581 1.000000
0.835591 1.000000
0.835632 1.000000
0.835642 1.000000
0.835683 1.000000
0.835693 1.000000
0.835724 1.000000
0.835734 1.000000
0.835755 1.000000
0.835765 1.000000
0.835847 1.000000
0.835868 1.000000
0.835909 1.000000
0.835929 1.000000
0.835960 1.000000
0.835970 1.000000
0.836011 1.000000
0.836032 1.000000
0.836052 1.000000
0.836104 1.000000
0.836124 1.000000
0.836175 1.000000
0.836196 1.000000
0.836206 1.000000
0.836227 1.000000
0.836237 1.000000
0.836268 1.000000
0.836288 1.000000
0.836309 1.000000
0.836329 1.000000
0.836350 1.000000
0.836421 1.000000
0.836442 1.000000
0.836473 1.000000
0.836503 1.000000
0.836534 1.000000
0.836555 1.000000
0.836585 1.000000
0.836678 1.000000
0.836719 1.000000
0.836750 1.000000
0.836770 1.000000
0.836832 1.000000
0.836852 1.000000
0.836862 1.000000
0.836883 1.000000
0.836934 1.000000
0.836975 1.000000
0.837016 1.000000
0.837057 1.000000
0.837067 1.000000
0.837108 1.000000
0.837180 1.000000
0.837211 1.000000
0.837231 1.000000
0.837252 1.000000
0.837262 1.000000
0.837303 1.000000
0.837344 1.000000
0.837385 1.000000
0.837447 1.000000
0.837467 1.000000
0.837498 1.000000
0.837529 1.000000
0.837560 1.000000
0.837601 1.000000
0.837621 1.000000
0.837642 1.000000
0.837672 1.000000
0.837683 1.000000
0.837703 1.000000
0.837724 1.000000
0.837744 1.000000
0.837754 1.000000
0.837836 1.000000
0.837847 1.000000
0.837867 1.000000
0.837888 1.000000
0.837929 1.000000
0.837980 1.000000
0.838011 1.000000
0.838042 1.000000
0.838083 1.000000
0.838113 1.000000
0.838154 1.000000
0.838195 1.000000
0.838206 1.000000
0.838226 1.000000
0.838247 1.000000
0.838288 1.000000
0.838298 1.000000
0.838359 1.000000
0.838370 1.000000
0.838411 1.000000
0.838431 1.000000
0.838472 1.000000
0.838482 1.000000
0.838503 1.000000
0.838544 1.000000
0.838564 1.000000
0.838616 1.000000
0.838636 1.000000
0.838677 1.000000
0.838698 1.000000
0.838739 1.000000
0.838759 1.000000
0.838790 1.000000
0.838821 1.000000
0.838852 1.000000
0.838872 1.000000
0.838882 1.000000
0.838944 1.000000
0.838985 1.000000
0.839036 1.000000
0.839057 1.000000
0.839098 1.000000
0.839118 1.000000
0.839128 1.000000
0.839149 1.000000
0.839159 1.000000
0.839180 1.000000
0.839221 1.000000
0.839282 1.000000
0.839344 1.000000
0.839375 1.000000
0.839436 1.000000
0.839457 1.000000
0.839487 1.000000
0.839580 1.000000
0.839621 1.000000
0.839641 1.000000
0.839682 1.000000
0.839692 1.000000
0.839723 1.000000
0.839733 1.000000
0.839754 1.000000
0.839774 1.000000
0.839795 1.000000
0.839815 1.000000
0.839846 1.000000
0.839867 1.000000
0.839938 1.000000
0.839969 1.000000
0.839990 1.000000
0.840031 1.000000
0.840062 1.000000
0.840072 1.000000
0.840092 1.000000
0.840113 1.000000
0.840133 1.000000
0.840154 1.000000
0.840174 1.000000
0.840185 1.000000
0.840205 1.000000
0.840256 1.000000
0.840277 1.000000
0.840318 1.000000
0.840328 1.000000
0.840359 1.000000
0.840400 1.000000
0.840420 1.000000
0.840564 1.000000
0.840595 1.000000
0.840697 1.000000
0.840718 1.000000
0.840749 1.000000
0.840790 1.000000
0.840800 1.000000
0.840820 1.000000
0.840831 1.000000
0.840851 1.000000
0.840913 1.000000
0.840933 1.000000
0.840995 1.000000
0.841015 1.000000
0.841077 1.000000
0.841138 1.000000
0.841148 1.000000
0.841179 1.000000
0.841189 1.000000
0.841220 1.000000
0.841241 1.000000
0.841343 1.000000
0.841374 1.000000
0.841395 1.000000
0.841405 1.000000
0.841436 1.000000
0.841446 1.000000
0.841466 1.000000
0.841507 1.000000
0.841538 1.000000
0.841559 1.000000
0.841610 1.000000
0.841630 1.000000
0.841671 1.000000
0.841692 1.000000
0.841733 1.000000
0.841753 1.000000
0.841774 1.000000
0.841805 1.000000
0.841825 1.000000
0.841846 1.000000
0.841866 1.000000
0.841917 1.000000
0.841958 1.000000
0.841969 1.000000
0.841999 1.000000
0.842010 1.000000
0.842030 1.000000
0.842061 1.000000
0.842082 1.000000
0.842133 1.000000
0.842153 1.000000
0.842164 1.000000
0.842184 1.000000
0.842194 1.000000
0.842215 1.000000
0.842246 1.000000
0.842276 1.000000
0.842287 1.000000
0.842307 1.000000
0.842338 1.000000
0.842420 1.000000
0.842451 1.000000
0.842481 1.000000
0.842543 1.000000
0.842615 1.000000
0.842645 1.000000
0.842717 1.000000
0.842738 1.000000
0.842758 1.000000
0.842779 1.000000
0.842892 1.000000
0.842912 1.000000
0.842933 1.000000
0.842953 1.000000
0.842963 1.000000
0.842994 1.000000
0.843004 1.000000
0.843035 1.000000
0.843056 1.000000
0.843076 1.000000
0.843107 1.000000
0.843138 1.000000
0.843189 1.000000
0.843209 1.000000
0.843240 1.000000
0.843261 1.000000
0.843322 1.000000
0.843373 1.000000
0.843394 1.000000
0.843456 1.000000
0.843476 1.000000
0.843486 1.000000
0.843517 1.000000
0.843620 1.000000
0.843640 1.000000
0.843671 1.000000
0.843712 1.000000
0.843722 1.000000
0.843743 1.000000
0.843794 1.000000
0.843835 1.000000
0.843845 1.000000
0.843866 1.000000
0.843876 1.000000
0.843896 1.000000
0.843907 1.000000
0.843968 1.000000
0.843989 1.000000
0.844030 1.000000
0.844060 1.000000
0.844122 1.000000
0.844153 1.000000
0.844173 1.000000
0.844204 1.000000
0.844214 1.000000
0.844235 1.000000
0.844255 1.000000
0.844286 1.000000
0.844307 1.000000
0.844327 1.000000
0.844348 1.000000
0.844368 1.000000
0.844419 1.000000
0.844450 1.000000
0.844460 1.000000
0.844522 1.000000
0.844542 1.000000
0.844573 1.000000
0.844594 1.000000
0.844624 1.000000
0.844645 1.000000
0.844686 1.000000
0.844706 1.000000
0.844737 1.000000
0.844758 1.000000
0.844901 1.000000
0.844922 1.000000
0.844932 1.000000
0.844973 1.000000
0.845004 1.000000
0.845035 1.000000
0.845055 1.000000
0.845117 1.000000
0.845158 1.000000
0.845168 1.000000
0.845199 1.000000
0.845209 1.000000
0.845250 1.000000
0.845270 1.000000
0.845291 1.000000
0.845322 1.000000
0.845342 1.000000
0.845352 1.000000
0.845383 1.000000
0.845435 1.000000
0.845486 1.000000
0.845517 1.000000
0.845558 1.000000
0.845578 1.000000
0.845609 1.000000
0.845670 1.000000
0.845691 1.000000
0.845722 1.000000
0.845742 1.000000
0.845875 1.000000
0.845957 1.000000
0.845968 1.000000
0.846009 1.000000
0.846050 1.000000
0.846080 1.000000
0.846101 1.000000
0.846122 1.000000
0.846183 1.000000
0.846234 1.000000
0.846255 1.000000
0.846265 1.000000
0.846306 1.000000
0.846327 1.000000
0.846347 1.000000
0.846368 1.000000
0.846388 1.000000
0.846398 1.000000
0.846419 1.000000
0.846450 1.000000
0.846491 1.000000
0.846511 1.000000
0.846552 1.000000
0.846573 1.000000
0.846614 1.000000
0.846634 1.000000
0.846665 1.000000
0.846685 1.000000
0.846726 1.000000
0.846747 1.000000
0.846839 1.000000
0.846870 1.000000
0.846880 1.000000
0.846942 1.000000
0.846962 1.000000
0.846983 1.000000
0.847065 1.000000
0.847085 1.000000
0.847096 1.000000
0.847137 1.000000
0.847167 1.000000
0.847188 1.000000
0.847208 1.000000
0.847219 1.000000
0.847270 1.000000
0.847280 1.000000
0.847321 1.000000
0.847352 1.000000
0.847362 1.000000
0.847403 1.000000
0.847413 1.000000
0.847434 1.000000
0.847465 1.000000
0.847496 1.000000
0.847506 1.000000
0.847526 1.000000
0.847578 1.000000
0.847598 1.000000
0.847680 1.000000
0.847701 1.000000
0.847721 1.000000
0.847742 1.000000
0.847762 1.000000
0.847783 1.000000
0.847824 1.000000
0.847844 1.000000
0.847865 1.000000
0.847885 1.000000
0.847895 1.000000
0.847936 1.000000
0.847977 1.000000
0.847998 1.000000
0.848029 1.000000
0.848049 1.000000
0.848090 1.000000
0.848152 1.000000
0.848183 1.000000
0.848244 1.000000
0.848285 1.000000
0.848326 1.000000
0.848367 1.000000
0.848377 1.000000
0.848418 1.000000
0.848480 1.000000
0.848500 1.000000
0.848552 1.000000
0.848572 1.000000
0.848603 1.000000
0.848623 1.000000
0.848654 1.000000
0.848685 1.000000
0.848705 1.000000
0.848716 1.000000
0.848777 1.000000
0.848787 1.000000
0.848808 1.000000
0.848849 1.000000
0.848870 1.000000
0.848880 1.000000
0.848900 1.000000
0.848941 1.000000
0.848962 1.000000
0.849023 1.000000
0.849044 1.000000
0.849054 1.000000
0.849116 1.000000
0.849167 1.000000
0.849198 1.000000
0.849239 1.000000
0.849321 1.000000
0.849341 1.000000
0.849362 1.000000
0.849372 1.000000
0.849392 1.000000
0.849423 1.000000
0.849444 1.000000
0.849474 1.000000
0.849495 1.000000
0.849526 1.000000
0.849557 1.000000
0.849618 1.000000
0.849639 1.000000
0.849659 1.000000
0.849700 1.000000
0.849721 1.000000
0.849731 1.000000
0.849762 1.000000
0.849782 1.000000
0.849803 1.000000
0.849823 1.000000
0.849844 1.000000
0.849874 1.000000
0.849895 1.000000
0.849905 1.000000
0.849926 1.000000
0.849936 1.000000
0.849987 1.000000
0.850018 1.000000
0.850038 1.000000
0.850079 1.000000
0.850120 1.000000
0.850131 1.000000
0.850151 1.000000
0.850161 1.000000
0.850223 1.000000
0.850305 1.000000
0.850326 1.000000
0.850356 1.000000
0.850377 1.000000
0.850387 1.000000
0.850408 1.000000
0.850418 1.000000
0.850449 1.000000
0.850469 1.000000
0.850500 1.000000
0.850510 1.000000
0.850541 1.000000
0.850561 1.000000
0.850582 1.000000
0.850654 1.000000
0.850695 1.000000
0.850725 1.000000
0.850766 1.000000
0.850777 1.000000
0.850797 1.000000
0.850849 1.000000
0.850869 1.000000
0.850910 1.000000
0.850931 1.000000
0.851033 1.000000
0.851054 1.000000
0.851074 1.000000
0.851105 1.000000
0.851115 1.000000
0.851136 1.000000
0.851146 1.000000
0.851166 1.000000
0.851228 1.000000
0.851248 1.000000
0.851269 1.000000
0.851300 1.000000
0.851310 1.000000
0.851330 1.000000
0.851464 1.000000
0.851494 1.000000
0.851505 1.000000
0.851525 1.000000
0.851638 1.000000
0.851700 1.000000
0.851710 1.000000
0.851730 1.000000
0.851761 1.000000
0.851782 1.000000
0.851802 1.000000
0.851853 1.000000
0.851874 1.000000
0.851946 1.000000
0.851966 1.000000
0.851976 1.000000
0.851997 1.000000
0.852089 1.000000
0.852120 1.000000
0.852130 1.000000
0.852151 1.000000
0.852233 1.000000
0.852264 1.000000
0.852294 1.000000
0.852315 1.000000
0.852325 1.000000
0.852387 1.000000
0.852489 1.000000
0.852510 1.000000
0.852530 1.000000
0.852551 1.000000
0.852571 1.000000
0.852592 1.000000
0.852653 1.000000
0.852684 1.000000
0.852735 1.000000
0.852776 1.000000
0.852797 1.000000
0.852817 1.000000
0.852930 1.000000
0.852971 1.000000
0.852992 1.000000
0.853033 1.000000
0.853084 1.000000
0.853104 1.000000
0.853125 1.000000
0.853145 1.000000
0.853197 1.000000
0.853391 1.000000
0.853412 1.000000
0.853432 1.000000
0.853453 1.000000
0.853504 1.000000
0.853535 1.000000
0.853566 1.000000
0.853586 1.000000
0.853607 1.000000
0.853627 1.000000
0.853648 1.000000
0.853658 1.000000
0.853679 1.000000
0.853689 1.000000
0.853740 1.000000
0.853802 1.000000
0.853822 1.000000
0.853843 1.000000
0.853873 1.000000
0.853884 1.000000
0.853904 1.000000
0.853925 1.000000
0.853945 1.000000
0.853986 1.000000
0.854007 1.000000
0.854099 1.000000
0.854119 1.000000
0.854140 1.000000
0.854201 1.000000
0.854243 1.000000
0.854263 1.000000
0.854325 1.000000
0.854355 1.000000
0.854376 1.000000
0.854396 1.000000
0.854407 1.000000
0.854427 1.000000
0.854448 1.000000
0.854468 1.000000
0.854499 1.000000
0.854519 1.000000
0.854540 1.000000
0.854622 1.000000
0.854642 1.000000
0.854673 1.000000
0.854704 1.000000
0.854714 1.000000
0.854735 1.000000
0.854755 1.000000
0.854776 1.000000
0.854847 1.000000
0.854888 1.000000
0.854919 1.000000
0.854930 1.000000
0.854971 1.000000
0.855053 1.000000
0.855073 1.000000
0.855094 1.000000
0.855114 1.000000
0.855135 1.000000
0.855165 1.000000
0.855186 1.000000
0.855217 1.000000
0.855319 1.000000
0.855340 1.000000
0.855401 1.000000
0.855422 1.000000
0.855442 1.000000
0.855463 1.000000
0.855473 1.000000
0.855514 1.000000
0.855524 1.000000
0.855545 1.000000
0.855555 1.000000
0.855586 1.000000
0.855596 1.000000
0.855617 1.000000
0.855668 1.000000
0.855729 1.000000
0.855740 1.000000
0.855760 1.000000
0.855781 1.000000
0.855801 1.000000
0.855852 1.000000
0.855883 1.000000
0.855924 1.000000
0.855955 1.000000
0.855975 1.000000
0.855996 1.000000
0.856016 1.000000
0.856037 1.000000
0.856057 1.000000
0.856078 1.000000
0.856109 1.000000
0.856129 1.000000
0.856139 1.000000
0.856160 1.000000
0.856191 1.000000
0.856211 1.000000
0.856252 1.000000
0.856273 1.000000
0.856283 1.000000
0.856304 1.000000
0.856334 1.000000
0.856355 1.000000
0.856416 1.000000
0.856437 1.000000
0.856468 1.000000
0.856488 1.000000
0.856570 1.000000
0.856591 1.000000
0.856662 1.000000
0.856703 1.000000
0.856734 1.000000
0.856765 1.000000
0.856806 1.000000
0.856837 1.000000
0.856857 1.000000
0.856878 1.000000
0.856898 1.000000
0.856919 1.000000
0.856939 1.000000
0.856991 1.000000
0.857011 1.000000
0.857093 1.000000
0.857114 1.000000
0.857134 1.000000
0.857165 1.000000
0.857175 1.000000
0.857196 1.000000
0.857206 1.000000
0.857247 1.000000
0.857288 1.000000
0.857308 1.000000
0.857401 1.000000
0.857462 1.000000
0.857483 1.000000
0.857544 1.000000
0.857606 1.000000
0.857626 1.000000
0.857667 1.000000
0.857688 1.000000
0.857719 1.000000
0.857749 1.000000
0.857770 1.000000
0.857780 1.000000
0.857801 1.000000
0.857831 1.000000
0.857862 1.000000
0.857883 1.000000
0.857944 1.000000
0.857965 1.000000
0.857975 1.000000
0.857995 1.000000
0.858098 1.000000
0.858118 1.000000
0.858159 1.000000
0.858180 1.000000
0.858190 1.000000
0.858211 1.000000
0.858272 1.000000
0.858293 1.000000
0.858324 1.000000
0.858365 1.000000
0.858416 1.000000
0.858436 1.000000
0.858467 1.000000
0.858477 1.000000
0.858508 1.000000
0.858570 1.000000
0.858590 1.000000
0.858611 1.000000
0.858631 1.000000
0.858641 1.000000
0.858662 1.000000
0.858744 1.000000
0.858764 1.000000
0.858836 1.000000
0.858877 1.000000
0.858959 1.000000
0.859021 1.000000
0.859031 1.000000
0.859062 1.000000
0.859134 1.000000
0.859164 1.000000
0.859175 1.000000
0.859195 1.000000
0.859216 1.000000
0.859236 1.000000
0.859257 1.000000
0.859277 1.000000
0.859318 1.000000
0.859349 1.000000
0.859369 1.000000
0.859410 1.000000
0.859677 1.000000
0.859698 1.000000
0.859728 1.000000
0.859749 1.000000
0.859790 1.000000
0.859821 1.000000
0.859841 1.000000
0.859872 1.000000
0.859954 1.000000
0.859985 1.000000
0.860005 1.000000
0.860036 1.000000
0.860077 1.000000
0.860087 1.000000
0.860118 1.000000
0.860190 1.000000
0.860210 1.000000
0.860323 1.000000
0.860354 1.000000
0.860395 1.000000
0.860436 1.000000
0.860569 1.000000
0.860610 1.000000
0.860631 1.000000
0.860672 1.000000
0.860682 1.000000
0.860723 1.000000
0.860733 1.000000
0.860774 1.000000
0.860795 1.000000
0.860825 1.000000
0.860846 1.000000
0.860877 1.000000
0.860948 1.000000
0.860969 1.000000
0.861010 1.000000
0.861031 1.000000
0.861061 1.000000
0.861072 1.000000
0.861092 1.000000
0.861113 1.000000
0.861164 1.000000
0.861246 1.000000
0.861266 1.000000
0.861297 1.000000
0.861318 1.000000
0.861369 1.000000
0.861410 1.000000
0.861451 1.000000
0.861471 1.000000
0.861533 1.000000
0.861553 1.000000
0.861584 1.000000
0.861605 1.000000
0.861615 1.000000
0.861635 1.000000
0.861759 1.000000
0.861800 1.000000
0.861820 1.000000
0.861841 1.000000
0.861953 1.000000
0.861974 1.000000
0.861984 1.000000
0.862005 1.000000
0.862025 1.000000
0.862056 1.000000
0.862066 1.000000
0.862087 1.000000
0.862107 1.000000
0.862128 1.000000
0.862158 1.000000
0.862179 1.000000
0.862189 1.000000
0.862210 1.000000
0.862240 1.000000
0.862261 1.000000
0.862292 1.000000
0.862322 1.000000
0.862343 1.000000
0.862384 1.000000
0.862405 1.000000
0.862435 1.000000
0.862456 1.000000
0.862466 1.000000
0.862487 1.000000
0.862517 1.000000
0.862569 1.000000
0.862589 1.000000
0.862640 1.000000
0.862692 1.000000
0.862753 1.000000
0.862774 1.000000
0.862784 1.000000
0.862804 1.000000
0.862835 1.000000
0.862856 1.000000
0.862876 1.000000
0.862897 1.000000
0.862907 1.000000
0.862927 1.000000
0.862938 1.000000
0.862979 1.000000
0.863009 1.000000
0.863050 1.000000
0.863071 1.000000
0.863092 1.000000
0.863112 1.000000
0.863122 1.000000
0.863143 1.000000
0.863184 1.000000
0.863204 1.000000
0.863235 1.000000
0.863256 1.000000
0.863286 1.000000
0.863307 1.000000
0.863409 1.000000
0.863440 1.000000
0.863491 1.000000
0.863522 1.000000
0.863532 1.000000
0.863573 1.000000
0.863635 1.000000
0.863655 1.000000
0.863666 1.000000
0.863696 1.000000
0.863707 1.000000
0.863748 1.000000
0.863768 1.000000
0.863799 1.000000
0.863820 1.000000
0.863840 1.000000
0.863871 1.000000
0.863912 1.000000
0.864004 1.000000
0.864066 1.000000
0.864086 1.000000
0.864107 1.000000
0.864127 1.000000
0.864158 1.000000
0.864178 1.000000
0.864271 1.000000
0.864291 1.000000
0.864342 1.000000
0.864404 1.000000
0.864425 1.000000
0.864445 1.000000
0.864507 1.000000
0.864527 1.000000
0.864548 1.000000
0.864568 1.000000
0.864578 1.000000
0.864619 1.000000
0.864681 1.000000
0.864701 1.000000
0.864712 1.000000
0.864732 1.000000
0.864753 1.000000
0.864773 1.000000
0.864794 1.000000
0.864814 1.000000
0.864835 1.000000
0.864896 1.000000
0.864917 1.000000
0.864999 1.000000
0.865019 1.000000
0.865040 1.000000
0.865060 1.000000
0.865091 1.000000
0.865112 1.000000
0.865142 1.000000
0.865173 1.000000
0.865194 1.000000
0.865204 1.000000
0.865265 1.000000
0.865276 1.000000
0.865296 1.000000
0.865358 1.000000
0.865409 1.000000
0.865450 1.000000
0.865542 1.000000
0.865573 1.000000
0.865604 1.000000
0.865624 1.000000
0.865645 1.000000
0.865655 1.000000
0.865675 1.000000
0.865727 1.000000
0.865778 1.000000
0.865788 1.000000
0.865809 1.000000
0.865860 1.000000
0.865881 1.000000
0.865952 1.000000
0.865973 1.000000
0.866014 1.000000
0.866045 1.000000
0.866055 1.000000
0.866075 1.000000
0.866086 1.000000
0.866106 1.000000
0.866116 1.000000
0.866137 1.000000
0.866157 1.000000
0.866178 1.000000
0.866188 1.000000
0.866209 1.000000
0.866219 1.000000
0.866239 1.000000
0.866321 1.000000
0.866352 1.000000
0.866403 1.000000
0.866445 1.000000
0.866475 1.000000
0.866557 1.000000
0.866598 1.000000
0.866629 1.000000
0.866691 1.000000
0.866701 1.000000
0.866721 1.000000
0.866732 1.000000
0.866773 1.000000
0.866824 1.000000
0.866844 1.000000
0.866865 1.000000
0.866885 1.000000
0.866926 1.000000
0.866947 1.000000
0.866957 1.000000
0.866978 1.000000
0.867080 1.000000
0.867101 1.000000
0.867132 1.000000
0.867152 1.000000
0.867173 1.000000
0.867244 1.000000
0.867285 1.000000
0.867296 1.000000
0.867337 1.000000
0.867367 1.000000
0.867408 1.000000
0.867419 1.000000
0.867439 1.000000
0.867449 1.000000
0.867490 1.000000
0.867583 1.000000
0.867603 1.000000
0.867624 1.000000
0.867644 1.000000
0.867685 1.000000
0.867706 1.000000
0.867736 1.000000
0.867777 1.000000
0.867798 1.000000
0.867839 1.000000
0.867880 1.000000
0.867942 1.000000
0.868085 1.000000
0.868106 1.000000
0.868177 1.000000
0.868208 1.000000
0.868218 1.000000
0.868280 1.000000
0.868300 1.000000
0.868382 1.000000
0.868403 1.000000
0.868413 1.000000
0.868434 1.000000
0.868464 1.000000
0.868495 1.000000
0.868516 1.000000
0.868547 1.000000
0.868567 1.000000
0.868588 1.000000
0.868608 1.000000
0.868731 1.000000
0.868752 1.000000
0.868772 1.000000
0.868803 1.000000
0.868823 1.000000
0.868844 1.000000
0.868864 1.000000
0.868905 1.000000
0.868916 1.000000
0.868936 1.000000
0.868998 1.000000
0.869018 1.000000
0.869141 1.000000
0.869162 1.000000
0.869234 1.000000
0.869275 1.000000
0.869295 1.000000
0.869326 1.000000
0.869367 1.000000
0.869408 1.000000
0.869449 1.000000
0.869541 1.000000
0.869572 1.000000
0.869685 1.000000
0.869705 1.000000
0.869756 1.000000
0.869797 1.000000
0.869818 1.000000
0.869839 1.000000
0.869849 1.000000
0.869890 1.000000
0.869900 1.000000
0.869921 1.000000
0.869931 1.000000
0.869951 1.000000
0.869972 1.000000
0.869992 1.000000
0.870033 1.000000
0.870074 1.000000
0.870085 1.000000
0.870105 1.000000
0.870126 1.000000
0.870146 1.000000
0.870177 1.000000
0.870187 1.000000
0.870208 1.000000
0.870238 1.000000
0.870382 1.000000
0.870402 1.000000
0.870464 1.000000
0.870484 1.000000
0.870495 1.000000
0.870515 1.000000
0.870536 1.000000
0.870556 1.000000
0.870567 1.000000
0.870597 1.000000
0.870608 1.000000
0.870628 1.000000
0.870659 1.000000
0.870690 1.000000
0.870710 1.000000
0.870731 1.000000
0.870792 1.000000
0.870813 1.000000
0.870936 1.000000
0.870956 1.000000
0.870966 1.000000
0.870987 1.000000
0.871028 1.000000
0.871069 1.000000
0.871120 1.000000
0.871141 1.000000
0.871151 1.000000
0.871171 1.000000
0.871213 1.000000
0.871254 1.000000
0.871264 1.000000
0.871284 1.000000
0.871315 1.000000
0.871336 1.000000
0.871428 1.000000
0.871448 1.000000
0.871459 1.000000
0.871479 1.000000
0.871520 1.000000
0.871541 1.000000
0.871551 1.000000
0.871582 1.000000
0.871592 1.000000
0.871633 1.000000
0.871643 1.000000
0.871664 1.000000
0.871684 1.000000
0.871705 1.000000
0.871725 1.000000
0.871746 1.000000
0.871766 1.000000
0.871787 1.000000
0.871848 1.000000
0.871869 1.000000
0.871889 1.000000
0.871910 1.000000
0.871982 1.000000
0.872023 1.000000
0.872053 1.000000
0.872074 1.000000
0.872094 1.000000
0.872115 1.000000
0.872187 1.000000
0.872228 1.000000
0.872238 1.000000
0.872279 1.000000
0.872289 1.000000
0.872320 1.000000
0.872392 1.000000
0.872412 1.000000
0.872463 1.000000
0.872484 1.000000
0.872535 1.000000
0.872576 1.000000
0.872689 1.000000
0.872720 1.000000
0.872822 1.000000
0.872884 1.000000
0.872915 1.000000
0.872945 1.000000
0.872986 1.000000
0.873007 1.000000
0.873027 1.000000
0.873058 1.000000
0.873089 1.000000
0.873130 1.000000
0.873150 1.000000
0.873191 1.000000
0.873212 1.000000
0.873304 1.000000
0.873345 1.000000
0.873366 1.000000
0.873386 1.000000
0.873458 1.000000
0.873499 1.000000
0.873561 1.000000
0.873602 1.000000
0.873622 1.000000
0.873632 1.000000
0.873653 1.000000
0.873673 1.000000
0.873694 1.000000
0.873725 1.000000
0.873735 1.000000
0.873766 1.000000
0.873827 1.000000
0.873848 1.000000
0.873868 1.000000
0.873889 1.000000
0.873909 1.000000
0.873930 1.000000
0.873961 1.000000
0.873981 1.000000
0.873991 1.000000
0.874022 1.000000
0.874043 1.000000
0.874063 1.000000
0.874084 1.000000
0.874104 1.000000
0.874125 1.000000
0.874145 1.000000
0.874186 1.000000
0.874217 1.000000
0.874278 1.000000
0.874350 1.000000
0.874371 1.000000
0.874453 1.000000
0.874483 1.000000
0.874555 1.000000
0.874596 1.000000
0.874658 1.000000
0.874678 1.000000
0.874699 1.000000
0.874719 1.000000
0.874760 1.000000
0.874781 1.000000
0.874812 1.000000
0.874842 1.000000
0.874863 1.000000
0.874894 1.000000
0.874914 1.000000
0.874955 1.000000
0.874986 1.000000
0.875006 1.000000
0.875047 1.000000
0.875058 1.000000
0.875078 1.000000
0.875088 1.000000
0.875129 1.000000
0.875222 1.000000
0.875263 1.000000
0.875314 1.000000
0.875335 1.000000
0.875396 1.000000
0.875417 1.000000
0.875437 1.000000
0.875458 1.000000
0.875488 1.000000
0.875529 1.000000
0.875570 1.000000
0.875601 1.000000
0.875673 1.000000
0.875704 1.000000
0.875755 1.000000
0.875775 1.000000
0.875786 1.000000
0.875806 1.000000
0.875816 1.000000
0.875919 1.000000
0.875929 1.000000
0.875991 1.000000
0.876073 1.000000
0.876093 1.000000
0.876104 1.000000
0.876124 1.000000
0.876175 1.000000
0.876206 1.000000
0.876247 1.000000
0.876268 1.000000
0.876278 1.000000
0.876298 1.000000
0.876339 1.000000
0.876380 1.000000
0.876411 1.000000
0.876452 1.000000
0.876462 1.000000
0.876483 1.000000
0.876503 1.000000
0.876524 1.000000
0.876555 1.000000
0.876575 1.000000
0.876585 1.000000
0.876606 1.000000
0.876657 1.000000
0.876709 1.000000
0.876729 1.000000
0.876770 1.000000
0.876791 1.000000
0.876801 1.000000
0.876821 1.000000
0.876832 1.000000
0.876852 1.000000
0.876862 1.000000
0.876903 1.000000
0.876924 1.000000
0.876955 1.000000
0.876996 1.000000
0.877016 1.000000
0.877026 1.000000
0.877088 1.000000
0.877098 1.000000
0.877119 1.000000
0.877129 1.000000
0.877160 1.000000
0.877201 1.000000
0.877211 1.000000
0.877231 1.000000
0.877272 1.000000
0.877293 1.000000
0.877324 1.000000
0.877365 1.000000
0.877396 1.000000
0.877406 1.000000
0.877426 1.000000
0.877498 1.000000
0.877529 1.000000
0.877549 1.000000
0.877580 1.000000
0.877601 1.000000
0.877611 1.000000
0.877672 1.000000
0.877816 1.000000
0.877857 1.000000
0.877898 1.000000
0.877918 1.000000
0.877959 1.000000
0.877980 1.000000
0.878011 1.000000
0.878103 1.000000
0.878144 1.000000
0.878359 1.000000
0.878380 1.000000
0.878441 1.000000
0.878462 1.000000
0.878493 1.000000
0.878513 1.000000
0.878523 1.000000
0.878564 1.000000
0.878636 1.000000
0.878657 1.000000
0.878667 1.000000
0.878688 1.000000
0.878729 1.000000
0.878749 1.000000
0.878780 1.000000
0.878821 1.000000
0.878831 1.000000
0.878852 1.000000
0.878913 1.000000
0.878934 1.000000
0.878985 1.000000
0.879005 1.000000
0.879087 1.000000
0.879108 1.000000
0.879139 1.000000
0.879159 1.000000
0.879190 1.000000
0.879200 1.000000
0.879221 1.000000
0.879241 1.000000
0.879262 1.000000
0.879344 1.000000
0.879375 1.000000
0.879395 1.000000
0.879405 1.000000
0.879426 1.000000
0.879477 1.000000
0.879498 1.000000
0.879508 1.000000
0.879528 1.000000
0.879569 1.000000
0.879590 1.000000
0.879600 1.000000
0.879621 1.000000
0.879631 1.000000
0.879651 1.000000
0.879672 1.000000
0.879692 1.000000
0.879703 1.000000
0.879733 1.000000
0.879856 1.000000
0.879887 1.000000
0.879908 1.000000
0.879928 1.000000
0.879969 1.000000
0.880000 1.000000
0.880021 1.000000
0.880062 1.000000
0.880072 1.000000
0.880092 1.000000
0.880123 1.000000
0.880164 1.000000
0.880185 1.000000
0.880236 1.000000
0.880297 1.000000
0.880308 1.000000
0.880328 1.000000
0.880441 1.000000
0.880482 1.000000
0.880543 1.000000
0.880564 1.000000
0.880595 1.000000
0.880636 1.000000
0.880666 1.000000
0.880687 1.000000
0.880718 1.000000
0.880749 1.000000
0.880779 1.000000
0.880790 1.000000
0.880810 1.000000
0.880851 1.000000
0.880872 1.000000
0.880913 1.000000
0.880954 1.000000
0.881046 1.000000
0.881066 1.000000
0.881097 1.000000
0.881138 1.000000
0.881179 1.000000
0.881200 1.000000
0.881220 1.000000
0.881241 1.000000
0.881302 1.000000
0.881333 1.000000
0.881364 1.000000
0.881384 1.000000
0.881425 1.000000
0.881466 1.000000
0.881487 1.000000
0.881528 1.000000
0.881538 1.000000
0.881579 1.000000
0.881641 1.000000
0.881702 1.000000
0.881733 1.000000
0.881743 1.000000
0.881764 1.000000
0.881774 1.000000
0.881794 1.000000
0.881846 1.000000
0.881866 1.000000
0.881907 1.000000
0.881999 1.000000
0.882020 1.000000
0.882051 1.000000
0.882071 1.000000
0.882123 1.000000
0.882164 1.000000
0.882235 1.000000
0.882256 1.000000
0.882287 1.000000
0.882307 1.000000
0.882399 1.000000
0.882420 1.000000
0.882492 1.000000
0.882533 1.000000
0.882563 1.000000
0.882574 1.000000
0.882594 1.000000
0.882604 1.000000
0.882625 1.000000
0.882656 1.000000
0.882676 1.000000
0.882697 1.000000
0.882717 1.000000
0.882738 1.000000
0.882748 1.000000
0.882769 1.000000
0.882830 1.000000
0.882871 1.000000
0.882892 1.000000
0.882902 1.000000
0.882922 1.000000
0.882933 1.000000
0.882953 1.000000
0.882984 1.000000
0.883015 1.000000
0.883035 1.000000
0.883179 1.000000
0.883220 1.000000
0.883250 1.000000
0.883281 1.000000
0.883322 1.000000
0.883363 1.000000
0.883384 1.000000
0.883394 1.000000
0.883425 1.000000
0.883445 1.000000
0.883456 1.000000
0.883476 1.000000
0.883497 1.000000
0.883517 1.000000
0.883548 1.000000
0.883589 1.000000
0.883630 1.000000
0.883650 1.000000
0.883753 1.000000
0.883773 1.000000
0.883794 1.000000
0.883855 1.000000
0.883968 1.000000
0.883989 1.000000
0.884040 1.000000
0.884060 1.000000
0.884122 1.000000
0.884143 1.000000
0.884173 1.000000
0.884194 1.000000
0.884225 1.000000
0.884245 1.000000
0.884317 1.000000
0.884337 1.000000
0.884368 1.000000
0.884389 1.000000
0.884399 1.000000
0.884419 1.000000
0.884440 1.000000
0.884460 1.000000
0.884471 1.000000
0.884491 1.000000
0.884501 1.000000
0.884522 1.000000
0.884542 1.000000
0.884563 1.000000
0.884594 1.000000
0.884614 1.000000
0.884645 1.000000
0.884655 1.000000
0.884676 1.000000
0.884717 1.000000
0.884737 1.000000
0.884748 1.000000
0.884768 1.000000
0.884922 1.000000
0.884942 1.000000
0.884953 1.000000
0.884973 1.000000
0.885004 1.000000
0.885024 1.000000
0.885188 1.000000
0.885229 1.000000
0.885240 1.000000
0.885281 1.000000
0.885301 1.000000
0.885322 1.000000
0.885363 1.000000
0.885383 1.000000
0.885414 1.000000
0.885424 1.000000
0.885445 1.000000
0.885465 1.000000
0.885506 1.000000
0.885527 1.000000
0.885547 1.000000
0.885558 1.000000
0.885578 1.000000
0.885588 1.000000
0.885609 1.000000
0.885619 1.000000
0.885660 1.000000
0.885701 1.000000
0.885722 1.000000
0.885742 1.000000
0.885763 1.000000
0.885804 1.000000
0.885824 1.000000
0.885834 1.000000
0.885855 1.000000
0.885865 1.000000
0.885886 1.000000
0.885947 1.000000
0.885968 1.000000
0.885978 1.000000
0.885998 1.000000
0.886029 1.000000
0.886060 1.000000
0.886080 1.000000
0.886101 1.000000
0.886132 1.000000
0.886152 1.000000
0.886163 1.000000
0.886183 1.000000
0.886214 1.000000
0.886306 1.000000
0.886337 1.000000
0.886347 1.000000
0.886368 1.000000
0.886419 1.000000
0.886439 1.000000
0.886450 1.000000
0.886470 1.000000
0.886532 1.000000
0.886552 1.000000
0.886573 1.000000
0.886593 1.000000
0.886603 1.000000
0.886624 1.000000
0.886685 1.000000
0.886726 1.000000
0.886747 1.000000
0.886778 1.000000
0.886829 1.000000
0.886870 1.000000
0.886952 1.000000
0.886973 1.000000
0.887003 1.000000
0.887044 1.000000
0.887106 1.000000
0.887126 1.000000
0.887157 1.000000
0.887178 1.000000
0.887208 1.000000
0.887229 1.000000
0.887260 1.000000
0.887280 1.000000
0.887321 1.000000
0.887342 1.000000
0.887393 1.000000
0.887413 1.000000
0.887444 1.000000
0.887465 1.000000
0.887608 1.000000
0.887639 1.000000
0.887690 1.000000
0.887721 1.000000
0.887731 1.000000
0.887762 1.000000
0.887783 1.000000
0.887793 1.000000
0.887824 1.000000
0.887834 1.000000
0.887865 1.000000
0.887906 1.000000
0.887936 1.000000
0.888090 1.000000
0.888111 1.000000
0.888162 1.000000
0.888183 1.000000
0.888193 1.000000
0.888213 1.000000
0.888336 1.000000
0.888357 1.000000
0.888367 1.000000
0.888388 1.000000
0.888418 1.000000
0.888439 1.000000
0.888459 1.000000
0.888480 1.000000
0.888490 1.000000
0.888511 1.000000
0.888572 1.000000
0.888593 1.000000
0.888787 1.000000
0.888808 1.000000
0.888839 1.000000
0.888859 1.000000
0.888890 1.000000
0.888921 1.000000
0.888982 1.000000
0.889003 1.000000
0.889044 1.000000
0.889064 1.000000
0.889116 1.000000
0.889136 1.000000
0.889218 1.000000
0.889239 1.000000
0.889249 1.000000
0.889269 1.000000
0.889310 1.000000
0.889351 1.000000
0.889372 1.000000
0.889392 1.000000
0.889423 1.000000
0.889444 1.000000
0.889485 1.000000
0.889567 1.000000
0.889608 1.000000
0.889669 1.000000
0.889690 1.000000
0.889782 1.000000
0.889833 1.000000
0.889854 1.000000
0.889864 1.000000
0.889885 1.000000
0.889967 1.000000
0.890008 1.000000
0.890069 1.000000
0.890110 1.000000
0.890131 1.000000
0.890172 1.000000
0.890315 1.000000
0.890346 1.000000
0.890428 1.000000
0.890459 1.000000
0.890500 1.000000
0.890520 1.000000
0.890602 1.000000
0.890623 1.000000
0.890684 1.000000
0.890705 1.000000
0.890725 1.000000
0.890746 1.000000
0.890756 1.000000
0.890797 1.000000
0.890859 1.000000
0.890890 1.000000
0.890910 1.000000
0.890920 1.000000
0.890941 1.000000
0.890982 1.000000
0.891013 1.000000
0.891105 1.000000
0.891146 1.000000
0.891228 1.000000
0.891248 1.000000
0.891259 1.000000
0.891279 1.000000
0.891341 1.000000
0.891361 1.000000
0.891402 1.000000
0.891433 1.000000
0.891443 1.000000
0.891474 1.000000
0.891494 1.000000
0.891515 1.000000
0.891556 1.000000
0.891587 1.000000
0.891607 1.000000
0.891638 1.000000
0.891659 1.000000
0.891710 1.000000
0.891751 1.000000
0.891771 1.000000
0.891792 1.000000
0.891823 1.000000
0.891864 1.000000
0.891884 1.000000
0.891905 1.000000
0.891925 1.000000
0.891976 1.000000
0.891997 1.000000
0.892048 1.000000
0.892069 1.000000
0.892110 1.000000
0.892140 1.000000
0.892161 1.000000
0.892181 1.000000
0.892212 1.000000
0.892233 1.000000
0.892253 1.000000
0.892284 1.000000
0.892346 1.000000
0.892366 1.000000
0.892397 1.000000
0.892417 1.000000
0.892469 1.000000
0.892499 1.000000
0.892510 1.000000
0.892530 1.000000
0.892581 1.000000
0.892663 1.000000
0.892694 1.000000
0.892725 1.000000
0.892745 1.000000
0.892756 1.000000
0.892786 1.000000
0.892797 1.000000
0.892827 1.000000
0.892879 1.000000
0.892899 1.000000
0.892910 1.000000
0.892930 1.000000
0.892940 1.000000
0.892961 1.000000
0.893053 1.000000
0.893094 1.000000
0.893115 1.000000
0.893156 1.000000
0.893176 1.000000
0.893197 1.000000
0.893227 1.000000
0.893248 1.000000
0.893268 1.000000
0.893289 1.000000
0.893309 1.000000
0.893330 1.000000
0.893381 1.000000
0.893422 1.000000
0.893432 1.000000
0.893463 1.000000
0.893473 1.000000
0.893514 1.000000
0.893545 1.000000
0.893566 1.000000
0.893638 1.000000
0.893658 1.000000
0.893679 1.000000
0.893720 1.000000
0.893750 1.000000
0.893832 1.000000
0.893843 1.000000
0.893884 1.000000
0.893894 1.000000
0.893935 1.000000
0.893966 1.000000
0.893986 1.000000
0.894037 1.000000
0.894058 1.000000
0.894099 1.000000
0.894119 1.000000
0.894150 1.000000
0.894160 1.000000
0.894181 1.000000
0.894191 1.000000
0.894212 1.000000
0.894232 1.000000
0.894253 1.000000
0.894284 1.000000
0.894304 1.000000
0.894468 1.000000
0.894489 1.000000
0.894642 1.000000
0.894683 1.000000
0.894806 1.000000
0.894847 1.000000
0.894878 1.000000
0.894899 1.000000
0.894930 1.000000
0.894950 1.000000
0.894991 1.000000
0.895022 1.000000
0.895073 1.000000
0.895094 1.000000
0.895124 1.000000
0.895145 1.000000
0.895176 1.000000
0.895196 1.000000
0.895237 1.000000
0.895278 1.000000
0.895288 1.000000
0.895350 1.000000
0.895370 1.000000
0.895432 1.000000
0.895442 1.000000
0.895463 1.000000
0.895493 1.000000
0.895514 1.000000
0.895534 1.000000
0.895555 1.000000
0.895586 1.000000
0.895617 1.000000
0.895658 1.000000
0.895760 1.000000
0.895801 1.000000
0.895811 1.000000
0.895832 1.000000
0.895924 1.000000
0.895955 1.000000
0.895996 1.000000
0.896068 1.000000
0.896109 1.000000
0.896119 1.000000
0.896150 1.000000
0.896170 1.000000
0.896180 1.000000
0.896201 1.000000
0.896211 1.000000
0.896232 1.000000
0.896293 1.000000
0.896314 1.000000
0.896324 1.000000
0.896345 1.000000
0.896365 1.000000
0.896386 1.000000
0.896396 1.000000
0.896427 1.000000
0.896468 1.000000
0.896478 1.000000
0.896560 1.000000
0.896570 1.000000
0.896611 1.000000
0.896632 1.000000
0.896673 1.000000
0.896683 1.000000
0.896703 1.000000
0.896724 1.000000
0.896755 1.000000
0.896775 1.000000
0.896806 1.000000
0.896826 1.000000
0.896878 1.000000
0.896929 1.000000
0.896950 1.000000
0.896970 1.000000
0.896980 1.000000
0.897011 1.000000
0.897052 1.000000
0.897062 1.000000
0.897083 1.000000
0.897103 1.000000
0.897124 1.000000
0.897206 1.000000
0.897226 1.000000
0.897267 1.000000
0.897308 1.000000
0.897329 1.000000
0.897380 1.000000
0.897442 1.000000
0.897462 1.000000
0.897575 1.000000
0.897616 1.000000
0.897647 1.000000
0.897678 1.000000
0.897688 1.000000
0.897729 1.000000
0.897760 1.000000
0.897780 1.000000
0.897790 1.000000
0.897842 1.000000
0.897852 1.000000
0.897872 1.000000
0.897903 1.000000
0.897944 1.000000
0.897985 1.000000
0.898016 1.000000
0.898057 1.000000
0.898077 1.000000
0.898098 1.000000
0.898118 1.000000
0.898200 1.000000
0.898221 1.000000
0.898293 1.000000
0.898313 1.000000
0.898324 1.000000
0.898354 1.000000
0.898426 1.000000
0.898467 1.000000
0.898508 1.000000
0.898529 1.000000
0.898559 1.000000
0.898580 1.000000
0.898590 1.000000
0.898611 1.000000
0.898641 1.000000
0.898662 1.000000
0.898672 1.000000
0.898693 1.000000
0.898744 1.000000
0.898785 1.000000
0.898836 1.000000
0.898857 1.000000
0.898887 1.000000
0.898908 1.000000
0.898928 1.000000
0.898949 1.000000
0.898969 1.000000
0.898990 1.000000
0.899021 1.000000
0.899041 1.000000
0.899072 1.000000
0.899093 1.000000
0.899103 1.000000
0.899123 1.000000
0.899134 1.000000
0.899154 1.000000
0.899205 1.000000
0.899246 1.000000
0.899277 1.000000
0.899308 1.000000
0.899339 1.000000
0.899369 1.000000
0.899431 1.000000
0.899441 1.000000
0.899462 1.000000
0.899615 1.000000
0.899636 1.000000
0.899646 1.000000
0.899667 1.000000
0.899677 1.000000
0.899698 1.000000
0.899708 1.000000
0.899728 1.000000
0.899749 1.000000
0.899769 1.000000
0.899892 1.000000
0.899913 1.000000
0.900046 1.000000
0.900067 1.000000
0.900087 1.000000
0.900108 1.000000
0.900118 1.000000
0.900138 1.000000
0.900149 1.000000
0.900169 1.000000
0.900190 1.000000
0.900210 1.000000
0.900231 1.000000
0.900251 1.000000
0.900282 1.000000
0.900323 1.000000
0.900333 1.000000
0.900364 1.000000
0.900395 1.000000
0.900415 1.000000
0.900487 1.000000
0.900508 1.000000
0.900590 1.000000
0.900631 1.000000
0.900651 1.000000
0.900682 1.000000
0.900723 1.000000
0.900764 1.000000
0.900774 1.000000
0.900795 1.000000
0.900815 1.000000
0.900836 1.000000
0.900846 1.000000
0.900887 1.000000
0.900938 1.000000
0.900959 1.000000
0.900969 1.000000
0.901010 1.000000
0.901061 1.000000
0.901082 1.000000
0.901113 1.000000
0.901133 1.000000
0.901164 1.000000
0.901184 1.000000
0.901246 1.000000
0.901266 1.000000
0.901369 1.000000
0.901389 1.000000
0.901420 1.000000
0.901430 1.000000
0.901451 1.000000
0.901482 1.000000
0.901543 1.000000
0.901564 1.000000
0.901584 1.000000
0.901625 1.000000
0.901646 1.000000
0.901666 1.000000
0.901687 1.000000
0.901707 1.000000
0.901728 1.000000
0.901779 1.000000
0.901800 1.000000
0.901861 1.000000
0.901882 1.000000
0.901923 1.000000
0.901943 1.000000
0.901984 1.000000
0.902005 1.000000
0.902148 1.000000
0.902169 1.000000
0.902199 1.000000
0.902312 1.000000
0.902343 1.000000
0.902466 1.000000
0.902487 1.000000
0.902517 1.000000
0.902528 1.000000
0.902548 1.000000
0.902558 1.000000
0.902579 1.000000
0.902610 1.000000
0.902630 1.000000
0.902640 1.000000
0.902661 1.000000
0.902671 1.000000
0.902692 1.000000
0.902733 1.000000
0.902763 1.000000
0.902774 1.000000
0.902804 1.000000
0.902825 1.000000
0.902835 1.000000
0.902866 1.000000
0.902897 1.000000
0.902917 1.000000
0.902938 1.000000
0.902958 1.000000
0.902968 1.000000
0.902989 1.000000
0.903050 1.000000
0.903071 1.000000
0.903092 1.000000
0.903112 1.000000
0.903225 1.000000
0.903256 1.000000
0.903297 1.000000
0.903317 1.000000
0.903327 1.000000
0.903348 1.000000
0.903358 1.000000
0.903379 1.000000
0.903389 1.000000
0.903409 1.000000
0.903491 1.000000
0.903553 1.000000
0.903563 1.000000
0.903584 1.000000
0.903625 1.000000
0.903645 1.000000
0.903696 1.000000
0.903758 1.000000
0.903799 1.000000
0.903820 1.000000
0.903850 1.000000
0.903871 1.000000
0.903902 1.000000
0.903922 1.000000
0.904004 1.000000
0.904035 1.000000
0.904045 1.000000
0.904066 1.000000
0.904127 1.000000
0.904148 1.000000
0.904168 1.000000
0.904189 1.000000
0.904342 1.000000
0.904363 1.000000
0.904394 1.000000
0.904414 1.000000
0.904476 1.000000
0.904486 1.000000
0.904507 1.000000
0.904548 1.000000
0.904568 1.000000
0.904578 1.000000
0.904599 1.000000
0.904609 1.000000
0.904630 1.000000
0.904650 1.000000
0.904671 1.000000
0.904701 1.000000
0.904722 1.000000
0.904845 1.000000
0.904886 1.000000
0.904896 1.000000
0.904917 1.000000
0.904947 1.000000
0.904988 1.000000
0.905029 1.000000
0.905050 1.000000
0.905101 1.000000
0.905142 1.000000
0.905153 1.000000
0.905173 1.000000
0.905183 1.000000
0.905204 1.000000
0.905214 1.000000
0.905245 1.000000
0.905255 1.000000
0.905276 1.000000
0.905296 1.000000
0.905378 1.000000
0.905388 1.000000
0.905409 1.000000
0.905470 1.000000
0.905532 1.000000
0.905552 1.000000
0.905573 1.000000
0.905583 1.000000
0.905604 1.000000
0.905614 1.000000
0.905634 1.000000
0.905665 1.000000
0.905686 1.000000
0.905716 1.000000
0.905737 1.000000
0.905757 1.000000
0.905809 1.000000
0.905840 1.000000
0.905881 1.000000
0.905901 1.000000
0.905911 1.000000
0.905932 1.000000
0.905942 1.000000
0.905963 1.000000
0.905973 1.000000
0.906034 1.000000
0.906075 1.000000
0.906116 1.000000
0.906168 1.000000
0.906188 1.000000
0.906260 1.000000
0.906291 1.000000
0.906393 1.000000
0.906414 1.000000
0.906445 1.000000
0.906465 1.000000
0.906547 1.000000
0.906568 1.000000
0.906588 1.000000
0.906609 1.000000
0.906639 1.000000
0.906660 1.000000
0.906670 1.000000
0.906691 1.000000
0.906762 1.000000
0.906803 1.000000
0.906834 1.000000
0.906875 1.000000
0.906916 1.000000
0.906926 1.000000
0.906967 1.000000
0.906978 1.000000
0.906998 1.000000
0.907039 1.000000
0.907060 1.000000
0.907090 1.000000
0.907111 1.000000
0.907142 1.000000
0.907183 1.000000
0.907255 1.000000
0.907285 1.000000
0.907347 1.000000
0.907367 1.000000
0.907378 1.000000
0.907398 1.000000
0.907429 1.000000
0.907449 1.000000
0.907470 1.000000
0.907511 1.000000
0.907521 1.000000
0.907542 1.000000
0.907572 1.000000
0.907613 1.000000
0.907695 1.000000
0.907736 1.000000
0.907747 1.000000
0.907767 1.000000
0.907808 1.000000
0.907860 1.000000
0.907880 1.000000
0.907890 1.000000
0.907931 1.000000
0.908095 1.000000
0.908116 1.000000
0.908167 1.000000
0.908188 1.000000
0.908229 1.000000
0.908249 1.000000
0.908280 1.000000
0.908300 1.000000
0.908321 1.000000
0.908352 1.000000
0.908372 1.000000
0.908413 1.000000
0.908454 1.000000
0.908475 1.000000
0.908506 1.000000
0.908516 1.000000
0.908577 1.000000
0.908598 1.000000
0.908618 1.000000
0.908639 1.000000
0.908670 1.000000
0.908690 1.000000
0.908700 1.000000
0.908731 1.000000
0.908762 1.000000
0.908782 1.000000
0.908803 1.000000
0.908823 1.000000
0.908895 1.000000
0.908916 1.000000
0.908936 1.000000
0.908998 1.000000
0.909008 1.000000
0.909028 1.000000
0.909080 1.000000
0.909110 1.000000
0.909162 1.000000
0.909203 1.000000
0.909234 1.000000
0.909254 1.000000
0.909275 1.000000
0.909305 1.000000
0.909346 1.000000
0.909367 1.000000
0.909459 1.000000
0.909480 1.000000
0.909531 1.000000
0.909551 1.000000
0.909592 1.000000
0.909613 1.000000
0.909654 1.000000
0.909674 1.000000
0.909695 1.000000
0.909715 1.000000
0.909767 1.000000
0.909787 1.000000
0.909797 1.000000
0.909828 1.000000
0.909839 1.000000
0.909859 1.000000
0.909910 1.000000
0.909931 1.000000
0.910033 1.000000
0.910054 1.000000
0.910156 1.000000
0.910177 1.000000
0.910187 1.000000
0.910208 1.000000
0.910218 1.000000
0.910238 1.000000
0.910249 1.000000
0.910269 1.000000
0.910279 1.000000
0.910300 1.000000
0.910361 1.000000
0.910392 1.000000
0.910413 1.000000
0.910423 1.000000
0.910443 1.000000
0.910474 1.000000
0.910526 1.000000
0.910556 1.000000
0.910577 1.000000
0.910587 1.000000
0.910628 1.000000
0.910669 1.000000
0.910690 1.000000
0.910731 1.000000
0.910751 1.000000
0.910772 1.000000
0.910813 1.000000
0.910864 1.000000
0.910895 1.000000
0.910915 1.000000
0.910936 1.000000
0.910956 1.000000
0.910977 1.000000
0.910997 1.000000
0.911038 1.000000
0.911059 1.000000
0.911120 1.000000
0.911141 1.000000
0.911171 1.000000
0.911192 1.000000
0.911243 1.000000
0.911264 1.000000
0.911305 1.000000
0.911325 1.000000
0.911366 1.000000
0.911387 1.000000
0.911397 1.000000
0.911418 1.000000
0.911459 1.000000
0.911500 1.000000
0.911551 1.000000
0.911571 1.000000
0.911623 1.000000
0.911643 1.000000
0.911653 1.000000
0.911694 1.000000
0.911715 1.000000
0.911756 1.000000
0.911787 1.000000
0.911807 1.000000
0.911828 1.000000
0.911858 1.000000
0.911869 1.000000
0.911889 1.000000
0.911910 1.000000
0.911941 1.000000
0.911961 1.000000
0.911982 1.000000
0.911992 1.000000
0.912023 1.000000
0.912074 1.000000
0.912094 1.000000
0.912105 1.000000
0.912125 1.000000
0.912135 1.000000
0.912156 1.000000
0.912217 1.000000
0.912238 1.000000
0.912258 1.000000
0.912320 1.000000
0.912422 1.000000
0.912443 1.000000
0.912504 1.000000
0.912546 1.000000
0.912597 1.000000
0.912617 1.000000
0.912628 1.000000
0.912689 1.000000
0.912710 1.000000
0.912771 1.000000
0.912812 1.000000
0.912833 1.000000
0.912884 1.000000
0.912925 1.000000
0.912997 1.000000
0.913038 1.000000
0.913048 1.000000
0.913068 1.000000
0.913079 1.000000
0.913120 1.000000
0.913150 1.000000
0.913181 1.000000
0.913222 1.000000
0.913243 1.000000
0.913304 1.000000
0.913366 1.000000
0.913386 1.000000
0.913407 1.000000
0.913427 1.000000
0.913499 1.000000
0.913520 1.000000
0.913561 1.000000
0.913602 1.000000
0.913653 1.000000
0.913673 1.000000
0.913694 1.000000
0.913735 1.000000
0.913817 1.000000
0.913837 1.000000
0.913909 1.000000
0.913940 1.000000
0.913961 1.000000
0.914104 1.000000
0.914125 1.000000
0.914155 1.000000
0.914176 1.000000
0.914186 1.000000
0.914207 1.000000
0.914217 1.000000
0.914248 1.000000
0.914268 1.000000
0.914330 1.000000
0.914340 1.000000
0.914391 1.000000
0.914401 1.000000
0.914422 1.000000
0.914453 1.000000
0.914473 1.000000
0.914545 1.000000
0.914565 1.000000
0.914607 1.000000
0.914668 1.000000
0.914740 1.000000
0.914760 1.000000
0.914781 1.000000
0.914801 1.000000
0.914812 1.000000
0.914832 1.000000
0.914853 1.000000
0.914873 1.000000
0.914894 1.000000
0.914914 1.000000
0.914924 1.000000
0.914945 1.000000
0.914986 1.000000
0.915006 1.000000
0.915027 1.000000
0.915047 1.000000
0.915140 1.000000
0.915160 1.000000
0.915191 1.000000
0.915211 1.000000
0.915283 1.000000
0.915314 1.000000
0.915355 1.000000
0.915386 1.000000
0.915427 1.000000
0.915458 1.000000
0.915478 1.000000
0.915519 1.000000
0.915540 1.000000
0.915581 1.000000
0.915601 1.000000
0.915693 1.000000
0.915734 1.000000
0.915765 1.000000
0.915806 1.000000
0.915816 1.000000
0.915837 1.000000
0.915868 1.000000
0.915888 1.000000
0.915940 1.000000
0.915960 1.000000
0.915970 1.000000
0.916001 1.000000
0.916022 1.000000
0.916032 1.000000
0.916073 1.000000
0.916145 1.000000
0.916165 1.000000
0.916175 1.000000
0.916196 1.000000
0.916216 1.000000
0.916257 1.000000
0.916350 1.000000
0.916370 1.000000
0.916421 1.000000
0.916442 1.000000
0.916462 1.000000
0.916483 1.000000
0.916493 1.000000
0.916514 1.000000
0.916565 1.000000
0.916585 1.000000
0.916647 1.000000
0.916668 1.000000
0.916719 1.000000
0.916739 1.000000
0.916770 1.000000
0.916801 1.000000
0.916821 1.000000
0.916842 1.000000
0.916852 1.000000
0.916873 1.000000
0.916893 1.000000
0.916924 1.000000
0.916944 1.000000
0.916965 1.000000
0.917026 1.000000
0.917149 1.000000
0.917170 1.000000
0.917180 1.000000
0.917201 1.000000
0.917211 1.000000
0.917231 1.000000
0.917272 1.000000
0.917314 1.000000
0.917365 1.000000
0.917406 1.000000
0.917478 1.000000
0.917498 1.000000
0.917529 1.000000
0.917580 1.000000
0.917611 1.000000
0.917631 1.000000
0.917672 1.000000
0.917693 1.000000
0.917703 1.000000
0.917724 1.000000
0.917826 1.000000
0.917847 1.000000
0.917877 1.000000
0.917939 1.000000
0.917949 1.000000
0.917980 1.000000
0.918001 1.000000
0.918021 1.000000
0.918052 1.000000
0.918093 1.000000
0.918154 1.000000
0.918175 1.000000
0.918206 1.000000
0.918226 1.000000
0.918288 1.000000
0.918308 1.000000
0.918339 1.000000
0.918431 1.000000
0.918482 1.000000
0.918554 1.000000
0.918575 1.000000
0.918688 1.000000
0.918708 1.000000
0.918749 1.000000
0.918770 1.000000
0.918811 1.000000
0.918831 1.000000
0.918872 1.000000
0.918913 1.000000
0.918923 1.000000
0.918944 1.000000
0.919026 1.000000
0.919057 1.000000
0.919077 1.000000
0.919098 1.000000
0.919108 1.000000
0.919128 1.000000
0.919139 1.000000
0.919159 1.000000
0.919190 1.000000
0.919210 1.000000
0.919303 1.000000
0.919323 1.000000
0.919344 1.000000
0.919364 1.000000
0.919395 1.000000
0.919416 1.000000
0.919498 1.000000
0.919518 1.000000
0.919539 1.000000
0.919600 1.000000
0.919682 1.000000
0.919703 1.000000
0.919723 1.000000
0.919754 1.000000
0.919764 1.000000
0.919805 1.000000
0.919846 1.000000
0.919877 1.000000
0.919918 1.000000
0.919938 1.000000
0.919969 1.000000
0.920010 1.000000
0.920021 1.000000
0.920041 1.000000
0.920051 1.000000
0.920072 1.000000
0.920164 1.000000
0.920185 1.000000
0.920205 1.000000
0.920236 1.000000
0.920256 1.000000
0.920297 1.000000
0.920318 1.000000
0.920338 1.000000
0.920554 1.000000
0.920574 1.000000
0.920677 1.000000
0.920697 1.000000
0.920708 1.000000
0.920728 1.000000
0.920738 1.000000
0.920779 1.000000
0.920810 1.000000
0.920841 1.000000
0.920861 1.000000
0.920902 1.000000
0.920954 1.000000
0.920974 1.000000
0.921107 1.000000
0.921138 1.000000
0.921189 1.000000
0.921220 1.000000
0.921230 1.000000
0.921271 1.000000
0.921323 1.000000
0.921343 1.000000
0.921374 1.000000
0.921395 1.000000
0.921456 1.000000
0.921507 1.000000
0.921538 1.000000
0.921559 1.000000
0.921589 1.000000
0.921630 1.000000
0.921651 1.000000
0.921723 1.000000
0.921743 1.000000
0.921815 1.000000
0.921856 1.000000
0.921969 1.000000
0.921989 1.000000
0.922010 1.000000
0.922030 1.000000
0.922061 1.000000
0.922102 1.000000
0.922153 1.000000
0.922174 1.000000
0.922215 1.000000
0.922307 1.000000
0.922328 1.000000
0.922348 1.000000
0.922369 1.000000
0.922440 1.000000
0.922481 1.000000
0.922512 1.000000
0.922522 1.000000
0.922543 1.000000
0.922553 1.000000
0.922574 1.000000
0.922625 1.000000
0.922666 1.000000
0.922707 1.000000
0.922728 1.000000
0.922748 1.000000
0.922769 1.000000
0.922789 1.000000
0.922820 1.000000
0.922830 1.000000
0.922851 1.000000
0.922881 1.000000
0.922902 1.000000
0.922912 1.000000
0.922933 1.000000
0.922943 1.000000
0.923004 1.000000
0.923035 1.000000
0.923056 1.000000
0.923107 1.000000
0.923127 1.000000
0.923168 1.000000
0.923199 1.000000
0.923209 1.000000
0.923230 1.000000
0.923271 1.000000
0.923302 1.000000
0.923445 1.000000
0.923466 1.000000
0.923486 1.000000
0.923507 1.000000
0.923538 1.000000
0.923548 1.000000
0.923568 1.000000
0.923661 1.000000
0.923681 1.000000
0.923712 1.000000
0.923794 1.000000
0.923814 1.000000
0.923845 1.000000
0.923866 1.000000
0.923886 1.000000
0.923907 1.000000
0.923968 1.000000
0.923989 1.000000
0.924030 1.000000
0.924050 1.000000
0.924071 1.000000
0.924091 1.000000
0.924102 1.000000
0.924132 1.000000
0.924153 1.000000
0.924194 1.000000
0.924214 1.000000
0.924225 1.000000
0.924245 1.000000
0.924266 1.000000
0.924286 1.000000
0.924317 1.000000
0.924348 1.000000
0.924358 1.000000
0.924389 1.000000
0.924430 1.000000
0.924440 1.000000
0.924460 1.000000
0.924471 1.000000
0.924501 1.000000
0.924532 1.000000
0.924573 1.000000
0.924655 1.000000
0.924676 1.000000
0.924696 1.000000
0.924717 1.000000
0.924737 1.000000
0.924758 1.000000
0.924789 1.000000
0.924830 1.000000
0.924891 1.000000
0.924912 1.000000
0.924932 1.000000
0.924963 1.000000
0.924983 1.000000
0.925004 1.000000
0.925024 1.000000
0.925055 1.000000
0.925096 1.000000
0.925168 1.000000
0.925199 1.000000
0.925209 1.000000
0.925229 1.000000
0.925373 1.000000
0.925414 1.000000
0.925424 1.000000
0.925445 1.000000
0.925547 1.000000
0.925568 1.000000
0.925578 1.000000
0.925619 1.000000
0.925670 1.000000
0.925732 1.000000
0.925742 1.000000
0.925763 1.000000
0.925978 1.000000
0.926019 1.000000
0.926080 1.000000
0.926101 1.000000
0.926122 1.000000
0.926142 1.000000
0.926152 1.000000
0.926173 1.000000
0.926193 1.000000
0.926214 1.000000
0.926234 1.000000
0.926255 1.000000
0.926296 1.000000
0.926316 1.000000
0.926327 1.000000
0.926347 1.000000
0.926378 1.000000
0.926398 1.000000
0.926480 1.000000
0.926521 1.000000
0.926562 1.000000
0.926583 1.000000
0.926603 1.000000
0.926634 1.000000
0.926737 1.000000
0.926757 1.000000
0.926798 1.000000
0.926829 1.000000
0.926870 1.000000
0.926901 1.000000
0.926911 1.000000
0.926932 1.000000
0.926952 1.000000
0.926973 1.000000
0.927003 1.000000
0.927044 1.000000
0.927126 1.000000
0.927157 1.000000
0.927198 1.000000
0.927219 1.000000
0.927311 1.000000
0.927331 1.000000
0.927393 1.000000
0.927434 1.000000
0.927557 1.000000
0.927598 1.000000
0.927619 1.000000
0.927649 1.000000
0.927660 1.000000
0.927721 1.000000
0.927731 1.000000
0.927772 1.000000
0.927803 1.000000
0.927865 1.000000
0.927885 1.000000
0.927906 1.000000
0.927936 1.000000
0.927947 1.000000
0.927977 1.000000
0.928029 1.000000
0.928049 1.000000
0.928121 1.000000
0.928162 1.000000
0.928183 1.000000
0.928203 1.000000
0.928213 1.000000
0.928254 1.000000
0.928265 1.000000
0.928285 1.000000
0.928336 1.000000
0.928357 1.000000
0.928398 1.000000
0.928418 1.000000
0.928429 1.000000
0.928449 1.000000
0.928552 1.000000
0.928572 1.000000
0.928593 1.000000
0.928634 1.000000
0.928695 1.000000
0.928726 1.000000
0.928746 1.000000
0.928777 1.000000
0.928787 1.000000
0.928808 1.000000
0.928818 1.000000
0.928849 1.000000
0.928931 1.000000
0.928952 1.000000
0.929003 1.000000
0.929034 1.000000
0.929075 1.000000
0.929167 1.000000
0.929187 1.000000
0.929198 1.000000
0.929218 1.000000
0.929228 1.000000
0.929249 1.000000
0.929300 1.000000
0.929321 1.000000
0.929362 1.000000
0.929392 1.000000
0.929505 1.000000
0.929546 1.000000
0.929567 1.000000
0.929608 1.000000
0.929628 1.000000
0.929649 1.000000
0.929710 1.000000
0.929751 1.000000
0.929792 1.000000
0.929813 1.000000
0.929946 1.000000
0.930008 1.000000
0.930018 1.000000
0.930049 1.000000
0.930110 1.000000
0.930131 1.000000
0.930192 1.000000
0.930213 1.000000
0.930233 1.000000
0.930264 1.000000
0.930326 1.000000
0.930377 1.000000
0.930408 1.000000
0.930428 1.000000
0.930449 1.000000
0.930459 1.000000
0.930479 1.000000
0.930531 1.000000
0.930572 1.000000
0.930602 1.000000
0.930623 1.000000
0.930664 1.000000
0.930684 1.000000
0.930869 1.000000
0.930890 1.000000
0.930951 1.000000
0.930972 1.000000
0.931084 1.000000
0.931105 1.000000
0.931136 1.000000
0.931156 1.000000
0.931207 1.000000
0.931238 1.000000
0.931279 1.000000
0.931300 1.000000
0.931310 1.000000
0.931330 1.000000
0.931341 1.000000
0.931361 1.000000
0.931371 1.000000
0.931392 1.000000
0.931433 1.000000
0.931453 1.000000
0.931484 1.000000
0.931505 1.000000
0.931515 1.000000
0.931536 1.000000
0.931607 1.000000
0.931628 1.000000
0.931638 1.000000
0.931659 1.000000
0.931689 1.000000
0.931710 1.000000
0.931741 1.000000
0.931771 1.000000
0.931782 1.000000
0.931802 1.000000
0.931823 1.000000
0.931843 1.000000
0.931956 1.000000
0.931976 1.000000
0.931997 1.000000
0.932038 1.000000
0.932079 1.000000
0.932110 1.000000
0.932140 1.000000
0.932161 1.000000
0.932233 1.000000
0.932274 1.000000
0.932305 1.000000
0.932325 1.000000
0.932335 1.000000
0.932356 1.000000
0.932387 1.000000
0.932407 1.000000
0.932458 1.000000
0.932520 1.000000
0.932581 1.000000
0.932602 1.000000
0.932622 1.000000
0.932643 1.000000
0.932653 1.000000
0.932694 1.000000
0.932704 1.000000
0.932725 1.000000
0.932817 1.000000
0.932838 1.000000
0.932848 1.000000
0.932868 1.000000
0.932930 1.000000
0.932971 1.000000
0.933022 1.000000
0.933063 1.000000
0.933094 1.000000
0.933115 1.000000
0.933135 1.000000
0.933156 1.000000
0.933197 1.000000
0.933217 1.000000
0.933248 1.000000
0.933268 1.000000
0.933330 1.000000
0.933371 1.000000
0.933597 1.000000
0.933638 1.000000
0.933689 1.000000
0.933709 1.000000
0.933730 1.000000
0.933761 1.000000
0.933802 1.000000
0.933822 1.000000
0.933832 1.000000
0.933853 1.000000
0.933884 1.000000
0.933904 1.000000
0.933935 1.000000
0.933955 1.000000
0.933976 1.000000
0.933996 1.000000
0.934068 1.000000
0.934089 1.000000
0.934140 1.000000
0.934160 1.000000
0.934171 1.000000
0.934191 1.000000
0.934263 1.000000
0.934294 1.000000
0.934314 1.000000
0.934407 1.000000
0.934427 1.000000
0.934499 1.000000
0.934519 1.000000
0.934550 1.000000
0.934581 1.000000
0.934632 1.000000
0.934663 1.000000
0.934694 1.000000
0.934714 1.000000
0.934724 1.000000
0.934745 1.000000
0.934765 1.000000
0.934786 1.000000
0.934796 1.000000
0.934817 1.000000
0.934858 1.000000
0.934888 1.000000
0.934919 1.000000
0.934940 1.000000
0.935063 1.000000
0.935104 1.000000
0.935196 1.000000
0.935217 1.000000
0.935237 1.000000
0.935258 1.000000
0.935329 1.000000
0.935370 1.000000
0.935381 1.000000
0.935401 1.000000
0.935483 1.000000
0.935504 1.000000
0.935565 1.000000
0.935586 1.000000
0.935678 1.000000
0.935699 1.000000
0.935740 1.000000
0.935760 1.000000
0.935801 1.000000
0.935822 1.000000
0.935832 1.000000
0.935873 1.000000
0.935914 1.000000
0.935955 1.000000
0.936037 1.000000
0.936057 1.000000
0.936109 1.000000
0.936150 1.000000
0.936221 1.000000
0.936242 1.000000
0.936386 1.000000
0.936427 1.000000
0.936468 1.000000
0.936509 1.000000
0.936539 1.000000
0.936560 1.000000
0.936570 1.000000
0.936611 1.000000
0.936724 1.000000
0.936755 1.000000
0.936837 1.000000
0.936857 1.000000
0.936878 1.000000
0.936898 1.000000
0.936939 1.000000
0.936960 1.000000
0.936970 1.000000
0.937011 1.000000
0.937083 1.000000
0.937114 1.000000
0.937124 1.000000
0.937144 1.000000
0.937155 1.000000
0.937175 1.000000
0.937185 1.000000
0.937206 1.000000
0.937226 1.000000
0.937247 1.000000
0.937257 1.000000
0.937278 1.000000
0.937308 1.000000
0.937349 1.000000
0.937370 1.000000
0.937534 1.000000
0.937554 1.000000
0.937637 1.000000
0.937678 1.000000
0.937790 1.000000
0.937811 1.000000
0.937831 1.000000
0.937852 1.000000
0.937883 1.000000
0.937924 1.000000
0.937934 1.000000
0.937954 1.000000
0.938036 1.000000
0.938067 1.000000
0.938088 1.000000
0.938200 1.000000
0.938231 1.000000
0.938344 1.000000
0.938365 1.000000
0.938498 1.000000
0.938518 1.000000
0.938600 1.000000
0.938621 1.000000
0.938631 1.000000
0.938652 1.000000
0.938744 1.000000
0.938764 1.000000
0.938775 1.000000
0.938795 1.000000
0.938816 1.000000
0.938877 1.000000
0.938928 1.000000
0.938969 1.000000
0.938980 1.000000
0.939000 1.000000
0.939041 1.000000
0.939103 1.000000
0.939144 1.000000
0.939175 1.000000
0.939205 1.000000
0.939246 1.000000
0.939277 1.000000
0.939359 1.000000
0.939380 1.000000
0.939462 1.000000
0.939503 1.000000
0.939544 1.000000
0.939564 1.000000
0.939636 1.000000
0.939656 1.000000
0.939759 1.000000
0.939821 1.000000
0.939892 1.000000
0.939913 1.000000
0.939933 1.000000
0.939954 1.000000
0.939964 1.000000
0.939985 1.000000
0.940015 1.000000
0.940036 1.000000
0.940128 1.000000
0.940149 1.000000
0.940159 1.000000
0.940200 1.000000
0.940241 1.000000
0.940282 1.000000
0.940292 1.000000
0.940313 1.000000
0.940333 1.000000
0.940354 1.000000
0.940426 1.000000
0.940446 1.000000
0.940497 1.000000
0.940559 1.000000
0.940651 1.000000
0.940672 1.000000
0.940846 1.000000
0.940866 1.000000
0.941123 1.000000
0.941143 1.000000
0.941164 1.000000
0.941205 1.000000
0.941225 1.000000
0.941246 1.000000
0.941307 1.000000
0.941348 1.000000
0.941482 1.000000
0.941502 1.000000
0.941512 1.000000
0.941543 1.000000
0.941553 1.000000
0.941594 1.000000
0.941615 1.000000
0.941635 1.000000
0.941687 1.000000
0.941707 1.000000
0.941738 1.000000
0.941759 1.000000
0.941861 1.000000
0.941882 1.000000
0.941892 1.000000
0.941933 1.000000
0.941964 1.000000
0.941984 1.000000
0.942128 1.000000
0.942148 1.000000
0.942199 1.000000
0.942220 1.000000
0.942261 1.000000
0.942281 1.000000
0.942302 1.000000
0.942343 1.000000
0.942363 1.000000
0.942384 1.000000
0.942405 1.000000
0.942425 1.000000
0.942476 1.000000
0.942497 1.000000
0.942507 1.000000
0.942528 1.000000
0.942548 1.000000
0.942569 1.000000
0.942599 1.000000
0.942620 1.000000
0.942651 1.000000
0.942671 1.000000
0.942743 1.000000
0.942763 1.000000
0.942815 1.000000
0.942835 1.000000
0.942856 1.000000
0.942897 1.000000
0.942907 1.000000
0.942927 1.000000
0.942938 1.000000
0.942958 1.000000
0.942968 1.000000
0.942989 1.000000
0.943061 1.000000
0.943081 1.000000
0.943153 1.000000
0.943174 1.000000
0.943194 1.000000
0.943225 1.000000
0.943286 1.000000
0.943327 1.000000
0.943420 1.000000
0.943440 1.000000
0.943491 1.000000
0.943532 1.000000
0.943563 1.000000
0.943604 1.000000
0.943614 1.000000
0.943635 1.000000
0.943645 1.000000
0.943666 1.000000
0.943676 1.000000
0.943717 1.000000
0.943902 1.000000
0.943943 1.000000
0.943963 1.000000
0.944004 1.000000
0.944035 1.000000
0.944096 1.000000
0.944117 1.000000
0.944127 1.000000
0.944148 1.000000
0.944178 1.000000
0.944240 1.000000
0.944332 1.000000
0.944353 1.000000
0.944383 1.000000
0.944404 1.000000
0.944425 1.000000
0.944445 1.000000
0.944507 1.000000
0.944548 1.000000
0.944599 1.000000
0.944619 1.000000
0.944630 1.000000
0.944650 1.000000
0.944681 1.000000
0.944701 1.000000
0.944722 1.000000
0.944763 1.000000
0.944865 1.000000
0.944896 1.000000
0.944988 1.000000
0.945009 1.000000
0.945060 1.000000
0.945081 1.000000
0.945132 1.000000
0.945153 1.000000
0.945163 1.000000
0.945194 1.000000
0.945214 1.000000
0.945265 1.000000
0.945286 1.000000
0.945296 1.000000
0.945317 1.000000
0.945337 1.000000
0.945358 1.000000
0.945399 1.000000
0.945419 1.000000
0.945440 1.000000
0.945460 1.000000
0.945563 1.000000
0.945583 1.000000
0.945604 1.000000
0.945624 1.000000
0.945634 1.000000
0.945675 1.000000
0.945696 1.000000
0.945716 1.000000
0.945727 1.000000
0.945747 1.000000
0.945757 1.000000
0.945860 1.000000
0.945870 1.000000
0.945911 1.000000
0.945922 1.000000
0.945952 1.000000
0.945963 1.000000
0.945993 1.000000
0.946024 1.000000
0.946045 1.000000
0.946106 1.000000
0.946147 1.000000
0.946168 1.000000
0.946188 1.000000
0.946229 1.000000
0.946250 1.000000
0.946291 1.000000
0.946311 1.000000
0.946342 1.000000
0.946383 1.000000
0.946527 1.000000
0.946547 1.000000
0.946578 1.000000
0.946598 1.000000
0.946650 1.000000
0.946701 1.000000
0.946752 1.000000
0.946773 1.000000
0.946834 1.000000
0.946855 1.000000
0.946875 1.000000
0.946906 1.000000
0.946926 1.000000
0.946957 1.000000
0.946978 1.000000
0.946998 1.000000
0.947049 1.000000
0.947070 1.000000
0.947183 1.000000
0.947203 1.000000
0.947224 1.000000
0.947255 1.000000
0.947357 1.000000
0.947378 1.000000
0.947460 1.000000
0.947480 1.000000
0.947542 1.000000
0.947562 1.000000
0.947624 1.000000
0.947644 1.000000
0.947654 1.000000
0.947695 1.000000
0.947706 1.000000
0.947726 1.000000
0.947747 1.000000
0.947788 1.000000
0.947808 1.000000
0.947829 1.000000
0.947952 1.000000
0.947993 1.000000
0.948024 1.000000
0.948044 1.000000
0.948065 1.000000
0.948085 1.000000
0.948188 1.000000
0.948208 1.000000
0.948311 1.000000
0.948331 1.000000
0.948362 1.000000
0.948382 1.000000
0.948393 1.000000
0.948413 1.000000
0.948526 1.000000
0.948547 1.000000
0.948557 1.000000
0.948577 1.000000
0.948618 1.000000
0.948639 1.000000
0.948731 1.000000
0.948772 1.000000
0.948813 1.000000
0.948854 1.000000
0.948885 1.000000
0.948967 1.000000
0.948987 1.000000
0.949028 1.000000
0.949069 1.000000
0.949080 1.000000
0.949100 1.000000
0.949131 1.000000
0.949141 1.000000
0.949162 1.000000
0.949264 1.000000
0.949285 1.000000
0.949346 1.000000
0.949387 1.000000
0.949398 1.000000
0.949418 1.000000
0.949551 1.000000
0.949572 1.000000
0.949664 1.000000
0.949685 1.000000
0.949695 1.000000
0.949715 1.000000
0.949736 1.000000
0.949767 1.000000
0.949808 1.000000
0.949828 1.000000
0.949849 1.000000
0.949890 1.000000
0.949972 1.000000
0.949992 1.000000
0.950023 1.000000
0.950044 1.000000
0.950054 1.000000
0.950074 1.000000
0.950208 1.000000
0.950238 1.000000
0.950269 1.000000
0.950290 1.000000
0.950341 1.000000
0.950361 1.000000
0.950413 1.000000
0.950433 1.000000
0.950484 1.000000
0.950505 1.000000
0.950515 1.000000
0.950546 1.000000
0.950618 1.000000
0.950638 1.000000
0.950649 1.000000
0.950669 1.000000
0.950700 1.000000
0.950720 1.000000
0.950782 1.000000
0.950802 1.000000
0.950864 1.000000
0.950884 1.000000
0.950925 1.000000
0.950946 1.000000
0.950956 1.000000
0.950987 1.000000
0.951038 1.000000
0.951069 1.000000
0.951151 1.000000
0.951171 1.000000
0.951182 1.000000
0.951243 1.000000
0.951254 1.000000
0.951274 1.000000
0.951305 1.000000
0.951325 1.000000
0.951336 1.000000
0.951356 1.000000
0.951366 1.000000
0.951387 1.000000
0.951418 1.000000
0.951438 1.000000
0.951469 1.000000
0.951489 1.000000
0.951520 1.000000
0.951541 1.000000
0.951551 1.000000
0.951571 1.000000
0.951664 1.000000
0.951694 1.000000
0.951725 1.000000
0.951746 1.000000
0.951807 1.000000
0.951828 1.000000
0.951838 1.000000
0.951858 1.000000
0.951879 1.000000
0.951900 1.000000
0.951951 1.000000
0.951971 1.000000
0.952002 1.000000
0.952105 1.000000
0.952156 1.000000
0.952197 1.000000
0.952238 1.000000
0.952258 1.000000
0.952412 1.000000
0.952453 1.000000
0.952484 1.000000
0.952504 1.000000
0.952535 1.000000
0.952566 1.000000
0.952597 1.000000
0.952638 1.000000
0.952658 1.000000
0.952710 1.000000
0.952730 1.000000
0.952771 1.000000
0.952792 1.000000
0.952822 1.000000
0.952884 1.000000
0.952986 1.000000
0.953007 1.000000
0.953140 1.000000
0.953171 1.000000
0.953212 1.000000
0.953233 1.000000
0.953284 1.000000
0.953304 1.000000
0.953376 1.000000
0.953397 1.000000
0.953458 1.000000
0.953499 1.000000
0.953530 1.000000
0.953550 1.000000
0.953602 1.000000
0.953622 1.000000
0.953694 1.000000
0.953714 1.000000
0.953796 1.000000
0.953817 1.000000
0.953827 1.000000
0.953848 1.000000
0.953889 1.000000
0.953930 1.000000
0.953940 1.000000
0.954002 1.000000
0.954022 1.000000
0.954043 1.000000
0.954073 1.000000
0.954094 1.000000
0.954166 1.000000
0.954186 1.000000
0.954319 1.000000
0.954340 1.000000
0.954350 1.000000
0.954371 1.000000
0.954401 1.000000
0.954422 1.000000
0.954442 1.000000
0.954463 1.000000
0.954473 1.000000
0.954494 1.000000
0.954524 1.000000
0.954565 1.000000
0.954617 1.000000
0.954637 1.000000
0.954648 1.000000
0.954668 1.000000
0.954678 1.000000
0.954699 1.000000
0.954740 1.000000
0.954750 1.000000
0.954771 1.000000
0.954781 1.000000
0.954822 1.000000
0.954832 1.000000
0.954853 1.000000
0.954863 1.000000
0.954883 1.000000
0.954955 1.000000
0.954986 1.000000
0.955017 1.000000
0.955058 1.000000
0.955078 1.000000
0.955099 1.000000
0.955140 1.000000
0.955160 1.000000
0.955170 1.000000
0.955191 1.000000
0.955222 1.000000
0.955242 1.000000
0.955283 1.000000
0.955314 1.000000
0.955437 1.000000
0.955499 1.000000
0.955509 1.000000
0.955529 1.000000
0.955540 1.000000
0.955560 1.000000
0.955581 1.000000
0.955601 1.000000
0.955663 1.000000
0.955683 1.000000
0.955704 1.000000
0.955724 1.000000
0.955734 1.000000
0.955775 1.000000
0.955796 1.000000
0.955827 1.000000
0.955929 1.000000
0.955960 1.000000
0.955970 1.000000
0.955991 1.000000
0.956042 1.000000
0.956063 1.000000
0.956216 1.000000
0.956237 1.000000
0.956247 1.000000
0.956268 1.000000
0.956360 1.000000
0.956380 1.000000
0.956391 1.000000
0.956411 1.000000
0.956421 1.000000
0.956442 1.000000
0.956473 1.000000
0.956483 1.000000
0.956503 1.000000
0.956514 1.000000
0.956534 1.000000
0.956555 1.000000
0.956585 1.000000
0.956627 1.000000
0.956647 1.000000
0.956668 1.000000
0.956698 1.000000
0.956719 1.000000
0.956739 1.000000
0.956832 1.000000
0.956852 1.000000
0.956893 1.000000
0.956914 1.000000
0.956955 1.000000
0.956975 1.000000
0.957006 1.000000
0.957047 1.000000
0.957067 1.000000
0.957108 1.000000
0.957129 1.000000
0.957139 1.000000
0.957160 1.000000
0.957190 1.000000
0.957231 1.000000
0.957252 1.000000
0.957355 1.000000
0.957375 1.000000
0.957396 1.000000
0.957416 1.000000
0.957508 1.000000
0.957529 1.000000
0.957560 1.000000
0.957580 1.000000
0.957652 1.000000
0.957672 1.000000
0.957713 1.000000
0.957744 1.000000
0.957765 1.000000
0.957795 1.000000
0.957816 1.000000
0.957826 1.000000
0.957847 1.000000
0.957857 1.000000
0.957898 1.000000
0.957949 1.000000
0.957990 1.000000
0.958052 1.000000
0.958083 1.000000
0.958103 1.000000
0.958124 1.000000
0.958154 1.000000
0.958175 1.000000
0.958185 1.000000
0.958226 1.000000
0.958257 1.000000
0.958277 1.000000
0.958308 1.000000
0.958329 1.000000
0.958390 1.000000
0.958421 1.000000
0.958482 1.000000
0.958503 1.000000
0.958513 1.000000
0.958534 1.000000
0.958544 1.000000
0.958564 1.000000
0.958605 1.000000
0.958626 1.000000
0.958657 1.000000
0.958677 1.000000
0.958800 1.000000
0.958831 1.000000
0.958852 1.000000
0.958903 1.000000
0.958923 1.000000
0.958944 1.000000
0.958964 1.000000
0.959036 1.000000
0.959057 1.000000
0.959098 1.000000
0.959118 1.000000
0.959149 1.000000
0.959169 1.000000
0.959180 1.000000
0.959200 1.000000
0.959262 1.000000
0.959282 1.000000
0.959292 1.000000
0.959323 1.000000
0.959344 1.000000
0.959436 1.000000
0.959457 1.000000
0.959477 1.000000
0.959498 1.000000
0.959528 1.000000
0.959549 1.000000
0.959621 1.000000
0.959651 1.000000
0.959692 1.000000
0.959703 1.000000
0.959723 1.000000
0.959733 1.000000
0.959754 1.000000
0.959836 1.000000
0.959856 1.000000
0.959897 1.000000
0.959938 1.000000
0.960021 1.000000
0.960051 1.000000
0.960082 1.000000
0.960103 1.000000
0.960164 1.000000
0.960185 1.000000
0.960205 1.000000
0.960226 1.000000
0.960297 1.000000
0.960318 1.000000
0.960359 1.000000
0.960379 1.000000
0.960513 1.000000
0.960533 1.000000
0.960543 1.000000
0.960574 1.000000
0.960605 1.000000
0.960625 1.000000
0.960646 1.000000
0.960666 1.000000
0.960759 1.000000
0.960779 1.000000
0.960790 1.000000
0.960831 1.000000
0.960851 1.000000
0.960902 1.000000
0.960923 1.000000
0.960964 1.000000
0.960984 1.000000
0.961005 1.000000
0.961046 1.000000
0.961077 1.000000
0.961118 1.000000
0.961138 1.000000
0.961159 1.000000
0.961302 1.000000
0.961323 1.000000
0.961415 1.000000
0.961436 1.000000
0.961610 1.000000
0.961630 1.000000
0.961641 1.000000
0.961671 1.000000
0.961815 1.000000
0.961835 1.000000
0.961887 1.000000
0.961928 1.000000
0.961938 1.000000
0.961958 1.000000
0.961989 1.000000
0.962092 1.000000
0.962112 1.000000
0.962143 1.000000
0.962164 1.000000
0.962184 1.000000
0.962256 1.000000
0.962317 1.000000
0.962389 1.000000
0.962410 1.000000
0.962420 1.000000
0.962461 1.000000
0.962481 1.000000
0.962502 1.000000
0.962512 1.000000
0.962533 1.000000
0.962543 1.000000
0.962584 1.000000
0.962635 1.000000
0.962666 1.000000
0.962686 1.000000
0.962707 1.000000
0.962748 1.000000
0.962769 1.000000
0.962779 1.000000
0.962820 1.000000
0.962840 1.000000
0.962861 1.000000
0.962912 1.000000
0.962953 1.000000
0.963025 1.000000
0.963056 1.000000
0.963107 1.000000
0.963138 1.000000
0.963199 1.000000
0.963261 1.000000
0.963343 1.000000
0.963363 1.000000
0.963384 1.000000
0.963404 1.000000
0.963415 1.000000
0.963456 1.000000
0.963517 1.000000
0.963558 1.000000
0.963568 1.000000
0.963589 1.000000
0.963609 1.000000
0.963630 1.000000
0.963661 1.000000
0.963681 1.000000
0.963763 1.000000
0.963794 1.000000
0.963814 1.000000
0.963855 1.000000
0.963876 1.000000
0.963948 1.000000
0.963989 1.000000
0.963999 1.000000
0.964019 1.000000
0.964040 1.000000
0.964060 1.000000
0.964143 1.000000
0.964184 1.000000
0.964214 1.000000
0.964235 1.000000
0.964327 1.000000
0.964348 1.000000
0.964358 1.000000
0.964378 1.000000
0.964430 1.000000
0.964450 1.000000
0.964460 1.000000
0.964481 1.000000
0.964512 1.000000
0.964532 1.000000
0.964563 1.000000
0.964583 1.000000
0.964655 1.000000
0.964686 1.000000
0.964727 1.000000
0.964748 1.000000
0.964809 1.000000
0.964830 1.000000
0.964860 1.000000
0.964881 1.000000
0.964932 1.000000
0.964963 1.000000
0.964983 1.000000
0.964994 1.000000
0.965014 1.000000
0.965024 1.000000
0.965045 1.000000
0.965065 1.000000
0.965086 1.000000
0.965096 1.000000
0.965117 1.000000
0.965147 1.000000
0.965199 1.000000
0.965219 1.000000
0.965250 1.000000
0.965291 1.000000
0.965311 1.000000
0.965342 1.000000
0.965352 1.000000
0.965373 1.000000
0.965424 1.000000
0.965445 1.000000
0.965568 1.000000
0.965609 1.000000
0.965619 1.000000
0.965640 1.000000
0.965650 1.000000
0.965670 1.000000
0.965742 1.000000
0.965763 1.000000
0.965834 1.000000
0.965896 1.000000
0.965937 1.000000
0.965957 1.000000
0.966050 1.000000
0.966070 1.000000
0.966080 1.000000
0.966101 1.000000
0.966327 1.000000
0.966347 1.000000
0.966603 1.000000
0.966624 1.000000
0.966655 1.000000
0.966696 1.000000
0.966706 1.000000
0.966737 1.000000
0.966778 1.000000
0.966839 1.000000
0.966880 1.000000
0.966901 1.000000
0.966993 1.000000
0.967014 1.000000
0.967055 1.000000
0.967075 1.000000
0.967126 1.000000
0.967147 1.000000
0.967157 1.000000
0.967178 1.000000
0.967208 1.000000
0.967249 1.000000
0.967311 1.000000
0.967331 1.000000
0.967393 1.000000
0.967424 1.000000
0.967537 1.000000
0.967598 1.000000
0.967608 1.000000
0.967629 1.000000
0.967680 1.000000
0.967701 1.000000
0.967762 1.000000
0.967803 1.000000
0.967854 1.000000
0.967875 1.000000
0.967916 1.000000
0.967936 1.000000
0.968111 1.000000
0.968152 1.000000
0.968172 1.000000
0.968193 1.000000
0.968285 1.000000
0.968306 1.000000
0.968347 1.000000
0.968388 1.000000
0.968511 1.000000
0.968531 1.000000
0.968664 1.000000
0.968695 1.000000
0.968705 1.000000
0.968726 1.000000
0.968818 1.000000
0.968839 1.000000
0.968849 1.000000
0.968870 1.000000
0.968962 1.000000
0.968982 1.000000
0.968993 1.000000
0.969013 1.000000
0.969023 1.000000
0.969054 1.000000
0.969085 1.000000
0.969105 1.000000
0.969146 1.000000
0.969167 1.000000
0.969198 1.000000
0.969218 1.000000
0.969413 1.000000
0.969454 1.000000
0.969464 1.000000
0.969485 1.000000
0.969516 1.000000
0.969536 1.000000
0.969557 1.000000
0.969577 1.000000
0.969659 1.000000
0.969680 1.000000
0.969700 1.000000
0.969721 1.000000
0.969823 1.000000
0.969844 1.000000
0.969874 1.000000
0.969895 1.000000
0.969905 1.000000
0.969926 1.000000
0.969977 1.000000
0.970038 1.000000
0.970049 1.000000
0.970069 1.000000
0.970192 1.000000
0.970223 1.000000
0.970233 1.000000
0.970254 1.000000
0.970346 1.000000
0.970377 1.000000
0.970408 1.000000
0.970428 1.000000
0.970449 1.000000
0.970469 1.000000
0.970572 1.000000
0.970592 1.000000
0.970602 1.000000
0.970664 1.000000
0.970705 1.000000
0.970736 1.000000
0.970756 1.000000
0.970777 1.000000
0.970797 1.000000
0.970849 1.000000
0.970869 1.000000
0.970920 1.000000
0.970941 1.000000
0.971002 1.000000
0.971033 1.000000
0.971043 1.000000
0.971064 1.000000
0.971207 1.000000
0.971228 1.000000
0.971238 1.000000
0.971300 1.000000
0.971341 1.000000
0.971361 1.000000
0.971382 1.000000
0.971402 1.000000
0.971433 1.000000
0.971453 1.000000
0.971464 1.000000
0.971484 1.000000
0.971525 1.000000
0.971546 1.000000
0.971741 1.000000
0.971761 1.000000
0.971792 1.000000
0.971812 1.000000
0.971843 1.000000
0.971884 1.000000
0.971935 1.000000
0.971956 1.000000
0.971987 1.000000
0.972028 1.000000
0.972089 1.000000
0.972110 1.000000
0.972130 1.000000
0.972151 1.000000
0.972202 1.000000
0.972223 1.000000
0.972253 1.000000
0.972284 1.000000
0.972305 1.000000
0.972315 1.000000
0.972335 1.000000
0.972561 1.000000
0.972581 1.000000
0.972592 1.000000
0.972622 1.000000
0.972684 1.000000
0.972704 1.000000
0.972735 1.000000
0.972756 1.000000
0.972766 1.000000
0.972786 1.000000
0.972838 1.000000
0.972858 1.000000
0.972868 1.000000
0.972889 1.000000
0.972910 1.000000
0.972951 1.000000
0.972961 1.000000
0.972981 1.000000
0.973115 1.000000
0.973135 1.000000
0.973197 1.000000
0.973217 1.000000
0.973248 1.000000
0.973268 1.000000
0.973279 1.000000
0.973309 1.000000
0.973340 1.000000
0.973381 1.000000
0.973412 1.000000
0.973453 1.000000
0.973473 1.000000
0.973494 1.000000
0.973514 1.000000
0.973535 1.000000
0.973576 1.000000
0.973597 1.000000
0.973627 1.000000
0.973648 1.000000
0.973668 1.000000
0.973689 1.000000
0.973699 1.000000
0.973720 1.000000
0.973781 1.000000
0.973812 1.000000
0.973832 1.000000
0.973843 1.000000
0.973863 1.000000
0.973894 1.000000
0.973914 1.000000
0.973955 1.000000
0.973976 1.000000
0.974007 1.000000
0.974027 1.000000
0.974099 1.000000
0.974119 1.000000
0.974171 1.000000
0.974191 1.000000
0.974222 1.000000
0.974263 1.000000
0.974273 1.000000
0.974294 1.000000
0.974314 1.000000
0.974335 1.000000
0.974366 1.000000
0.974386 1.000000
0.974396 1.000000
0.974417 1.000000
0.974530 1.000000
0.974550 1.000000
0.974571 1.000000
0.974601 1.000000
0.974663 1.000000
0.974694 1.000000
0.974714 1.000000
0.974786 1.000000
0.974806 1.000000
0.974837 1.000000
0.974878 1.000000
0.974899 1.000000
0.974909 1.000000
0.974930 1.000000
0.975032 1.000000
0.975053 1.000000
0.975217 1.000000
0.975237 1.000000
0.975288 1.000000
0.975309 1.000000
0.975340 1.000000
0.975370 1.000000
0.975411 1.000000
0.975432 1.000000
0.975473 1.000000
0.975493 1.000000
0.975534 1.000000
0.975565 1.000000
0.975596 1.000000
0.975637 1.000000
0.975668 1.000000
0.975688 1.000000
0.975719 1.000000
0.975740 1.000000
0.975770 1.000000
0.975791 1.000000
0.975883 1.000000
0.975904 1.000000
0.975986 1.000000
0.976047 1.000000
0.976129 1.000000
0.976160 1.000000
0.976283 1.000000
0.976314 1.000000
0.976334 1.000000
0.976386 1.000000
0.976427 1.000000
0.976478 1.000000
0.976498 1.000000
0.976519 1.000000
0.976539 1.000000
0.976570 1.000000
0.976611 1.000000
0.976642 1.000000
0.976662 1.000000
0.976683 1.000000
0.976765 1.000000
0.976785 1.000000
0.976898 1.000000
0.976919 1.000000
0.976929 1.000000
0.976950 1.000000
0.977001 1.000000
0.977021 1.000000
0.977032 1.000000
0.977052 1.000000
0.977062 1.000000
0.977093 1.000000
0.977114 1.000000
0.977134 1.000000
0.977155 1.000000
0.977308 1.000000
0.977329 1.000000
0.977483 1.000000
0.977503 1.000000
0.977524 1.000000
0.977544 1.000000
0.977688 1.000000
0.977708 1.000000
0.977719 1.000000
0.977749 1.000000
0.977770 1.000000
0.977903 1.000000
0.977924 1.000000
0.977934 1.000000
0.977954 1.000000
0.977965 1.000000
0.978006 1.000000
0.978047 1.000000
0.978067 1.000000
0.978077 1.000000
0.978108 1.000000
0.978129 1.000000
0.978159 1.000000
0.978190 1.000000
0.978211 1.000000
0.978221 1.000000
0.978241 1.000000
0.978303 1.000000
0.978324 1.000000
0.978334 1.000000
0.978354 1.000000
0.978508 1.000000
0.978529 1.000000
0.978570 1.000000
0.978590 1.000000
0.978600 1.000000
0.978621 1.000000
0.978775 1.000000
0.978805 1.000000
0.978816 1.000000
0.978836 1.000000
0.978949 1.000000
0.978969 1.000000
0.979052 1.000000
0.979072 1.000000
0.979277 1.000000
0.979298 1.000000
0.979400 1.000000
0.979421 1.000000
0.979431 1.000000
0.979462 1.000000
0.979513 1.000000
0.979533 1.000000
0.979544 1.000000
0.979564 1.000000
0.979585 1.000000
0.979605 1.000000
0.979626 1.000000
0.979656 1.000000
0.979749 1.000000
0.979769 1.000000
0.979821 1.000000
0.979841 1.000000
0.979913 1.000000
0.979933 1.000000
0.979974 1.000000
0.979995 1.000000
0.980077 1.000000
0.980097 1.000000
0.980128 1.000000
0.980149 1.000000
0.980159 1.000000
0.980179 1.000000
0.980231 1.000000
0.980251 1.000000
0.980282 1.000000
0.980302 1.000000
0.980385 1.000000
0.980405 1.000000
0.980426 1.000000
0.980446 1.000000
0.980538 1.000000
0.980559 1.000000
0.980610 1.000000
0.980631 1.000000
0.980672 1.000000
0.980692 1.000000
0.980754 1.000000
0.980774 1.000000
0.980795 1.000000
0.980815 1.000000
0.980825 1.000000
0.980846 1.000000
0.980887 1.000000
0.980907 1.000000
0.980918 1.000000
0.980959 1.000000
0.981031 1.000000
0.981051 1.000000
0.981072 1.000000
0.981092 1.000000
0.981113 1.000000
0.981133 1.000000
0.981164 1.000000
0.981205 1.000000
0.981215 1.000000
0.981236 1.000000
0.981277 1.000000
0.981318 1.000000
0.981328 1.000000
0.981348 1.000000
0.981369 1.000000
0.981389 1.000000
0.981410 1.000000
0.981430 1.000000
0.981461 1.000000
0.981482 1.000000
0.981492 1.000000
0.981512 1.000000
0.981666 1.000000
0.981687 1.000000
0.981748 1.000000
0.981769 1.000000
0.981851 1.000000
0.981871 1.000000
0.981933 1.000000
0.981953 1.000000
0.981984 1.000000
0.982015 1.000000
0.982087 1.000000
0.982107 1.000000
0.982128 1.000000
0.982148 1.000000
0.982179 1.000000
0.982199 1.000000
0.982240 1.000000
0.982261 1.000000
0.982302 1.000000
0.982322 1.000000
0.982384 1.000000
0.982405 1.000000
0.982456 1.000000
0.982476 1.000000
0.982784 1.000000
0.982804 1.000000
0.982989 1.000000
0.983009 1.000000
0.983030 1.000000
0.983050 1.000000
0.983215 1.000000
0.983235 1.000000
0.983256 1.000000
0.983276 1.000000
0.983286 1.000000
0.983307 1.000000
0.983481 1.000000
0.983502 1.000000
0.983635 1.000000
0.983676 1.000000
0.983686 1.000000
0.983707 1.000000
0.983717 1.000000
0.983738 1.000000
0.983758 1.000000
0.983779 1.000000
0.983871 1.000000
0.983891 1.000000
0.983932 1.000000
0.983953 1.000000
0.983973 1.000000
0.983994 1.000000
0.984045 1.000000
0.984086 1.000000
0.984096 1.000000
0.984127 1.000000
0.984281 1.000000
0.984301 1.000000
0.984353 1.000000
0.984373 1.000000
0.984404 1.000000
0.984425 1.000000
0.984599 1.000000
0.984619 1.000000
0.984630 1.000000
0.984650 1.000000
0.984660 1.000000
0.984681 1.000000
0.984712 1.000000
0.984732 1.000000
0.984906 1.000000
0.984927 1.000000
0.984958 1.000000
0.984978 1.000000
0.984999 1.000000
0.985019 1.000000
0.985040 1.000000
0.985060 1.000000
0.985081 1.000000
0.985173 1.000000
0.985194 1.000000
0.985296 1.000000
0.985317 1.000000
0.985327 1.000000
0.985347 1.000000
0.985470 1.000000
0.985491 1.000000
0.985563 1.000000
0.985583 1.000000
0.985604 1.000000
0.985624 1.000000
0.985696 1.000000
0.985716 1.000000
0.985942 1.000000
0.985963 1.000000
0.985973 1.000000
0.985993 1.000000
0.986014 1.000000
0.986034 1.000000
0.986086 1.000000
0.986127 1.000000
0.986219 1.000000
0.986239 1.000000
0.986362 1.000000
0.986383 1.000000
0.986578 1.000000
0.986598 1.000000
0.986670 1.000000
0.986691 1.000000
0.986834 1.000000
0.986875 1.000000
0.986885 1.000000
0.986916 1.000000
0.986988 1.000000
0.987008 1.000000
0.987193 1.000000
0.987214 1.000000
0.987224 1.000000
0.987244 1.000000
0.987326 1.000000
0.987347 1.000000
0.987388 1.000000
0.987408 1.000000
0.987419 1.000000
0.987439 1.000000
0.987460 1.000000
0.987480 1.000000
0.987511 1.000000
0.987531 1.000000
0.987572 1.000000
0.987593 1.000000
0.987716 1.000000
0.987747 1.000000
0.987798 1.000000
0.987829 1.000000
0.987972 1.000000
0.987993 1.000000
0.988013 1.000000
0.988034 1.000000
0.988106 1.000000
0.988126 1.000000
0.988157 1.000000
0.988177 1.000000
0.988208 1.000000
0.988229 1.000000
0.988454 1.000000
0.988475 1.000000
0.988506 1.000000
0.988526 1.000000
0.988547 1.000000
0.988567 1.000000
0.988680 1.000000
0.988700 1.000000
0.988731 1.000000
0.988752 1.000000
0.988793 1.000000
0.988813 1.000000
0.988864 1.000000
0.988885 1.000000
0.989172 1.000000
0.989193 1.000000
0.989223 1.000000
0.989264 1.000000
0.989285 1.000000
0.989305 1.000000
0.989377 1.000000
0.989418 1.000000
0.989510 1.000000
0.989531 1.000000
0.989705 1.000000
0.989726 1.000000
0.989736 1.000000
0.989756 1.000000
0.989808 1.000000
0.989828 1.000000
0.990013 1.000000
0.990033 1.000000
0.990085 1.000000
0.990115 1.000000
0.990177 1.000000
0.990197 1.000000
0.990228 1.000000
0.990249 1.000000
0.990392 1.000000
0.990413 1.000000
0.990423 1.000000
0.990443 1.000000
0.990536 1.000000
0.990556 1.000000
0.990577 1.000000
0.990608 1.000000
0.990618 1.000000
0.990638 1.000000
0.990802 1.000000
0.990843 1.000000
0.990864 1.000000
0.990884 1.000000
0.990966 1.000000
0.990987 1.000000
0.991366 1.000000
0.991407 1.000000
0.991448 1.000000
0.991469 1.000000
0.991489 1.000000
0.991510 1.000000
0.991520 1.000000
0.991541 1.000000
0.991561 1.000000
0.991582 1.000000
0.991602 1.000000
0.991623 1.000000
0.991705 1.000000
0.991725 1.000000
0.991807 1.000000
0.991828 1.000000
0.991869 1.000000
0.991889 1.000000
0.992033 1.000000
0.992053 1.000000
0.992064 1.000000
0.992084 1.000000
0.992094 1.000000
0.992115 1.000000
0.992197 1.000000
0.992217 1.000000
0.992248 1.000000
0.992279 1.000000
0.992289 1.000000
0.992310 1.000000
0.992320 1.000000
0.992361 1.000000
0.992453 1.000000
0.992474 1.000000
0.992607 1.000000
0.992628 1.000000
0.992710 1.000000
0.992730 1.000000
0.992761 1.000000
0.992781 1.000000
0.992812 1.000000
0.992853 1.000000
0.992925 1.000000
0.992945 1.000000
0.992986 1.000000
0.993007 1.000000
0.993027 1.000000
0.993048 1.000000
0.993068 1.000000
0.993089 1.000000
0.993130 1.000000
0.993150 1.000000
0.993233 1.000000
0.993253 1.000000
0.993366 1.000000
0.993386 1.000000
0.993591 1.000000
0.993612 1.000000
0.993858 1.000000
0.993899 1.000000
0.994022 1.000000
0.994043 1.000000
0.994053 1.000000
0.994094 1.000000
0.994207 1.000000
0.994227 1.000000
0.994330 1.000000
0.994350 1.000000
0.994545 1.000000
0.994565 1.000000
0.994586 1.000000
0.994627 1.000000
0.994678 1.000000
0.994699 1.000000
0.994709 1.000000
0.994730 1.000000
0.994781 1.000000
0.994801 1.000000
0.994914 1.000000
0.994945 1.000000
0.995017 1.000000
0.995037 1.000000
0.995068 1.000000
0.995088 1.000000
0.995119 1.000000
0.995140 1.000000
0.995181 1.000000
0.995201 1.000000
0.995376 1.000000
0.995396 1.000000
0.995570 1.000000
0.995591 1.000000
0.995632 1.000000
0.995652 1.000000
0.995796 1.000000
0.995837 1.000000
0.995857 1.000000
0.995878 1.000000
0.995950 1.000000
0.995970 1.000000
0.995991 1.000000
0.996011 1.000000
0.996052 1.000000
0.996073 1.000000
0.996165 1.000000
0.996186 1.000000
0.996206 1.000000
0.996227 1.000000
0.996268 1.000000
0.996288 1.000000
0.996380 1.000000
0.996401 1.000000
0.996442 1.000000
0.996462 1.000000
0.996483 1.000000
0.996503 1.000000
0.996565 1.000000
0.996585 1.000000
0.996627 1.000000
0.996647 1.000000
0.996862 1.000000
0.996883 1.000000
0.996924 1.000000
0.996944 1.000000
0.996996 1.000000
0.997016 1.000000
0.997026 1.000000
0.997067 1.000000
0.997119 1.000000
0.997139 1.000000
0.997231 1.000000
0.997252 1.000000
0.997355 1.000000
0.997375 1.000000
0.997396 1.000000
0.997416 1.000000
0.997508 1.000000
0.997549 1.000000
0.997672 1.000000
0.997693 1.000000
0.997836 1.000000
0.997857 1.000000
0.997898 1.000000
0.997918 1.000000
0.997929 1.000000
0.997949 1.000000
0.998144 1.000000
0.998185 1.000000
0.998195 1.000000
0.998216 1.000000
0.998257 1.000000
0.998277 1.000000
0.998339 1.000000
0.998359 1.000000
0.998390 1.000000
0.998411 1.000000
0.998452 1.000000
0.998493 1.000000
0.998534 1.000000
0.998554 1.000000
0.998575 1.000000
0.998595 1.000000
0.998616 1.000000
0.998636 1.000000
0.998718 1.000000
0.998739 1.000000
0.998903 1.000000
0.998923 1.000000
0.998995 1.000000
0.999016 1.000000
0.999057 1.000000
0.999077 1.000000
0.999118 1.000000
0.999139 1.000000
0.999200 1.000000
0.999221 1.000000
0.999231 1.000000
0.999251 1.000000
0.999364 1.000000
0.999385 1.000000
0.999487 1.000000
0.999508 1.000000
0.999682 1.000000
0.999703 1.000000
0.999867 1.000000
0.999887 1.000000
0.999928 1.000000
0.999949 1.000000
0.999969 1.000000
0.999990 1.000000
1.000000 1.000000
